muestra,tiempo_ms,adc,adc_centrado,adc_filtrado,residual
0,0.0,1845.0,-46.2080078125,-0.028158,-0.029829
1,0.011627906976744186,1840.0,-51.2080078125,-0.045279,-0.04559
2,0.023255813953488372,1847.0,-44.2080078125,-0.037097,-0.034771
3,0.03488372093023256,1843.0,-48.2080078125,-0.01518,-0.012604
4,0.046511627906976744,1857.0,-34.2080078125,0.020798,0.018189
5,0.058139534883720936,1851.0,-40.2080078125,0.041877,0.037111
6,0.06976744186046512,1859.0,-32.2080078125,0.050305,0.040998
7,0.0813953488372093,1855.0,-36.2080078125,0.042778,0.035415
8,0.09302325581395349,1867.0,-24.2080078125,0.04694,0.038724
9,0.10465116279069767,1871.0,-20.2080078125,0.074312,0.072524
10,0.11627906976744187,1874.0,-17.2080078125,0.13049,0.12975
11,0.12790697674418605,1872.0,-19.2080078125,0.200063,0.201561
12,0.13953488372093023,1879.0,-12.2080078125,0.261418,0.26223
13,0.1511627906976744,1875.0,-16.2080078125,0.2763,0.281326
14,0.1627906976744186,1887.0,-4.2080078125,0.241281,0.253101
15,0.1744186046511628,1885.0,-6.2080078125,0.158646,0.186643
16,0.18604651162790697,1887.0,-4.2080078125,0.067047,0.115083
17,0.19767441860465115,1887.0,-4.2080078125,0.003532,0.074726
18,0.20930232558139533,1889.0,-2.2080078125,-0.016084,0.071662
19,0.22093023255813954,1887.0,-4.2080078125,-0.018601,0.079209
20,0.23255813953488375,1887.0,-4.2080078125,-0.054335,0.045381
21,0.2441860465116279,1884.0,-7.2080078125,-0.17198,-0.070973
22,0.2558139534883721,1883.0,-8.2080078125,-0.374608,-0.266096
23,0.2674418604651163,1887.0,-4.2080078125,-0.605838,-0.488043
24,0.27906976744186046,1889.0,-2.2080078125,-0.777254,-0.652832
25,0.29069767441860467,1886.0,-5.2080078125,-0.813292,-0.691706
26,0.3023255813953488,1887.0,-4.2080078125,-0.691769,-0.593558
27,0.313953488372093,1893.0,1.7919921875,-0.468132,-0.415301
28,0.3255813953488372,1887.0,-4.2080078125,-0.256697,-0.261862
29,0.3372093023255814,1895.0,3.7919921875,-0.133556,-0.197802
30,0.3488372093023256,1890.0,-1.2080078125,-0.112493,-0.224259
31,0.3604651162790698,1891.0,-0.2080078125,-0.097122,-0.235985
32,0.37209302325581395,1891.0,-0.2080078125,0.049805,-0.104008
33,0.38372093023255816,1890.0,-1.2080078125,0.419366,0.246518
34,0.3953488372093023,1895.0,3.7919921875,0.982988,0.777766
35,0.4069767441860465,1891.0,-0.2080078125,1.567547,1.319224
36,0.41860465116279066,1898.0,6.7919921875,1.956601,1.678034
37,0.43023255813953487,1893.0,1.7919921875,1.984946,1.71357
38,0.4418604651162791,1898.0,6.7919921875,1.669844,1.462527
39,0.4534883720930233,1899.0,7.7919921875,1.189577,1.098628
40,0.4651162790697675,1898.0,6.7919921875,0.789934,0.843633
41,0.4767441860465116,1899.0,7.7919921875,0.625126,0.813313
42,0.4883720930232558,1895.0,3.7919921875,0.632595,0.923273
43,0.5,1895.0,3.7919921875,0.554346,0.909242
44,0.5116279069767442,1899.0,7.7919921875,0.079862,0.490339
45,0.5232558139534884,1893.0,1.7919921875,-0.949932,-0.464761
46,0.5348837209302326,1899.0,7.7919921875,-2.369987,-1.769681
47,0.5465116279069767,1901.0,9.7919921875,-3.745095,-3.015896
48,0.5581395348837209,1909.0,17.7919921875,-4.561779,-3.742896
49,0.5697674418604651,1901.0,9.7919921875,-4.53782,-3.736635
50,0.5813953488372093,1899.0,7.7919921875,-3.783859,-3.138168
51,0.5930232558139535,1900.0,8.7919921875,-2.784261,-2.420025
52,0.6046511627906976,1903.0,11.7919921875,-2.11359,-2.082286
53,0.6162790697674418,1903.0,11.7919921875,-2.049266,-2.318884
54,0.627906976744186,1906.0,14.7919921875,-2.295065,-2.777895
55,0.6395348837209301,1904.0,12.7919921875,-2.037459,-2.661029
56,0.6511627906976744,1901.0,9.7919921875,-0.334586,-1.09459
57,0.6627906976744186,1904.0,12.7919921875,3.30174,2.320251
58,0.6744186046511628,1904.0,12.7919921875,8.426486,7.107759
59,0.686046511627907,1904.0,12.7919921875,13.604008,11.896078
60,0.6976744186046512,1902.0,10.7919921875,16.848324,14.863745
61,0.7093023255813954,1895.0,3.7919921875,16.427879,14.469737
62,0.7209302325581396,1895.0,3.7919921875,11.689274,10.205523
63,0.7325581395348838,1894.0,2.7919921875,3.471588,2.913691
64,0.7441860465116279,1887.0,-4.2080078125,-6.080049,-5.420965
65,0.7558139534883721,1887.0,-4.2080078125,-14.260602,-12.376317
66,0.7674418604651163,1883.0,-8.2080078125,-18.832777,-16.016439
67,0.7790697674418604,1885.0,-6.2080078125,-18.832411,-15.590549
68,0.7906976744186046,1882.0,-9.2080078125,-14.859999,-11.75882
69,0.8023255813953488,1885.0,-6.2080078125,-8.699753,-6.215391
70,0.813953488372093,1887.0,-4.2080078125,-2.521394,-0.936123
71,0.8255813953488372,1883.0,-8.2080078125,1.994102,2.603431
72,0.8372093023255813,1885.0,-6.2080078125,4.21639,3.93857
73,0.8488372093023255,1886.0,-5.2080078125,4.576399,3.587049
74,0.8604651162790697,1881.0,-10.2080078125,4.127589,2.653953
75,0.872093023255814,1883.0,-8.2080078125,3.919876,2.212999
76,0.8837209302325582,1875.0,-16.2080078125,4.466355,2.796552
77,0.8953488372093024,1882.0,-9.2080078125,5.60819,4.230857
78,0.9069767441860466,1871.0,-20.2080078125,6.679329,5.783738
79,0.9186046511627908,1871.0,-20.2080078125,6.967368,6.591976
80,0.930232558139535,1877.0,-14.2080078125,6.075282,6.075293
81,0.9418604651162791,1878.0,-13.2080078125,4.089157,4.160813
82,0.9534883720930232,1870.0,-21.2080078125,1.494582,1.293003
83,0.9651162790697674,1873.0,-18.2080078125,-1.067205,-1.77887
84,0.9767441860465116,1878.0,-13.2080078125,-3.092649,-4.320455
85,0.9883720930232557,1899.0,7.7919921875,-4.347738,-5.826572
86,1.0,1883.0,-8.2080078125,-4.892173,-6.190194
87,1.0116279069767442,1882.0,-9.2080078125,-4.870228,-5.55392
88,1.0232558139534884,1893.0,1.7919921875,-4.418438,-4.246486
89,1.0348837209302326,1886.0,-5.2080078125,-3.633222,-2.630938
90,1.0465116279069768,1895.0,3.7919921875,-2.566466,-1.003318
91,1.0581395348837208,1893.0,1.7919921875,-1.348728,0.417637
92,1.0697674418604652,1903.0,11.7919921875,-0.191392,1.481009
93,1.0813953488372092,1897.0,5.7919921875,0.629898,2.092659
94,1.0930232558139534,1897.0,5.7919921875,0.935893,2.236477
95,1.1046511627906976,1903.0,11.7919921875,0.748216,1.988563
96,1.1162790697674418,1886.0,-5.2080078125,0.303988,1.523259
97,1.127906976744186,1905.0,13.7919921875,0.024009,1.099219
98,1.1395348837209303,1872.0,-19.2080078125,0.220715,0.936533
99,1.1511627906976745,1882.0,-9.2080078125,1.038111,1.156873
100,1.1627906976744187,1845.0,-46.2080078125,2.229855,1.680267
101,1.1744186046511629,1858.0,-33.2080078125,3.358787,2.238155
102,1.186046511627907,1824.0,-67.2080078125,3.862225,2.458124
103,1.197674418604651,1836.0,-55.2080078125,3.43382,2.020975
104,1.2093023255813953,1803.0,-88.2080078125,2.063842,0.8155
105,1.2209302325581395,1812.0,-79.2080078125,0.176028,-0.958021
106,1.2325581395348837,1799.0,-92.2080078125,-1.639943,-2.845438
107,1.244186046511628,1798.0,-93.2080078125,-2.811355,-4.275397
108,1.255813953488372,1808.0,-83.2080078125,-3.038596,-4.787773
109,1.2674418604651163,1803.0,-88.2080078125,-2.415396,-4.213794
110,1.2790697674418603,1839.0,-52.2080078125,-1.307183,-2.760125
111,1.2906976744186047,1821.0,-70.2080078125,-0.263262,-0.914543
112,1.3023255813953487,1875.0,-16.2080078125,0.366167,0.724757
113,1.3139534883720931,1854.0,-37.2080078125,0.391782,1.707845
114,1.3255813953488371,1920.0,28.7919921875,0.026507,1.875737
115,1.3372093023255816,1895.0,3.7919921875,-0.460972,1.398921
116,1.3488372093023255,1952.0,60.7919921875,-0.666227,0.691978
117,1.36046511627907,1936.0,44.7919921875,-0.435429,0.210054
118,1.372093023255814,1978.0,86.7919921875,0.266539,0.277494
119,1.383720930232558,1968.0,76.7919921875,1.208519,0.925025
120,1.3953488372093024,1968.0,76.7919921875,2.108845,1.959588
121,1.4069767441860463,1975.0,83.7919921875,2.691588,2.998883
122,1.4186046511627908,1924.0,32.7919921875,2.719346,3.654661
123,1.4302325581395348,1947.0,55.7919921875,2.16075,3.638113
124,1.4418604651162792,1846.0,-45.2080078125,0.956121,2.844339
125,1.4534883720930232,1897.0,5.7919921875,-0.659438,1.375556
126,1.4651162790697676,1770.0,-121.2080078125,-2.592245,-0.53896
127,1.4767441860465116,1808.0,-83.2080078125,-4.418006,-2.549861
128,1.4883720930232558,1699.0,-192.2080078125,-5.878364,-4.271355
129,1.5,1731.0,-160.2080078125,-6.488735,-5.328429
130,1.5116279069767442,1654.0,-237.2080078125,-6.113041,-5.525646
131,1.5232558139534884,1673.0,-218.2080078125,-4.636878,-4.794964
132,1.5348837209302326,1665.0,-226.2080078125,-2.240954,-3.242449
133,1.5465116279069768,1650.0,-241.2080078125,0.697878,-1.189155
134,1.5581395348837208,1726.0,-165.2080078125,3.796081,0.965996
135,1.5697674418604652,1687.0,-204.2080078125,6.511634,2.763293
136,1.5813953488372092,1822.0,-69.2080078125,8.626513,3.867848
137,1.5930232558139534,1771.0,-120.2080078125,9.787362,4.104646
138,1.6046511627906976,1951.0,59.7919921875,10.079311,3.515738
139,1.6162790697674418,1889.0,-2.2080078125,9.336525,2.320119
140,1.627906976744186,2065.0,173.7919921875,7.80364,0.854913
141,1.6395348837209303,2006.0,114.7919921875,5.451036,-0.543266
142,1.6511627906976745,2125.0,233.7919921875,2.653941,-1.549931
143,1.6627906976744187,2106.0,214.7919921875,-0.364117,-1.956126
144,1.6744186046511627,2109.0,217.7919921875,-3.198317,-1.684622
145,1.686046511627907,2125.0,233.7919921875,-5.525239,-0.766026
146,1.697674418604651,2018.0,126.7919921875,-7.287107,0.568604
147,1.7093023255813955,2075.0,183.7919921875,-8.464001,2.008203
148,1.7209302325581395,1869.0,-22.2080078125,-9.525022,3.116352
149,1.7325581395348837,1945.0,53.7919921875,-10.594924,3.534617
150,1.744186046511628,1695.0,-196.2080078125,-12.059807,3.011839
151,1.755813953488372,1766.0,-125.2080078125,-13.522271,1.564068
152,1.7674418604651163,1552.0,-339.2080078125,-14.667243,-0.499549
153,1.7790697674418603,1618.0,-273.2080078125,-14.562422,-2.686381
154,1.7906976744186047,1472.0,-419.2080078125,-12.678702,-4.419026
155,1.8023255813953487,1503.0,-388.2080078125,-8.547162,-5.258528
156,1.8139534883720931,1492.0,-399.2080078125,-2.368224,-4.997838
157,1.8255813953488371,1470.0,-421.2080078125,5.188305,-3.757619
158,1.8372093023255816,1616.0,-275.2080078125,13.226374,-1.898356
159,1.8488372093023255,1547.0,-344.2080078125,20.538998,0.082153
160,1.86046511627907,1808.0,-83.2080078125,26.481192,1.746527
161,1.872093023255814,1711.0,-180.2080078125,30.251141,2.807873
162,1.8837209302325582,2015.0,123.7919921875,31.904818,3.214506
163,1.8953488372093024,1917.0,25.7919921875,31.130367,3.088137
164,1.9069767441860463,2183.0,291.7919921875,28.2547,2.659359
165,1.9186046511627908,2110.0,218.7919921875,23.106421,2.144995
166,1.9302325581395348,2245.0,353.7919921875,15.971542,1.71196
167,1.9418604651162792,2234.0,342.7919921875,7.00563,1.427248
168,1.9534883720930232,2186.0,294.7919921875,-3.317461,1.253865
169,1.9651162790697676,2229.0,337.7919921875,-14.197598,1.135539
170,1.9767441860465114,2005.0,113.7919921875,-24.933231,0.958172
171,1.9883720930232558,2111.0,219.7919921875,-34.394066,0.638901
172,2.0,1763.0,-128.2080078125,-42.157104,0.075233
173,2.011627906976744,1888.0,-3.2080078125,-47.361732,-0.784439
174,2.0232558139534884,1520.0,-371.2080078125,-50.021816,-1.930225
175,2.0348837209302326,1638.0,-253.2080078125,-49.575428,-3.286743
176,2.046511627906977,1361.0,-530.2080078125,-46.091072,-4.655014
177,2.058139534883721,1427.0,-464.2080078125,-39.105747,-5.760029
178,2.0697674418604652,1353.0,-538.2080078125,-28.566242,-6.236773
179,2.0813953488372094,1339.0,-552.2080078125,-14.535893,-5.82373
180,2.0930232558139537,1486.0,-405.2080078125,2.563717,-4.330195
181,2.1046511627906974,1399.0,-492.2080078125,21.507574,-1.819279
182,2.1162790697674416,1738.0,-153.2080078125,41.049072,1.426144
183,2.1279069767441863,1605.0,-286.2080078125,58.992081,4.886379
184,2.1395348837209305,2029.0,137.7919921875,73.844818,7.949028
185,2.1511627906976742,1889.0,-2.2080078125,83.571014,10.02713
186,2.1627906976744184,2267.0,375.7919921875,87.374947,10.733208
187,2.174418604651163,2162.0,270.7919921875,84.331871,9.980751
188,2.186046511627907,2378.0,486.7919921875,74.663559,7.981918
189,2.197674418604651,2345.0,453.7919921875,58.679703,5.154015
190,2.2093023255813953,2299.0,407.7919921875,37.275425,1.986317
191,2.22093023255814,2353.0,461.7919921875,11.758706,-1.140317
192,2.2325581395348837,2076.0,184.7919921875,-16.543615,-4.024403
193,2.244186046511628,2203.0,311.7919921875,-45.490299,-6.627693
194,2.255813953488372,1751.0,-140.2080078125,-73.402153,-8.982437
195,2.267441860465116,1920.0,28.7919921875,-97.603767,-11.011833
196,2.2790697674418605,1459.0,-432.2080078125,-116.352898,-12.50959
197,2.2906976744186047,1603.0,-288.2080078125,-127.268707,-13.096207
198,2.302325581395349,1291.0,-600.2080078125,-129.206299,-12.375732
199,2.3139534883720927,1356.0,-535.2080078125,-121.070602,-10.112694
200,2.3255813953488373,1303.0,-588.2080078125,-102.893532,-6.345245
201,2.3372093023255816,1271.0,-620.2080078125,-75.432114,-1.476471
202,2.3488372093023258,1493.0,-398.2080078125,-40.082134,3.878212
203,2.3604651162790695,1369.0,-522.2080078125,0.612002,9.008813
204,2.372093023255814,1811.0,-80.2080078125,44.128517,13.332186
205,2.3837209302325584,1648.0,-243.2080078125,86.68486,16.434914
206,2.395348837209302,2140.0,248.7919921875,125.169365,18.085213
207,2.4069767441860463,1983.0,91.7919921875,155.657135,18.175491
208,2.4186046511627906,2368.0,476.7919921875,175.488785,16.609787
209,2.430232558139535,2272.0,380.7919921875,182.058884,13.328262
210,2.441860465116279,2425.0,533.7919921875,174.367859,8.394699
211,2.453488372093023,2424.0,532.7919921875,152.368561,2.140686
212,2.4651162790697674,2300.0,408.7919921875,117.282799,-4.793289
213,2.4767441860465116,2382.0,490.7919921875,71.684242,-11.476295
214,2.488372093023256,2019.0,127.7919921875,18.544138,-16.88925
215,2.5,2171.0,279.7919921875,-37.887703,-20.14922
216,2.511627906976744,1707.0,-184.2080078125,-93.938652,-20.852852
217,2.5232558139534884,1863.0,-28.2080078125,-145.038956,-19.147331
218,2.5348837209302326,1447.0,-444.2080078125,-187.631287,-15.605087
219,2.546511627906977,1557.0,-334.2080078125,-217.777481,-11.053406
220,2.5581395348837206,1343.0,-548.2080078125,-232.738312,-6.217773
221,2.5697674418604652,1371.0,-520.2080078125,-230.269852,-1.597778
222,2.5813953488372094,1421.0,-470.2080078125,-209.460342,2.656921
223,2.5930232558139537,1359.0,-532.2080078125,-170.954987,6.549118
224,2.6046511627906974,1631.0,-260.2080078125,-116.672363,10.119591
225,2.6162790697674416,1505.0,-386.2080078125,-50.558392,13.263882
226,2.6279069767441863,1911.0,19.7919921875,22.7899,15.694921
227,2.6395348837209305,1771.0,-120.2080078125,97.239555,17.03492
228,2.6511627906976742,2156.0,264.7919921875,167.051529,16.935822
229,2.6627906976744184,2038.0,146.7919921875,226.053406,15.243988
230,2.674418604651163,2281.0,389.7919921875,269.332703,12.050354
231,2.686046511627907,2224.0,332.7919921875,292.663605,7.674927
232,2.697674418604651,2270.0,378.7919921875,293.42981,2.569794
233,2.7093023255813953,2292.0,400.7919921875,270.59729,-2.761108
234,2.72093023255814,2139.0,247.7919921875,224.754898,-7.84137
235,2.7325581395348837,2216.0,324.7919921875,158.713135,-12.18399
236,2.744186046511628,1949.0,57.7919921875,76.721664,-15.331314
237,2.755813953488372,2063.0,171.7919921875,-14.793712,-16.876856
238,2.767441860465116,1770.0,-121.2080078125,-108.7146,-16.580139
239,2.7790697674418605,1856.0,-35.2080078125,-196.800858,-14.430878
240,2.7906976744186047,1661.0,-230.2080078125,-271.387482,-10.749847
241,2.802325581395349,1701.0,-190.2080078125,-325.494965,-6.185638
242,2.8139534883720927,1633.0,-258.2080078125,-353.937225,-1.538788
243,2.8255813953488373,1626.0,-265.2080078125,-353.658661,2.420135
244,2.8372093023255816,1682.0,-209.2080078125,-323.861572,5.245331
245,2.8488372093023253,1648.0,-243.2080078125,-266.388428,6.86969
246,2.8604651162790695,1776.0,-115.2080078125,-185.060669,7.611801
247,2.872093023255814,1731.0,-160.2080078125,-86.038544,7.984238
248,2.8837209302325584,1874.0,-17.2080078125,23.195696,8.430747
249,2.895348837209302,1823.0,-68.2080078125,133.650589,9.076477
250,2.9069767441860463,1943.0,51.7919921875,236.01326,9.661331
251,2.918604651162791,1908.0,16.7919921875,320.980225,9.656586
252,2.930232558139535,1968.0,76.7919921875,380.432648,8.46933
253,2.941860465116279,1956.0,64.7919921875,408.293945,5.827698
254,2.953488372093023,1969.0,77.7919921875,401.150848,1.898865
255,2.9651162790697674,1968.0,76.7919921875,359.050446,-2.643127
256,2.9767441860465116,1962.0,70.7919921875,285.104431,-6.855835
257,2.988372093023256,1963.0,71.7919921875,185.598465,-9.875183
258,3.0,1953.0,61.7919921875,68.879379,-11.17189
259,3.011627906976744,1959.0,67.7919921875,-55.058445,-10.766071
260,3.0232558139534884,1943.0,51.7919921875,-175.788437,-9.136993
261,3.0348837209302326,1950.0,58.7919921875,-282.955261,-6.997925
262,3.046511627906977,1919.0,27.7919921875,-367.18631,-4.919464
263,3.0581395348837206,1934.0,42.7919921875,-420.769257,-3.170776
264,3.0697674418604652,1879.0,-12.2080078125,-438.290344,-1.593018
265,3.0813953488372094,1904.0,12.7919921875,-417.463226,0.168427
266,3.0930232558139537,1835.0,-56.2080078125,-359.372498,2.428711
267,3.1046511627906974,1858.0,-33.2080078125,-268.902527,5.187256
268,3.1162790697674416,1787.0,-104.2080078125,-154.034561,8.072205
269,3.1279069767441863,1807.0,-84.2080078125,-25.454842,10.409851
270,3.1395348837209305,1762.0,-129.2080078125,105.039841,11.517387
271,3.1511627906976742,1777.0,-114.2080078125,225.417816,10.955261
272,3.1627906976744184,1779.0,-112.2080078125,325.003998,8.697693
273,3.174418604651163,1769.0,-122.2080078125,395.163727,5.175995
274,3.186046511627907,1837.0,-54.2080078125,430.11792,1.020844
275,3.197674418604651,1805.0,-86.2080078125,427.195679,-3.088928
276,3.2093023255813953,1914.0,22.7919921875,386.943207,-6.674835
277,3.22093023255814,1870.0,-21.2080078125,313.192017,-9.45343
278,3.2325581395348837,1995.0,103.7919921875,212.546906,-11.319397
279,3.244186046511628,1954.0,62.7919921875,94.256233,-12.215363
280,3.255813953488372,2053.0,161.7919921875,-30.977509,-12.028873
281,3.2674418604651163,2026.0,134.7919921875,-151.514099,-10.664536
282,3.2790697674418605,2069.0,177.7919921875,-256.421753,-8.017258
283,3.2906976744186047,2068.0,176.7919921875,-336.089417,-4.216431
284,3.302325581395349,2037.0,145.7919921875,-383.718201,0.396484
285,3.3139534883720927,2055.0,163.7919921875,-395.504333,5.228516
286,3.3255813953488373,1979.0,87.7919921875,-371.260834,9.629364
287,3.3372093023255816,2012.0,120.7919921875,-314.219543,12.9729
288,3.3488372093023253,1909.0,17.7919921875,-230.559738,14.875656
289,3.3604651162790695,1937.0,45.7919921875,-129.055969,15.145798
290,3.372093023255814,1855.0,-36.2080078125,-19.680029,13.836199
291,3.3837209302325584,1877.0,-14.2080078125,86.737648,11.075867
292,3.395348837209302,1824.0,-67.2080078125,180.462143,7.079163
293,3.4069767441860463,1835.0,-56.2080078125,253.024445,2.132675
294,3.418604651162791,1818.0,-73.2080078125,298.93222,-3.345032
295,3.430232558139535,1818.0,-73.2080078125,315.353638,-8.73822
296,3.441860465116279,1839.0,-52.2080078125,302.768768,-13.304413
297,3.453488372093023,1825.0,-66.2080078125,264.267517,-16.244507
298,3.4651162790697674,1870.0,-21.2080078125,205.030518,-17.017014
299,3.4767441860465116,1854.0,-37.2080078125,131.817856,-15.465012
300,3.488372093023256,1920.0,28.7919921875,51.775356,-12.025047
301,3.5,1893.0,1.7919921875,-27.415699,-7.53986
302,3.511627906976744,1966.0,74.7919921875,-99.043144,-3.032181
303,3.5232558139534884,1943.0,51.7919921875,-156.802277,0.66925
304,3.5348837209302326,2000.0,108.7919921875,-196.408875,3.251678
305,3.546511627906977,1985.0,93.7919921875,-214.955475,4.980637
306,3.5581395348837206,2014.0,122.7919921875,-212.176117,6.54715
307,3.5697674418604652,2011.0,119.7919921875,-189.792038,8.625351
308,3.5813953488372094,2003.0,111.7919921875,-151.679489,11.501663
309,3.5930232558139537,2014.0,122.7919921875,-103.278679,14.723289
310,3.6046511627906974,1975.0,83.7919921875,-50.54591,17.205265
311,3.616279069767442,1995.0,103.7919921875,0.243872,17.581911
312,3.6279069767441863,1920.0,28.7919921875,44.192055,14.825844
313,3.63953488372093,1947.0,55.7919921875,77.224113,8.748856
314,3.6511627906976742,1855.0,-36.2080078125,97.645546,0.248772
315,3.6627906976744184,1887.0,-4.2080078125,104.954414,-8.906563
316,3.674418604651163,1802.0,-89.2080078125,100.78479,-16.646896
317,3.686046511627907,1823.0,-68.2080078125,87.580215,-21.290245
318,3.697674418604651,1773.0,-118.2080078125,68.778229,-22.080383
319,3.7093023255813953,1776.0,-115.2080078125,47.916103,-19.371693
320,3.72093023255814,1783.0,-108.2080078125,28.06809,-14.357695
321,3.7325581395348837,1775.0,-116.2080078125,11.859144,-8.523077
322,3.744186046511628,1844.0,-47.2080078125,0.452069,-3.076218
323,3.755813953488372,1808.0,-83.2080078125,-5.483822,1.395863
324,3.7674418604651163,1936.0,44.7919921875,-6.915773,4.900994
325,3.7790697674418605,1885.0,-6.2080078125,-4.898745,7.748626
326,3.7906976744186047,2035.0,143.7919921875,-1.513589,10.194806
327,3.802325581395349,1991.0,99.7919921875,1.559075,12.124378
328,3.8139534883720927,2106.0,214.7919921875,2.563065,13.161066
329,3.8255813953488373,2087.0,195.7919921875,0.412707,12.812765
330,3.8372093023255816,2111.0,219.7919921875,-5.228317,10.881605
331,3.8488372093023253,2117.0,225.7919921875,-14.141491,7.607422
332,3.8604651162790695,2047.0,155.7919921875,-25.022129,3.64617
333,3.872093023255814,2092.0,200.7919921875,-36.596054,-0.197414
334,3.8837209302325584,1948.0,56.7919921875,-46.762001,-3.325882
335,3.895348837209302,2002.0,110.7919921875,-54.142689,-5.480434
336,3.9069767441860463,1841.0,-50.2080078125,-57.090897,-6.855843
337,3.9186046511627906,1893.0,1.7919921875,-55.03722,-7.742493
338,3.930232558139535,1767.0,-124.2080078125,-47.571869,-8.405144
339,3.941860465116279,1797.0,-94.2080078125,-35.148193,-8.7362
340,3.9534883720930227,1749.0,-142.2080078125,-18.629087,-8.461159
341,3.9651162790697674,1747.0,-144.2080078125,0.756216,-7.195219
342,3.9767441860465116,1803.0,-88.2080078125,21.19182,-4.828438
343,3.9883720930232562,1767.0,-124.2080078125,40.98381,-1.661289
344,4.0,1899.0,7.7919921875,57.855103,1.664986
345,4.011627906976744,1845.0,-46.2080078125,70.232132,4.348206
346,4.023255813953488,2013.0,121.7919921875,76.36438,5.867416
347,4.034883720930233,1939.0,47.7919921875,75.690704,5.985664
348,4.046511627906977,2096.0,204.7919921875,68.055779,5.106873
349,4.058139534883721,2062.0,170.7919921875,54.483917,3.698101
350,4.069767441860465,2119.0,227.7919921875,36.554996,2.425976
351,4.081395348837209,2115.0,223.7919921875,16.36191,1.587415
352,4.093023255813954,2089.0,197.7919921875,-3.766639,1.33856
353,4.104651162790698,2110.0,218.7919921875,-22.040648,1.47534
354,4.116279069767442,2000.0,108.7919921875,-36.817524,1.785954
355,4.127906976744186,2045.0,153.7919921875,-47.606491,2.046322
356,4.1395348837209305,1915.0,23.7919921875,-54.050835,2.091553
357,4.151162790697675,1958.0,66.7919921875,-56.81403,1.827888
358,4.162790697674419,1841.0,-50.2080078125,-56.326225,1.055439
359,4.174418604651162,1871.0,-20.2080078125,-53.41724,-0.284081
360,4.186046511627907,1814.0,-77.2080078125,-48.444088,-2.326546
361,4.1976744186046515,1824.0,-67.2080078125,-41.70055,-4.790382
362,4.209302325581395,1836.0,-55.2080078125,-33.274483,-7.323067
363,4.22093023255814,1819.0,-72.2080078125,-23.146194,-9.184705
364,4.232558139534883,1877.0,-14.2080078125,-11.659829,-9.858544
365,4.2441860465116275,1852.0,-39.2080078125,0.904591,-8.951002
366,4.2558139534883725,1936.0,44.7919921875,13.674977,-6.635736
367,4.267441860465116,1906.0,14.7919921875,26.099491,-3.414827
368,4.279069767441861,1977.0,85.7919921875,37.299885,-0.014248
369,4.290697674418605,1966.0,74.7919921875,46.923782,2.89077
370,4.3023255813953485,2011.0,119.7919921875,54.539566,5.099014
371,4.313953488372094,2003.0,111.7919921875,59.94873,6.589714
372,4.325581395348837,2021.0,129.7919921875,62.800121,7.847111
373,4.337209302325581,2013.0,121.7919921875,62.505531,9.00425
374,4.348837209302326,2007.0,115.7919921875,58.453655,10.277294
375,4.3604651162790695,2010.0,118.7919921875,49.898941,11.262199
376,4.372093023255814,1991.0,99.7919921875,36.64278,11.636528
377,4.383720930232558,2000.0,108.7919921875,18.848745,10.923004
378,4.395348837209302,1980.0,88.7919921875,-2.396856,9.011122
379,4.406976744186047,1983.0,91.7919921875,-25.625082,6.0009
380,4.4186046511627906,1966.0,74.7919921875,-48.800697,2.123722
381,4.430232558139535,1970.0,78.7919921875,-69.954933,-2.264168
382,4.44186046511628,1952.0,60.7919921875,-87.168236,-7.175957
383,4.453488372093023,1961.0,69.7919921875,-98.784454,-12.41053
384,4.465116279069767,1935.0,43.7919921875,-103.401176,-17.9814
385,4.476744186046512,1943.0,51.7919921875,-99.825478,-23.18589
386,4.488372093023256,1920.0,28.7919921875,-87.299179,-27.277748
387,4.5,1925.0,33.7919921875,-65.655441,-28.904797
388,4.511627906976744,1907.0,15.7919921875,-35.762897,-27.155052
389,4.523255813953488,1909.0,17.7919921875,0.339452,-21.453789
390,4.534883720930232,1909.0,17.7919921875,39.33271,-12.240326
391,4.546511627906977,1908.0,16.7919921875,77.040245,-0.786697
392,4.558139534883721,1924.0,32.7919921875,108.95974,11.208351
393,4.569767441860465,1918.0,26.7919921875,131.127151,21.854004
394,4.5813953488372094,1959.0,67.7919921875,140.685944,30.059929
395,4.593023255813954,1941.0,49.7919921875,136.422379,35.079918
396,4.604651162790698,2005.0,113.7919921875,118.772331,37.304214
397,4.616279069767442,1983.0,91.7919921875,89.656136,36.95599
398,4.627906976744185,2033.0,141.7919921875,52.060719,34.722572
399,4.6395348837209305,2022.0,130.7919921875,9.646551,30.58956
400,4.651162790697675,2041.0,149.7919921875,-33.666004,24.592846
401,4.662790697674418,2053.0,161.7919921875,-73.953979,16.495712
402,4.674418604651163,2039.0,147.7919921875,-107.59269,6.296432
403,4.686046511627906,2043.0,151.7919921875,-131.541,-5.549446
404,4.6976744186046515,2010.0,118.7919921875,-143.493866,-18.355194
405,4.709302325581396,2017.0,125.7919921875,-142.34494,-30.846954
406,4.720930232558139,1973.0,81.7919921875,-128.09169,-42.070641
407,4.732558139534884,1994.0,102.7919921875,-102.154808,-50.70211
408,4.744186046511628,1953.0,61.7919921875,-66.947983,-56.115295
409,4.755813953488372,1958.0,66.7919921875,-25.898029,-57.389149
410,4.767441860465117,1934.0,42.7919921875,17.16991,-54.275295
411,4.77906976744186,1939.0,47.7919921875,58.157764,-46.451321
412,4.790697674418604,1942.0,50.7919921875,93.195641,-34.239464
413,4.802325581395349,1936.0,44.7919921875,118.911507,-18.364052
414,4.813953488372093,1971.0,79.7919921875,132.758636,-0.010223
415,4.825581395348837,1954.0,62.7919921875,133.398865,19.008621
416,4.837209302325581,1991.0,99.7919921875,120.85006,37.169128
417,4.848837209302325,1975.0,83.7919921875,96.753006,52.646118
418,4.86046511627907,2012.0,120.7919921875,64.022453,64.659256
419,4.872093023255814,2000.0,108.7919921875,26.668211,72.294304
420,4.883720930232558,2017.0,125.7919921875,-10.992259,75.645737
421,4.895348837209303,2017.0,125.7919921875,-44.815563,74.420395
422,4.906976744186046,2011.0,119.7919921875,-71.601089,68.696625
423,4.9186046511627906,2019.0,127.7919921875,-89.286484,58.201508
424,4.930232558139535,1991.0,99.7919921875,-97.173164,42.793037
425,4.941860465116279,2005.0,113.7919921875,-95.640976,22.78344
426,4.953488372093023,1972.0,80.7919921875,-85.914062,-1.217834
427,4.965116279069767,1982.0,90.7919921875,-69.719894,-27.431759
428,4.976744186046512,1963.0,71.7919921875,-49.01086,-54.008804
429,4.988372093023256,1957.0,65.7919921875,-25.932995,-78.138878
430,5.0,1963.0,71.7919921875,-2.559347,-97.673515
431,5.011627906976744,1959.0,67.7919921875,18.913448,-110.309784
432,5.023255813953488,1975.0,83.7919921875,36.628479,-114.864197
433,5.034883720930233,1967.0,75.7919921875,48.975994,-110.536377
434,5.046511627906977,1991.0,99.7919921875,55.139816,-97.399887
435,5.058139534883721,1981.0,89.7919921875,54.996136,-76.144501
436,5.069767441860465,2013.0,121.7919921875,49.376476,-47.841808
437,5.081395348837209,2000.0,108.7919921875,39.728355,-14.433285
438,5.093023255813954,2032.0,140.7919921875,27.94227,22.139851
439,5.104651162790698,2027.0,135.7919921875,15.931436,58.947239
440,5.116279069767441,2043.0,151.7919921875,5.270898,93.458977
441,5.127906976744186,2037.0,145.7919921875,-2.911921,122.494438
442,5.1395348837209305,2039.0,147.7919921875,-8.221523,143.696884
443,5.151162790697675,2043.0,151.7919921875,-10.680635,154.708557
444,5.162790697674419,2042.0,150.7919921875,-10.931757,154.166672
445,5.174418604651162,2041.0,149.7919921875,-9.711171,141.332947
446,5.186046511627907,2016.0,124.7919921875,-8.018475,116.362427
447,5.1976744186046515,2030.0,138.7919921875,-6.610958,80.622437
448,5.209302325581395,1991.0,99.7919921875,-6.194998,36.110123
449,5.22093023255814,2001.0,109.7919921875,-7.077672,-13.715617
450,5.232558139534883,1964.0,72.7919921875,-9.289075,-65.222404
451,5.2441860465116275,1974.0,82.7919921875,-12.546538,-113.751358
452,5.2558139534883725,1947.0,55.7919921875,-16.250877,-155.256287
453,5.267441860465116,1954.0,62.7919921875,-19.792831,-185.676102
454,5.279069767441861,1943.0,51.7919921875,-22.301752,-202.16745
455,5.290697674418605,1943.0,51.7919921875,-23.194014,-202.773682
456,5.3023255813953485,1963.0,71.7919921875,-21.72262,-186.788605
457,5.313953488372094,1955.0,63.7919921875,-17.640839,-154.885681
458,5.325581395348837,2000.0,108.7919921875,-10.756721,-108.728096
459,5.337209302325581,1981.0,89.7919921875,-1.501322,-51.622803
460,5.348837209302326,2063.0,171.7919921875,9.383904,12.426117
461,5.3604651162790695,2031.0,139.7919921875,20.625309,77.908501
462,5.372093023255814,2119.0,227.7919921875,30.724234,139.323074
463,5.383720930232558,2094.0,202.7919921875,38.250969,190.766541
464,5.395348837209302,2147.0,255.7919921875,41.954479,227.49144
465,5.406976744186046,2135.0,243.7919921875,41.331635,245.823242
466,5.4186046511627906,2149.0,257.7919921875,36.292564,243.947113
467,5.430232558139535,2154.0,262.7919921875,27.584297,221.834473
468,5.44186046511628,2102.0,210.7919921875,16.086376,180.939117
469,5.453488372093023,2134.0,242.7919921875,3.127645,124.384445
470,5.465116279069767,2023.0,131.7919921875,-10.18918,56.013634
471,5.476744186046512,2066.0,174.7919921875,-22.619585,-18.897158
472,5.488372093023256,1927.0,35.7919921875,-33.126209,-94.79187
473,5.5,1973.0,81.7919921875,-40.700146,-165.125549
474,5.511627906976744,1853.0,-38.2080078125,-44.515251,-223.785095
475,5.523255813953488,1885.0,-6.2080078125,-44.137383,-264.937775
476,5.534883720930232,1823.0,-68.2080078125,-39.453636,-284.349243
477,5.546511627906977,1831.0,-60.2080078125,-31.112827,-279.699341
478,5.558139534883721,1850.0,-41.2080078125,-19.979521,-250.881577
479,5.569767441860465,1829.0,-62.2080078125,-7.422592,-200.182938
480,5.5813953488372094,1936.0,44.7919921875,5.391502,-131.519806
481,5.593023255813954,1891.0,-0.2080078125,17.254015,-50.625893
482,5.604651162790698,2059.0,167.7919921875,27.424194,36.270241
483,5.616279069767442,1993.0,101.7919921875,35.188366,121.847458
484,5.627906976744185,2166.0,274.7919921875,40.084312,199.101288
485,5.6395348837209305,2119.0,227.7919921875,41.629532,260.835327
486,5.651162790697675,2231.0,339.7919921875,39.499798,301.14032
487,5.662790697674418,2206.0,314.7919921875,33.6884,315.484131
488,5.674418604651163,2235.0,343.7919921875,24.565119,301.830353
489,5.686046511627907,2249.0,357.7919921875,13.128729,260.951385
490,5.697674418604651,2163.0,271.7919921875,0.614936,196.307678
491,5.709302325581396,2211.0,319.7919921875,-11.39484,114.081223
492,5.720930232558139,2037.0,145.7919921875,-21.731716,21.680389
493,5.732558139534884,2108.0,216.7919921875,-29.403677,-72.251205
494,5.744186046511628,1901.0,9.7919921875,-34.192974,-159.816711
495,5.755813953488372,1971.0,79.7919921875,-36.052048,-233.351929
496,5.767441860465117,1778.0,-113.2080078125,-35.401051,-287.099609
497,5.77906976744186,1839.0,-52.2080078125,-32.510506,-316.433441
498,5.790697674418604,1747.0,-144.2080078125,-27.790005,-319.075439
499,5.802325581395349,1759.0,-132.2080078125,-21.539785,-294.63031
500,5.813953488372093,1791.0,-100.2080078125,-14.073805,-244.988647
501,5.825581395348837,1759.0,-132.2080078125,-5.877498,-174.365341
502,5.837209302325582,1902.0,10.7919921875,2.733616,-88.514938
503,5.848837209302325,1839.0,-52.2080078125,11.183701,4.913601
504,5.86046511627907,2053.0,161.7919921875,19.310246,98.175095
505,5.872093023255814,1971.0,79.7919921875,26.6311,182.786636
506,5.883720930232558,2231.0,339.7919921875,33.066528,251.7043
507,5.895348837209303,2187.0,295.7919921875,38.007153,298.406982
508,5.906976744186046,2266.0,374.7919921875,40.983448,318.895325
509,5.9186046511627906,2256.0,364.7919921875,41.351597,311.184265
510,5.930232558139535,2217.0,325.7919921875,38.592258,276.081451
511,5.941860465116279,2255.0,363.7919921875,32.571838,217.184906
512,5.953488372093023,2093.0,201.7919921875,23.316408,140.045334
513,5.965116279069767,2160.0,268.7919921875,11.57606,52.429283
514,5.976744186046512,1930.0,38.7919921875,-2.062463,-37.928841
515,5.988372093023256,2007.0,115.7919921875,-16.428591,-122.639786
516,6.0,1793.0,-98.2080078125,-30.81386,-195.186172
517,6.011627906976744,1856.0,-35.2080078125,-44.076199,-249.683426
518,6.023255813953488,1721.0,-170.2080078125,-55.400581,-282.712067
519,6.034883720930233,1749.0,-142.2080078125,-63.612938,-292.042755
520,6.046511627906977,1743.0,-148.2080078125,-67.642426,-277.563171
521,6.058139534883721,1719.0,-172.2080078125,-66.531822,-240.826385
522,6.069767441860465,1850.0,-41.2080078125,-59.516819,-184.921341
523,6.081395348837209,1783.0,-108.2080078125,-46.682064,-114.95459
524,6.093023255813954,2007.0,115.7919921875,-28.353077,-36.59639
525,6.104651162790698,1923.0,31.7919921875,-6.024047,42.936066
526,6.116279069767441,2163.0,271.7919921875,18.867357,117.405594
527,6.127906976744186,2095.0,203.7919921875,43.986217,180.278793
528,6.1395348837209305,2268.0,376.7919921875,67.328026,227.183197
529,6.151162790697675,2226.0,334.7919921875,86.504875,254.585236
530,6.162790697674419,2285.0,393.7919921875,99.553291,261.226868
531,6.174418604651162,2288.0,396.7919921875,104.770599,247.253906
532,6.186046511627907,2204.0,312.7919921875,100.975784,214.387512
533,6.1976744186046515,2255.0,363.7919921875,87.949112,165.916138
534,6.209302325581395,2054.0,162.7919921875,66.030846,105.66597
535,6.22093023255814,2135.0,243.7919921875,36.89782,38.867832
536,6.232558139534883,1887.0,-4.2080078125,2.492222,-29.83062
537,6.2441860465116275,1968.0,76.7919921875,-34.092182,-94.860199
538,6.2558139534883725,1765.0,-126.2080078125,-69.907852,-152.012833
539,6.267441860465116,1815.0,-76.2080078125,-101.439796,-196.827698
540,6.279069767441861,1715.0,-176.2080078125,-125.634956,-226.426636
541,6.290697674418605,1730.0,-161.2080078125,-139.676712,-238.454681
542,6.3023255813953485,1757.0,-134.2080078125,-141.632706,-232.137466
543,6.313953488372094,1726.0,-165.2080078125,-130.811737,-208.190475
544,6.325581395348837,1881.0,-10.2080078125,-107.651535,-168.537567
545,6.337209302325581,1811.0,-80.2080078125,-74.291687,-116.980827
546,6.348837209302326,2036.0,144.7919921875,-33.46664,-57.380165
547,6.3604651162790695,1954.0,62.7919921875,11.016775,5.228866
548,6.372093023255814,2160.0,268.7919921875,55.75106,67.065598
549,6.383720930232558,2101.0,209.7919921875,97.088181,123.901962
550,6.395348837209302,2224.0,332.7919921875,132.02681,172.779694
551,6.406976744186046,2198.0,306.7919921875,157.570251,210.278625
552,6.4186046511627906,2211.0,319.7919921875,171.104401,233.473969
553,6.430232558139535,2225.0,333.7919921875,170.51857,239.542175
554,6.44186046511628,2134.0,242.7919921875,154.549866,226.442749
555,6.453488372093023,2180.0,288.7919921875,123.702927,194.170029
556,6.465116279069767,2027.0,135.7919921875,80.056702,144.415344
557,6.476744186046512,2085.0,193.7919921875,27.789999,81.849335
558,6.488372093023256,1923.0,31.7919921875,-28.128231,11.930748
559,6.5,1974.0,82.7919921875,-82.232132,-58.616264
560,6.511627906976744,1863.0,-28.2080078125,-129.987717,-124.526749
561,6.523255813953488,1889.0,-2.2080078125,-167.798264,-181.138718
562,6.534883720930233,1850.0,-41.2080078125,-193.2202,-225.469208
563,6.546511627906977,1850.0,-41.2080078125,-204.371124,-254.737152
564,6.558139534883721,1872.0,-19.2080078125,-199.540039,-266.128113
565,6.569767441860465,1863.0,-28.2080078125,-177.369446,-256.72699
566,6.5813953488372094,1949.0,57.7919921875,-137.259186,-223.879272
567,6.593023255813954,1917.0,25.7919921875,-80.729279,-167.454422
568,6.604651162790698,2022.0,130.7919921875,-11.796355,-90.102432
569,6.616279069767442,1979.0,87.7919921875,62.42667,0.748215
570,6.627906976744185,2074.0,182.7919921875,133.087067,94.994431
571,6.6395348837209305,2058.0,166.7919921875,190.874725,180.344299
572,6.651162790697675,2114.0,222.7919921875,228.353912,246.135406
573,6.662790697674418,2103.0,211.7919921875,241.303665,284.63623
574,6.674418604651163,2111.0,219.7919921875,229.469086,293.014587
575,6.686046511627907,2112.0,220.7919921875,196.003159,272.855835
576,6.697674418604651,2091.0,199.7919921875,146.145538,228.8423
577,6.709302325581396,2098.0,206.7919921875,85.935013,167.509735
578,6.720930232558139,2064.0,172.7919921875,20.925877,95.076782
579,6.732558139534884,2075.0,183.7919921875,-43.961102,17.741077
580,6.744186046511628,2020.0,128.7919921875,-104.546326,-59.399101
581,6.755813953488372,2037.0,145.7919921875,-156.722626,-130.766525
582,6.767441860465117,1990.0,98.7919921875,-196.596649,-191.231674
583,6.77906976744186,1999.0,107.7919921875,-220.474625,-235.356705
584,6.790697674418604,1958.0,66.7919921875,-225.690704,-258.918427
585,6.802325581395349,1969.0,77.7919921875,-211.133072,-259.256531
586,6.813953488372093,1937.0,45.7919921875,-177.779907,-236.205826
587,6.825581395348837,1947.0,55.7919921875,-128.655441,-192.264832
588,6.837209302325582,1936.0,44.7919921875,-68.357895,-131.888245
589,6.848837209302325,1936.0,44.7919921875,-2.51649,-61.313835
590,6.86046511627907,1951.0,59.7919921875,63.132816,13.075306
591,6.872093023255814,1937.0,45.7919921875,122.906944,84.43045
592,6.883720930232558,1980.0,88.7919921875,171.934799,146.948929
593,6.895348837209303,1966.0,74.7919921875,205.965149,195.17218
594,6.906976744186046,2031.0,139.7919921875,222.05304,225.25267
595,6.9186046511627906,1999.0,107.7919921875,218.506104,234.568771
596,6.930232558139535,2055.0,163.7919921875,195.541794,222.658218
597,6.941860465116279,2032.0,140.7919921875,155.196808,191.092773
598,6.953488372093023,2079.0,187.7919921875,101.284821,143.337952
599,6.965116279069767,2062.0,170.7919921875,39.029243,84.56424
600,6.976744186046512,2073.0,181.7919921875,-25.785311,20.446089
601,6.988372093023256,2079.0,187.7919921875,-87.134682,-42.825096
602,7.0,2042.0,150.7919921875,-139.835205,-100.01149
603,7.011627906976744,2063.0,171.7919921875,-179.336517,-146.193375
604,7.023255813953488,1997.0,105.7919921875,-202.615784,-178.011719
605,7.034883720930233,2019.0,127.7919921875,-207.713654,-192.908035
606,7.046511627906977,1961.0,69.7919921875,-194.408646,-190.107727
607,7.058139534883721,1979.0,87.7919921875,-163.946732,-170.252365
608,7.069767441860465,1919.0,27.7919921875,-119.281097,-135.809753
609,7.081395348837209,1936.0,44.7919921875,-64.838493,-90.821671
610,7.093023255813954,1909.0,17.7919921875,-5.974601,-40.247501
611,7.104651162790698,1911.0,19.7919921875,51.341953,10.303612
612,7.116279069767441,1919.0,27.7919921875,101.778084,56.064445
613,7.127906976744186,1917.0,25.7919921875,140.659821,92.886017
614,7.1395348837209305,1951.0,59.7919921875,165.146591,118.555252
615,7.151162790697675,1936.0,44.7919921875,173.736298,131.851547
616,7.162790697674419,1986.0,94.7919921875,166.817505,133.220703
617,7.174418604651162,1968.0,76.7919921875,145.913315,123.684456
618,7.186046511627907,2023.0,131.7919921875,113.748383,105.180382
619,7.1976744186046515,2006.0,114.7919921875,73.747681,79.984901
620,7.209302325581395,2030.0,138.7919921875,29.69211,50.686932
621,7.22093023255814,2030.0,138.7919921875,-14.286661,20.229277
622,7.232558139534884,2031.0,139.7919921875,-54.554836,-8.835255
623,7.2441860465116275,2032.0,140.7919921875,-87.62851,-33.915974
624,7.2558139534883725,2013.0,121.7919921875,-111.266365,-53.581161
625,7.267441860465116,2027.0,135.7919921875,-123.86113,-66.710106
626,7.27906976744186,1996.0,104.7919921875,-125.358337,-73.565613
627,7.290697674418605,2002.0,110.7919921875,-116.401123,-74.530739
628,7.3023255813953485,1973.0,81.7919921875,-98.700287,-70.709145
629,7.313953488372094,1983.0,91.7919921875,-74.430191,-63.030159
630,7.325581395348837,1953.0,61.7919921875,-46.07494,-52.495865
631,7.337209302325581,1965.0,73.7919921875,-16.334229,-40.057266
632,7.348837209302326,1943.0,51.7919921875,12.38457,-26.516644
633,7.3604651162790695,1951.0,59.7919921875,37.610283,-13.012753
634,7.372093023255814,1946.0,54.7919921875,57.657501,-0.270256
635,7.383720930232559,1941.0,49.7919921875,70.984772,10.625465
636,7.395348837209302,1947.0,55.7919921875,77.257538,19.563457
637,7.406976744186046,1939.0,47.7919921875,76.615196,26.34502
638,7.4186046511627906,1959.0,67.7919921875,70.086449,31.513649
639,7.430232558139535,1953.0,61.7919921875,59.134617,35.543381
640,7.44186046511628,1969.0,77.7919921875,45.415333,38.876213
641,7.453488372093023,1971.0,79.7919921875,30.706215,41.705711
642,7.465116279069767,1984.0,92.7919921875,16.214529,43.548626
643,7.476744186046512,1979.0,87.7919921875,3.09874,43.947628
644,7.488372093023256,1990.0,98.7919921875,-8.309669,41.878292
645,7.5,1985.0,93.7919921875,-17.632807,36.943604
646,7.511627906976744,1995.0,103.7919921875,-25.124174,28.618307
647,7.523255813953488,1991.0,99.7919921875,-30.854383,17.292875
648,7.534883720930233,1985.0,93.7919921875,-35.161091,3.438236
649,7.546511627906977,1990.0,98.7919921875,-38.1618,-11.808586
650,7.558139534883721,1970.0,78.7919921875,-39.868046,-27.206684
651,7.569767441860464,1978.0,86.7919921875,-40.220058,-41.380009
652,7.5813953488372094,1955.0,63.7919921875,-38.826488,-52.841118
653,7.593023255813954,1967.0,75.7919921875,-35.578537,-60.529003
654,7.604651162790698,1943.0,51.7919921875,-30.098536,-63.325043
655,7.616279069767442,1949.0,57.7919921875,-22.633112,-60.990471
656,7.627906976744185,1929.0,37.7919921875,-13.29306,-53.332119
657,7.6395348837209305,1933.0,41.7919921875,-2.788684,-41.095547
658,7.651162790697675,1930.0,38.7919921875,8.31384,-25.083176
659,7.662790697674418,1930.0,38.7919921875,19.185814,-6.746578
660,7.674418604651163,1949.0,57.7919921875,29.149399,12.450674
661,7.686046511627907,1933.0,41.7919921875,37.56884,30.82493
662,7.697674418604651,1968.0,76.7919921875,43.74733,46.659641
663,7.709302325581396,1961.0,69.7919921875,47.22646,58.536537
664,7.720930232558139,1989.0,97.7919921875,47.287418,65.059425
665,7.732558139534884,1972.0,80.7919921875,43.765148,65.711884
666,7.744186046511628,2010.0,118.7919921875,36.412663,60.228264
667,7.755813953488372,2002.0,110.7919921875,25.776888,49.428947
668,7.767441860465117,2011.0,119.7919921875,12.530188,34.376038
669,7.77906976744186,2011.0,119.7919921875,-2.014777,16.848682
670,7.790697674418604,1993.0,101.7919921875,-16.540438,-1.49294
671,7.802325581395349,2001.0,109.7919921875,-29.642405,-18.927658
672,7.813953488372093,1961.0,69.7919921875,-40.109531,-34.027893
673,7.825581395348837,1979.0,87.7919921875,-47.133217,-45.720604
674,7.837209302325581,1926.0,34.7919921875,-50.04126,-53.036797
675,7.848837209302326,1943.0,51.7919921875,-48.776611,-55.558872
676,7.86046511627907,1908.0,16.7919921875,-43.289162,-52.896027
677,7.872093023255814,1911.0,19.7919921875,-34.252495,-45.508083
678,7.883720930232558,1903.0,11.7919921875,-22.351992,-34.056469
679,7.895348837209302,1903.0,11.7919921875,-8.897721,-20.055737
680,7.9069767441860455,1921.0,29.7919921875,4.840801,-5.130111
681,7.918604651162791,1905.0,13.7919921875,17.41876,8.865534
682,7.930232558139535,1956.0,64.7919921875,27.689394,20.464996
683,7.941860465116279,1936.0,44.7919921875,34.853798,28.728123
684,7.953488372093023,1991.0,99.7919921875,38.485039,33.283928
685,7.9651162790697665,1973.0,81.7919921875,38.707962,34.443657
686,7.9767441860465125,2027.0,135.7919921875,35.778507,32.67168
687,7.988372093023257,2009.0,117.7919921875,30.365349,28.756695
688,8.0,2031.0,139.7919921875,23.031149,23.234755
689,8.011627906976743,2039.0,147.7919921875,14.632378,16.80452
690,8.023255813953488,2017.0,125.7919921875,5.832845,9.893383
691,8.034883720930232,2027.0,135.7919921875,-2.540564,3.129548
692,8.046511627906977,1981.0,89.7919921875,-9.898125,-3.006101
693,8.058139534883722,1999.0,107.7919921875,-15.749247,-8.033109
694,8.069767441860465,1936.0,44.7919921875,-19.92366,-11.712971
695,8.081395348837209,1956.0,64.7919921875,-22.475443,-14.045986
696,8.093023255813954,1901.0,9.7919921875,-23.588469,-15.194389
697,8.104651162790699,1915.0,23.7919921875,-23.569593,-15.538382
698,8.116279069767442,1879.0,-12.2080078125,-22.532446,-15.289762
699,8.127906976744185,1883.0,-8.2080078125,-20.597092,-14.679304
700,8.13953488372093,1889.0,-2.2080078125,-17.632139,-13.581669
701,8.151162790697674,1885.0,-6.2080078125,-13.639831,-11.901223
702,8.162790697674417,1917.0,25.7919921875,-8.608351,-9.449956
703,8.174418604651164,1903.0,11.7919921875,-2.839237,-6.285007
704,8.186046511627907,1965.0,73.7919921875,3.274107,-2.611583
705,8.19767441860465,1940.0,48.7919921875,9.121708,1.134443
706,8.209302325581396,2003.0,111.7919921875,14.199979,4.495421
707,8.220930232558139,1979.0,87.7919921875,18.07193,7.116861
708,8.232558139534884,2043.0,151.7919921875,20.574406,8.83806
709,8.24418604651163,2030.0,138.7919921875,21.709608,9.76987
710,8.255813953488373,2064.0,172.7919921875,21.603785,10.118655
711,8.267441860465116,2061.0,169.7919921875,20.452972,10.183002
712,8.279069767441861,2035.0,143.7919921875,18.324608,10.067957
713,8.290697674418604,2047.0,155.7919921875,15.303715,9.794109
714,8.30232558139535,1989.0,97.7919921875,11.242727,9.10281
715,8.313953488372093,2013.0,121.7919921875,6.159072,7.773186
716,8.325581395348838,1934.0,42.7919921875,-0.024328,5.566161
717,8.337209302325581,1964.0,72.7919921875,-6.99194,2.525241
718,8.348837209302324,1866.0,-25.2080078125,-14.36695,-1.109509
719,8.36046511627907,1904.0,12.7919921875,-21.360331,-4.847206
720,8.372093023255815,1846.0,-45.2080078125,-27.195848,-8.13246
721,8.383720930232558,1859.0,-32.2080078125,-31.074743,-10.540142
722,8.395348837209303,1851.0,-40.2080078125,-32.377785,-11.764385
723,8.406976744186046,1845.0,-46.2080078125,-30.869415,-11.848089
724,8.41860465116279,1887.0,-4.2080078125,-26.488575,-10.876145
725,8.430232558139535,1866.0,-25.2080078125,-19.664146,-9.13973
726,8.44186046511628,1950.0,58.7919921875,-10.77231,-6.79094
727,8.453488372093023,1917.0,25.7919921875,-0.551148,-4.011009
728,8.465116279069766,2013.0,121.7919921875,10.462577,-0.874167
729,8.476744186046512,1984.0,92.7919921875,21.386974,2.424059
730,8.488372093023255,2069.0,177.7919921875,31.384708,5.544453
731,8.5,2045.0,153.7919921875,39.338722,8.029285
732,8.511627906976745,2085.0,193.7919921875,44.136707,9.301533
733,8.523255813953488,2091.0,199.7919921875,44.860619,9.036938
734,8.534883720930232,2061.0,169.7919921875,40.888504,7.104622
735,8.546511627906977,2074.0,182.7919921875,32.406101,3.932737
736,8.558139534883722,1997.0,105.7919921875,20.092442,0.225912
737,8.569767441860465,2021.0,129.7919921875,5.442372,-3.075047
738,8.58139534883721,1910.0,18.7919921875,-10.032551,-5.22257
739,8.593023255813954,1951.0,59.7919921875,-24.562723,-5.798508
740,8.604651162790697,1842.0,-49.2080078125,-36.930401,-4.866653
741,8.61627906976744,1873.0,-18.2080078125,-46.086704,-2.875668
742,8.627906976744187,1810.0,-81.2080078125,-51.489128,-0.409843
743,8.63953488372093,1825.0,-66.2080078125,-52.744278,1.986782
744,8.651162790697674,1826.0,-65.2080078125,-49.624939,4.045105
745,8.662790697674419,1815.0,-76.2080078125,-42.165195,5.656609
746,8.674418604651162,1883.0,-8.2080078125,-30.544298,6.869715
747,8.686046511627907,1854.0,-37.2080078125,-15.612344,7.615968
748,8.697674418604652,1965.0,73.7919921875,1.543489,7.723342
749,8.709302325581396,1924.0,32.7919921875,19.130571,6.877552
750,8.720930232558139,2037.0,145.7919921875,35.439667,4.786963
751,8.732558139534884,2003.0,111.7919921875,48.657345,1.411503
752,8.744186046511627,2075.0,183.7919921875,57.543037,-3.03112
753,8.755813953488373,2065.0,173.7919921875,61.264229,-7.963234
754,8.767441860465116,2082.0,190.7919921875,59.557377,-12.722149
755,8.779069767441861,2085.0,193.7919921875,52.633614,-16.591507
756,8.790697674418604,2028.0,136.7919921875,40.986595,-19.034241
757,8.802325581395348,2063.0,171.7919921875,25.613844,-19.645922
758,8.813953488372094,1957.0,65.7919921875,7.654528,-18.181822
759,8.825581395348838,2000.0,108.7919921875,-11.149618,-14.464804
760,8.837209302325581,1854.0,-37.2080078125,-29.138607,-8.503239
761,8.848837209302326,1917.0,25.7919921875,-44.354649,-0.548553
762,8.86046511627907,1822.0,-69.2080078125,-55.509823,8.704678
763,8.872093023255813,1834.0,-57.2080078125,-61.714195,18.05468
764,8.88372093023256,1838.0,-53.2080078125,-62.866989,26.00502
765,8.895348837209303,1829.0,-62.2080078125,-59.430122,31.051918
766,8.906976744186046,1890.0,-1.2080078125,-52.039017,32.152527
767,8.91860465116279,1857.0,-34.2080078125,-41.419205,29.048454
768,8.930232558139535,1955.0,63.7919921875,-27.896456,22.352804
769,8.941860465116278,1926.0,34.7919921875,-11.904694,13.35825
770,8.953488372093023,2016.0,124.7919921875,6.158356,3.53422
771,8.965116279069768,1986.0,94.7919921875,25.24674,-5.809769
772,8.976744186046512,2045.0,153.7919921875,43.888191,-13.915527
773,8.988372093023255,2032.0,140.7919921875,60.009369,-20.486313
774,9.0,2042.0,150.7919921875,71.552574,-25.53643
775,9.011627906976745,2053.0,161.7919921875,76.834312,-29.045158
776,9.023255813953488,2010.0,118.7919921875,74.964897,-30.769722
777,9.034883720930234,2030.0,138.7919921875,66.100693,-30.292023
778,9.046511627906977,1961.0,69.7919921875,51.144199,-27.163006
779,9.05813953488372,1985.0,93.7919921875,31.728722,-21.266926
780,9.069767441860463,1914.0,22.7919921875,9.57009,-12.89985
781,9.08139534883721,1941.0,49.7919921875,-13.413895,-2.881653
782,9.093023255813954,1885.0,-6.2080078125,-35.561222,7.709385
783,9.104651162790697,1895.0,3.7919921875,-55.152428,17.705788
784,9.116279069767442,1878.0,-13.2080078125,-70.708603,26.116333
785,9.127906976744185,1879.0,-12.2080078125,-80.896767,32.171509
786,9.13953488372093,1899.0,7.7919921875,-84.783913,35.308456
787,9.151162790697676,1886.0,-5.2080078125,-81.951469,35.183578
788,9.162790697674419,1932.0,40.7919921875,-72.476097,31.662163
789,9.174418604651162,1911.0,19.7919921875,-57.035564,24.963444
790,9.186046511627907,1958.0,66.7919921875,-36.555466,15.726658
791,9.19767441860465,1946.0,54.7919921875,-12.399018,5.036128
792,9.209302325581396,1974.0,82.7919921875,13.941774,-5.776344
793,9.220930232558139,1968.0,76.7919921875,40.548767,-15.345787
794,9.232558139534884,1981.0,89.7919921875,65.239243,-22.690849
795,9.244186046511627,1982.0,90.7919921875,85.467735,-27.366348
796,9.25581395348837,1970.0,78.7919921875,98.783195,-29.446785
797,9.267441860465118,1977.0,85.7919921875,103.188423,-29.35537
798,9.279069767441861,1951.0,59.7919921875,97.617416,-27.564896
799,9.290697674418604,1958.0,66.7919921875,82.323082,-24.414185
800,9.30232558139535,1939.0,47.7919921875,58.769997,-19.981453
801,9.313953488372093,1943.0,51.7919921875,29.511736,-14.277365
802,9.325581395348836,1935.0,43.7919921875,-2.473641,-7.317587
803,9.337209302325583,1936.0,44.7919921875,-34.060009,0.604256
804,9.348837209302326,1931.0,39.7919921875,-62.532005,8.973892
805,9.36046511627907,1934.0,42.7919921875,-85.523994,17.051582
806,9.372093023255813,1936.0,44.7919921875,-101.205162,24.075745
807,9.383720930232558,1934.0,42.7919921875,-108.190697,29.312904
808,9.395348837209303,1933.0,41.7919921875,-105.683853,32.168518
809,9.406976744186046,1933.0,41.7919921875,-93.66214,32.238449
810,9.418604651162791,1933.0,41.7919921875,-73.008751,29.323708
811,9.430232558139535,1931.0,39.7919921875,-45.65007,23.555817
812,9.441860465116278,1933.0,41.7919921875,-14.175567,15.421369
813,9.453488372093023,1931.0,39.7919921875,18.347326,5.82176
814,9.465116279069768,1933.0,41.7919921875,49.046623,-4.139694
815,9.476744186046512,1925.0,33.7919921875,75.360527,-13.317894
816,9.488372093023257,1929.0,37.7919921875,95.386246,-20.871155
817,9.5,1929.0,37.7919921875,107.593643,-26.383224
818,9.511627906976743,1935.0,43.7919921875,110.833939,-29.904984
819,9.523255813953487,1933.0,41.7919921875,104.297523,-31.626717
820,9.534883720930234,1937.0,45.7919921875,87.696426,-31.650803
821,9.546511627906977,1938.0,46.7919921875,61.742462,-29.762878
822,9.55813953488372,1949.0,57.7919921875,28.373655,-25.461805
823,9.569767441860465,1945.0,53.7919921875,-8.99087,-18.325315
824,9.581395348837209,1954.0,62.7919921875,-45.967583,-8.319126
825,9.593023255813954,1949.0,57.7919921875,-77.761192,3.761086
826,9.604651162790699,1945.0,53.7919921875,-100.296043,16.466331
827,9.616279069767442,1951.0,59.7919921875,-110.881706,27.847816
828,9.627906976744185,1936.0,44.7919921875,-108.856796,36.151474
829,9.63953488372093,1941.0,49.7919921875,-95.407799,40.184303
830,9.651162790697674,1917.0,25.7919921875,-73.167305,39.667679
831,9.662790697674419,1925.0,33.7919921875,-45.472191,35.119858
832,9.674418604651162,1894.0,2.7919921875,-15.690574,27.462139
833,9.686046511627907,1907.0,15.7919921875,13.196606,17.759296
834,9.69767441860465,1901.0,9.7919921875,38.875957,6.828491
835,9.709302325581394,1894.0,2.7919921875,59.501419,-4.589188
836,9.72093023255814,1901.0,9.7919921875,73.856377,-15.805626
837,9.732558139534884,1899.0,7.7919921875,81.038162,-25.856293
838,9.744186046511627,1914.0,22.7919921875,80.777695,-33.646599
839,9.755813953488373,1907.0,15.7919921875,73.276405,-38.045639
840,9.767441860465116,1931.0,39.7919921875,59.472504,-38.333755
841,9.77906976744186,1922.0,30.7919921875,40.850155,-34.453457
842,9.790697674418606,1946.0,54.7919921875,19.348719,-27.087767
843,9.80232558139535,1937.0,45.7919921875,-2.830641,-17.506725
844,9.813953488372093,1949.0,57.7919921875,-23.569363,-7.05352
845,9.825581395348838,1949.0,57.7919921875,-40.877434,3.080379
846,9.837209302325581,1944.0,52.7919921875,-53.329861,12.207165
847,9.848837209302326,1949.0,57.7919921875,-59.879124,19.938526
848,9.86046511627907,1932.0,40.7919921875,-60.3321,26.07972
849,9.872093023255815,1938.0,46.7919921875,-54.962532,30.306625
850,9.883720930232558,1909.0,17.7919921875,-44.802349,32.186863
851,9.895348837209301,1920.0,28.7919921875,-31.213726,31.252438
852,9.906976744186046,1887.0,-4.2080078125,-15.863194,27.294613
853,9.918604651162791,1897.0,5.7919921875,-0.386913,20.620087
854,9.930232558139535,1876.0,-15.2080078125,13.792214,11.999156
855,9.94186046511628,1879.0,-12.2080078125,25.456787,2.612503
856,9.953488372093023,1875.0,-16.2080078125,33.834362,-6.443844
857,9.965116279069766,1872.0,-19.2080078125,38.280968,-14.300556
858,9.976744186046512,1888.0,-3.2080078125,38.654354,-20.599583
859,9.988372093023257,1882.0,-9.2080078125,34.979271,-25.238796
860,10.0,1910.0,18.7919921875,27.91955,-28.226862
861,10.011627906976743,1898.0,6.7919921875,18.431334,-29.375246
862,10.023255813953488,1927.0,35.7919921875,7.972151,-28.287634
863,10.034883720930232,1918.0,26.7919921875,-1.912443,-24.506531
864,10.046511627906977,1938.0,46.7919921875,-9.871585,-17.835747
865,10.058139534883722,1937.0,45.7919921875,-14.987487,-8.701408
866,10.069767441860465,1939.0,47.7919921875,-17.122938,1.868677
867,10.081395348837209,1942.0,50.7919921875,-16.598219,12.278372
868,10.093023255813954,1931.0,39.7919921875,-14.34932,20.943592
869,10.104651162790699,1936.0,44.7919921875,-11.16475,26.587738
870,10.116279069767442,1914.0,22.7919921875,-7.891285,28.68499
871,10.127906976744187,1923.0,31.7919921875,-4.866385,27.415968
872,10.13953488372093,1899.0,7.7919921875,-2.329849,23.523136
873,10.151162790697674,1909.0,17.7919921875,-0.285366,17.972948
874,10.162790697674417,1877.0,-14.2080078125,1.194758,11.588304
875,10.174418604651164,1887.0,-4.2080078125,1.963375,5.002665
876,10.186046511627907,1872.0,-19.2080078125,1.938045,-1.468519
877,10.19767441860465,1875.0,-16.2080078125,1.002827,-7.525399
878,10.209302325581396,1878.0,-13.2080078125,-0.557149,-12.904906
879,10.220930232558139,1875.0,-16.2080078125,-2.459971,-17.181257
880,10.232558139534882,1906.0,14.7919921875,-4.054887,-19.967367
881,10.24418604651163,1893.0,1.7919921875,-4.951209,-20.927441
882,10.255813953488373,1919.0,27.7919921875,-4.731945,-19.994076
883,10.267441860465116,1918.0,26.7919921875,-3.339815,-17.296757
884,10.279069767441861,1930.0,38.7919921875,-0.88267,-13.186494
885,10.290697674418604,1930.0,38.7919921875,2.393647,-8.083797
886,10.30232558139535,1948.0,56.7919921875,6.068956,-2.420586
887,10.313953488372093,1937.0,45.7919921875,9.806095,3.372148
888,10.325581395348838,1943.0,51.7919921875,13.042897,8.887807
889,10.337209302325581,1943.0,51.7919921875,15.388382,13.628569
890,10.348837209302324,1929.0,37.7919921875,16.153929,17.073689
891,10.36046511627907,1937.0,45.7919921875,15.039227,18.721987
892,10.372093023255815,1914.0,22.7919921875,11.765482,18.309334
893,10.383720930232558,1920.0,28.7919921875,6.54074,15.834605
894,10.395348837209303,1898.0,6.7919921875,-0.064754,11.683173
895,10.406976744186046,1903.0,11.7919921875,-7.194036,6.509186
896,10.41860465116279,1887.0,-4.2080078125,-13.786962,1.080976
897,10.430232558139537,1894.0,2.7919921875,-19.01515,-3.875235
898,10.44186046511628,1887.0,-4.2080078125,-22.170759,-7.885966
899,10.453488372093023,1888.0,-3.2080078125,-23.061829,-10.684084
900,10.465116279069766,1893.0,1.7919921875,-21.661911,-12.290036
901,10.476744186046512,1891.0,-0.2080078125,-18.337067,-12.804057
902,10.488372093023255,1904.0,12.7919921875,-13.447403,-12.436928
903,10.5,1899.0,7.7919921875,-7.481248,-11.315388
904,10.511627906976745,1914.0,22.7919921875,-0.886415,-9.566483
905,10.523255813953488,1911.0,19.7919921875,5.900592,-7.250793
906,10.534883720930232,1919.0,27.7919921875,12.36372,-4.428392
907,10.546511627906977,1918.0,26.7919921875,18.063042,-1.180494
908,10.558139534883722,1915.0,23.7919921875,22.436798,2.383345
909,10.569767441860465,1920.0,28.7919921875,25.108212,6.032856
910,10.58139534883721,1906.0,14.7919921875,25.641907,9.457708
911,10.593023255813954,1913.0,21.7919921875,23.91231,12.222486
912,10.604651162790697,1897.0,5.7919921875,19.858261,13.878016
913,10.61627906976744,1901.0,9.7919921875,13.751015,14.016407
914,10.627906976744187,1881.0,-10.2080078125,6.048147,12.452362
915,10.63953488372093,1874.0,-17.2080078125,-2.54345,9.289504
916,10.651162790697674,1871.0,-20.2080078125,-11.132373,4.973384
917,10.662790697674419,1872.0,-19.2080078125,-18.849514,0.146626
918,10.674418604651162,1861.0,-30.2080078125,-24.825897,-4.475025
919,10.686046511627907,1867.0,-24.2080078125,-28.458223,-8.270752
920,10.697674418604652,1861.0,-30.2080078125,-29.338852,-10.867886
921,10.709302325581396,1861.0,-30.2080078125,-27.411842,-12.113596
922,10.720930232558139,1862.0,-29.2080078125,-22.860909,-12.108467
923,10.732558139534884,1861.0,-30.2080078125,-16.167793,-11.029611
924,10.744186046511627,1863.0,-28.2080078125,-8.004253,-9.132941
925,10.755813953488373,1863.0,-28.2080078125,0.799789,-6.650237
926,10.767441860465116,1866.0,-25.2080078125,9.325395,-3.835674
927,10.779069767441861,1866.0,-25.2080078125,16.735474,-0.9142
928,10.790697674418604,1866.0,-25.2080078125,22.328188,1.927002
929,10.802325581395348,1866.0,-25.2080078125,25.729038,4.557459
930,10.813953488372093,1862.0,-29.2080078125,26.844944,6.949043
931,10.825581395348838,1862.0,-29.2080078125,25.870081,9.06986
932,10.837209302325581,1857.0,-34.2080078125,23.098549,10.851786
933,10.848837209302326,1863.0,-28.2080078125,18.820547,12.041744
934,10.86046511627907,1855.0,-36.2080078125,13.196232,12.209871
935,10.872093023255813,1855.0,-36.2080078125,6.348961,10.861418
936,10.88372093023256,1855.0,-36.2080078125,-1.51275,7.692649
937,10.895348837209303,1855.0,-36.2080078125,-9.922774,2.809369
938,10.906976744186046,1854.0,-37.2080078125,-18.06464,-3.116967
939,10.91860465116279,1849.0,-42.2080078125,-24.847273,-8.936036
940,10.930232558139535,1856.0,-35.2080078125,-29.138306,-13.329222
941,10.941860465116278,1855.0,-36.2080078125,-30.129154,-15.274527
942,10.953488372093023,1859.0,-32.2080078125,-27.580093,-14.391803
943,10.965116279069768,1856.0,-35.2080078125,-21.94713,-11.108268
944,10.976744186046512,1858.0,-33.2080078125,-14.217414,-6.451841
945,10.988372093023255,1856.0,-35.2080078125,-5.643735,-1.672097
946,11.0,1858.0,-33.2080078125,2.643499,2.2312
947,11.011627906976745,1859.0,-32.2080078125,9.85458,4.823223
948,11.023255813953488,1853.0,-38.2080078125,15.614786,6.228726
949,11.034883720930234,1856.0,-35.2080078125,19.841042,6.922986
950,11.046511627906977,1851.0,-40.2080078125,22.535511,7.3374
951,11.05813953488372,1854.0,-37.2080078125,23.637617,7.643349
952,11.069767441860463,1851.0,-40.2080078125,22.99947,7.627349
953,11.08139534883721,1852.0,-39.2080078125,20.463894,6.906826
954,11.093023255813954,1855.0,-36.2080078125,16.053572,5.157989
955,11.104651162790697,1853.0,-38.2080078125,10.059092,2.374805
956,11.116279069767442,1857.0,-34.2080078125,3.069341,-1.088506
957,11.127906976744185,1855.0,-36.2080078125,-4.117801,-4.591673
958,11.13953488372093,1858.0,-33.2080078125,-10.69927,-7.464393
959,11.151162790697676,1857.0,-34.2080078125,-15.976335,-9.20697
960,11.162790697674419,1859.0,-32.2080078125,-19.515379,-9.602127
961,11.174418604651162,1863.0,-28.2080078125,-21.07583,-8.705184
962,11.186046511627907,1861.0,-30.2080078125,-20.689871,-6.748137
963,11.19767441860465,1861.0,-30.2080078125,-18.500221,-4.051384
964,11.209302325581396,1853.0,-38.2080078125,-14.797989,-0.910136
965,11.220930232558139,1854.0,-37.2080078125,-9.984965,2.306026
966,11.232558139534884,1850.0,-41.2080078125,-4.540599,5.259393
967,11.244186046511627,1861.0,-30.2080078125,1.018072,7.596308
968,11.25581395348837,1842.0,-49.2080078125,6.206099,9.033424
969,11.267441860465118,1845.0,-46.2080078125,10.632312,9.471483
970,11.279069767441861,1836.0,-55.2080078125,14.038613,8.952288
971,11.290697674418604,1840.0,-51.2080078125,16.221514,7.669109
972,11.30232558139535,1831.0,-60.2080078125,17.045387,5.779218
973,11.313953488372093,1834.0,-57.2080078125,16.376017,3.422048
974,11.325581395348836,1833.0,-58.2080078125,14.152639,0.572889
975,11.337209302325583,1837.0,-54.2080078125,10.468112,-2.688289
976,11.348837209302326,1838.0,-53.2080078125,5.640162,-6.22487
977,11.36046511627907,1836.0,-55.2080078125,0.274689,-9.583545
978,11.372093023255815,1843.0,-48.2080078125,-4.86884,-12.172615
979,11.383720930232558,1841.0,-50.2080078125,-9.010979,-13.34779
980,11.395348837209301,1848.0,-43.2080078125,-11.634871,-12.717731
981,11.406976744186046,1846.0,-45.2080078125,-12.544265,-10.319053
982,11.418604651162791,1853.0,-38.2080078125,-11.969433,-6.602891
983,11.430232558139535,1853.0,-38.2080078125,-10.345593,-2.337007
984,11.441860465116278,1854.0,-37.2080078125,-8.179674,1.794853
985,11.453488372093023,1840.0,-51.2080078125,-5.825562,5.27939
986,11.465116279069768,1853.0,-38.2080078125,-3.402703,8.08927
987,11.476744186046512,1854.0,-37.2080078125,-0.928451,10.318206
988,11.488372093023257,1859.0,-32.2080078125,1.619518,12.172924
989,11.5,1849.0,-42.2080078125,4.080262,13.565063
990,11.511627906976743,1840.0,-51.2080078125,6.195225,14.196505
991,11.523255813953488,1843.0,-48.2080078125,7.578057,13.6036
992,11.534883720930234,1830.0,-61.2080078125,7.95819,11.400792
993,11.546511627906977,1837.0,-54.2080078125,7.263526,7.605898
994,11.55813953488372,1823.0,-68.2080078125,5.693449,2.576506
995,11.569767441860465,1829.0,-62.2080078125,3.648992,-2.889077
996,11.581395348837209,1824.0,-67.2080078125,1.543274,-8.057837
997,11.593023255813954,1823.0,-68.2080078125,-0.304813,-12.275709
998,11.604651162790699,1818.0,-73.2080078125,-1.786485,-15.311567
999,11.616279069767442,1819.0,-72.2080078125,-2.898476,-17.115942
1000,11.627906976744185,1830.0,-61.2080078125,-3.711767,-17.802176
1001,11.63953488372093,1817.0,-74.2080078125,-4.206346,-17.389164
1002,11.651162790697674,1825.0,-66.2080078125,-4.2764,-15.720157
1003,11.662790697674419,1827.0,-64.2080078125,-3.744629,-12.603577
1004,11.674418604651164,1831.0,-60.2080078125,-2.570266,-7.932234
1005,11.686046511627907,1829.0,-62.2080078125,-0.851779,-1.966318
1006,11.69767441860465,1835.0,-56.2080078125,1.093967,4.774912
1007,11.709302325581394,1836.0,-55.2080078125,2.837061,11.418095
1008,11.72093023255814,1841.0,-50.2080078125,3.987556,17.170933
1009,11.732558139534884,1840.0,-51.2080078125,4.286507,21.32913
1010,11.744186046511627,1843.0,-48.2080078125,3.770829,23.594322
1011,11.755813953488373,1843.0,-48.2080078125,2.613066,23.899967
1012,11.767441860465116,1841.0,-50.2080078125,1.131145,22.351166
1013,11.77906976744186,1843.0,-48.2080078125,-0.39742,19.143154
1014,11.790697674418606,1834.0,-57.2080078125,-1.777565,14.344658
1015,11.80232558139535,1837.0,-54.2080078125,-2.915242,8.174232
1016,11.813953488372093,1818.0,-73.2080078125,-3.760197,0.831341
1017,11.825581395348838,1823.0,-68.2080078125,-4.266267,-7.119466
1018,11.837209302325581,1809.0,-82.2080078125,-4.384583,-15.054762
1019,11.848837209302326,1808.0,-83.2080078125,-4.037756,-22.13456
1020,11.86046511627907,1806.0,-85.2080078125,-3.227371,-27.621681
1021,11.872093023255815,1805.0,-86.2080078125,-1.992018,-30.932926
1022,11.883720930232558,1808.0,-83.2080078125,-0.488467,-31.697598
1023,11.895348837209301,1807.0,-84.2080078125,1.118096,-29.817326
1024,11.906976744186046,1811.0,-80.2080078125,2.636522,-25.286161
1025,11.918604651162791,1811.0,-80.2080078125,3.947548,-18.336454
1026,11.930232558139535,1829.0,-62.2080078125,4.966965,-9.273417
1027,11.94186046511628,1822.0,-69.2080078125,5.637343,1.259512
1028,11.953488372093023,1841.0,-50.2080078125,5.924778,12.458788
1029,11.965116279069766,1836.0,-55.2080078125,5.750173,23.198685
1030,11.976744186046512,1854.0,-37.2080078125,5.075161,32.330078
1031,11.988372093023257,1847.0,-44.2080078125,3.843606,38.772926
1032,12.0,1859.0,-32.2080078125,2.123635,41.773827
1033,12.011627906976743,1857.0,-34.2080078125,0.023341,40.997269
1034,12.023255813953488,1853.0,-38.2080078125,-2.225501,36.523682
1035,12.034883720930232,1853.0,-38.2080078125,-4.348106,28.83691
1036,12.046511627906977,1841.0,-50.2080078125,-6.054005,18.576693
1037,12.058139534883722,1843.0,-48.2080078125,-7.081092,6.594314
1038,12.069767441860465,1819.0,-72.2080078125,-7.298158,-6.29839
1039,12.081395348837209,1830.0,-61.2080078125,-6.650878,-19.129295
1040,12.093023255813954,1806.0,-85.2080078125,-5.324248,-30.991024
1041,12.104651162790697,1813.0,-78.2080078125,-3.56691,-40.865463
1042,12.116279069767442,1793.0,-98.2080078125,-1.774564,-47.85854
1043,12.127906976744187,1798.0,-93.2080078125,-0.244082,-51.151993
1044,12.13953488372093,1799.0,-92.2080078125,0.822214,-50.180191
1045,12.151162790697674,1791.0,-100.2080078125,1.440086,-44.718613
1046,12.162790697674417,1808.0,-83.2080078125,1.856354,-34.848351
1047,12.174418604651164,1801.0,-90.2080078125,2.395697,-21.131409
1048,12.186046511627907,1820.0,-71.2080078125,3.331009,-4.523917
1049,12.19767441860465,1814.0,-77.2080078125,4.696251,13.523717
1050,12.209302325581396,1841.0,-50.2080078125,6.261408,31.276077
1051,12.220930232558139,1835.0,-56.2080078125,7.52577,46.753056
1052,12.232558139534882,1856.0,-35.2080078125,7.990631,58.171906
1053,12.24418604651163,1851.0,-40.2080078125,7.297066,64.108131
1054,12.255813953488373,1865.0,-26.2080078125,5.463387,63.872139
1055,12.267441860465116,1862.0,-29.2080078125,2.837897,57.500122
1056,12.279069767441861,1847.0,-44.2080078125,0.000359,45.762405
1057,12.290697674418604,1862.0,-29.2080078125,-2.45058,29.937748
1058,12.30232558139535,1842.0,-49.2080078125,-4.187492,11.503782
1059,12.313953488372093,1850.0,-41.2080078125,-5.158752,-7.961396
1060,12.325581395348838,1815.0,-76.2080078125,-5.633203,-27.004642
1061,12.337209302325581,1829.0,-62.2080078125,-5.898422,-44.090321
1062,12.348837209302324,1796.0,-95.2080078125,-6.21861,-57.854527
1063,12.36046511627907,1808.0,-83.2080078125,-6.558529,-66.8675
1064,12.372093023255815,1782.0,-109.2080078125,-6.76178,-70.102539
1065,12.383720930232558,1792.0,-99.2080078125,-6.545941,-66.91114
1066,12.395348837209303,1781.0,-110.2080078125,-5.756345,-57.435673
1067,12.406976744186046,1786.0,-105.2080078125,-4.388936,-42.497253
1068,12.41860465116279,1795.0,-96.2080078125,-2.603891,-23.567028
1069,12.430232558139537,1789.0,-102.2080078125,-0.63095,-2.483683
1070,12.44186046511628,1819.0,-72.2080078125,1.432113,18.935108
1071,12.453488372093023,1818.0,-73.2080078125,3.566898,38.922344
1072,12.465116279069766,1843.0,-48.2080078125,5.883214,56.023087
1073,12.476744186046512,1830.0,-61.2080078125,8.376112,68.773483
1074,12.488372093023255,1862.0,-29.2080078125,10.903084,75.93512
1075,12.5,1856.0,-35.2080078125,13.003944,76.262711
1076,12.511627906976745,1871.0,-20.2080078125,14.10422,69.050987
1077,12.523255813953488,1865.0,-26.2080078125,13.650688,54.297009
1078,12.534883720930232,1857.0,-34.2080078125,11.369287,33.152424
1079,12.546511627906977,1862.0,-29.2080078125,7.427962,7.954644
1080,12.558139534883722,1839.0,-52.2080078125,2.359382,-18.123861
1081,12.569767441860465,1850.0,-41.2080078125,-3.013001,-41.514954
1082,12.58139534883721,1826.0,-65.2080078125,-7.931221,-59.262955
1083,12.593023255813954,1831.0,-60.2080078125,-11.814394,-69.347984
1084,12.604651162790697,1789.0,-102.2080078125,-14.449826,-71.345978
1085,12.61627906976744,1799.0,-92.2080078125,-15.837728,-65.944832
1086,12.627906976744187,1777.0,-114.2080078125,-16.165247,-54.919434
1087,12.63953488372093,1781.0,-110.2080078125,-15.565411,-40.251419
1088,12.651162790697674,1779.0,-112.2080078125,-14.076122,-23.88785
1089,12.662790697674419,1776.0,-115.2080078125,-11.63389,-7.340442
1090,12.674418604651162,1799.0,-92.2080078125,-8.14694,8.310905
1091,12.686046511627906,1789.0,-102.2080078125,-3.670328,22.181799
1092,12.697674418604652,1830.0,-61.2080078125,1.598962,33.647396
1093,12.709302325581396,1814.0,-77.2080078125,7.188972,41.9519
1094,12.720930232558139,1850.0,-41.2080078125,12.553909,46.655994
1095,12.732558139534884,1840.0,-51.2080078125,17.058344,47.385452
1096,12.744186046511627,1860.0,-31.2080078125,20.189896,44.337147
1097,12.755813953488373,1862.0,-29.2080078125,21.597294,38.033745
1098,12.767441860465116,1851.0,-40.2080078125,21.09786,29.402166
1099,12.779069767441861,1859.0,-32.2080078125,18.75877,19.536224
1100,12.790697674418604,1829.0,-62.2080078125,14.770087,9.428274
1101,12.802325581395348,1839.0,-52.2080078125,9.536978,-0.052519
1102,12.813953488372093,1791.0,-100.2080078125,3.470264,-8.514547
1103,12.825581395348838,1808.0,-83.2080078125,-2.881341,-15.649076
1104,12.837209302325581,1752.0,-139.2080078125,-9.082972,-21.571705
1105,12.848837209302326,1776.0,-115.2080078125,-14.630637,-26.208401
1106,12.86046511627907,1743.0,-148.2080078125,-19.179901,-29.669102
1107,12.872093023255813,1745.0,-146.2080078125,-22.386374,-31.781036
1108,12.88372093023256,1742.0,-149.2080078125,-23.971485,-32.388733
1109,12.895348837209303,1737.0,-154.2080078125,-23.725653,-31.271053
1110,12.906976744186046,1767.0,-124.2080078125,-21.496641,-28.266361
1111,12.918604651162791,1753.0,-138.2080078125,-17.353436,-23.46051
1112,12.930232558139535,1790.0,-101.2080078125,-11.4904,-17.003941
1113,12.941860465116278,1776.0,-115.2080078125,-4.401653,-9.395447
1114,12.953488372093023,1817.0,-74.2080078125,3.320438,-1.016182
1115,12.965116279069768,1804.0,-87.2080078125,10.881531,7.518526
1116,12.976744186046512,1835.0,-56.2080078125,17.609137,15.893511
1117,12.988372093023255,1827.0,-64.2080078125,22.886774,23.68969
1118,13.0,1826.0,-65.2080078125,26.325947,30.655142
1119,13.011627906976745,1831.0,-60.2080078125,27.706293,36.383194
1120,13.023255813953488,1808.0,-83.2080078125,26.923792,40.339584
1121,13.034883720930234,1818.0,-73.2080078125,24.054182,41.946266
1122,13.046511627906977,1785.0,-106.2080078125,19.201448,40.513527
1123,13.05813953488372,1795.0,-96.2080078125,12.685329,35.697018
1124,13.069767441860465,1766.0,-125.2080078125,4.886875,27.323601
1125,13.08139534883721,1776.0,-115.2080078125,-3.583974,15.865628
1126,13.093023255813954,1751.0,-140.2080078125,-12.063827,2.06216
1127,13.104651162790697,1758.0,-133.2080078125,-19.788643,-12.859513
1128,13.116279069767442,1753.0,-138.2080078125,-26.066771,-27.628696
1129,13.127906976744185,1765.0,-126.2080078125,-30.29014,-40.859741
1130,13.13953488372093,1775.0,-116.2080078125,-31.986719,-51.261059
1131,13.151162790697676,1762.0,-129.2080078125,-30.910418,-57.740044
1132,13.162790697674419,1791.0,-100.2080078125,-26.968451,-59.335716
1133,13.174418604651162,1778.0,-113.2080078125,-20.403612,-55.580017
1134,13.186046511627907,1805.0,-86.2080078125,-11.710634,-46.363625
1135,13.19767441860465,1790.0,-101.2080078125,-1.765602,-32.376724
1136,13.209302325581396,1818.0,-73.2080078125,8.40065,-14.788803
1137,13.22093023255814,1808.0,-83.2080078125,17.64715,4.567267
1138,13.232558139534884,1827.0,-64.2080078125,25.064657,23.775433
1139,13.244186046511627,1809.0,-82.2080078125,30.051367,40.933182
1140,13.25581395348837,1810.0,-81.2080078125,32.475704,54.594341
1141,13.267441860465116,1813.0,-78.2080078125,32.523277,63.788795
1142,13.279069767441861,1799.0,-92.2080078125,30.485102,67.920189
1143,13.290697674418604,1807.0,-84.2080078125,26.599478,66.749512
1144,13.30232558139535,1792.0,-99.2080078125,20.862268,60.066322
1145,13.313953488372093,1794.0,-97.2080078125,13.206202,47.977005
1146,13.325581395348836,1791.0,-100.2080078125,3.630628,30.794395
1147,13.337209302325583,1785.0,-106.2080078125,-7.445697,9.57837
1148,13.348837209302326,1792.0,-99.2080078125,-19.069429,-13.889238
1149,13.36046511627907,1790.0,-101.2080078125,-29.812225,-37.104992
1150,13.372093023255815,1805.0,-86.2080078125,-38.042984,-57.188454
1151,13.383720930232558,1795.0,-96.2080078125,-42.397758,-71.527878
1152,13.395348837209301,1806.0,-85.2080078125,-42.087002,-78.216423
1153,13.406976744186046,1801.0,-90.2080078125,-37.151196,-76.579666
1154,13.418604651162791,1808.0,-83.2080078125,-28.330221,-67.083221
1155,13.430232558139535,1808.0,-83.2080078125,-16.847536,-51.222717
1156,13.441860465116278,1797.0,-94.2080078125,-4.019314,-30.978609
1157,13.453488372093023,1808.0,-83.2080078125,8.948484,-8.50584
1158,13.465116279069768,1808.0,-83.2080078125,21.062733,14.179885
1159,13.476744186046512,1808.0,-83.2080078125,31.444393,35.218765
1160,13.488372093023257,1803.0,-88.2080078125,39.283844,52.912937
1161,13.5,1805.0,-86.2080078125,43.760288,65.688683
1162,13.511627906976743,1807.0,-84.2080078125,44.188122,72.204758
1163,13.523255813953488,1804.0,-87.2080078125,40.195351,71.596481
1164,13.534883720930234,1807.0,-84.2080078125,31.946432,63.722511
1165,13.546511627906977,1803.0,-88.2080078125,20.234882,49.372818
1166,13.55813953488372,1808.0,-83.2080078125,6.388761,30.204878
1167,13.569767441860465,1807.0,-84.2080078125,-7.946643,8.538552
1168,13.581395348837209,1808.0,-83.2080078125,-21.171995,-13.078808
1169,13.593023255813954,1811.0,-80.2080078125,-31.907551,-32.241341
1170,13.604651162790699,1810.0,-81.2080078125,-39.236771,-47.084961
1171,13.616279069767442,1809.0,-82.2080078125,-42.627674,-56.372734
1172,13.627906976744185,1803.0,-88.2080078125,-41.958595,-59.59787
1173,13.63953488372093,1808.0,-83.2080078125,-37.382504,-56.845947
1174,13.651162790697674,1793.0,-98.2080078125,-29.350025,-48.751396
1175,13.662790697674419,1795.0,-96.2080078125,-18.596737,-36.363655
1176,13.674418604651164,1782.0,-109.2080078125,-6.130084,-21.094713
1177,13.686046511627907,1791.0,-100.2080078125,6.805336,-4.58705
1178,13.69767441860465,1777.0,-114.2080078125,18.870855,11.39987
1179,13.709302325581394,1778.0,-113.2080078125,28.794783,25.207514
1180,13.72093023255814,1776.0,-115.2080078125,35.595493,35.488163
1181,13.732558139534884,1777.0,-114.2080078125,38.631397,41.318874
1182,13.744186046511627,1783.0,-108.2080078125,37.726917,42.372871
1183,13.755813953488373,1790.0,-101.2080078125,33.086529,38.86142
1184,13.767441860465116,1798.0,-93.2080078125,25.309235,31.559128
1185,13.77906976744186,1790.0,-101.2080078125,15.28933,21.608494
1186,13.790697674418606,1806.0,-85.2080078125,4.153622,10.416012
1187,13.80232558139535,1811.0,-80.2080078125,-6.824246,-0.582781
1188,13.813953488372093,1815.0,-76.2080078125,-16.437111,-10.116654
1189,13.825581395348838,1808.0,-83.2080078125,-23.647667,-17.232342
1190,13.837209302325581,1811.0,-80.2080078125,-27.851543,-21.450535
1191,13.848837209302324,1812.0,-79.2080078125,-28.860386,-22.697258
1192,13.86046511627907,1808.0,-83.2080078125,-27.005266,-21.337116
1193,13.872093023255815,1811.0,-80.2080078125,-22.866795,-17.896341
1194,13.883720930232558,1803.0,-88.2080078125,-17.213854,-13.080074
1195,13.895348837209301,1806.0,-85.2080078125,-10.708265,-7.493058
1196,13.906976744186046,1807.0,-84.2080078125,-3.906687,-1.78711
1197,13.918604651162791,1801.0,-90.2080078125,2.768084,3.465354
1198,13.930232558139535,1791.0,-100.2080078125,8.961016,7.688138
1199,13.94186046511628,1793.0,-98.2080078125,14.261969,10.388256
1200,13.953488372093023,1792.0,-99.2080078125,18.245483,11.221987
1201,13.965116279069766,1788.0,-103.2080078125,20.45153,10.082239
1202,13.976744186046512,1791.0,-100.2080078125,20.592466,7.221169
1203,13.988372093023257,1791.0,-100.2080078125,18.550547,3.129422
1204,14.0,1793.0,-98.2080078125,14.574312,-1.400883
1205,14.011627906976743,1790.0,-101.2080078125,9.157645,-5.593398
1206,14.023255813953488,1797.0,-94.2080078125,3.042849,-8.690435
1207,14.034883720930232,1793.0,-98.2080078125,-2.969397,-10.201174
1208,14.046511627906977,1803.0,-88.2080078125,-8.109616,-9.83727
1209,14.058139534883722,1795.0,-96.2080078125,-11.744863,-7.588838
1210,14.069767441860465,1801.0,-90.2080078125,-13.490422,-3.682429
1211,14.081395348837209,1801.0,-90.2080078125,-13.215184,1.441676
1212,14.093023255813954,1804.0,-87.2080078125,-11.146575,7.085975
1213,14.104651162790697,1801.0,-90.2080078125,-7.765088,12.43025
1214,14.116279069767442,1797.0,-94.2080078125,-3.830367,16.502392
1215,14.127906976744187,1804.0,-87.2080078125,-0.089397,18.53688
1216,14.13953488372093,1802.0,-89.2080078125,2.788753,18.017324
1217,14.151162790697674,1803.0,-88.2080078125,4.457667,14.95034
1218,14.162790697674417,1802.0,-89.2080078125,4.921666,9.802114
1219,14.174418604651164,1803.0,-88.2080078125,4.467032,3.407074
1220,14.186046511627907,1797.0,-94.2080078125,3.554316,-3.254112
1221,14.19767441860465,1799.0,-92.2080078125,2.538371,-9.345055
1222,14.209302325581396,1790.0,-101.2080078125,1.640998,-14.265746
1223,14.220930232558139,1792.0,-99.2080078125,0.800225,-17.77984
1224,14.232558139534882,1789.0,-102.2080078125,-0.112621,-19.830833
1225,14.24418604651163,1793.0,-98.2080078125,-1.231895,-20.478323
1226,14.255813953488373,1778.0,-113.2080078125,-2.492955,-19.710598
1227,14.267441860465116,1782.0,-109.2080078125,-3.581647,-17.433462
1228,14.279069767441861,1780.0,-111.2080078125,-4.089722,-13.574434
1229,14.290697674418604,1781.0,-110.2080078125,-3.606423,-8.174295
1230,14.30232558139535,1789.0,-102.2080078125,-2.006368,-1.547058
1231,14.313953488372093,1782.0,-109.2080078125,0.553783,5.730679
1232,14.325581395348838,1798.0,-93.2080078125,3.548274,12.864253
1233,14.337209302325581,1792.0,-99.2080078125,6.35871,19.027718
1234,14.348837209302324,1809.0,-82.2080078125,8.334305,23.486208
1235,14.36046511627907,1808.0,-83.2080078125,9.108515,25.785063
1236,14.372093023255815,1814.0,-77.2080078125,8.557975,25.755516
1237,14.383720930232558,1811.0,-80.2080078125,6.827777,23.475395
1238,14.395348837209303,1812.0,-79.2080078125,4.215647,19.227932
1239,14.406976744186046,1816.0,-75.2080078125,1.025667,13.385482
1240,14.41860465116279,1807.0,-84.2080078125,-2.413438,6.409225
1241,14.430232558139535,1811.0,-80.2080078125,-5.829751,-1.156249
1242,14.44186046511628,1797.0,-94.2080078125,-8.856648,-8.671768
1243,14.453488372093023,1798.0,-93.2080078125,-11.106102,-15.404305
1244,14.465116279069768,1777.0,-114.2080078125,-12.108835,-20.628288
1245,14.476744186046512,1785.0,-106.2080078125,-11.524964,-23.730949
1246,14.488372093023255,1771.0,-120.2080078125,-9.249543,-24.424541
1247,14.5,1775.0,-116.2080078125,-5.553442,-22.810539
1248,14.511627906976745,1776.0,-115.2080078125,-1.090274,-19.429291
1249,14.523255813953488,1775.0,-116.2080078125,3.296332,-15.066334
1250,14.534883720930232,1778.0,-113.2080078125,6.761668,-10.526774
1251,14.546511627906977,1774.0,-117.2080078125,8.803458,-6.35562
1252,14.55813953488372,1792.0,-99.2080078125,9.324077,-2.655579
1253,14.569767441860465,1787.0,-104.2080078125,8.675216,0.84265
1254,14.58139534883721,1808.0,-83.2080078125,7.426199,4.678936
1255,14.593023255813954,1799.0,-92.2080078125,6.134365,9.237772
1256,14.604651162790697,1810.0,-81.2080078125,5.099113,14.566388
1257,14.616279069767442,1813.0,-78.2080078125,4.300379,20.155304
1258,14.627906976744187,1811.0,-80.2080078125,3.453563,25.080544
1259,14.63953488372093,1808.0,-83.2080078125,2.241279,28.266808
1260,14.651162790697674,1803.0,-88.2080078125,0.515962,28.838396
1261,14.662790697674419,1808.0,-83.2080078125,-1.64244,26.402273
1262,14.674418604651162,1789.0,-102.2080078125,-3.876877,21.132584
1263,14.686046511627906,1793.0,-98.2080078125,-5.754375,13.736425
1264,14.697674418604652,1776.0,-115.2080078125,-6.892375,5.118371
1265,14.709302325581396,1782.0,-109.2080078125,-7.142175,-3.77684
1266,14.720930232558139,1774.0,-117.2080078125,-6.555085,-12.237288
1267,14.732558139534884,1775.0,-116.2080078125,-5.37645,-19.761396
1268,14.744186046511627,1770.0,-121.2080078125,-3.86977,-26.023346
1269,14.755813953488373,1767.0,-124.2080078125,-2.297263,-30.754976
1270,14.767441860465118,1774.0,-117.2080078125,-0.831933,-33.631981
1271,14.779069767441861,1769.0,-122.2080078125,0.415304,-34.322205
1272,14.790697674418604,1779.0,-112.2080078125,1.36547,-32.474945
1273,14.802325581395348,1776.0,-115.2080078125,1.988503,-27.940752
1274,14.813953488372093,1787.0,-104.2080078125,2.302022,-20.731916
1275,14.825581395348838,1782.0,-109.2080078125,2.397384,-11.221983
1276,14.837209302325581,1793.0,-98.2080078125,2.459368,0.013046
1277,14.848837209302326,1787.0,-104.2080078125,2.65517,12.058068
1278,14.86046511627907,1797.0,-94.2080078125,3.12665,23.880499
1279,14.872093023255813,1798.0,-93.2080078125,3.846089,34.300961
1280,14.88372093023256,1781.0,-110.2080078125,4.665761,42.197491
1281,14.895348837209303,1792.0,-99.2080078125,5.348051,46.649632
1282,14.906976744186046,1789.0,-102.2080078125,5.654877,46.994041
1283,14.918604651162791,1781.0,-110.2080078125,5.423902,43.028858
1284,14.930232558139535,1783.0,-108.2080078125,4.635548,34.951752
1285,14.941860465116278,1787.0,-104.2080078125,3.349606,23.441942
1286,14.953488372093023,1786.0,-105.2080078125,1.613329,9.40828
1287,14.965116279069768,1785.0,-106.2080078125,-0.522092,-5.929221
1288,14.976744186046512,1789.0,-102.2080078125,-3.013801,-21.256447
1289,14.988372093023255,1783.0,-108.2080078125,-5.758778,-35.179687
1290,15.0,1783.0,-108.2080078125,-8.505972,-46.338089
1291,15.011627906976745,1787.0,-104.2080078125,-10.835912,-53.503098
1292,15.023255813953488,1793.0,-98.2080078125,-12.236902,-55.74398
1293,15.034883720930234,1791.0,-100.2080078125,-12.273486,-52.633209
1294,15.046511627906977,1797.0,-94.2080078125,-10.71326,-44.300396
1295,15.05813953488372,1793.0,-98.2080078125,-7.666247,-31.534218
1296,15.069767441860465,1805.0,-86.2080078125,-3.511655,-15.569715
1297,15.08139534883721,1799.0,-92.2080078125,1.167256,1.969478
1298,15.093023255813954,1811.0,-80.2080078125,5.801651,19.433523
1299,15.104651162790697,1812.0,-79.2080078125,9.917449,35.214748
1300,15.116279069767442,1821.0,-70.2080078125,13.195286,47.929119
1301,15.127906976744185,1810.0,-81.2080078125,15.397187,56.390945
1302,15.139534883720929,1807.0,-84.2080078125,16.322451,59.727303
1303,15.151162790697676,1814.0,-77.2080078125,15.795134,57.441399
1304,15.162790697674419,1802.0,-89.2080078125,13.645559,49.479691
1305,15.174418604651162,1807.0,-84.2080078125,9.915835,36.460922
1306,15.186046511627907,1789.0,-102.2080078125,4.858405,19.61092
1307,15.19767441860465,1793.0,-98.2080078125,-0.925516,0.789512
1308,15.209302325581396,1782.0,-109.2080078125,-6.698234,-17.91609
1309,15.22093023255814,1786.0,-105.2080078125,-11.675928,-34.41214
1310,15.232558139534884,1775.0,-116.2080078125,-15.271359,-47.039219
1311,15.244186046511627,1780.0,-111.2080078125,-17.160307,-54.68261
1312,15.25581395348837,1789.0,-102.2080078125,-17.309771,-56.906128
1313,15.267441860465116,1782.0,-109.2080078125,-15.893546,-53.791267
1314,15.279069767441861,1787.0,-104.2080078125,-13.12534,-45.832882
1315,15.290697674418604,1786.0,-105.2080078125,-9.256548,-33.812611
1316,15.30232558139535,1800.0,-91.2080078125,-4.497797,-18.751862
1317,15.313953488372093,1786.0,-105.2080078125,0.838561,-1.972199
1318,15.325581395348836,1792.0,-99.2080078125,6.343381,14.983042
1319,15.337209302325583,1801.0,-90.2080078125,11.422887,30.349171
1320,15.348837209302326,1805.0,-86.2080078125,15.403124,42.437828
1321,15.36046511627907,1807.0,-84.2080078125,17.683331,49.833748
1322,15.372093023255815,1806.0,-85.2080078125,17.890139,51.770439
1323,15.383720930232558,1808.0,-83.2080078125,16.018957,48.196312
1324,15.395348837209301,1805.0,-86.2080078125,12.408845,39.836807
1325,15.406976744186046,1807.0,-84.2080078125,7.68743,27.950397
1326,15.418604651162791,1796.0,-95.2080078125,2.583253,14.112852
1327,15.430232558139535,1798.0,-93.2080078125,-2.224058,-0.09085
1328,15.441860465116278,1791.0,-100.2080078125,-6.275342,-13.297407
1329,15.453488372093023,1792.0,-99.2080078125,-9.327035,-24.391928
1330,15.465116279069768,1787.0,-104.2080078125,-11.347478,-32.601437
1331,15.476744186046512,1787.0,-104.2080078125,-12.41674,-37.364365
1332,15.488372093023257,1787.0,-104.2080078125,-12.622607,-38.424995
1333,15.5,1786.0,-105.2080078125,-11.99876,-35.750267
1334,15.511627906976743,1790.0,-101.2080078125,-10.502058,-29.678753
1335,15.523255813953488,1791.0,-100.2080078125,-8.09163,-20.877216
1336,15.534883720930234,1795.0,-96.2080078125,-4.785814,-10.374615
1337,15.546511627906977,1798.0,-93.2080078125,-0.792581,0.567972
1338,15.55813953488372,1808.0,-83.2080078125,3.497893,10.647757
1339,15.569767441860465,1799.0,-92.2080078125,7.484595,18.659576
1340,15.581395348837209,1804.0,-87.2080078125,10.558197,23.814489
1341,15.593023255813954,1803.0,-88.2080078125,12.211759,25.723457
1342,15.604651162790699,1792.0,-99.2080078125,12.219348,24.573738
1343,15.616279069767442,1788.0,-103.2080078125,10.717997,20.932198
1344,15.627906976744185,1781.0,-110.2080078125,8.146261,15.707944
1345,15.63953488372093,1795.0,-96.2080078125,5.148318,9.863309
1346,15.651162790697674,1767.0,-124.2080078125,2.295732,4.2697
1347,15.662790697674417,1776.0,-115.2080078125,0.025759,-0.424475
1348,15.674418604651162,1769.0,-122.2080078125,-1.552347,-3.88963
1349,15.686046511627906,1764.0,-127.2080078125,-2.576394,-6.075809
1350,15.697674418604652,1762.0,-129.2080078125,-3.34452,-7.195585
1351,15.709302325581396,1765.0,-126.2080078125,-4.134189,-7.51271
1352,15.72093023255814,1770.0,-121.2080078125,-5.102308,-7.369527
1353,15.732558139534884,1766.0,-125.2080078125,-6.201107,-6.965932
1354,15.744186046511627,1776.0,-115.2080078125,-7.197816,-6.4625
1355,15.755813953488373,1769.0,-122.2080078125,-7.77724,-5.872215
1356,15.767441860465116,1790.0,-101.2080078125,-7.649873,-5.221201
1357,15.77906976744186,1781.0,-110.2080078125,-6.672882,-4.51112
1358,15.790697674418604,1799.0,-92.2080078125,-4.833192,-3.770812
1359,15.802325581395348,1791.0,-100.2080078125,-2.309523,-3.05364
1360,15.813953488372091,1806.0,-85.2080078125,0.669448,-2.314119
1361,15.82558139534884,1802.0,-89.2080078125,3.776213,-1.542319
1362,15.837209302325583,1808.0,-83.2080078125,6.737957,-0.564665
1363,15.848837209302326,1808.0,-83.2080078125,9.254568,0.678069
1364,15.86046511627907,1795.0,-96.2080078125,11.060331,2.250824
1365,15.872093023255815,1806.0,-85.2080078125,11.901217,3.997216
1366,15.883720930232558,1791.0,-100.2080078125,11.521896,5.642113
1367,15.895348837209301,1794.0,-97.2080078125,9.776253,6.803004
1368,15.906976744186046,1779.0,-112.2080078125,6.674531,7.168501
1369,15.91860465116279,1787.0,-104.2080078125,2.531656,6.669122
1370,15.930232558139533,1776.0,-115.2080078125,-2.104243,5.461399
1371,15.941860465116278,1777.0,-114.2080078125,-6.443653,4.00845
1372,15.953488372093025,1772.0,-119.2080078125,-9.723061,2.748617
1373,15.965116279069768,1775.0,-116.2080078125,-11.366355,2.049371
1374,15.976744186046513,1774.0,-117.2080078125,-11.25348,1.840697
1375,15.988372093023257,1771.0,-120.2080078125,-9.686709,1.794846
1376,16.0,1774.0,-117.2080078125,-7.32448,1.327996
1377,16.011627906976745,1771.0,-120.2080078125,-4.888669,-0.007554
1378,16.023255813953487,1776.0,-115.2080078125,-2.86969,-2.313408
1379,16.03488372093023,1775.0,-116.2080078125,-1.366074,-5.21323
1380,16.046511627906977,1787.0,-104.2080078125,-0.063391,-7.919132
1381,16.05813953488372,1782.0,-109.2080078125,1.492174,-9.589738
1382,16.069767441860463,1799.0,-92.2080078125,3.687464,-9.546623
1383,16.081395348837212,1790.0,-101.2080078125,6.459868,-7.731067
1384,16.093023255813954,1802.0,-89.2080078125,9.371754,-4.540261
1385,16.1046511627907,1795.0,-96.2080078125,11.63002,-0.851473
1386,16.116279069767444,1798.0,-93.2080078125,12.50117,2.464128
1387,16.127906976744185,1799.0,-92.2080078125,11.572911,4.747105
1388,16.13953488372093,1792.0,-99.2080078125,8.921177,5.773387
1389,16.151162790697676,1795.0,-96.2080078125,5.075253,5.721712
1390,16.162790697674417,1792.0,-99.2080078125,0.751781,4.958055
1391,16.174418604651162,1792.0,-99.2080078125,-3.373955,3.882422
1392,16.186046511627907,1785.0,-106.2080078125,-6.922721,2.680396
1393,16.19767441860465,1783.0,-108.2080078125,-9.736659,1.456635
1394,16.209302325581397,1787.0,-104.2080078125,-11.806118,0.221948
1395,16.220930232558143,1787.0,-104.2080078125,-13.037407,-0.877912
1396,16.232558139534884,1778.0,-113.2080078125,-13.198654,-1.602419
1397,16.24418604651163,1778.0,-113.2080078125,-11.947288,-1.619671
1398,16.25581395348837,1789.0,-102.2080078125,-9.06193,-0.74426
1399,16.267441860465116,1783.0,-108.2080078125,-4.681182,0.898325
1400,16.27906976744186,1793.0,-98.2080078125,0.663723,2.914608
1401,16.290697674418603,1793.0,-98.2080078125,6.06578,4.631063
1402,16.302325581395348,1810.0,-81.2080078125,10.578048,5.487488
1403,16.313953488372093,1807.0,-84.2080078125,13.438603,5.104578
1404,16.325581395348834,1825.0,-66.2080078125,14.382224,3.580303
1405,16.337209302325583,1819.0,-72.2080078125,13.563884,1.296969
1406,16.348837209302328,1829.0,-62.2080078125,11.509305,-1.155034
1407,16.36046511627907,1834.0,-57.2080078125,8.773607,-3.285662
1408,16.372093023255815,1825.0,-66.2080078125,5.777834,-4.846108
1409,16.38372093023256,1831.0,-60.2080078125,2.740578,-5.816232
1410,16.3953488372093,1810.0,-81.2080078125,-0.349421,-6.40566
1411,16.406976744186046,1820.0,-71.2080078125,-3.450201,-6.704101
1412,16.41860465116279,1801.0,-90.2080078125,-6.454468,-6.712101
1413,16.430232558139533,1795.0,-96.2080078125,-9.084279,-6.241763
1414,16.441860465116278,1791.0,-100.2080078125,-10.9852,-5.062593
1415,16.453488372093023,1798.0,-93.2080078125,-11.84894,-3.058526
1416,16.46511627906977,1786.0,-105.2080078125,-11.56664,-0.37494
1417,16.476744186046513,1787.0,-104.2080078125,-10.219594,2.609958
1418,16.48837209302326,1782.0,-109.2080078125,-8.043677,5.398324
1419,16.5,1783.0,-108.2080078125,-5.320845,7.552909
1420,16.511627906976745,1777.0,-114.2080078125,-2.28897,8.845928
1421,16.52325581395349,1782.0,-109.2080078125,0.90979,9.309245
1422,16.53488372093023,1803.0,-88.2080078125,4.176648,9.160501
1423,16.546511627906977,1798.0,-93.2080078125,7.320875,8.58896
1424,16.558139534883722,1808.0,-83.2080078125,10.085464,7.683486
1425,16.569767441860463,1806.0,-85.2080078125,12.078878,6.30968
1426,16.58139534883721,1827.0,-64.2080078125,12.94999,4.277762
1427,16.59302325581395,1821.0,-70.2080078125,12.410722,1.397746
1428,16.6046511627907,1829.0,-62.2080078125,10.46629,-2.226002
1429,16.616279069767444,1829.0,-62.2080078125,7.383069,-6.191831
1430,16.627906976744185,1831.0,-60.2080078125,3.69271,-9.78194
1431,16.63953488372093,1819.0,-72.2080078125,-0.000438,-12.254445
1432,16.651162790697676,1828.0,-63.2080078125,-3.135256,-12.994653
1433,16.662790697674417,1831.0,-60.2080078125,-5.362413,-11.795977
1434,16.674418604651162,1820.0,-71.2080078125,-6.64895,-8.942601
1435,16.686046511627907,1825.0,-66.2080078125,-7.172551,-5.07855
1436,16.69767441860465,1823.0,-68.2080078125,-7.30978,-1.079312
1437,16.709302325581394,1826.0,-65.2080078125,-7.393784,2.286348
1438,16.72093023255814,1825.0,-66.2080078125,-7.624783,4.519778
1439,16.732558139534884,1827.0,-64.2080078125,-7.928881,5.565171
1440,16.74418604651163,1822.0,-69.2080078125,-8.025685,5.690779
1441,16.755813953488374,1820.0,-71.2080078125,-7.496632,5.400308
1442,16.767441860465116,1816.0,-75.2080078125,-5.968356,5.169001
1443,16.77906976744186,1818.0,-73.2080078125,-3.317706,5.276317
1444,16.790697674418606,1812.0,-79.2080078125,0.242686,5.672431
1445,16.802325581395348,1812.0,-79.2080078125,4.180518,6.064832
1446,16.813953488372093,1807.0,-84.2080078125,7.819472,6.057915
1447,16.825581395348838,1808.0,-83.2080078125,10.50783,5.316739
1448,16.83720930232558,1803.0,-88.2080078125,11.852633,3.740021
1449,16.848837209302324,1808.0,-83.2080078125,11.838772,1.526329
1450,16.86046511627907,1807.0,-84.2080078125,10.758278,-0.888674
1451,16.872093023255815,1805.0,-86.2080078125,9.067405,-3.013563
1452,16.88372093023256,1809.0,-82.2080078125,7.178059,-4.425552
1453,16.8953488372093,1809.0,-82.2080078125,5.300938,-4.963459
1454,16.906976744186046,1814.0,-77.2080078125,3.408879,-4.711325
1455,16.91860465116279,1813.0,-78.2080078125,1.328944,-3.976894
1456,16.930232558139533,1819.0,-72.2080078125,-1.116214,-3.144778
1457,16.941860465116278,1818.0,-73.2080078125,-3.950972,-2.552393
1458,16.953488372093023,1825.0,-66.2080078125,-6.99458,-2.390284
1459,16.965116279069765,1825.0,-66.2080078125,-9.903444,-2.673679
1460,16.97674418604651,1824.0,-67.2080078125,-12.28108,-3.279776
1461,16.98837209302326,1828.0,-63.2080078125,-13.774459,-3.960946
1462,17.0,1824.0,-67.2080078125,-14.144818,-4.430629
1463,17.011627906976745,1824.0,-67.2080078125,-13.248249,-4.362456
1464,17.02325581395349,1818.0,-73.2080078125,-11.011135,-3.478803
1465,17.03488372093023,1823.0,-68.2080078125,-7.422919,-1.592279
1466,17.046511627906977,1810.0,-81.2080078125,-2.622573,1.262503
1467,17.058139534883722,1815.0,-76.2080078125,3.04211,4.793076
1468,17.069767441860463,1810.0,-81.2080078125,8.928439,8.448312
1469,17.08139534883721,1810.0,-81.2080078125,14.132601,11.468854
1470,17.093023255813954,1811.0,-80.2080078125,17.70191,13.153572
1471,17.104651162790695,1809.0,-82.2080078125,18.908596,13.024696
1472,17.116279069767444,1819.0,-72.2080078125,17.514452,11.0444
1473,17.12790697674419,1813.0,-78.2080078125,13.883408,7.599401
1474,17.13953488372093,1830.0,-61.2080078125,8.907701,3.43167
1475,17.151162790697676,1823.0,-68.2080078125,3.710101,-0.621972
1476,17.16279069767442,1834.0,-57.2080078125,-0.776698,-3.936933
1477,17.174418604651162,1833.0,-58.2080078125,-4.066076,-6.225425
1478,17.186046511627907,1834.0,-57.2080078125,-6.219364,-7.608415
1479,17.19767441860465,1830.0,-61.2080078125,-7.689721,-8.4167
1480,17.209302325581394,1839.0,-52.2080078125,-8.98421,-9.028086
1481,17.22093023255814,1839.0,-52.2080078125,-10.365621,-9.605383
1482,17.23255813953488,1840.0,-51.2080078125,-11.654264,-10.044673
1483,17.24418604651163,1835.0,-56.2080078125,-12.32735,-9.982418
1484,17.255813953488374,1838.0,-53.2080078125,-11.725532,-8.980332
1485,17.267441860465116,1837.0,-54.2080078125,-9.454973,-6.753341
1486,17.27906976744186,1836.0,-55.2080078125,-5.544536,-3.299969
1487,17.290697674418606,1827.0,-64.2080078125,-0.584504,1.00508
1488,17.302325581395348,1824.0,-67.2080078125,4.526561,5.545196
1489,17.313953488372093,1825.0,-66.2080078125,8.786742,9.547854
1490,17.325581395348838,1831.0,-60.2080078125,11.45155,12.361272
1491,17.33720930232558,1826.0,-65.2080078125,12.162592,13.521197
1492,17.348837209302324,1836.0,-55.2080078125,11.04307,12.953499
1493,17.36046511627907,1834.0,-57.2080078125,8.550846,10.880879
1494,17.372093023255815,1840.0,-51.2080078125,5.307736,7.802377
1495,17.38372093023256,1833.0,-58.2080078125,1.966659,4.338141
1496,17.395348837209305,1837.0,-54.2080078125,-0.940184,1.093279
1497,17.406976744186046,1836.0,-55.2080078125,-3.031851,-1.475211
1498,17.41860465116279,1838.0,-53.2080078125,-4.132116,-3.153534
1499,17.430232558139537,1835.0,-56.2080078125,-4.217563,-3.94923
1500,17.441860465116278,1835.0,-56.2080078125,-3.445287,-4.093058
1501,17.453488372093023,1838.0,-53.2080078125,-2.09753,-3.89316
1502,17.46511627906977,1834.0,-57.2080078125,-0.558153,-3.70603
1503,17.47674418604651,1835.0,-56.2080078125,0.800275,-3.770277
1504,17.488372093023255,1830.0,-61.2080078125,1.677573,-4.213641
1505,17.5,1835.0,-56.2080078125,1.92801,-4.974831
1506,17.511627906976745,1830.0,-61.2080078125,1.572897,-5.868024
1507,17.52325581395349,1833.0,-58.2080078125,0.779503,-6.587663
1508,17.53488372093023,1835.0,-56.2080078125,-0.2095,-6.791754
1509,17.546511627906977,1831.0,-60.2080078125,-1.179134,-6.205957
1510,17.558139534883722,1840.0,-51.2080078125,-1.9547,-4.653636
1511,17.569767441860463,1838.0,-53.2080078125,-2.506678,-2.219889
1512,17.58139534883721,1840.0,-51.2080078125,-2.841161,0.866272
1513,17.593023255813954,1841.0,-50.2080078125,-3.033411,4.139195
1514,17.604651162790695,1831.0,-60.2080078125,-3.113532,7.13753
1515,17.61627906976744,1841.0,-50.2080078125,-3.049332,9.43947
1516,17.62790697674419,1838.0,-53.2080078125,-2.760371,10.833374
1517,17.63953488372093,1841.0,-50.2080078125,-2.11691,11.294331
1518,17.651162790697676,1842.0,-49.2080078125,-1.034988,10.963281
1519,17.66279069767442,1843.0,-48.2080078125,0.49438,9.99918
1520,17.674418604651162,1842.0,-49.2080078125,2.347295,8.503859
1521,17.686046511627907,1842.0,-49.2080078125,4.288302,6.467295
1522,17.697674418604652,1840.0,-51.2080078125,6.001243,3.812389
1523,17.709302325581394,1843.0,-48.2080078125,7.184815,0.523963
1524,17.72093023255814,1840.0,-51.2080078125,7.627235,-3.272645
1525,17.732558139534884,1840.0,-51.2080078125,7.260203,-7.22096
1526,17.744186046511626,1835.0,-56.2080078125,6.122161,-10.887959
1527,17.755813953488374,1839.0,-52.2080078125,4.338825,-13.779701
1528,17.76744186046512,1842.0,-49.2080078125,2.074289,-15.553045
1529,17.77906976744186,1837.0,-54.2080078125,-0.534756,-16.064787
1530,17.790697674418606,1839.0,-52.2080078125,-3.299275,-15.277731
1531,17.802325581395348,1838.0,-53.2080078125,-5.983195,-13.261824
1532,17.813953488372093,1841.0,-50.2080078125,-8.214087,-9.977677
1533,17.825581395348838,1837.0,-54.2080078125,-9.585311,-5.464645
1534,17.83720930232558,1838.0,-53.2080078125,-9.693424,0.231817
1535,17.848837209302324,1838.0,-53.2080078125,-8.373931,6.723777
1536,17.86046511627907,1840.0,-51.2080078125,-5.782922,13.33386
1537,17.87209302325581,1839.0,-52.2080078125,-2.428793,19.056164
1538,17.883720930232556,1835.0,-56.2080078125,0.936802,22.839249
1539,17.895348837209305,1840.0,-51.2080078125,3.62748,23.931782
1540,17.906976744186046,1841.0,-50.2080078125,5.195085,22.087456
1541,17.91860465116279,1841.0,-50.2080078125,5.677045,17.778034
1542,17.930232558139537,1850.0,-41.2080078125,5.482982,11.909338
1543,17.941860465116278,1845.0,-46.2080078125,5.17567,5.566446
1544,17.953488372093023,1855.0,-36.2080078125,5.181054,-0.434877
1545,17.96511627906977,1858.0,-33.2080078125,5.537745,-5.703701
1546,17.97674418604651,1863.0,-28.2080078125,5.834577,-10.380504
1547,17.988372093023255,1858.0,-33.2080078125,5.430091,-14.757435
1548,18.0,1867.0,-24.2080078125,3.805,-19.00292
1549,18.01162790697674,1861.0,-30.2080078125,0.871814,-22.841343
1550,18.02325581395349,1869.0,-22.2080078125,-2.864478,-25.500273
1551,18.034883720930235,1868.0,-23.2080078125,-6.465262,-25.998247
1552,18.046511627906977,1870.0,-21.2080078125,-8.856825,-23.44492
1553,18.058139534883722,1870.0,-21.2080078125,-9.33088,-17.596813
1554,18.069767441860467,1867.0,-24.2080078125,-7.792972,-8.912038
1555,18.08139534883721,1867.0,-24.2080078125,-4.831906,1.341718
1556,18.093023255813954,1859.0,-32.2080078125,-1.421304,11.611315
1557,18.104651162790695,1870.0,-21.2080078125,1.45075,20.342953
1558,18.11627906976744,1853.0,-38.2080078125,3.154697,26.4622
1559,18.127906976744185,1856.0,-35.2080078125,3.649295,29.52692
1560,18.139534883720927,1845.0,-46.2080078125,3.356824,29.682693
1561,18.151162790697676,1850.0,-41.2080078125,2.88221,27.416561
1562,18.16279069767442,1843.0,-48.2080078125,2.678717,23.260975
1563,18.174418604651162,1847.0,-44.2080078125,2.852591,17.686722
1564,18.186046511627907,1845.0,-46.2080078125,3.105015,10.907507
1565,18.197674418604652,1845.0,-46.2080078125,2.991476,3.184671
1566,18.209302325581394,1854.0,-37.2080078125,2.184938,-5.161581
1567,18.22093023255814,1849.0,-42.2080078125,0.688652,-13.508808
1568,18.232558139534884,1856.0,-35.2080078125,-1.103776,-21.03767
1569,18.244186046511626,1855.0,-36.2080078125,-2.593961,-26.798826
1570,18.25581395348837,1857.0,-34.2080078125,-3.251029,-30.004747
1571,18.267441860465116,1862.0,-29.2080078125,-2.864008,-30.220215
1572,18.27906976744186,1858.0,-33.2080078125,-1.662012,-27.48081
1573,18.290697674418606,1857.0,-34.2080078125,-0.183352,-22.271324
1574,18.30232558139535,1866.0,-25.2080078125,0.947555,-15.319085
1575,18.313953488372093,1857.0,-34.2080078125,1.292251,-7.491176
1576,18.325581395348838,1864.0,-27.2080078125,0.806671,0.524016
1577,18.337209302325583,1862.0,-29.2080078125,-0.184967,8.168043
1578,18.348837209302324,1868.0,-23.2080078125,-1.151571,15.099947
1579,18.36046511627907,1865.0,-26.2080078125,-1.611213,21.019201
1580,18.372093023255815,1870.0,-21.2080078125,-1.339108,25.636011
1581,18.383720930232556,1867.0,-24.2080078125,-0.475348,28.567282
1582,18.3953488372093,1872.0,-19.2080078125,0.592331,29.401098
1583,18.406976744186046,1870.0,-21.2080078125,1.390145,27.810469
1584,18.41860465116279,1870.0,-21.2080078125,1.603362,23.651207
1585,18.430232558139537,1871.0,-20.2080078125,1.182916,17.125219
1586,18.441860465116278,1870.0,-21.2080078125,0.359342,8.738711
1587,18.453488372093023,1865.0,-26.2080078125,-0.500438,-0.694374
1588,18.46511627906977,1851.0,-40.2080078125,-1.04722,-10.232305
1589,18.47674418604651,1858.0,-33.2080078125,-1.081357,-18.872635
1590,18.488372093023255,1837.0,-54.2080078125,-0.655848,-25.785627
1591,18.5,1841.0,-50.2080078125,0.065919,-30.292627
1592,18.51162790697674,1819.0,-72.2080078125,0.832244,-32.004131
1593,18.523255813953487,1824.0,-67.2080078125,1.497938,-30.75905
1594,18.534883720930235,1802.0,-89.2080078125,1.97386,-26.675329
1595,18.546511627906977,1808.0,-83.2080078125,2.30775,-20.095612
1596,18.558139534883722,1803.0,-88.2080078125,2.495729,-11.610258
1597,18.569767441860467,1802.0,-89.2080078125,2.504258,-2.035374
1598,18.58139534883721,1810.0,-81.2080078125,2.225579,7.712915
1599,18.593023255813954,1813.0,-78.2080078125,1.535251,16.640648
1600,18.6046511627907,1825.0,-66.2080078125,0.405396,23.876295
1601,18.61627906976744,1808.0,-83.2080078125,-1.070614,28.711744
1602,18.627906976744185,1843.0,-48.2080078125,-2.560304,30.807037
1603,18.63953488372093,1838.0,-53.2080078125,-3.744716,30.058456
1604,18.651162790697672,1857.0,-34.2080078125,-4.277082,26.700624
1605,18.66279069767442,1856.0,-35.2080078125,-4.048555,21.152678
1606,18.674418604651166,1862.0,-29.2080078125,-3.145063,13.962401
1607,18.686046511627907,1863.0,-28.2080078125,-1.868858,5.749496
1608,18.697674418604652,1851.0,-40.2080078125,-0.602148,-2.892032
1609,18.709302325581397,1859.0,-32.2080078125,0.350857,-11.313863
1610,18.72093023255814,1838.0,-53.2080078125,0.846321,-18.895893
1611,18.732558139534884,1843.0,-48.2080078125,0.981253,-24.942051
1612,18.744186046511626,1811.0,-80.2080078125,0.961643,-28.839241
1613,18.75581395348837,1823.0,-68.2080078125,1.07218,-30.040144
1614,18.767441860465116,1801.0,-90.2080078125,1.461206,-28.260241
1615,18.779069767441857,1815.0,-76.2080078125,2.160997,-23.517515
1616,18.790697674418606,1798.0,-93.2080078125,2.99532,-16.268322
1617,18.80232558139535,1794.0,-97.2080078125,3.70448,-7.341566
1618,18.813953488372093,1808.0,-83.2080078125,4.020276,2.177358
1619,18.825581395348838,1807.0,-84.2080078125,3.726791,11.081013
1620,18.837209302325583,1836.0,-55.2080078125,2.787143,18.354111
1621,18.848837209302324,1808.0,-83.2080078125,1.24232,23.214556
1622,18.86046511627907,1861.0,-30.2080078125,-0.608538,25.448423
1623,18.872093023255815,1852.0,-39.2080078125,-2.488609,25.125349
1624,18.883720930232556,1888.0,-3.2080078125,-3.998879,22.713127
1625,18.8953488372093,1869.0,-22.2080078125,-4.867692,18.729643
1626,18.906976744186046,1881.0,-10.2080078125,-4.858662,13.739288
1627,18.91860465116279,1877.0,-14.2080078125,-3.93962,8.153141
1628,18.930232558139537,1866.0,-25.2080078125,-2.256012,2.271911
1629,18.94186046511628,1872.0,-19.2080078125,-0.112966,-3.629061
1630,18.953488372093023,1838.0,-53.2080078125,2.039947,-9.277363
1631,18.96511627906977,1851.0,-40.2080078125,3.81396,-14.21506
1632,18.976744186046513,1807.0,-84.2080078125,4.826991,-17.990866
1633,18.988372093023255,1819.0,-72.2080078125,4.943611,-20.084278
1634,19.0,1783.0,-108.2080078125,4.124095,-20.232971
1635,19.011627906976745,1793.0,-98.2080078125,2.567683,-18.371916
1636,19.023255813953487,1779.0,-112.2080078125,0.513681,-14.803994
1637,19.03488372093023,1776.0,-115.2080078125,-1.723557,-10.05941
1638,19.046511627906973,1791.0,-100.2080078125,-3.826882,-4.761973
1639,19.058139534883722,1783.0,-108.2080078125,-5.557779,0.433287
1640,19.069767441860467,1822.0,-69.2080078125,-6.664004,5.088416
1641,19.08139534883721,1807.0,-84.2080078125,-7.039399,8.81384
1642,19.093023255813954,1842.0,-49.2080078125,-6.573229,11.470076
1643,19.1046511627907,1837.0,-54.2080078125,-5.291163,12.935109
1644,19.11627906976744,1879.0,-12.2080078125,-3.256556,13.242498
1645,19.127906976744185,1868.0,-23.2080078125,-0.640475,12.438515
1646,19.13953488372093,1890.0,-1.2080078125,2.395334,10.778408
1647,19.151162790697672,1888.0,-3.2080078125,5.623209,8.578213
1648,19.162790697674417,1888.0,-3.2080078125,8.791399,6.260364
1649,19.174418604651162,1893.0,1.7919921875,11.584806,4.179074
1650,19.186046511627907,1871.0,-20.2080078125,13.584374,2.487003
1651,19.197674418604652,1874.0,-17.2080078125,14.361291,1.137541
1652,19.209302325581397,1843.0,-48.2080078125,13.482318,-0.161662
1653,19.22093023255814,1857.0,-34.2080078125,10.756547,-1.676325
1654,19.232558139534884,1827.0,-64.2080078125,6.234539,-3.624495
1655,19.24418604651163,1834.0,-57.2080078125,0.405745,-5.859838
1656,19.25581395348837,1818.0,-73.2080078125,-5.972823,-8.063187
1657,19.267441860465116,1821.0,-70.2080078125,-11.960739,-9.717596
1658,19.27906976744186,1825.0,-66.2080078125,-16.716799,-10.430329
1659,19.290697674418603,1820.0,-71.2080078125,-19.712275,-10.110651
1660,19.302325581395348,1834.0,-57.2080078125,-20.766613,-8.96478
1661,19.313953488372096,1831.0,-60.2080078125,-20.030266,-7.458132
1662,19.325581395348838,1869.0,-22.2080078125,-17.724066,-5.953876
1663,19.337209302325583,1853.0,-38.2080078125,-14.076863,-4.657789
1664,19.348837209302324,1886.0,-5.2080078125,-9.092416,-3.303621
1665,19.36046511627907,1873.0,-18.2080078125,-2.782546,-1.49094
1666,19.372093023255815,1902.0,10.7919921875,4.754548,1.250139
1667,19.383720930232556,1894.0,2.7919921875,12.989635,4.980597
1668,19.3953488372093,1903.0,11.7919921875,20.964264,9.31845
1669,19.406976744186046,1904.0,12.7919921875,27.391344,13.458538
1670,19.418604651162788,1903.0,11.7919921875,31.005667,16.438671
1671,19.430232558139533,1904.0,12.7919921875,30.964832,17.5466
1672,19.44186046511628,1890.0,-1.2080078125,27.152315,16.525978
1673,19.453488372093023,1899.0,7.7919921875,20.216291,13.705518
1674,19.46511627906977,1882.0,-9.2080078125,11.30438,9.695208
1675,19.476744186046513,1883.0,-8.2080078125,1.70355,5.187912
1676,19.488372093023255,1873.0,-18.2080078125,-7.576339,0.574142
1677,19.5,1877.0,-14.2080078125,-15.965618,-4.060759
1678,19.511627906976745,1871.0,-20.2080078125,-23.237331,-8.827877
1679,19.523255813953487,1867.0,-24.2080078125,-29.238457,-13.735044
1680,19.53488372093023,1871.0,-20.2080078125,-33.569809,-18.392467
1681,19.546511627906977,1869.0,-22.2080078125,-35.52256,-22.029276
1682,19.55813953488372,1875.0,-16.2080078125,-34.218407,-23.623899
1683,19.569767441860467,1872.0,-19.2080078125,-29.016882,-22.395924
1684,19.581395348837212,1877.0,-14.2080078125,-19.903719,-18.078728
1685,19.593023255813954,1876.0,-15.2080078125,-7.719969,-11.19356
1686,19.6046511627907,1879.0,-12.2080078125,5.92609,-2.855982
1687,19.616279069767444,1877.0,-14.2080078125,19.088554,5.54862
1688,19.627906976744185,1881.0,-10.2080078125,29.945072,12.81315
1689,19.63953488372093,1879.0,-12.2080078125,37.260983,18.234154
1690,19.651162790697676,1877.0,-14.2080078125,40.526604,21.623409
1691,19.662790697674417,1879.0,-12.2080078125,39.884834,23.210646
1692,19.674418604651162,1889.0,-2.2080078125,35.812641,23.22501
1693,19.686046511627904,1889.0,-2.2080078125,28.863005,21.784241
1694,19.697674418604652,1891.0,-0.2080078125,19.553526,18.750362
1695,19.709302325581397,1891.0,-0.2080078125,8.424788,13.98558
1696,19.72093023255814,1895.0,3.7919921875,-3.766562,7.539138
1697,19.732558139534884,1891.0,-0.2080078125,-15.98485,-0.146209
1698,19.74418604651163,1896.0,4.7919921875,-26.918968,-8.237749
1699,19.75581395348837,1899.0,7.7919921875,-35.260437,-15.71073
1700,19.767441860465116,1890.0,-1.2080078125,-40.009518,-21.609386
1701,19.77906976744186,1894.0,2.7919921875,-40.686462,-25.28035
1702,19.790697674418603,1873.0,-18.2080078125,-37.454201,-26.435749
1703,19.802325581395348,1882.0,-9.2080078125,-30.911846,-25.120251
1704,19.813953488372093,1863.0,-28.2080078125,-21.904842,-21.521019
1705,19.825581395348838,1872.0,-19.2080078125,-11.275004,-15.94413
1706,19.837209302325583,1870.0,-21.2080078125,0.193192,-8.757392
1707,19.848837209302328,1863.0,-28.2080078125,11.716245,-0.541082
1708,19.86046511627907,1849.0,-42.2080078125,22.416948,7.894689
1709,19.872093023255815,1851.0,-40.2080078125,31.272232,15.537149
1710,19.88372093023256,1853.0,-38.2080078125,37.21463,21.323744
1711,19.8953488372093,1850.0,-41.2080078125,39.365906,24.46323
1712,19.906976744186046,1861.0,-30.2080078125,37.358307,24.646093
1713,19.91860465116279,1859.0,-32.2080078125,31.458763,22.153757
1714,19.930232558139533,1880.0,-11.2080078125,22.588121,17.69903
1715,19.941860465116278,1872.0,-19.2080078125,12.026567,12.165186
1716,19.953488372093023,1890.0,-1.2080078125,1.153622,6.317452
1717,19.96511627906977,1882.0,-9.2080078125,-8.919073,0.622599
1718,19.976744186046513,1904.0,12.7919921875,-17.435036,-4.71275
1719,19.988372093023255,1902.0,10.7919921875,-23.975977,-9.575266
1720,20.0,1905.0,13.7919921875,-28.329004,-13.743692
1721,20.011627906976745,1904.0,12.7919921875,-30.302864,-16.798201
1722,20.023255813953487,1904.0,12.7919921875,-29.756197,-18.222473
1723,20.03488372093023,1904.0,12.7919921875,-26.609594,-17.623581
1724,20.046511627906977,1898.0,6.7919921875,-21.069004,-14.972471
1725,20.05813953488372,1904.0,12.7919921875,-13.644711,-10.697475
1726,20.069767441860463,1895.0,3.7919921875,-5.205052,-5.59154
1727,20.081395348837212,1899.0,7.7919921875,3.217777,-0.569507
1728,20.093023255813954,1892.0,0.7919921875,10.630682,3.624568
1729,20.1046511627907,1891.0,-0.2080078125,16.29858,6.621118
1730,20.116279069767444,1887.0,-4.2080078125,19.873619,8.438792
1731,20.127906976744185,1888.0,-3.2080078125,21.306293,9.312809
1732,20.13953488372093,1887.0,-4.2080078125,20.84948,9.536005
1733,20.151162790697676,1887.0,-4.2080078125,18.815819,9.257398
1734,20.162790697674417,1889.0,-2.2080078125,15.549858,8.446248
1735,20.174418604651162,1890.0,-1.2080078125,11.345373,6.986243
1736,20.186046511627907,1899.0,7.7919921875,6.512958,4.822314
1737,20.19767441860465,1893.0,1.7919921875,1.40902,2.079427
1738,20.209302325581397,1910.0,18.7919921875,-3.523267,-0.89533
1739,20.220930232558143,1906.0,14.7919921875,-7.779758,-3.613799
1740,20.232558139534884,1924.0,32.7919921875,-10.88756,-5.589688
1741,20.24418604651163,1915.0,23.7919921875,-12.491567,-6.482938
1742,20.255813953488374,1923.0,31.7919921875,-12.481787,-6.184569
1743,20.267441860465116,1931.0,39.7919921875,-10.968544,-4.797498
1744,20.27906976744186,1923.0,31.7919921875,-8.365591,-2.649206
1745,20.290697674418603,1929.0,37.7919921875,-5.180174,-0.112462
1746,20.302325581395348,1915.0,23.7919921875,-2.021601,2.347941
1747,20.313953488372093,1925.0,33.7919921875,0.600711,4.324663
1748,20.325581395348834,1898.0,6.7919921875,2.32621,5.446962
1749,20.33720930232558,1904.0,12.7919921875,3.025364,5.494164
1750,20.348837209302328,1881.0,-10.2080078125,2.78947,4.40651
1751,20.36046511627907,1889.0,-2.2080078125,1.806822,2.279596
1752,20.372093023255815,1871.0,-20.2080078125,0.419069,-0.541367
1753,20.38372093023256,1874.0,-17.2080078125,-1.038614,-3.565418
1754,20.3953488372093,1866.0,-25.2080078125,-2.194336,-6.206807
1755,20.406976744186046,1866.0,-25.2080078125,-2.773646,-7.970663
1756,20.41860465116279,1872.0,-19.2080078125,-2.56093,-8.513226
1757,20.430232558139533,1870.0,-21.2080078125,-1.490716,-7.777328
1758,20.441860465116278,1889.0,-2.2080078125,0.331615,-5.944497
1759,20.453488372093023,1878.0,-13.2080078125,2.624417,-3.415914
1760,20.465116279069765,1908.0,16.7919921875,4.958235,-0.649073
1761,20.476744186046513,1901.0,9.7919921875,6.888461,1.93885
1762,20.48837209302326,1925.0,33.7919921875,8.035784,4.091098
1763,20.5,1919.0,27.7919921875,8.256489,5.752904
1764,20.511627906976745,1945.0,53.7919921875,7.620916,6.999408
1765,20.52325581395349,1932.0,40.7919921875,6.370133,7.933565
1766,20.53488372093023,1949.0,57.7919921875,4.804988,8.603783
1767,20.546511627906977,1941.0,49.7919921875,3.073014,8.872221
1768,20.558139534883722,1936.0,44.7919921875,1.191731,8.516559
1769,20.569767441860463,1942.0,50.7919921875,-1.005402,7.258034
1770,20.58139534883721,1932.0,40.7919921875,-3.631535,4.970047
1771,20.59302325581395,1937.0,45.7919921875,-6.682415,1.72224
1772,20.6046511627907,1927.0,35.7919921875,-9.834224,-2.127354
1773,20.616279069767444,1925.0,33.7919921875,-12.5506,-6.035693
1774,20.627906976744185,1914.0,22.7919921875,-14.133584,-9.339014
1775,20.63953488372093,1919.0,27.7919921875,-14.058331,-11.511911
1776,20.651162790697676,1907.0,15.7919921875,-12.118619,-12.235014
1777,20.662790697674417,1907.0,15.7919921875,-8.529581,-11.49029
1778,20.674418604651162,1915.0,23.7919921875,-3.876198,-9.510036
1779,20.686046511627907,1907.0,15.7919921875,1.078905,-6.704787
1780,20.69767441860465,1923.0,31.7919921875,5.599196,-3.538983
1781,20.709302325581394,1913.0,21.7919921875,9.161601,-0.461479
1782,20.72093023255814,1936.0,44.7919921875,11.506771,2.195674
1783,20.732558139534884,1926.0,34.7919921875,12.640162,4.232607
1784,20.74418604651163,1943.0,51.7919921875,12.709815,5.60043
1785,20.755813953488374,1939.0,47.7919921875,11.931997,6.40192
1786,20.767441860465116,1946.0,54.7919921875,10.512963,6.825668
1787,20.77906976744186,1945.0,53.7919921875,8.630954,7.098233
1788,20.790697674418606,1944.0,52.7919921875,6.449764,7.377825
1789,20.802325581395348,1947.0,55.7919921875,4.086582,7.678889
1790,20.813953488372093,1936.0,44.7919921875,1.634393,7.823009
1791,20.825581395348838,1940.0,48.7919921875,-0.878,7.503369
1792,20.83720930232558,1926.0,34.7919921875,-3.409642,6.39944
1793,20.848837209302324,1929.0,37.7919921875,-5.966179,4.289679
1794,20.860465116279073,1904.0,12.7919921875,-8.465398,1.207756
1795,20.872093023255815,1909.0,17.7919921875,-10.755878,-2.542106
1796,20.88372093023256,1895.0,3.7919921875,-12.577181,-6.42417
1797,20.8953488372093,1904.0,12.7919921875,-13.639639,-9.841801
1798,20.906976744186046,1908.0,16.7919921875,-13.7,-12.298763
1799,20.91860465116279,1894.0,2.7919921875,-12.642517,-13.518393
1800,20.930232558139533,1895.0,3.7919921875,-10.477725,-13.417601
1801,20.941860465116278,1894.0,2.7919921875,-7.347524,-12.107949
1802,20.953488372093023,1904.0,12.7919921875,-3.493197,-9.767258
1803,20.965116279069765,1897.0,5.7919921875,0.832115,-6.59204
1804,20.97674418604651,1915.0,23.7919921875,5.369532,-2.736027
1805,20.98837209302326,1906.0,14.7919921875,9.823134,1.577096
1806,21.0,1927.0,35.7919921875,13.864006,6.062582
1807,21.011627906976745,1923.0,31.7919921875,17.067102,10.278788
1808,21.02325581395349,1941.0,49.7919921875,18.990887,13.714131
1809,21.03488372093023,1936.0,44.7919921875,19.20717,15.838082
1810,21.046511627906977,1951.0,59.7919921875,17.502399,16.289537
1811,21.058139534883722,1952.0,60.7919921875,13.907087,14.948809
1812,21.069767441860463,1954.0,62.7919921875,8.789268,11.99706
1813,21.08139534883721,1956.0,64.7919921875,2.761022,7.880379
1814,21.093023255813954,1950.0,58.7919921875,-3.440942,3.1568
1815,21.104651162790695,1954.0,62.7919921875,-9.120678,-1.6056
1816,21.116279069767444,1941.0,49.7919921875,-13.775605,-5.978796
1817,21.12790697674419,1951.0,59.7919921875,-17.11801,-9.669859
1818,21.13953488372093,1936.0,44.7919921875,-19.084381,-12.545308
1819,21.151162790697676,1940.0,48.7919921875,-19.684385,-14.501829
1820,21.16279069767442,1933.0,41.7919921875,-18.951328,-15.42725
1821,21.174418604651162,1933.0,41.7919921875,-16.859283,-15.160118
1822,21.186046511627907,1933.0,41.7919921875,-13.361034,-13.527427
1823,21.19767441860465,1935.0,43.7919921875,-8.510478,-10.46948
1824,21.209302325581394,1940.0,48.7919921875,-2.574353,-6.140293
1825,21.22093023255814,1936.0,44.7919921875,3.888188,-1.000901
1826,21.23255813953488,1950.0,58.7919921875,10.112137,4.273584
1827,21.24418604651163,1939.0,47.7919921875,15.219398,8.865489
1828,21.255813953488374,1962.0,70.7919921875,18.539305,12.12511
1829,21.267441860465116,1951.0,59.7919921875,19.720852,13.686796
1830,21.27906976744186,1968.0,76.7919921875,18.887564,13.642446
1831,21.290697674418606,1966.0,74.7919921875,16.530615,12.417928
1832,21.302325581395348,1975.0,83.7919921875,13.287137,10.591404
1833,21.313953488372093,1974.0,82.7919921875,9.72858,8.656593
1834,21.325581395348838,1975.0,83.7919921875,6.116774,6.769582
1835,21.33720930232558,1982.0,90.7919921875,2.435021,4.774841
1836,21.348837209302324,1968.0,76.7919921875,-1.524312,2.291829
1837,21.36046511627907,1970.0,78.7919921875,-5.870927,-0.952761
1838,21.372093023255815,1962.0,70.7919921875,-10.465725,-4.949646
1839,21.38372093023256,1967.0,75.7919921875,-14.783537,-9.211279
1840,21.395348837209305,1951.0,59.7919921875,-18.077324,-12.935878
1841,21.406976744186046,1952.0,60.7919921875,-19.60891,-15.24702
1842,21.41860465116279,1943.0,51.7919921875,-18.953779,-15.556771
1843,21.430232558139537,1946.0,54.7919921875,-16.190149,-13.802351
1844,21.441860465116278,1945.0,53.7919921875,-11.843264,-10.448065
1845,21.453488372093023,1939.0,47.7919921875,-6.740663,-6.330328
1846,21.46511627906977,1939.0,47.7919921875,-1.630362,-2.247895
1847,21.47674418604651,1938.0,46.7919921875,2.969811,1.251925
1848,21.488372093023255,1941.0,49.7919921875,6.931524,4.087718
1849,21.5,1943.0,51.7919921875,10.332047,6.458249
1850,21.511627906976745,1954.0,62.7919921875,13.261487,8.648584
1851,21.52325581395349,1947.0,55.7919921875,15.586596,10.692502
1852,21.53488372093023,1961.0,69.7919921875,16.949022,12.349039
1853,21.546511627906977,1955.0,63.7919921875,16.846699,13.076298
1854,21.558139534883722,1965.0,73.7919921875,14.930219,12.379095
1855,21.569767441860463,1963.0,71.7919921875,11.235935,10.035765
1856,21.58139534883721,1967.0,75.7919921875,6.276429,6.303541
1857,21.593023255813954,1965.0,73.7919921875,0.938026,1.868076
1858,21.604651162790695,1954.0,62.7919921875,-3.831658,-2.416223
1859,21.61627906976744,1958.0,66.7919921875,-7.320862,-5.805037
1860,21.627906976744185,1942.0,50.7919921875,-9.330571,-7.985474
1861,21.63953488372093,1955.0,63.7919921875,-10.116473,-9.027016
1862,21.651162790697676,1939.0,47.7919921875,-10.273195,-9.371029
1863,21.66279069767442,1946.0,54.7919921875,-10.344432,-9.419653
1864,21.674418604651162,1935.0,43.7919921875,-10.613918,-9.413725
1865,21.686046511627907,1937.0,45.7919921875,-10.950109,-9.218092
1866,21.697674418604652,1931.0,39.7919921875,-10.908777,-8.482567
1867,21.709302325581394,1936.0,44.7919921875,-9.981702,-6.828737
1868,21.72093023255814,1934.0,42.7919921875,-7.823288,-4.100122
1869,21.732558139534884,1931.0,39.7919921875,-4.460443,-0.505657
1870,21.744186046511626,1935.0,43.7919921875,-0.236033,3.463283
1871,21.75581395348837,1935.0,43.7919921875,4.241486,7.127575
1872,21.76744186046512,1936.0,44.7919921875,8.348782,9.899236
1873,21.77906976744186,1936.0,44.7919921875,11.61028,11.431857
1874,21.790697674418606,1939.0,47.7919921875,13.742694,11.664094
1875,21.80232558139535,1936.0,44.7919921875,14.66803,10.747711
1876,21.813953488372093,1947.0,55.7919921875,14.400434,8.924877
1877,21.825581395348838,1942.0,50.7919921875,13.01568,6.427253
1878,21.83720930232558,1955.0,63.7919921875,10.583706,3.44456
1879,21.848837209302324,1952.0,60.7919921875,7.249065,0.191081
1880,21.86046511627907,1962.0,70.7919921875,3.243529,-3.058776
1881,21.87209302325581,1967.0,75.7919921875,-1.041636,-5.893043
1882,21.883720930232556,1962.0,70.7919921875,-5.158637,-7.922249
1883,21.895348837209305,1961.0,69.7919921875,-8.630489,-8.817866
1884,21.906976744186046,1963.0,71.7919921875,-11.114746,-8.536877
1885,21.91860465116279,1964.0,72.7919921875,-12.473848,-7.316575
1886,21.930232558139537,1953.0,61.7919921875,-12.778023,-5.649747
1887,21.941860465116278,1955.0,63.7919921875,-12.240839,-4.064933
1888,21.953488372093023,1943.0,51.7919921875,-11.085537,-2.928662
1889,21.96511627906977,1947.0,55.7919921875,-9.488652,-2.327936
1890,21.97674418604651,1935.0,43.7919921875,-7.471667,-1.989573
1891,21.988372093023255,1937.0,45.7919921875,-4.992511,-1.503863
1892,22.0,1926.0,34.7919921875,-1.98698,-0.460951
1893,22.01162790697674,1935.0,43.7919921875,1.480659,1.272126
1894,22.02325581395349,1923.0,31.7919921875,5.192875,3.538187
1895,22.034883720930235,1923.0,31.7919921875,8.73865,5.870973
1896,22.046511627906977,1922.0,30.7919921875,11.648739,7.762593
1897,22.058139534883722,1921.0,29.7919921875,13.471602,8.77459
1898,22.069767441860467,1930.0,38.7919921875,13.914188,8.728171
1899,22.08139534883721,1918.0,26.7919921875,12.916312,7.692137
1900,22.093023255813954,1938.0,46.7919921875,10.674547,5.944396
1901,22.1046511627907,1935.0,43.7919921875,7.548223,3.803321
1902,22.11627906976744,1951.0,59.7919921875,3.992243,1.540502
1903,22.127906976744185,1939.0,47.7919921875,0.42012,-0.673323
1904,22.139534883720927,1946.0,54.7919921875,-2.834824,-2.742669
1905,22.151162790697676,1950.0,58.7919921875,-5.564793,-4.57549
1906,22.16279069767442,1951.0,59.7919921875,-7.710534,-6.121056
1907,22.174418604651162,1949.0,57.7919921875,-9.297217,-7.310918
1908,22.186046511627907,1952.0,60.7919921875,-10.355045,-8.088721
1909,22.197674418604652,1955.0,63.7919921875,-10.917949,-8.463238
1910,22.209302325581394,1945.0,53.7919921875,-10.925447,-8.431464
1911,22.22093023255814,1946.0,54.7919921875,-10.271513,-7.976432
1912,22.232558139534884,1947.0,55.7919921875,-8.784642,-6.964986
1913,22.244186046511626,1936.0,44.7919921875,-6.399496,-5.268615
1914,22.25581395348837,1937.0,45.7919921875,-3.148134,-2.736461
1915,22.267441860465116,1936.0,44.7919921875,0.689893,0.568313
1916,22.27906976744186,1942.0,50.7919921875,4.640506,4.35544
1917,22.290697674418606,1937.0,45.7919921875,8.085613,8.053654
1918,22.30232558139535,1942.0,50.7919921875,10.45033,10.988256
1919,22.313953488372093,1945.0,53.7919921875,11.366692,12.57274
1920,22.325581395348838,1951.0,59.7919921875,10.770026,12.488383
1921,22.337209302325583,1948.0,56.7919921875,8.945039,10.842117
1922,22.348837209302324,1956.0,64.7919921875,6.397683,8.061012
1923,22.36046511627907,1951.0,59.7919921875,3.703923,4.752765
1924,22.372093023255815,1963.0,71.7919921875,1.29854,1.445776
1925,22.383720930232556,1962.0,70.7919921875,-0.591544,-1.516613
1926,22.3953488372093,1966.0,74.7919921875,-1.967322,-4.032984
1927,22.40697674418605,1963.0,71.7919921875,-2.932646,-6.096888
1928,22.41860465116279,1965.0,73.7919921875,-3.569589,-7.68224
1929,22.430232558139537,1966.0,74.7919921875,-3.916889,-8.702024
1930,22.441860465116278,1957.0,65.7919921875,-3.947686,-9.000561
1931,22.453488372093023,1963.0,71.7919921875,-3.642818,-8.481347
1932,22.46511627906977,1947.0,55.7919921875,-3.089907,-7.209894
1933,22.47674418604651,1957.0,65.7919921875,-2.501258,-5.469445
1934,22.488372093023255,1936.0,44.7919921875,-2.159987,-3.651523
1935,22.5,1945.0,53.7919921875,-2.28665,-2.103491
1936,22.51162790697674,1931.0,39.7919921875,-2.913314,-0.957168
1937,22.523255813953487,1935.0,43.7919921875,-3.83188,-0.082437
1938,22.534883720930235,1926.0,34.7919921875,-4.632311,0.840994
1939,22.546511627906977,1926.0,34.7919921875,-4.87039,2.124394
1940,22.558139534883722,1922.0,30.7919921875,-4.209088,3.900059
1941,22.569767441860467,1930.0,38.7919921875,-2.558295,6.010713
1942,22.58139534883721,1925.0,33.7919921875,-0.123187,8.030144
1943,22.593023255813954,1933.0,41.7919921875,2.704481,9.459727
1944,22.6046511627907,1933.0,41.7919921875,5.418003,9.859201
1945,22.61627906976744,1929.0,37.7919921875,7.573874,9.028916
1946,22.627906976744185,1947.0,55.7919921875,8.848006,7.020057
1947,22.63953488372093,1935.0,43.7919921875,9.084857,4.093997
1948,22.651162790697672,1951.0,59.7919921875,8.314648,0.650826
1949,22.66279069767442,1947.0,55.7919921875,6.711496,-2.88143
1950,22.674418604651166,1958.0,66.7919921875,4.583077,-6.050425
1951,22.686046511627907,1953.0,61.7919921875,2.280612,-8.448836
1952,22.697674418604652,1961.0,69.7919921875,0.147848,-9.746758
1953,22.709302325581397,1962.0,70.7919921875,-1.611433,-9.792997
1954,22.72093023255814,1961.0,69.7919921875,-2.973039,-8.681299
1955,22.732558139534884,1963.0,71.7919921875,-4.112466,-6.766759
1956,22.74418604651163,1951.0,59.7919921875,-5.268914,-4.557275
1957,22.75581395348837,1949.0,57.7919921875,-6.626735,-2.548668
1958,22.767441860465116,1936.0,44.7919921875,-8.109095,-0.995758
1959,22.779069767441857,1946.0,54.7919921875,-9.385209,0.148328
1960,22.790697674418603,1936.0,44.7919921875,-9.945745,1.181008
1961,22.80232558139535,1935.0,43.7919921875,-9.318941,2.439458
1962,22.813953488372093,1924.0,32.7919921875,-7.30482,4.070417
1963,22.825581395348838,1926.0,34.7919921875,-4.107519,5.870287
1964,22.837209302325583,1934.0,42.7919921875,-0.313318,7.308732
1965,22.848837209302324,1929.0,37.7919921875,3.335359,7.787306
1966,22.86046511627907,1941.0,49.7919921875,6.214717,6.947868
1967,22.872093023255815,1936.0,44.7919921875,8.04012,4.881862
1968,22.883720930232556,1963.0,71.7919921875,8.93508,2.188464
1969,22.8953488372093,1949.0,57.7919921875,9.235927,-0.333909
1970,22.906976744186046,1972.0,80.7919921875,9.288265,-1.977799
1971,22.918604651162788,1965.0,73.7919921875,9.164645,-2.51288
1972,22.930232558139537,1983.0,91.7919921875,8.653351,-2.220146
1973,22.94186046511628,1978.0,86.7919921875,7.347658,-1.771244
1974,22.953488372093023,1985.0,93.7919921875,4.957673,-1.817755
1975,22.96511627906977,1984.0,92.7919921875,1.5071,-2.677409
1976,22.976744186046513,1985.0,93.7919921875,-2.541577,-4.137042
1977,22.988372093023255,1985.0,93.7919921875,-6.427105,-5.554759
1978,23.0,1978.0,86.7919921875,-9.365883,-6.188212
1979,23.011627906976745,1982.0,90.7919921875,-10.850064,-5.552008
1980,23.023255813953487,1973.0,81.7919921875,-10.829178,-3.654408
1981,23.03488372093023,1973.0,81.7919921875,-9.693869,-1.037065
1982,23.046511627906977,1970.0,78.7919921875,-8.026661,1.537724
1983,23.058139534883722,1978.0,86.7919921875,-6.352099,3.354169
1984,23.069767441860467,1968.0,76.7919921875,-4.907245,4.08324
1985,23.08139534883721,1968.0,76.7919921875,-3.589423,3.82828
1986,23.093023255813954,1968.0,76.7919921875,-2.097936,3.027064
1987,23.1046511627907,1968.0,76.7919921875,-0.162246,2.176342
1988,23.11627906976744,1972.0,80.7919921875,2.244393,1.598183
1989,23.127906976744185,1971.0,79.7919921875,4.874929,1.348765
1990,23.13953488372093,1979.0,87.7919921875,7.258489,1.244153
1991,23.151162790697672,1975.0,83.7919921875,8.945567,1.078647
1992,23.162790697674417,1984.0,92.7919921875,9.650048,0.739001
1993,23.174418604651162,1980.0,88.7919921875,9.367559,0.312161
1994,23.186046511627907,1989.0,97.7919921875,8.31661,-0.02982
1995,23.197674418604652,1985.0,93.7919921875,6.796443,-0.120547
1996,23.209302325581397,1982.0,90.7919921875,5.035078,0.022148
1997,23.22093023255814,1988.0,96.7919921875,3.129225,0.22342
1998,23.232558139534884,1984.0,92.7919921875,1.036188,0.179334
1999,23.24418604651163,1985.0,93.7919921875,-1.289739,-0.336414
2000,23.25581395348837,1985.0,93.7919921875,-3.772879,-1.334765
2001,23.267441860465116,1983.0,91.7919921875,-6.166766,-2.565136
2002,23.27906976744186,1981.0,89.7919921875,-8.100002,-3.606336
2003,23.290697674418603,1973.0,81.7919921875,-9.227775,-4.069982
2004,23.302325581395348,1981.0,89.7919921875,-9.362814,-3.75842
2005,23.313953488372096,1979.0,87.7919921875,-8.620586,-2.834982
2006,23.325581395348838,1974.0,82.7919921875,-7.323385,-1.674414
2007,23.337209302325583,1969.0,77.7919921875,-5.897524,-0.76475
2008,23.348837209302328,1972.0,80.7919921875,-4.626954,-0.382174
2009,23.36046511627907,1983.0,91.7919921875,-3.563534,-0.520636
2010,23.372093023255815,1971.0,79.7919921875,-2.499998,-0.846456
2011,23.383720930232556,1971.0,79.7919921875,-1.056575,-0.838527
2012,23.3953488372093,1971.0,79.7919921875,1.058933,-0.064505
2013,23.406976744186046,1971.0,79.7919921875,3.87644,1.598039
2014,23.418604651162788,1973.0,81.7919921875,7.087529,3.875844
2015,23.430232558139533,1965.0,73.7919921875,10.114827,6.178926
2016,23.44186046511628,1977.0,85.7919921875,12.309247,7.813726
2017,23.453488372093023,1973.0,81.7919921875,13.165984,8.240713
2018,23.46511627906977,1987.0,95.7919921875,12.490392,7.25626
2019,23.476744186046513,1978.0,86.7919921875,10.414843,5.039779
2020,23.488372093023255,1983.0,91.7919921875,7.309965,2.052148
2021,23.5,1984.0,92.7919921875,3.62304,-1.149115
2022,23.511627906976745,1987.0,95.7919921875,-0.283083,-4.10992
2023,23.523255813953487,1987.0,95.7919921875,-4.132055,-6.53179
2024,23.53488372093023,1986.0,94.7919921875,-7.737318,-8.305879
2025,23.546511627906977,1985.0,93.7919921875,-10.884224,-9.405154
2026,23.55813953488372,1979.0,87.7919921875,-13.286305,-9.801816
2027,23.569767441860467,1983.0,91.7919921875,-14.601131,-9.434371
2028,23.581395348837212,1973.0,81.7919921875,-14.529111,-8.21442
2029,23.593023255813954,1973.0,81.7919921875,-12.965957,-6.15707
2030,23.6046511627907,1965.0,73.7919921875,-10.036273,-3.369132
2031,23.616279069767444,1966.0,74.7919921875,-6.127445,-0.12026
2032,23.627906976744185,1953.0,61.7919921875,-1.756188,3.248435
2033,23.63953488372093,1962.0,70.7919921875,2.54402,6.374637
2034,23.651162790697676,1953.0,61.7919921875,6.330933,8.930143
2035,23.662790697674417,1951.0,59.7919921875,9.329675,10.69487
2036,23.674418604651162,1965.0,73.7919921875,11.391178,11.512196
2037,23.686046511627904,1956.0,64.7919921875,12.395879,11.244589
2038,23.697674418604652,1975.0,83.7919921875,12.296834,9.834089
2039,23.709302325581397,1969.0,77.7919921875,11.074572,7.309127
2040,23.72093023255814,1984.0,92.7919921875,8.841875,3.857668
2041,23.732558139534884,1979.0,87.7919921875,5.856997,-0.132599
2042,23.74418604651163,1984.0,92.7919921875,2.561334,-4.095472
2043,23.75581395348837,1985.0,93.7919921875,-0.576492,-7.45203
2044,23.767441860465116,1984.0,92.7919921875,-3.166803,-9.725241
2045,23.77906976744186,1984.0,92.7919921875,-5.035049,-10.733078
2046,23.790697674418603,1975.0,83.7919921875,-6.241596,-10.598021
2047,23.802325581395348,1979.0,87.7919921875,-7.00374,-9.687588
