muestra,tiempo_ms,adc,adc_centrado,adc_filtrado,residual
0,0.0,1879.0,-10.78173828125,-0.00657,-0.010754
1,0.011627906976744186,1886.0,-3.78173828125,-0.005588,-0.013813
2,0.023255813953488372,1886.0,-3.78173828125,-0.002187,-0.010823
3,0.03488372093023256,1888.0,-1.78173828125,0.003255,-0.001057
4,0.046511627906976744,1893.0,3.21826171875,0.009969,0.004227
5,0.058139534883720936,1888.0,-1.78173828125,0.008842,0.006991
6,0.06976744186046512,1910.0,20.21826171875,0.017769,0.008788
7,0.0813953488372093,1907.0,17.21826171875,0.018244,0.01161
8,0.09302325581395349,1931.0,41.21826171875,0.029063,0.022013
9,0.10465116279069767,1920.0,30.21826171875,0.025602,0.032261
10,0.11627906976744187,1936.0,46.21826171875,0.028032,0.047906
11,0.12790697674418605,1936.0,46.21826171875,0.024635,0.070197
12,0.13953488372093023,1943.0,53.21826171875,0.018573,0.083731
13,0.1511627906976744,1953.0,63.21826171875,0.008653,0.09634
14,0.1627906976744186,1948.0,58.21826171875,-0.018158,0.079642
15,0.1744186046511628,1949.0,59.21826171875,-0.056073,0.056931
16,0.18604651162790697,1954.0,64.21826171875,-0.097609,0.033899
17,0.19767441860465115,1949.0,59.21826171875,-0.143791,0.017008
18,0.20930232558139533,1955.0,65.21826171875,-0.181838,0.009937
19,0.22093023255813954,1946.0,56.21826171875,-0.220177,-0.002506
20,0.23255813953488375,1955.0,65.21826171875,-0.246775,-0.028246
21,0.2441860465116279,1955.0,65.21826171875,-0.270659,-0.072772
22,0.2558139534883721,1957.0,67.21826171875,-0.290911,-0.136847
23,0.2674418604651163,1959.0,69.21826171875,-0.302856,-0.198399
24,0.27906976744186046,1964.0,74.21826171875,-0.294909,-0.238564
25,0.29069767441860467,1953.0,63.21826171875,-0.26657,-0.247752
26,0.3023255813953488,1936.0,46.21826171875,-0.211111,-0.225224
27,0.313953488372093,1955.0,65.21826171875,-0.101425,-0.161689
28,0.3255813953488372,1943.0,53.21826171875,0.028276,-0.102227
29,0.3372093023255814,1950.0,60.21826171875,0.170877,-0.054803
30,0.3488372093023256,1959.0,69.21826171875,0.306391,-0.017544
31,0.3604651162790698,1955.0,65.21826171875,0.413299,0.024227
32,0.37209302325581395,1939.0,49.21826171875,0.487165,0.090817
33,0.38372093023255816,1942.0,52.21826171875,0.556564,0.213413
34,0.3953488372093023,1942.0,52.21826171875,0.629596,0.388532
35,0.4069767441860465,1936.0,46.21826171875,0.693969,0.559625
36,0.41860465116279066,1937.0,47.21826171875,0.724615,0.683046
37,0.43023255813953487,1940.0,50.21826171875,0.680453,0.707962
38,0.4418604651162791,1933.0,43.21826171875,0.521737,0.631072
39,0.4534883720930233,1936.0,46.21826171875,0.254728,0.494919
40,0.4651162790697675,1919.0,29.21826171875,-0.095524,0.348167
41,0.4767441860465116,1925.0,35.21826171875,-0.448083,0.248153
42,0.4883720930232558,1922.0,32.21826171875,-0.752437,0.186437
43,0.5,1923.0,33.21826171875,-0.986481,0.099822
44,0.5116279069767442,1921.0,31.21826171875,-1.178569,-0.083645
45,0.5232558139534884,1920.0,30.21826171875,-1.376344,-0.411578
46,0.5348837209302326,1923.0,33.21826171875,-1.603816,-0.849112
47,0.5465116279069767,1933.0,43.21826171875,-1.824328,-1.280116
48,0.5581395348837209,1921.0,31.21826171875,-1.957356,-1.575241
49,0.5697674418604651,1923.0,33.21826171875,-1.870991,-1.631217
50,0.5813953488372093,1919.0,29.21826171875,-1.490524,-1.448295
51,0.5930232558139535,1919.0,29.21826171875,-0.833791,-1.135935
52,0.6046511627906976,1917.0,27.21826171875,-0.027104,-0.853414
53,0.6162790697674418,1919.0,29.21826171875,0.763512,-0.697897
54,0.627906976744186,1918.0,28.21826171875,1.419842,-0.616311
55,0.6395348837209301,1918.0,28.21826171875,1.953492,-0.407821
56,0.6511627906976744,1909.0,19.21826171875,2.491459,0.188973
57,0.6627906976744186,1909.0,19.21826171875,3.196077,1.338093
58,0.6744186046511628,1902.0,12.21826171875,4.090427,2.938165
59,0.686046511627907,1911.0,21.21826171875,4.973792,4.601613
60,0.6976744186046512,1903.0,13.21826171875,5.394334,5.727036
61,0.7093023255813954,1906.0,16.21826171875,4.856181,5.770576
62,0.7209302325581396,1897.0,7.21826171875,3.037169,4.472563
63,0.7325581395348838,1902.0,12.21826171875,0.042895,2.03161
64,0.7441860465116279,1898.0,8.21826171875,-3.569739,-0.954353
65,0.7558139534883721,1894.0,4.21826171875,-6.925708,-3.723918
66,0.7674418604651163,1891.0,1.21826171875,-9.154158,-5.627582
67,0.7790697674418604,1891.0,1.21826171875,-9.719484,-6.386613
68,0.7906976744186046,1898.0,8.21826171875,-8.604595,-6.115247
69,0.8023255813953488,1885.0,-4.78173828125,-6.278333,-5.214432
70,0.813953488372093,1884.0,-5.78173828125,-3.398698,-4.039387
71,0.8255813953488372,1888.0,-1.78173828125,-0.534419,-2.739897
72,0.8372093023255813,1883.0,-6.78173828125,2.020592,-1.226772
73,0.8488372093023255,1882.0,-7.78173828125,4.244914,0.663623
74,0.8604651162790697,1882.0,-7.78173828125,6.179368,2.907867
75,0.872093023255814,1880.0,-9.78173828125,7.701818,5.115464
76,0.8837209302325582,1881.0,-8.78173828125,8.452518,6.608142
77,0.8953488372093024,1872.0,-17.78173828125,7.969129,6.688148
78,0.9069767441860466,1879.0,-10.78173828125,6.020868,5.081126
79,0.9186046511627908,1887.0,-2.78173828125,2.856401,2.158076
80,0.930232558139535,1879.0,-10.78173828125,-0.743573,-1.101991
81,0.9418604651162791,1878.0,-11.78173828125,-3.693381,-3.459158
82,0.9534883720930232,1873.0,-16.78173828125,-5.097163,-4.008831
83,0.9651162790697674,1873.0,-16.78173828125,-4.679852,-2.626295
84,0.9767441860465116,1870.0,-19.78173828125,-2.964979,-0.079406
85,0.9883720930232557,1871.0,-18.78173828125,-1.030967,2.316208
86,1.0,1858.0,-31.78173828125,0.007684,3.307548
87,1.0116279069767442,1870.0,-19.78173828125,-0.393837,2.352682
88,1.0232558139534884,1866.0,-23.78173828125,-1.975789,-0.154801
89,1.0348837209302326,1855.0,-34.78173828125,-3.781578,-3.057717
90,1.0465116279069768,1867.0,-22.78173828125,-4.657612,-4.988357
91,1.0581395348837208,1860.0,-29.78173828125,-3.915008,-5.103793
92,1.0697674418604652,1872.0,-17.78173828125,-1.648566,-3.429256
93,1.0813953488372092,1862.0,-27.78173828125,1.267792,-0.839234
94,1.0930232558139534,1869.0,-20.78173828125,3.696239,1.464514
95,1.1046511627906976,1863.0,-26.78173828125,4.783732,2.555595
96,1.1162790697674418,1878.0,-11.78173828125,4.413882,2.255173
97,1.127906976744186,1870.0,-19.78173828125,3.151046,1.129972
98,1.1395348837209303,1872.0,-17.78173828125,1.9043,0.146874
99,1.1511627906976745,1870.0,-19.78173828125,1.346376,0.076511
100,1.1627906976744187,1867.0,-22.78173828125,1.541885,1.054717
101,1.1744186046511629,1873.0,-16.78173828125,1.948934,2.520037
102,1.186046511627907,1868.0,-21.78173828125,1.769781,3.536899
103,1.197674418604651,1861.0,-28.78173828125,0.495961,3.320225
104,1.2093023255813953,1849.0,-40.78173828125,-1.734759,1.716684
105,1.2209302325581395,1854.0,-35.78173828125,-4.132409,-0.722318
106,1.2325581395348837,1841.0,-48.78173828125,-5.680096,-3.012642
107,1.244186046511628,1842.0,-47.78173828125,-5.628968,-4.247594
108,1.255813953488372,1827.0,-62.78173828125,-3.940264,-4.030347
109,1.2674418604651163,1839.0,-50.78173828125,-1.269449,-2.633873
110,1.2790697674418603,1821.0,-68.78173828125,1.305197,-0.828689
111,1.2906976744186047,1819.0,-70.78173828125,2.88343,0.585684
112,1.3023255813953487,1815.0,-74.78173828125,3.118574,1.172741
113,1.3139534883720931,1821.0,-68.78173828125,2.337125,1.01341
114,1.3255813953488371,1827.0,-62.78173828125,1.268951,0.579507
115,1.3372093023255816,1812.0,-77.78173828125,0.599734,0.393091
116,1.3488372093023255,1840.0,-49.78173828125,0.65499,0.719566
117,1.36046511627907,1840.0,-49.78173828125,1.193938,1.385969
118,1.372093023255814,1856.0,-33.78173828125,1.688678,1.929432
119,1.383720930232558,1846.0,-43.78173828125,1.628636,1.908159
120,1.3953488372093024,1882.0,-7.78173828125,0.907812,1.186461
121,1.4069767441860463,1872.0,-17.78173828125,-0.215496,0.013336
122,1.4186046511627908,1904.0,14.21826171875,-1.174599,-1.07537
123,1.4302325581395348,1895.0,5.21826171875,-1.538922,-1.581484
124,1.4418604651162792,1904.0,14.21826171875,-1.17733,-1.293738
125,1.4534883720930232,1902.0,12.21826171875,-0.378645,-0.423411
126,1.4651162790697676,1888.0,-1.78173828125,0.343746,0.518241
127,1.4767441860465116,1903.0,13.21826171875,0.574397,1.004604
128,1.4883720930232558,1872.0,-17.78173828125,0.153585,0.742458
129,1.5,1879.0,-10.78173828125,-0.650264,-0.139913
130,1.5116279069767442,1840.0,-49.78173828125,-1.444334,-1.204318
131,1.5232558139534884,1853.0,-36.78173828125,-1.80712,-1.927428
132,1.5348837209302326,1788.0,-101.78173828125,-1.685289,-1.966303
133,1.5465116279069768,1820.0,-69.78173828125,-1.217438,-1.294795
134,1.5581395348837208,1767.0,-122.78173828125,-0.836395,-0.27183
135,1.5697674418604652,1785.0,-104.78173828125,-0.820574,0.606843
136,1.5813953488372092,1753.0,-136.78173828125,-1.225496,0.9445
137,1.5930232558139534,1760.0,-129.78173828125,-1.760587,0.639253
138,1.6046511627906976,1757.0,-132.78173828125,-1.940153,-0.053095
139,1.6162790697674418,1749.0,-140.78173828125,-1.370932,-0.673543
140,1.627906976744186,1782.0,-107.78173828125,0.129655,-0.753549
141,1.6395348837209303,1763.0,-126.78173828125,2.296542,-0.054618
142,1.6511627906976745,1830.0,-59.78173828125,4.669783,1.306227
143,1.6627906976744187,1803.0,-86.78173828125,6.573539,2.904377
144,1.6744186046511627,1883.0,-6.78173828125,7.578283,4.135523
145,1.686046511627907,1852.0,-37.78173828125,7.373064,4.473802
146,1.697674418604651,1918.0,28.21826171875,6.113837,3.684056
147,1.7093023255813955,1908.0,18.21826171875,4.048584,1.897014
148,1.7209302325581395,1951.0,61.21826171875,1.630346,-0.438931
149,1.7325581395348837,1946.0,56.21826171875,-0.818773,-2.714775
150,1.744186046511628,1943.0,53.21826171875,-3.032613,-4.391428
151,1.755813953488372,1954.0,64.21826171875,-4.872059,-5.133959
152,1.7674418604651163,1904.0,14.21826171875,-6.34522,-4.926661
153,1.7790697674418603,1925.0,35.21826171875,-7.414478,-3.974938
154,1.7906976744186047,1842.0,-47.78173828125,-8.152253,-2.614431
155,1.8023255813953487,1867.0,-22.78173828125,-8.461206,-1.169817
156,1.8139534883720931,1755.0,-134.78173828125,-8.412255,0.136386
157,1.8255813953488371,1790.0,-99.78173828125,-7.799003,1.244282
158,1.8372093023255816,1696.0,-193.78173828125,-6.648293,2.141702
159,1.8488372093023255,1724.0,-165.78173828125,-4.835803,2.795712
160,1.86046511627907,1670.0,-219.78173828125,-2.449142,3.132096
161,1.872093023255814,1681.0,-208.78173828125,0.426617,3.045034
162,1.8837209302325582,1686.0,-203.78173828125,3.532141,2.472489
163,1.8953488372093024,1670.0,-219.78173828125,6.55368,1.476434
164,1.9069767441860463,1745.0,-144.78173828125,9.258422,0.322107
165,1.9186046511627908,1712.0,-177.78173828125,11.325244,-0.672994
166,1.9302325581395348,1831.0,-58.78173828125,12.722409,-1.179883
167,1.9418604651162792,1783.0,-106.78173828125,13.304542,-1.039977
168,1.9534883720930232,1921.0,31.21826171875,13.228827,-0.319818
169,1.9651162790697676,1874.0,-15.78173828125,12.418313,0.701514
170,1.9767441860465114,1983.0,93.21826171875,10.969377,1.615067
171,1.9883720930232558,1956.0,66.21826171875,8.740129,2.085432
172,2.0,2015.0,125.21826171875,5.716987,1.931672
173,2.011627906976744,2007.0,117.21826171875,1.823844,1.175149
174,2.0232558139534884,1968.0,78.21826171875,-2.87144,-0.005487
175,2.0348837209302326,1995.0,105.21826171875,-8.064848,-1.330483
176,2.046511627906977,1883.0,-6.78173828125,-13.423059,-2.555572
177,2.058139534883721,1930.0,40.21826171875,-18.256077,-3.472007
178,2.0697674418604652,1776.0,-113.78173828125,-22.125195,-3.976086
179,2.0813953488372094,1834.0,-55.78173828125,-24.363371,-4.030554
180,2.0930232558139537,1666.0,-223.78173828125,-24.789324,-3.652464
181,2.1046511627906974,1710.0,-179.78173828125,-23.118567,-2.877962
182,2.1162790697674416,1606.0,-283.78173828125,-19.5404,-1.761587
183,2.1279069767441863,1636.0,-253.78173828125,-14.209413,-0.414852
184,2.1395348837209305,1607.0,-282.78173828125,-7.537844,1.057287
185,2.1511627906976742,1599.0,-290.78173828125,0.058822,2.548553
186,2.1627906976744184,1680.0,-209.78173828125,8.147974,3.948942
187,2.174418604651163,1643.0,-246.78173828125,16.112322,5.133698
188,2.186046511627907,1801.0,-88.78173828125,23.490301,5.922276
189,2.197674418604651,1739.0,-150.78173828125,29.527273,6.125257
190,2.2093023255813953,1936.0,46.21826171875,33.826286,5.560112
191,2.22093023255814,1867.0,-22.78173828125,35.756054,4.140251
192,2.2325581395348837,2031.0,141.21826171875,35.227669,1.986858
193,2.244186046511628,1995.0,105.21826171875,32.103741,-0.5359
194,2.255813953488372,2069.0,179.21826171875,26.686768,-2.900539
195,2.267441860465116,2070.0,180.21826171875,19.294155,-4.560419
196,2.2790697674418605,2011.0,121.21826171875,10.312775,-5.200374
197,2.2906976744186047,2066.0,176.21826171875,0.245267,-4.806988
198,2.302325581395349,1902.0,12.21826171875,-10.623746,-3.754061
199,2.3139534883720927,1968.0,78.21826171875,-21.656385,-2.599096
200,2.3255813953488373,1747.0,-142.78173828125,-32.436195,-1.861824
201,2.3372093023255816,1823.0,-66.78173828125,-41.936405,-1.748669
202,2.3488372093023258,1623.0,-266.78173828125,-49.405685,-2.09864
203,2.3604651162790695,1677.0,-212.78173828125,-53.703754,-2.491512
204,2.372093023255814,1565.0,-324.78173828125,-54.166721,-2.435482
205,2.3837209302325584,1574.0,-315.78173828125,-50.275997,-1.697655
206,2.395348837209302,1584.0,-305.78173828125,-42.033127,-0.315197
207,2.4069767441860463,1563.0,-326.78173828125,-29.909712,1.33119
208,2.4186046511627906,1691.0,-198.78173828125,-14.577757,2.823969
209,2.430232558139535,1629.0,-260.78173828125,2.846448,3.917819
210,2.441860465116279,1860.0,-29.78173828125,21.432924,4.638321
211,2.453488372093023,1776.0,-113.78173828125,39.709122,5.201416
212,2.4651162790697674,2002.0,112.21826171875,56.510811,5.849606
213,2.4767441860465116,1935.0,45.21826171875,70.129189,6.597225
214,2.488372093023256,2095.0,205.21826171875,79.194702,7.116196
215,2.5,2052.0,162.21826171875,82.214828,6.861664
216,2.511627906976744,2090.0,200.21826171875,78.317139,5.288803
217,2.5232558139534884,2103.0,213.21826171875,67.280228,2.223862
218,2.5348837209302326,1987.0,97.21826171875,49.652699,-2.002201
219,2.546511627906977,2037.0,147.21826171875,26.984888,-6.600206
220,2.5581395348837206,1833.0,-56.78173828125,1.164656,-10.52372
221,2.5697674418604652,1917.0,27.21826171875,-25.288095,-12.900662
222,2.5813953488372094,1673.0,-216.78173828125,-50.32972,-13.274517
223,2.5930232558139537,1745.0,-144.78173828125,-71.809296,-11.738667
224,2.6046511627906974,1570.0,-319.78173828125,-88.399445,-8.78714
225,2.6162790697674416,1612.0,-277.78173828125,-98.8927,-5.111221
226,2.6279069767441863,1579.0,-310.78173828125,-102.605484,-1.289177
227,2.6395348837209305,1555.0,-334.78173828125,-99.085396,2.246391
228,2.6511627906976742,1653.0,-236.78173828125,-88.06543,5.3283
229,2.6627906976744184,1611.0,-278.78173828125,-69.836624,7.856819
230,2.674418604651163,1814.0,-75.78173828125,-44.953007,9.722233
231,2.686046511627907,1728.0,-161.78173828125,-14.993349,10.758554
232,2.697674418604651,1963.0,73.21826171875,18.196104,10.832129
233,2.7093023255813953,1887.0,-2.78173828125,51.741028,9.878033
234,2.72093023255814,2066.0,176.21826171875,82.843216,8.016228
235,2.7325581395348837,2015.0,125.21826171875,108.433121,5.552567
236,2.744186046511628,2080.0,190.21826171875,126.083328,2.862358
237,2.755813953488372,2090.0,200.21826171875,133.960449,0.282928
238,2.767441860465116,2001.0,111.21826171875,131.024414,-2.058014
239,2.7790697674418605,2061.0,171.21826171875,117.32991,-4.105591
240,2.7906976744186047,1856.0,-33.78173828125,93.434402,-5.980347
241,2.802325581395349,1934.0,44.21826171875,61.051521,-7.69593
242,2.8139534883720927,1717.0,-172.78173828125,22.169374,-9.144747
243,2.8255813953488373,1789.0,-100.78173828125,-20.165432,-10.052906
244,2.8372093023255816,1616.0,-273.78173828125,-62.745586,-10.080139
245,2.8488372093023253,1661.0,-228.78173828125,-101.76725,-9.003471
246,2.8604651162790695,1600.0,-289.78173828125,-133.640305,-6.793365
247,2.872093023255814,1600.0,-289.78173828125,-155.147858,-3.733154
248,2.8837209302325584,1663.0,-226.78173828125,-163.934982,-0.313736
249,2.895348837209302,1621.0,-268.78173828125,-159.008408,2.860443
250,2.9069767441860463,1858.0,-31.78173828125,-140.337662,5.364258
251,2.918604651162791,1718.0,-171.78173828125,-109.607811,6.951111
252,2.930232558139535,1968.0,78.21826171875,-68.841255,7.73774
253,2.941860465116279,1919.0,29.21826171875,-21.281506,7.996098
254,2.953488372093023,2023.0,133.21826171875,29.685471,8.038227
255,2.9651162790697674,2001.0,111.21826171875,80.110519,8.055794
256,2.9767441860465116,2006.0,116.21826171875,125.864799,7.978874
257,2.988372093023256,2017.0,127.21826171875,162.789352,7.560516
258,3.0,1925.0,35.21826171875,186.884323,6.442917
259,3.011627906976744,1963.0,73.21826171875,195.189758,4.353973
260,3.0232558139534884,1827.0,-62.78173828125,185.843002,1.270828
261,3.0348837209302326,1863.0,-26.78173828125,159.137146,-2.516205
262,3.046511627906977,1724.0,-165.78173828125,116.950546,-6.48291
263,3.0581395348837206,1767.0,-122.78173828125,63.278999,-9.967033
264,3.0697674418604652,1685.0,-204.78173828125,2.991889,-12.418658
265,3.0813953488372094,1701.0,-188.78173828125,-58.261513,-13.512146
266,3.0930232558139537,1694.0,-195.78173828125,-115.071068,-13.18293
267,3.1046511627906974,1678.0,-211.78173828125,-162.521515,-11.591827
268,3.1162790697674416,1761.0,-128.78173828125,-196.435638,-8.963623
269,3.1279069767441863,1731.0,-158.78173828125,-213.797958,-5.572861
270,3.1395348837209305,1844.0,-45.78173828125,-212.499527,-1.604904
271,3.1511627906976742,1804.0,-85.78173828125,-192.142487,2.721603
272,3.1627906976744184,1913.0,23.21826171875,-153.662796,7.158234
273,3.174418604651163,1884.0,-5.78173828125,-100.192947,11.270752
274,3.186046511627907,1957.0,67.21826171875,-36.298492,14.510895
275,3.197674418604651,1943.0,53.21826171875,31.843428,16.287741
276,3.2093023255813953,1957.0,67.21826171875,97.661705,16.179482
277,3.22093023255814,1966.0,76.21826171875,154.725586,14.122467
278,3.2325581395348837,1910.0,20.21826171875,197.653778,10.418274
279,3.244186046511628,1939.0,49.21826171875,222.657379,5.751205
280,3.255813953488372,1856.0,-33.78173828125,227.518356,0.849365
281,3.2674418604651163,1886.0,-3.78173828125,211.934372,-3.627975
282,3.2790697674418605,1793.0,-96.78173828125,176.950439,-7.397034
283,3.2906976744186047,1821.0,-68.78173828125,125.461128,-10.429344
284,3.302325581395349,1767.0,-122.78173828125,61.583797,-12.888897
285,3.3139534883720927,1778.0,-111.78173828125,-8.879261,-14.868733
286,3.3255813953488373,1764.0,-125.78173828125,-79.335007,-16.204659
287,3.3372093023255816,1759.0,-130.78173828125,-142.572388,-16.456284
288,3.3488372093023253,1790.0,-99.78173828125,-192.057556,-15.026077
289,3.3604651162790695,1772.0,-117.78173828125,-222.647034,-11.526138
290,3.372093023255814,1830.0,-59.78173828125,-231.416962,-5.991226
291,3.3837209302325584,1808.0,-81.78173828125,-218.006424,0.902557
292,3.395348837209302,1859.0,-30.78173828125,-184.256424,8.051102
293,3.4069767441860463,1846.0,-43.78173828125,-133.99472,14.16362
294,3.418604651162791,1886.0,-3.78173828125,-72.013,18.263206
295,3.430232558139535,1873.0,-16.78173828125,-4.041739,19.876057
296,3.441860465116279,1884.0,-5.78173828125,64.132454,19.196583
297,3.453488372093023,1895.0,5.21826171875,126.359085,16.815491
298,3.4651162790697674,1870.0,-19.78173828125,176.952255,13.425476
299,3.4767441860465116,1878.0,-11.78173828125,210.771103,9.530502
300,3.488372093023256,1826.0,-63.78173828125,224.229416,5.270462
301,3.5,1843.0,-46.78173828125,215.739365,0.623642
302,3.511627906976744,1797.0,-92.78173828125,186.160217,-4.454849
303,3.5232558139534884,1809.0,-80.78173828125,138.759827,-9.705063
304,3.5348837209302326,1758.0,-131.78173828125,78.459236,-14.569954
305,3.546511627906977,1776.0,-113.78173828125,11.44208,-18.250027
306,3.5581395348837206,1744.0,-145.78173828125,-56.14423,-20.086452
307,3.5697674418604652,1750.0,-139.78173828125,-118.081116,-19.768997
308,3.5813953488372094,1738.0,-151.78173828125,-168.971573,-17.470016
309,3.5930232558139537,1740.0,-149.78173828125,-203.70726,-13.715775
310,3.6046511627906974,1744.0,-145.78173828125,-218.406021,-9.126114
311,3.616279069767442,1747.0,-142.78173828125,-210.413971,-4.162598
312,3.6279069767441863,1773.0,-116.78173828125,-179.528015,1.041168
313,3.63953488372093,1756.0,-133.78173828125,-128.407089,6.476212
314,3.6511627906976742,1789.0,-100.78173828125,-62.824173,12.081879
315,3.6627906976744184,1790.0,-99.78173828125,8.831759,17.426334
316,3.674418604651163,1818.0,-71.78173828125,77.249924,21.693161
317,3.686046511627907,1808.0,-81.78173828125,133.544296,23.874718
318,3.697674418604651,1829.0,-60.78173828125,171.527771,23.182053
319,3.7093023255813953,1833.0,-56.78173828125,187.972839,19.402283
320,3.72093023255814,1835.0,-54.78173828125,183.429977,13.08725
321,3.7325581395348837,1838.0,-51.78173828125,160.733612,5.418915
322,3.744186046511628,1824.0,-65.78173828125,124.487816,-2.226006
323,3.755813953488372,1829.0,-60.78173828125,79.499229,-8.658058
324,3.7674418604651163,1801.0,-88.78173828125,30.407158,-13.314568
325,3.7790697674418605,1808.0,-81.78173828125,-18.536846,-16.159616
326,3.7906976744186047,1778.0,-111.78173828125,-63.573845,-17.631306
327,3.802325581395349,1786.0,-103.78173828125,-100.87635,-18.094574
328,3.8139534883720927,1770.0,-119.78173828125,-127.372932,-17.737328
329,3.8255813953488373,1770.0,-119.78173828125,-140.426727,-16.429916
330,3.8372093023255816,1763.0,-126.78173828125,-139.197021,-13.915451
331,3.8488372093023253,1765.0,-124.78173828125,-124.136742,-10.099899
332,3.8604651162790695,1778.0,-111.78173828125,-97.751358,-5.191742
333,3.872093023255814,1774.0,-115.78173828125,-63.499504,0.198086
334,3.8837209302325584,1797.0,-92.78173828125,-25.544863,5.372221
335,3.895348837209302,1789.0,-100.78173828125,12.146596,9.692078
336,3.9069767441860463,1812.0,-77.78173828125,46.30323,12.920181
337,3.9186046511627906,1806.0,-83.78173828125,74.271103,15.154335
338,3.930232558139535,1826.0,-63.78173828125,94.406731,16.659668
339,3.941860465116279,1821.0,-68.78173828125,105.286591,17.598076
340,3.9534883720930227,1835.0,-54.78173828125,106.515633,17.847816
341,3.9651162790697674,1823.0,-66.78173828125,97.881203,16.95282
342,3.9767441860465116,1831.0,-58.78173828125,80.461609,14.367378
343,3.9883720930232562,1825.0,-64.78173828125,55.881504,9.774849
344,4.0,1820.0,-69.78173828125,26.944155,3.351084
345,4.011627906976744,1826.0,-63.78173828125,-3.185761,-4.123691
346,4.023255813953488,1792.0,-97.78173828125,-31.232969,-11.490442
347,4.034883720930233,1810.0,-79.78173828125,-54.229416,-17.464127
348,4.046511627906977,1783.0,-106.78173828125,-70.356491,-21.156399
349,4.058139534883721,1790.0,-99.78173828125,-78.503136,-22.231052
350,4.069767441860465,1785.0,-104.78173828125,-78.997795,-20.960667
351,4.081395348837209,1787.0,-102.78173828125,-72.50032,-18.022133
352,4.093023255813954,1797.0,-92.78173828125,-60.594364,-14.152569
353,4.104651162790698,1787.0,-102.78173828125,-44.653046,-9.907791
354,4.116279069767442,1806.0,-83.78173828125,-26.31839,-5.438498
355,4.127906976744186,1801.0,-88.78173828125,-6.973668,-0.670749
356,4.1395348837209305,1825.0,-64.78173828125,12.042896,4.613109
357,4.151162790697675,1818.0,-71.78173828125,29.28027,10.326408
358,4.162790697674419,1838.0,-51.78173828125,43.537251,16.040277
359,4.174418604651162,1835.0,-54.78173828125,53.424721,20.942406
360,4.186046511627907,1849.0,-40.78173828125,58.274967,24.049252
361,4.1976744186046515,1840.0,-49.78173828125,57.475494,24.513912
362,4.209302325581395,1840.0,-49.78173828125,51.546398,21.947292
363,4.22093023255814,1844.0,-45.78173828125,41.255447,16.603138
364,4.232558139534883,1836.0,-53.78173828125,28.18187,9.294964
365,4.2441860465116275,1840.0,-49.78173828125,13.865326,1.232968
366,4.2558139534883725,1824.0,-65.78173828125,-0.181066,-6.382716
367,4.267441860465116,1827.0,-62.78173828125,-12.730234,-12.545197
368,4.279069767441861,1823.0,-66.78173828125,-23.18239,-16.792957
369,4.290697674418605,1822.0,-67.78173828125,-30.9984,-19.061752
370,4.3023255813953485,1814.0,-75.78173828125,-36.262123,-19.658928
371,4.313953488372094,1815.0,-74.78173828125,-38.727421,-18.971764
372,4.325581395348837,1827.0,-62.78173828125,-38.601048,-17.296696
373,4.337209302325581,1826.0,-63.78173828125,-35.794323,-14.791008
374,4.348837209302326,1833.0,-56.78173828125,-30.663305,-11.44276
375,4.3604651162790695,1821.0,-68.78173828125,-23.526516,-7.254349
376,4.372093023255814,1842.0,-47.78173828125,-14.933887,-2.25271
377,4.383720930232558,1838.0,-51.78173828125,-5.55955,3.292291
378,4.395348837209302,1857.0,-32.78173828125,4.085248,8.990035
379,4.406976744186047,1840.0,-49.78173828125,13.228391,14.253816
380,4.4186046511627906,1851.0,-38.78173828125,21.656645,18.555477
381,4.430232558139535,1847.0,-42.78173828125,28.559341,21.361839
382,4.44186046511628,1863.0,-26.78173828125,33.586784,22.286652
383,4.453488372093023,1861.0,-28.78173828125,36.029049,21.11964
384,4.465116279069767,1861.0,-28.78173828125,35.486782,17.82299
385,4.476744186046512,1858.0,-31.78173828125,31.714304,12.626316
386,4.488372093023256,1861.0,-28.78173828125,24.883398,5.953194
387,4.5,1858.0,-31.78173828125,15.674229,-1.548851
388,4.511627906976744,1859.0,-30.78173828125,4.963536,-9.092664
389,4.523255813953488,1859.0,-30.78173828125,-5.969386,-15.828024
390,4.534883720930232,1856.0,-33.78173828125,-16.099524,-20.950912
391,4.546511627906977,1857.0,-32.78173828125,-24.315722,-23.856037
392,4.558139534883721,1849.0,-40.78173828125,-30.027735,-24.18132
393,4.569767441860465,1856.0,-33.78173828125,-32.703487,-21.873968
394,4.5813953488372094,1849.0,-40.78173828125,-32.290684,-17.201279
395,4.593023255813954,1844.0,-45.78173828125,-28.945631,-10.76796
396,4.604651162790698,1846.0,-43.78173828125,-23.126249,-3.383535
397,4.616279069767442,1845.0,-44.78173828125,-15.628002,3.965347
398,4.627906976744185,1855.0,-34.78173828125,-7.230984,10.380892
399,4.6395348837209305,1846.0,-43.78173828125,1.086,15.131257
400,4.651162790697675,1859.0,-30.78173828125,8.741957,17.869572
401,4.662790697674418,1864.0,-25.78173828125,15.165639,18.606619
402,4.674418604651163,1872.0,-17.78173828125,20.230331,17.688219
403,4.686046511627906,1863.0,-26.78173828125,23.752934,15.62981
404,4.6976744186046515,1879.0,-10.78173828125,25.703667,12.918768
405,4.709302325581396,1873.0,-16.78173828125,25.846338,9.838037
406,4.720930232558139,1886.0,-3.78173828125,23.938873,6.421356
407,4.732558139534884,1885.0,-4.78173828125,19.849735,2.569633
408,4.744186046511628,1885.0,-4.78173828125,13.627696,-1.834566
409,4.755813953488372,1887.0,-2.78173828125,5.864307,-6.630288
410,4.767441860465117,1886.0,-3.78173828125,-2.6348,-11.424623
411,4.77906976744186,1885.0,-4.78173828125,-10.694029,-15.539686
412,4.790697674418604,1873.0,-16.78173828125,-17.381996,-18.286289
413,4.802325581395349,1878.0,-11.78173828125,-21.902374,-19.114899
414,4.813953488372093,1874.0,-15.78173828125,-23.994736,-17.831165
415,4.825581395348837,1875.0,-14.78173828125,-23.702438,-14.636002
416,4.837209302325581,1872.0,-17.78173828125,-21.333214,-10.023794
417,4.848837209302325,1874.0,-15.78173828125,-17.289089,-4.631172
418,4.86046511627907,1867.0,-22.78173828125,-11.917587,0.974207
419,4.872093023255814,1868.0,-21.78173828125,-5.655789,6.336512
420,4.883720930232558,1870.0,-19.78173828125,1.080176,11.151113
421,4.895348837209303,1859.0,-30.78173828125,7.61939,15.132924
422,4.906976744186046,1869.0,-20.78173828125,13.311783,17.998125
423,4.9186046511627906,1871.0,-18.78173828125,17.434517,19.367727
424,4.930232558139535,1863.0,-26.78173828125,19.544573,18.922859
425,4.941860465116279,1866.0,-23.78173828125,19.494743,16.476044
426,4.953488372093023,1855.0,-34.78173828125,17.489359,12.108447
427,4.965116279069767,1865.0,-24.78173828125,14.034471,6.264801
428,4.976744186046512,1842.0,-47.78173828125,9.632568,-0.387255
429,4.988372093023256,1844.0,-45.78173828125,4.836486,-6.979327
430,5.0,1845.0,-44.78173828125,-0.023823,-12.721109
431,5.011627906976744,1845.0,-44.78173828125,-4.593124,-16.951426
432,5.023255813953488,1850.0,-39.78173828125,-8.583337,-19.253273
433,5.034883720930233,1854.0,-35.78173828125,-11.570916,-19.44487
434,5.046511627906977,1873.0,-16.78173828125,-13.217505,-17.584784
435,5.058139534883721,1861.0,-28.78173828125,-13.270583,-13.913833
436,5.069767441860465,1901.0,11.21826171875,-11.765115,-8.831757
437,5.081395348837209,1883.0,-6.78173828125,-9.117883,-2.952399
438,5.093023255813954,1920.0,30.21826171875,-5.941851,3.04684
439,5.104651162790698,1906.0,16.21826171875,-2.95704,8.41261
440,5.116279069767441,1922.0,32.21826171875,-0.615411,12.532946
441,5.127906976744186,1927.0,37.21826171875,0.947204,15.000943
442,5.1395348837209305,1923.0,33.21826171875,1.989173,15.731144
443,5.151162790697675,1931.0,41.21826171875,2.877143,14.872085
444,5.162790697674419,1909.0,19.21826171875,3.914323,12.739318
445,5.174418604651162,1920.0,30.21826171875,5.129071,9.693083
446,5.186046511627907,1886.0,-3.78173828125,6.24353,6.022646
447,5.1976744186046515,1898.0,8.21826171875,6.857554,1.953713
448,5.209302325581395,1841.0,-48.78173828125,6.637436,-2.316493
449,5.22093023255814,1862.0,-27.78173828125,5.653234,-6.408429
450,5.232558139534883,1812.0,-77.78173828125,4.198069,-9.900164
451,5.2441860465116275,1835.0,-54.78173828125,2.841592,-12.210797
452,5.2558139534883725,1808.0,-81.78173828125,1.925677,-12.971789
453,5.267441860465116,1810.0,-79.78173828125,1.548473,-12.002816
454,5.279069767441861,1827.0,-62.78173828125,1.36688,-9.589742
455,5.290697674418605,1819.0,-70.78173828125,0.854489,-6.297335
456,5.3023255813953485,1856.0,-33.78173828125,-0.415388,-2.853653
457,5.313953488372094,1843.0,-46.78173828125,-2.50929,0.151965
458,5.325581395348837,1904.0,14.21826171875,-4.959543,2.478428
459,5.337209302325581,1872.0,-17.78173828125,-7.081537,4.149876
460,5.348837209302326,1949.0,59.21826171875,-8.071153,5.504134
461,5.3604651162790695,1926.0,36.21826171875,-7.627344,6.726559
462,5.372093023255814,1967.0,77.21826171875,-5.832956,7.89507
463,5.383720930232558,1966.0,76.21826171875,-3.316813,8.728164
464,5.395348837209302,1971.0,81.21826171875,-0.780369,8.873901
465,5.406976744186046,1974.0,84.21826171875,1.213664,7.994979
466,5.4186046511627906,1951.0,61.21826171875,2.523097,6.067328
467,5.430232558139535,1962.0,72.21826171875,3.372885,3.369103
468,5.44186046511628,1906.0,16.21826171875,4.082311,0.382464
469,5.453488372093023,1931.0,41.21826171875,4.878309,-2.385601
470,5.465116279069767,1857.0,-32.78173828125,5.549172,-4.683674
471,5.476744186046512,1879.0,-10.78173828125,5.697609,-6.441404
472,5.488372093023256,1815.0,-74.78173828125,4.785069,-7.83641
473,5.5,1839.0,-50.78173828125,2.668437,-8.897912
474,5.511627906976744,1805.0,-84.78173828125,-0.428594,-9.609561
475,5.523255813953488,1809.0,-80.78173828125,-3.739492,-9.621074
476,5.534883720930232,1821.0,-68.78173828125,-6.420712,-8.668329
477,5.546511627906977,1809.0,-80.78173828125,-7.776395,-6.546108
478,5.558139534883721,1840.0,-49.78173828125,-7.576615,-3.459679
479,5.569767441860465,1829.0,-60.78173828125,-6.110169,0.117924
480,5.5813953488372094,1883.0,-6.78173828125,-3.889524,3.568188
481,5.593023255813954,1867.0,-22.78173828125,-1.489358,6.34666
482,5.604651162790698,1941.0,51.21826171875,0.93689,8.323524
483,5.616279069767442,1911.0,21.21826171875,3.396463,9.558248
484,5.627906976744185,1963.0,73.21826171875,6.217833,10.468206
485,5.6395348837209305,1951.0,61.21826171875,9.428174,11.215701
486,5.651162790697675,1967.0,77.21826171875,12.749372,11.793024
487,5.662790697674418,1968.0,78.21826171875,15.371216,11.730911
488,5.674418604651163,1968.0,78.21826171875,16.281826,10.465987
489,5.686046511627907,1973.0,83.21826171875,14.587324,7.493709
490,5.697674418604651,1950.0,60.21826171875,9.935143,2.805913
491,5.709302325581396,1962.0,72.21826171875,2.749602,-3.065848
492,5.720930232558139,1911.0,21.21826171875,-5.906374,-9.152067
493,5.732558139534884,1929.0,39.21826171875,-14.460919,-14.226356
494,5.744186046511628,1872.0,-17.78173828125,-21.487024,-17.37899
495,5.755813953488372,1901.0,11.21826171875,-25.836023,-18.036812
496,5.767441860465117,1838.0,-51.78173828125,-27.142612,-16.467052
497,5.77906976744186,1857.0,-32.78173828125,-25.512306,-13.235994
498,5.790697674418604,1824.0,-65.78173828125,-21.566832,-9.349452
499,5.802325581395349,1838.0,-51.78173828125,-15.984321,-5.605977
500,5.813953488372093,1823.0,-66.78173828125,-9.400859,-2.607635
501,5.825581395348837,1819.0,-70.78173828125,-2.198219,-0.429809
502,5.837209302325582,1840.0,-49.78173828125,5.459799,1.269329
503,5.848837209302325,1830.0,-59.78173828125,13.392452,3.021471
504,5.86046511627907,1877.0,-12.78173828125,21.348133,5.417505
505,5.872093023255814,1859.0,-30.78173828125,28.669157,8.625635
506,5.883720930232558,1951.0,61.21826171875,34.574615,12.58569
507,5.895348837209303,1925.0,35.21826171875,37.939522,16.548639
508,5.906976744186046,1991.0,101.21826171875,37.932152,19.759251
509,5.9186046511627906,1973.0,83.21826171875,33.923809,21.268137
510,5.930232558139535,2009.0,119.21826171875,25.992479,20.567547
511,5.941860465116279,2001.0,111.21826171875,14.760312,17.503277
512,5.953488372093023,1989.0,99.21826171875,1.442206,12.44762
513,5.965116279069767,2000.0,110.21826171875,-12.439905,6.126238
514,5.976744186046512,1938.0,48.21826171875,-25.407551,-0.760176
515,5.988372093023256,1961.0,71.21826171875,-36.100101,-7.463133
516,6.0,1887.0,-2.78173828125,-43.648781,-13.67444
517,6.011627906976744,1931.0,41.21826171875,-47.449455,-19.046144
518,6.023255813953488,1841.0,-48.78173828125,-47.436604,-23.56111
519,6.034883720930233,1872.0,-17.78173828125,-43.641712,-26.915699
520,6.046511627906977,1800.0,-89.78173828125,-36.468708,-28.868023
521,6.058139534883721,1829.0,-60.78173828125,-26.333185,-28.916824
522,6.069767441860465,1802.0,-87.78173828125,-13.934263,-26.731537
523,6.081395348837209,1793.0,-96.78173828125,-0.047359,-22.106298
524,6.093023255813954,1837.0,-52.78173828125,14.413139,-15.076473
525,6.104651162790698,1817.0,-72.78173828125,28.3069,-6.153599
526,6.116279069767441,1904.0,14.21826171875,40.521133,4.039635
527,6.127906976744186,1872.0,-17.78173828125,49.753815,14.453239
528,6.1395348837209305,1984.0,94.21826171875,55.026146,24.202354
529,6.151162790697675,1946.0,56.21826171875,55.42025,32.188885
530,6.162790697674419,2042.0,152.21826171875,50.741203,37.753586
531,6.174418604651162,2004.0,114.21826171875,41.241394,40.324841
532,6.186046511627907,2064.0,174.21826171875,28.014723,39.844204
533,6.1976744186046515,2064.0,174.21826171875,12.516029,36.421249
534,6.209302325581395,2023.0,133.21826171875,-3.539833,30.391068
535,6.22093023255814,2045.0,155.21826171875,-18.52825,22.210756
536,6.232558139534883,1949.0,59.21826171875,-31.332638,12.158077
537,6.2441860465116275,1991.0,101.21826171875,-41.16259,0.700508
538,6.2558139534883725,1877.0,-12.78173828125,-47.834099,-11.847927
539,6.267441860465116,1913.0,23.21826171875,-51.123463,-24.62616
540,6.279069767441861,1799.0,-90.78173828125,-51.018684,-36.640377
541,6.290697674418605,1836.0,-53.78173828125,-47.251823,-46.369083
542,6.3023255813953485,1773.0,-116.78173828125,-39.876907,-52.495674
543,6.313953488372094,1777.0,-112.78173828125,-29.178858,-53.98457
544,6.325581395348837,1785.0,-104.78173828125,-16.04954,-50.558929
545,6.337209302325581,1775.0,-114.78173828125,-1.908506,-42.772194
546,6.348837209302326,1849.0,-40.78173828125,11.656559,-31.692799
547,6.3604651162790695,1819.0,-70.78173828125,23.142365,-18.680008
548,6.372093023255814,1927.0,37.21826171875,31.803934,-4.652998
549,6.383720930232558,1886.0,-3.78173828125,37.444862,9.701185
550,6.395348837209302,2009.0,119.21826171875,40.672344,24.239548
551,6.406976744186046,1975.0,85.21826171875,41.998814,38.470848
552,6.4186046511627906,2042.0,152.21826171875,41.873672,51.67902
553,6.430232558139535,2032.0,142.21826171875,40.132809,62.405281
554,6.44186046511628,2032.0,142.21826171875,36.280773,68.917404
555,6.453488372093023,2037.0,147.21826171875,29.83201,69.688492
556,6.465116279069767,1981.0,91.21826171875,20.656889,63.906395
557,6.476744186046512,2007.0,117.21826171875,9.425741,51.955704
558,6.488372093023256,1903.0,13.21826171875,-2.82766,34.989872
559,6.5,1939.0,49.21826171875,-14.70564,14.836547
560,6.511627906976744,1840.0,-49.78173828125,-25.334017,-6.964731
561,6.523255813953488,1871.0,-18.78173828125,-34.274235,-29.068047
562,6.534883720930233,1795.0,-94.78173828125,-41.795101,-50.644569
563,6.546511627906977,1830.0,-59.78173828125,-48.141209,-70.562767
564,6.558139534883721,1804.0,-85.78173828125,-53.223938,-87.223404
565,6.569767441860465,1792.0,-97.78173828125,-56.181732,-98.213814
566,6.5813953488372094,1837.0,-52.78173828125,-55.351086,-100.692825
567,6.593023255813954,1811.0,-78.78173828125,-49.098854,-92.431686
568,6.604651162790698,1902.0,12.21826171875,-36.254917,-72.551682
569,6.616279069767442,1865.0,-24.78173828125,-17.257872,-42.569893
570,6.627906976744185,1962.0,72.21826171875,6.033809,-5.998677
571,6.6395348837209305,1934.0,44.21826171875,30.290037,31.99597
572,6.651162790697675,1999.0,109.21826171875,51.881538,66.209503
573,6.662790697674418,1979.0,89.21826171875,67.658592,92.3423
574,6.674418604651163,2006.0,116.21826171875,75.883324,108.040878
575,6.686046511627907,2019.0,129.21826171875,76.453911,112.867096
576,6.697674418604651,1985.0,95.21826171875,70.492859,107.839195
577,6.709302325581396,2001.0,111.21826171875,59.882462,94.736923
578,6.720930232558139,1939.0,49.21826171875,46.163582,75.19841
579,6.732558139534884,1966.0,76.21826171875,30.474476,50.7257
580,6.744186046511628,1883.0,-6.78173828125,13.048449,22.397404
581,6.755813953488372,1904.0,14.21826171875,-5.938757,-8.298053
582,6.767441860465117,1842.0,-47.78173828125,-26.259501,-39.599167
583,6.77906976744186,1859.0,-30.78173828125,-46.886959,-68.978798
584,6.790697674418604,1824.0,-65.78173828125,-66.062103,-93.714462
585,6.802325581395349,1829.0,-60.78173828125,-81.459641,-111.11245
586,6.813953488372093,1829.0,-60.78173828125,-90.67659,-119.15744
587,6.825581395348837,1821.0,-68.78173828125,-91.926384,-116.792229
588,6.837209302325582,1867.0,-22.78173828125,-84.223305,-103.953552
589,6.848837209302325,1849.0,-40.78173828125,-67.961311,-81.727196
590,6.86046511627907,1901.0,11.21826171875,-44.374557,-51.822815
591,6.872093023255814,1883.0,-6.78173828125,-15.757273,-16.779902
592,6.883720930232558,1941.0,51.21826171875,15.239316,20.553001
593,6.895348837209303,1924.0,34.21826171875,45.593174,56.80732
594,6.906976744186046,1968.0,78.21826171875,72.42659,88.670174
595,6.9186046511627906,1958.0,68.21826171875,93.08873,112.903191
596,6.930232558139535,1978.0,88.21826171875,105.478691,126.998413
597,6.941860465116279,1971.0,81.21826171875,108.285286,129.373322
598,6.953488372093023,1953.0,63.21826171875,101.035995,119.735245
599,6.965116279069767,1967.0,77.21826171875,84.422241,99.149971
600,6.976744186046512,1921.0,31.21826171875,59.878017,69.685097
601,6.988372093023256,1941.0,51.21826171875,29.816191,34.376728
602,7.0,1879.0,-10.78173828125,-3.091004,-3.559426
603,7.011627906976744,1908.0,18.21826171875,-35.758839,-40.637714
604,7.023255813953488,1865.0,-24.78173828125,-65.378937,-73.872498
605,7.034883720930233,1872.0,-17.78173828125,-89.348808,-100.533279
606,7.046511627906977,1856.0,-33.78173828125,-105.573517,-118.594185
607,7.058139534883721,1861.0,-28.78173828125,-112.58316,-126.553024
608,7.069767441860465,1858.0,-31.78173828125,-109.584282,-123.720718
609,7.081395348837209,1858.0,-31.78173828125,-96.660515,-110.160316
610,7.093023255813954,1872.0,-17.78173828125,-74.666847,-86.787094
611,7.104651162790698,1872.0,-17.78173828125,-45.479393,-55.487732
612,7.116279069767441,1904.0,14.21826171875,-11.616246,-18.83952
613,7.127906976744186,1887.0,-2.78173828125,23.591265,19.689878
614,7.1395348837209305,1933.0,43.21826171875,56.682007,56.476017
615,7.151162790697675,1913.0,23.21826171875,84.138855,87.690948
616,7.162790697674419,1950.0,60.21826171875,103.120674,110.244133
617,7.174418604651162,1936.0,46.21826171875,111.678215,121.820374
618,7.186046511627907,1963.0,73.21826171875,109.185379,121.598221
619,7.1976744186046515,1959.0,69.21826171875,96.320152,110.003807
620,7.209302325581395,1955.0,65.21826171875,74.901016,88.807602
621,7.22093023255814,1959.0,69.21826171875,47.616253,60.68486
622,7.232558139534884,1934.0,44.21826171875,17.362822,28.639355
623,7.2441860465116275,1950.0,60.21826171875,-12.912219,-4.177971
624,7.2558139534883725,1914.0,24.21826171875,-40.832767,-35.203373
625,7.267441860465116,1925.0,35.21826171875,-64.322067,-62.042412
626,7.27906976744186,1889.0,-0.78173828125,-81.957413,-83.111458
627,7.290697674418605,1898.0,8.21826171875,-92.541557,-96.957443
628,7.3023255813953485,1877.0,-12.78173828125,-95.365471,-102.809959
629,7.313953488372094,1883.0,-6.78173828125,-90.077248,-100.158768
630,7.325581395348837,1878.0,-11.78173828125,-76.995918,-89.25013
631,7.337209302325581,1875.0,-14.78173828125,-57.201767,-70.974464
632,7.348837209302326,1878.0,-11.78173828125,-32.508186,-46.925087
633,7.3604651162790695,1875.0,-14.78173828125,-5.405259,-19.375422
634,7.372093023255814,1899.0,9.21826171875,21.458643,9.217907
635,7.383720930232559,1887.0,-2.78173828125,45.405743,36.119194
636,7.395348837209302,1905.0,15.21826171875,64.460571,59.216579
637,7.406976744186046,1907.0,17.21826171875,77.148819,76.576645
638,7.4186046511627906,1936.0,46.21826171875,82.848328,87.122871
639,7.430232558139535,1932.0,42.21826171875,81.393814,90.128189
640,7.44186046511628,1945.0,55.21826171875,73.202423,85.632912
641,7.453488372093023,1952.0,62.21826171875,59.058327,74.138557
642,7.465116279069767,1949.0,59.21826171875,40.138115,56.664368
643,7.476744186046512,1950.0,60.21826171875,18.135071,34.863503
644,7.488372093023256,1943.0,53.21826171875,-4.988767,10.601498
645,7.5,1947.0,57.21826171875,-26.912786,-13.745932
646,7.511627906976744,1936.0,46.21826171875,-45.57172,-36.12595
647,7.523255813953488,1940.0,50.21826171875,-59.131012,-54.43187
648,7.534883720930233,1920.0,30.21826171875,-66.677452,-67.408951
649,7.546511627906977,1933.0,43.21826171875,-67.9226,-74.149147
650,7.558139534883721,1909.0,19.21826171875,-63.501785,-74.680107
651,7.569767441860464,1918.0,28.21826171875,-54.367878,-69.358528
652,7.5813953488372094,1894.0,4.21826171875,-41.755093,-59.019131
653,7.593023255813954,1904.0,14.21826171875,-26.834791,-44.711487
654,7.604651162790698,1894.0,4.21826171875,-10.605352,-27.489635
655,7.616279069767442,1900.0,10.21826171875,5.914113,-8.670462
656,7.627906976744185,1902.0,12.21826171875,21.811119,10.593633
657,7.6395348837209305,1893.0,3.21826171875,35.860363,28.751621
658,7.651162790697675,1905.0,15.21826171875,46.979752,44.544975
659,7.662790697674418,1902.0,12.21826171875,53.930931,56.454788
660,7.674418604651163,1930.0,40.21826171875,56.011002,63.516216
661,7.686046511627907,1919.0,29.21826171875,52.849701,64.952751
662,7.697674418604651,1933.0,43.21826171875,44.911945,60.797913
663,7.709302325581396,1936.0,46.21826171875,33.265717,51.668755
664,7.720930232558139,1945.0,55.21826171875,19.354177,38.643433
665,7.732558139534884,1938.0,48.21826171875,4.879021,23.302197
666,7.744186046511628,1950.0,60.21826171875,-8.770519,7.040565
667,7.755813953488372,1946.0,56.21826171875,-20.387514,-8.629579
668,7.767441860465117,1946.0,56.21826171875,-29.413837,-22.83658
669,7.77906976744186,1939.0,49.21826171875,-35.481583,-34.72604
670,7.790697674418604,1934.0,44.21826171875,-38.698029,-43.999481
671,7.802325581395349,1937.0,47.21826171875,-39.122028,-50.228012
672,7.813953488372093,1921.0,31.21826171875,-37.000668,-53.20652
673,7.825581395348837,1924.0,34.21826171875,-32.554901,-52.665157
674,7.837209302325581,1906.0,16.21826171875,-26.103987,-48.442699
675,7.848837209302326,1909.0,19.21826171875,-18.144304,-40.670288
676,7.86046511627907,1899.0,9.21826171875,-9.198878,-29.627079
677,7.872093023255814,1903.0,13.21826171875,-0.025201,-16.188475
678,7.883720930232558,1902.0,12.21826171875,8.827402,-1.201934
679,7.895348837209302,1891.0,1.21826171875,16.693253,13.988596
680,7.9069767441860455,1905.0,15.21826171875,23.306553,28.395967
681,7.918604651162791,1895.0,5.21826171875,28.293365,40.775826
682,7.930232558139535,1915.0,25.21826171875,31.472586,50.257866
683,7.941860465116279,1908.0,18.21826171875,32.531998,55.928013
684,7.953488372093023,1935.0,45.21826171875,31.193571,57.098419
685,7.9651162790697665,1918.0,28.21826171875,27.27968,53.340221
686,7.9767441860465125,1951.0,61.21826171875,20.858284,44.602539
687,7.988372093023257,1943.0,53.21826171875,12.503963,31.573309
688,8.0,1954.0,64.21826171875,3.071921,15.367599
689,8.011627906976743,1954.0,64.21826171875,-6.140442,-2.072844
690,8.023255813953488,1958.0,68.21826171875,-14.045187,-18.887463
691,8.034883720930232,1959.0,69.21826171875,-19.747059,-33.126205
692,8.046511627906977,1947.0,57.21826171875,-23.072573,-43.680443
693,8.058139534883722,1961.0,71.21826171875,-24.249624,-49.956673
694,8.069767441860465,1937.0,47.21826171875,-23.928543,-52.174179
695,8.081395348837209,1946.0,56.21826171875,-22.725801,-50.851303
696,8.093023255813954,1924.0,34.21826171875,-20.899897,-46.444481
697,8.104651162790699,1932.0,42.21826171875,-18.3866,-39.292671
698,8.116279069767442,1907.0,17.21826171875,-14.718135,-29.27808
699,8.127906976744185,1906.0,16.21826171875,-9.615294,-16.572899
700,8.13953488372093,1904.0,14.21826171875,-3.008174,-1.464953
701,8.151162790697674,1906.0,16.21826171875,4.470968,14.815495
702,8.162790697674417,1903.0,13.21826171875,11.838697,30.610249
703,8.174418604651164,1904.0,14.21826171875,17.865608,43.758972
704,8.186046511627907,1920.0,30.21826171875,21.615782,52.44783
705,8.19767441860465,1911.0,21.21826171875,22.708225,55.56366
706,8.209302325581396,1933.0,43.21826171875,21.377214,52.984661
707,8.220930232558139,1919.0,29.21826171875,18.38353,45.620586
708,8.232558139534884,1948.0,58.21826171875,14.582463,34.811886
709,8.24418604651163,1940.0,50.21826171875,10.740336,22.173328
710,8.255813953488373,1962.0,72.21826171875,7.149752,8.780131
711,8.267441860465116,1959.0,69.21826171875,3.833189,-4.496589
712,8.279069767441861,1962.0,72.21826171875,0.525947,-17.297928
713,8.290697674418604,1969.0,79.21826171875,-2.920521,-29.063456
714,8.30232558139535,1953.0,63.21826171875,-6.554334,-39.197174
715,8.313953488372093,1964.0,74.21826171875,-10.138048,-46.702721
716,8.325581395348838,1940.0,50.21826171875,-13.334069,-50.576996
717,8.337209302325581,1959.0,69.21826171875,-15.778627,-50.049042
718,8.348837209302324,1926.0,36.21826171875,-17.17433,-44.806648
719,8.36046511627907,1936.0,46.21826171875,-17.374407,-35.310211
720,8.372093023255815,1910.0,20.21826171875,-16.300585,-22.453819
721,8.383720930232558,1917.0,27.21826171875,-14.018289,-7.693617
722,8.395348837209303,1908.0,18.21826171875,-10.609982,7.587978
723,8.406976744186046,1904.0,14.21826171875,-6.352235,21.884735
724,8.41860465116279,1901.0,11.21826171875,-1.57222,34.055347
725,8.430232558139535,1891.0,1.21826171875,3.236914,43.041508
726,8.44186046511628,1904.0,14.21826171875,7.624704,48.17704
727,8.453488372093023,1903.0,13.21826171875,11.195588,49.029484
728,8.465116279069766,1911.0,21.21826171875,13.718766,45.531029
729,8.476744186046512,1910.0,20.21826171875,15.211509,38.129513
730,8.488372093023255,1937.0,47.21826171875,15.750243,27.523289
731,8.5,1922.0,32.21826171875,15.478955,14.841223
732,8.511627906976745,1945.0,55.21826171875,14.402267,1.156571
733,8.523255813953488,1950.0,60.21826171875,12.520976,-12.289798
734,8.534883720930232,1970.0,80.21826171875,9.770122,-24.529934
735,8.546511627906977,1959.0,69.21826171875,6.212054,-34.587681
736,8.558139534883722,1961.0,71.21826171875,2.090086,-41.677555
737,8.569767441860465,1962.0,72.21826171875,-2.190635,-45.107006
738,8.58139534883721,1946.0,56.21826171875,-6.2114,-44.480473
739,8.593023255813954,1951.0,61.21826171875,-9.647887,-39.806
740,8.604651162790697,1923.0,33.21826171875,-12.390045,-31.548756
741,8.61627906976744,1930.0,40.21826171875,-14.475358,-20.712904
742,8.627906976744187,1906.0,16.21826171875,-15.960081,-8.457438
743,8.63953488372093,1918.0,28.21826171875,-16.810566,3.869717
744,8.651162790697674,1902.0,12.21826171875,-16.75395,15.331015
745,8.662790697674419,1911.0,21.21826171875,-15.447922,25.144096
746,8.674418604651162,1898.0,8.21826171875,-12.583497,32.948662
747,8.686046511627907,1907.0,17.21826171875,-8.1792,38.373203
748,8.697674418604652,1899.0,9.21826171875,-2.637794,41.056114
749,8.709302325581396,1899.0,9.21826171875,3.296113,40.547531
750,8.720930232558139,1916.0,26.21826171875,8.77126,36.418976
751,8.732558139534884,1904.0,14.21826171875,13.114642,28.654938
752,8.744186046511627,1934.0,44.21826171875,16.037607,17.706764
753,8.755813953488373,1909.0,19.21826171875,17.64229,4.798517
754,8.767441860465116,1950.0,60.21826171875,18.253014,-8.517952
755,8.779069767441861,1937.0,47.21826171875,18.108465,-20.489866
756,8.790697674418604,1957.0,67.21826171875,17.177883,-29.851181
757,8.802325581395348,1954.0,64.21826171875,15.168827,-35.830124
758,8.813953488372094,1952.0,62.21826171875,11.689182,-38.391514
759,8.825581395348838,1947.0,57.21826171875,6.594084,-37.876045
760,8.837209302325581,1930.0,40.21826171875,0.182862,-34.709549
761,8.848837209302326,1936.0,46.21826171875,-6.734794,-29.26779
762,8.86046511627907,1913.0,23.21826171875,-13.097803,-21.633488
763,8.872093023255813,1911.0,21.21826171875,-17.909563,-12.047005
764,8.88372093023256,1897.0,7.21826171875,-20.564255,-0.829166
765,8.895348837209303,1904.0,14.21826171875,-21.047634,11.087448
766,8.906976744186046,1893.0,3.21826171875,-19.810877,22.468752
767,8.91860465116279,1891.0,1.21826171875,-17.495197,31.790409
768,8.930232558139535,1903.0,13.21826171875,-14.553533,37.833126
769,8.941860465116278,1894.0,4.21826171875,-11.170806,39.826313
770,8.953488372093023,1911.0,21.21826171875,-7.18993,37.69228
771,8.965116279069768,1899.0,9.21826171875,-2.420901,32.00724
772,8.976744186046512,1942.0,52.21826171875,3.162056,23.606913
773,8.988372093023255,1925.0,35.21826171875,9.124298,13.524569
774,9.0,1959.0,69.21826171875,14.744609,2.587777
775,9.011627906976745,1950.0,60.21826171875,19.128429,-8.365604
776,9.023255813953488,1973.0,83.21826171875,21.593441,-18.623875
777,9.034883720930234,1970.0,80.21826171875,21.854595,-27.325756
778,9.046511627906977,1974.0,84.21826171875,20.072506,-33.632866
779,9.05813953488372,1979.0,89.21826171875,16.778297,-36.732986
780,9.069767441860463,1957.0,67.21826171875,12.520422,-36.148262
781,9.08139534883721,1968.0,78.21826171875,7.81237,-31.879089
782,9.093023255813954,1937.0,47.21826171875,2.859506,-24.451061
783,9.104651162790697,1954.0,64.21826171875,-2.175111,-14.851447
784,9.116279069767442,1915.0,25.21826171875,-7.228157,-4.195943
785,9.127906976744185,1935.0,45.21826171875,-12.021565,6.353642
786,9.13953488372093,1903.0,13.21826171875,-16.214233,15.906807
787,9.151162790697676,1911.0,21.21826171875,-19.375071,23.679014
788,9.162790697674419,1891.0,1.21826171875,-21.182814,29.13225
789,9.174418604651162,1903.0,13.21826171875,-21.485861,31.806883
790,9.186046511627907,1910.0,20.21826171875,-20.284487,31.445227
791,9.19767441860465,1893.0,3.21826171875,-17.718155,28.023594
792,9.209302325581396,1917.0,27.21826171875,-13.825972,21.916086
793,9.220930232558139,1904.0,14.21826171875,-8.649209,13.953204
794,9.232558139534884,1920.0,30.21826171875,-2.18565,5.181253
795,9.244186046511627,1917.0,27.21826171875,5.313814,-3.214979
796,9.25581395348837,1935.0,45.21826171875,13.293311,-10.430627
797,9.267441860465118,1936.0,46.21826171875,20.75794,-16.004885
798,9.279069767441861,1946.0,56.21826171875,26.493284,-20.030802
799,9.290697674418604,1945.0,55.21826171875,29.337372,-22.8036
800,9.30232558139535,1949.0,59.21826171875,28.579184,-24.600729
801,9.313953488372093,1951.0,61.21826171875,24.234818,-25.385014
802,9.325581395348836,1935.0,45.21826171875,17.042957,-24.710316
803,9.337209302325583,1949.0,59.21826171875,8.361226,-21.945465
804,9.348837209302326,1920.0,30.21826171875,-0.358646,-16.520584
805,9.36046511627907,1936.0,46.21826171875,-7.816748,-8.420303
806,9.372093023255813,1903.0,13.21826171875,-13.335361,1.757807
807,9.383720930232558,1915.0,25.21826171875,-16.780458,12.662205
808,9.395348837209303,1877.0,-12.78173828125,-18.576389,22.662319
809,9.406976744186046,1890.0,0.21826171875,-19.322674,30.094509
810,9.418604651162791,1879.0,-10.78173828125,-19.556276,33.829971
811,9.430232558139535,1883.0,-6.78173828125,-19.515924,33.387032
812,9.441860465116278,1885.0,-4.78173828125,-19.019182,29.036131
813,9.453488372093023,1882.0,-7.78173828125,-17.609127,21.623524
814,9.465116279069768,1898.0,8.21826171875,-14.636217,12.25775
815,9.476744186046512,1897.0,7.21826171875,-9.685642,2.122853
816,9.488372093023257,1921.0,31.21826171875,-2.636954,-7.769447
817,9.5,1911.0,21.21826171875,6.000502,-16.518749
818,9.511627906976743,1939.0,49.21826171875,15.23398,-23.499609
819,9.523255813953487,1938.0,48.21826171875,23.621796,-28.190845
820,9.534883720930234,1953.0,63.21826171875,29.684378,-30.316874
821,9.546511627906977,1947.0,57.21826171875,32.233902,-29.730843
822,9.55813953488372,1968.0,78.21826171875,30.733047,-26.523033
823,9.569767441860465,1953.0,63.21826171875,25.454779,-20.981844
824,9.581395348837209,1945.0,55.21826171875,17.385502,-13.518911
825,9.593023255813954,1947.0,57.21826171875,7.987527,-4.719554
826,9.604651162790699,1936.0,46.21826171875,-1.330042,4.815183
827,9.616279069767442,1942.0,52.21826171875,-9.464119,14.266106
828,9.627906976744185,1919.0,29.21826171875,-15.94585,22.815018
829,9.63953488372093,1919.0,29.21826171875,-20.750868,29.462557
830,9.651162790697674,1881.0,-8.78173828125,-24.138727,33.343872
831,9.662790697674419,1904.0,14.21826171875,-26.219057,33.769104
832,9.674418604651162,1888.0,-1.78173828125,-26.905348,30.428503
833,9.686046511627907,1888.0,-1.78173828125,-25.809664,23.54244
834,9.69767441860465,1893.0,3.21826171875,-22.461819,13.875313
835,9.709302325581394,1886.0,-3.78173828125,-16.684702,2.674154
836,9.72093023255814,1911.0,21.21826171875,-8.703281,-8.6485
837,9.732558139534884,1904.0,14.21826171875,0.621153,-18.677979
838,9.744186046511627,1926.0,36.21826171875,10.154538,-26.34903
839,9.755813953488373,1908.0,18.21826171875,18.592993,-30.952898
840,9.767441860465116,1933.0,43.21826171875,24.959238,-32.301216
841,9.77906976744186,1925.0,35.21826171875,28.614748,-30.55662
842,9.790697674418606,1936.0,46.21826171875,29.399637,-26.244905
843,9.80232558139535,1937.0,47.21826171875,27.494217,-19.993816
844,9.813953488372093,1936.0,46.21826171875,23.25322,-12.50967
845,9.825581395348838,1936.0,46.21826171875,17.187889,-4.441481
846,9.837209302325581,1935.0,45.21826171875,9.836337,3.71899
847,9.848837209302326,1936.0,46.21826171875,1.900005,11.534964
848,9.86046511627907,1920.0,30.21826171875,-5.920864,18.723215
849,9.872093023255815,1937.0,47.21826171875,-12.834238,24.894133
850,9.883720930232558,1911.0,21.21826171875,-18.27951,29.603733
851,9.895348837209301,1919.0,29.21826171875,-21.856842,32.256104
852,9.906976744186046,1890.0,0.21826171875,-23.530733,32.258781
853,9.918604651162791,1903.0,13.21826171875,-23.453335,29.115353
854,9.930232558139535,1887.0,-2.78173828125,-21.93648,22.679983
855,9.94186046511628,1887.0,-2.78173828125,-19.253357,13.305397
856,9.953488372093023,1891.0,1.21826171875,-15.553695,1.867276
857,9.965116279069766,1890.0,0.21826171875,-10.925895,-10.274995
858,9.976744186046512,1906.0,16.21826171875,-5.442979,-21.674023
859,9.988372093023257,1899.0,9.21826171875,0.651907,-30.868876
860,10.0,1919.0,29.21826171875,7.03914,-36.819336
861,10.011627906976743,1906.0,16.21826171875,13.169953,-38.881054
862,10.023255813953488,1930.0,40.21826171875,18.544886,-36.929184
863,10.034883720930232,1922.0,32.21826171875,22.644754,-31.230082
864,10.046511627906977,1933.0,43.21826171875,25.122437,-22.388508
865,10.058139534883722,1927.0,37.21826171875,25.679409,-11.335094
866,10.069767441860465,1926.0,36.21826171875,24.139801,0.793308
867,10.081395348837209,1923.0,33.21826171875,20.452871,12.663988
868,10.093023255813954,1926.0,36.21826171875,14.727706,23.006285
869,10.104651162790699,1933.0,43.21826171875,7.369274,30.671402
870,10.116279069767442,1926.0,36.21826171875,-0.98581,34.960899
871,10.127906976744187,1926.0,36.21826171875,-9.406247,35.589657
872,10.13953488372093,1904.0,14.21826171875,-16.955439,32.847961
873,10.151162790697674,1905.0,15.21826171875,-22.754126,27.31954
874,10.162790697674417,1899.0,9.21826171875,-26.288998,19.808018
875,10.174418604651164,1895.0,5.21826171875,-27.375395,11.080637
876,10.186046511627907,1882.0,-7.78173828125,-26.171112,1.811834
877,10.19767441860465,1894.0,4.21826171875,-22.949505,-7.341508
878,10.209302325581396,1884.0,-5.78173828125,-18.077589,-15.845551
879,10.220930232558139,1888.0,-1.78173828125,-11.897646,-23.042215
880,10.232558139534882,1895.0,5.21826171875,-4.761505,-28.386133
881,10.24418604651163,1891.0,1.21826171875,2.807302,-31.334003
882,10.255813953488373,1905.0,15.21826171875,10.230641,-31.599949
883,10.267441860465116,1899.0,9.21826171875,16.733807,-29.122437
884,10.279069767441861,1917.0,27.21826171875,21.720501,-24.105938
885,10.290697674418604,1909.0,19.21826171875,24.715281,-16.931971
886,10.30232558139535,1925.0,35.21826171875,25.615644,-8.151583
887,10.313953488372093,1917.0,27.21826171875,24.525938,1.541677
888,10.325581395348838,1931.0,41.21826171875,21.707388,11.354321
889,10.337209302325581,1927.0,37.21826171875,17.377716,20.228907
890,10.348837209302324,1920.0,30.21826171875,11.666484,27.157207
891,10.36046511627907,1931.0,41.21826171875,4.75843,31.12192
892,10.372093023255815,1909.0,19.21826171875,-3.06445,31.582947
893,10.383720930232558,1915.0,25.21826171875,-11.137325,28.505753
894,10.395348837209303,1889.0,-0.78173828125,-18.531301,22.580931
895,10.406976744186046,1920.0,30.21826171875,-24.07309,14.981949
896,10.41860465116279,1891.0,1.21826171875,-26.853573,7.005352
897,10.430232558139537,1899.0,9.21826171875,-26.381039,-0.265703
898,10.44186046511628,1881.0,-8.78173828125,-22.849348,-6.312792
899,10.453488372093023,1882.0,-7.78173828125,-17.075867,-11.136736
900,10.465116279069766,1876.0,-13.78173828125,-10.220045,-15.190559
901,10.476744186046512,1872.0,-17.78173828125,-3.490189,-18.817129
902,10.488372093023255,1899.0,9.21826171875,2.331973,-22.113037
903,10.5,1883.0,-6.78173828125,6.812091,-24.652527
904,10.511627906976745,1910.0,20.21826171875,10.078023,-25.669006
905,10.523255813953488,1899.0,9.21826171875,12.391201,-24.363754
906,10.534883720930232,1935.0,45.21826171875,14.128327,-20.251118
907,10.546511627906977,1924.0,34.21826171875,15.42303,-13.492372
908,10.558139534883722,1938.0,48.21826171875,16.25898,-4.798069
909,10.569767441860465,1932.0,42.21826171875,16.449699,4.640735
910,10.58139534883721,1936.0,46.21826171875,15.723802,13.607403
911,10.593023255813954,1934.0,44.21826171875,13.881423,20.989752
912,10.604651162790697,1934.0,44.21826171875,10.758343,26.092464
913,10.61627906976744,1936.0,46.21826171875,6.40009,28.492388
914,10.627906976744187,1918.0,28.21826171875,0.928901,28.096128
915,10.63953488372093,1926.0,36.21826171875,-5.209804,24.99361
916,10.651162790697674,1918.0,28.21826171875,-11.438862,19.506491
917,10.662790697674419,1910.0,20.21826171875,-16.933626,12.195597
918,10.674418604651162,1895.0,5.21826171875,-20.848673,3.912704
919,10.686046511627907,1899.0,9.21826171875,-22.422817,-4.213409
920,10.697674418604652,1889.0,-0.78173828125,-21.255232,-11.090366
921,10.709302325581396,1883.0,-6.78173828125,-17.494209,-15.868286
922,10.720930232558139,1889.0,-0.78173828125,-11.770649,-18.285172
923,10.732558139534884,1886.0,-3.78173828125,-5.180415,-18.647381
924,10.744186046511627,1904.0,14.21826171875,1.114006,-17.81111
925,10.755813953488373,1897.0,7.21826171875,6.104374,-16.6514
926,10.767441860465116,1916.0,26.21826171875,9.33208,-15.734517
927,10.779069767441861,1907.0,17.21826171875,10.870156,-14.964231
928,10.790697674418604,1926.0,36.21826171875,11.321709,-13.626455
929,10.802325581395348,1923.0,33.21826171875,11.429906,-10.780334
930,10.813953488372093,1935.0,45.21826171875,11.800829,-5.702623
931,10.825581395348838,1933.0,43.21826171875,12.58273,1.487341
932,10.837209302325581,1927.0,37.21826171875,13.363746,9.817155
933,10.848837209302326,1930.0,40.21826171875,13.415889,17.559801
934,10.86046511627907,1918.0,28.21826171875,11.893292,22.960846
935,10.872093023255813,1931.0,41.21826171875,8.393032,24.813402
936,10.88372093023256,1910.0,20.21826171875,3.018747,22.97151
937,10.895348837209303,1911.0,21.21826171875,-3.377507,18.377243
938,10.906976744186046,1902.0,12.21826171875,-9.638261,12.587192
939,10.91860465116279,1898.0,8.21826171875,-14.550792,7.131381
940,10.930232558139535,1890.0,0.21826171875,-17.348436,2.823725
941,10.941860465116278,1902.0,12.21826171875,-17.876251,-0.376713
942,10.953488372093023,1895.0,5.21826171875,-16.597494,-3.316127
943,10.965116279069768,1886.0,-3.78173828125,-14.281106,-6.845459
944,10.976744186046512,1897.0,7.21826171875,-11.57084,-11.366052
945,10.988372093023255,1885.0,-4.78173828125,-8.799068,-16.330606
946,11.0,1904.0,14.21826171875,-5.794132,-20.462202
947,11.011627906976745,1904.0,14.21826171875,-2.249578,-22.2726
948,11.023255813953488,1920.0,30.21826171875,2.098174,-20.78224
949,11.034883720930234,1918.0,28.21826171875,7.054673,-16.0341
950,11.046511627906977,1926.0,36.21826171875,11.99523,-9.12816
951,11.05813953488372,1914.0,24.21826171875,15.957144,-1.846464
952,11.069767441860463,1923.0,33.21826171875,18.139812,4.247766
953,11.08139534883721,1919.0,29.21826171875,18.134953,8.224993
954,11.093023255813954,1917.0,27.21826171875,16.154909,10.280111
955,11.104651162790697,1918.0,28.21826171875,12.923118,11.29796
956,11.116279069767442,1901.0,11.21826171875,9.270952,12.402232
957,11.127906976744185,1907.0,17.21826171875,5.829806,14.144476
958,11.13953488372093,1889.0,-0.78173828125,2.646083,16.210865
959,11.151162790697676,1898.0,8.21826171875,-0.63192,17.504332
960,11.162790697674419,1895.0,5.21826171875,-4.616673,16.623177
961,11.174418604651162,1904.0,14.21826171875,-9.552419,12.729728
962,11.186046511627907,1895.0,5.21826171875,-15.124178,5.928486
963,11.19767441860465,1890.0,0.21826171875,-20.322819,-2.509087
964,11.209302325581396,1901.0,11.21826171875,-23.734209,-10.657114
965,11.220930232558139,1889.0,-0.78173828125,-24.134069,-16.571884
966,11.232558139534884,1905.0,15.21826171875,-20.869001,-19.070116
967,11.244186046511627,1904.0,14.21826171875,-14.316646,-18.068384
968,11.25581395348837,1915.0,25.21826171875,-5.684816,-14.564644
969,11.267441860465118,1908.0,18.21826171875,3.235112,-10.135733
970,11.279069767441861,1915.0,25.21826171875,10.799725,-6.244165
971,11.290697674418604,1914.0,24.21826171875,15.899843,-3.722483
972,11.30232558139535,1919.0,29.21826171875,18.299662,-2.500851
973,11.313953488372093,1917.0,27.21826171875,18.507277,-1.866636
974,11.325581395348836,1918.0,28.21826171875,17.430428,-0.805874
975,11.337209302325583,1927.0,37.21826171875,15.909105,1.346807
976,11.348837209302326,1911.0,21.21826171875,14.323873,4.734697
977,11.36046511627907,1921.0,31.21826171875,12.559813,8.788629
978,11.372093023255815,1903.0,13.21826171875,10.050426,12.54698
979,11.383720930232558,1904.0,14.21826171875,6.293512,15.018621
980,11.395348837209301,1890.0,0.21826171875,1.049193,15.525105
981,11.406976744186046,1893.0,3.21826171875,-5.296614,13.905134
982,11.418604651162791,1891.0,1.21826171875,-11.908151,10.47474
983,11.430232558139535,1891.0,1.21826171875,-17.623034,5.905588
984,11.441860465116278,1891.0,1.21826171875,-21.399059,0.906794
985,11.453488372093023,1888.0,-1.78173828125,-22.589504,-3.870262
986,11.465116279069768,1890.0,0.21826171875,-21.087395,-7.978071
987,11.476744186046512,1894.0,4.21826171875,-17.307854,-11.077879
988,11.488372093023257,1904.0,14.21826171875,-11.942535,-13.002058
989,11.5,1898.0,8.21826171875,-5.802247,-13.626127
990,11.511627906976743,1917.0,27.21826171875,0.482935,-12.923013
991,11.523255813953488,1913.0,23.21826171875,6.367654,-11.042658
992,11.534883720930234,1920.0,30.21826171875,11.508053,-8.249918
993,11.546511627906977,1923.0,33.21826171875,15.561606,-4.967404
994,11.55813953488372,1919.0,29.21826171875,18.213026,-1.611448
995,11.569767441860465,1918.0,28.21826171875,19.175085,1.481531
996,11.581395348837209,1927.0,37.21826171875,18.299259,4.185843
997,11.593023255813954,1926.0,36.21826171875,15.64618,6.458895
998,11.604651162790699,1915.0,25.21826171875,11.550425,8.380756
999,11.616279069767442,1913.0,23.21826171875,6.590158,9.914162
1000,11.627906976744185,1902.0,12.21826171875,1.391413,10.918097
1001,11.63953488372093,1905.0,15.21826171875,-3.47371,11.074996
1002,11.651162790697674,1902.0,12.21826171875,-7.686804,10.08996
1003,11.662790697674419,1899.0,9.21826171875,-11.122711,7.798153
1004,11.674418604651164,1898.0,8.21826171875,-13.788663,4.359099
1005,11.686046511627907,1897.0,7.21826171875,-15.672197,0.250171
1006,11.69767441860465,1898.0,8.21826171875,-16.653875,-3.854603
1007,11.709302325581394,1897.0,7.21826171875,-16.428719,-7.204349
1008,11.72093023255814,1908.0,18.21826171875,-14.649031,-9.291988
1009,11.732558139534884,1909.0,19.21826171875,-11.100014,-9.866932
1010,11.744186046511627,1911.0,21.21826171875,-5.863976,-9.076204
1011,11.755813953488373,1917.0,27.21826171875,0.532063,-7.26908
1012,11.767441860465116,1922.0,32.21826171875,7.194354,-4.978842
1013,11.77906976744186,1918.0,28.21826171875,12.994199,-2.689606
1014,11.790697674418606,1926.0,36.21826171875,16.946039,-0.777842
1015,11.80232558139535,1924.0,34.21826171875,18.392616,0.551407
1016,11.813953488372093,1927.0,37.21826171875,17.278204,1.292624
1017,11.825581395348838,1927.0,37.21826171875,14.063446,1.552258
1018,11.837209302325581,1910.0,20.21826171875,9.603162,1.584347
1019,11.848837209302326,1919.0,29.21826171875,4.85827,1.648315
1020,11.86046511627907,1904.0,14.21826171875,0.54075,1.952196
1021,11.872093023255815,1907.0,17.21826171875,-2.93586,2.565511
1022,11.883720930232558,1892.0,2.21826171875,-5.590712,3.403145
1023,11.895348837209301,1895.0,5.21826171875,-7.589286,4.236306
1024,11.906976744186046,1900.0,10.21826171875,-9.177197,4.782177
1025,11.918604651162791,1889.0,-0.78173828125,-10.370483,4.835202
1026,11.930232558139535,1895.0,5.21826171875,-11.036563,4.302887
1027,11.94186046511628,1891.0,1.21826171875,-10.922958,3.255551
1028,11.953488372093023,1907.0,17.21826171875,-9.85868,1.812808
1029,11.965116279069766,1906.0,16.21826171875,-7.885389,0.172793
1030,11.976744186046512,1930.0,40.21826171875,-5.248545,-1.567544
1031,11.988372093023257,1930.0,40.21826171875,-2.37391,-3.302552
1032,12.0,1936.0,46.21826171875,0.433509,-4.898666
1033,12.011627906976743,1923.0,33.21826171875,2.969913,-6.163927
1034,12.023255813953488,1932.0,42.21826171875,5.314986,-6.801002
1035,12.034883720930232,1937.0,47.21826171875,7.550961,-6.565638
1036,12.046511627906977,1931.0,41.21826171875,9.724476,-5.325659
1037,12.058139534883722,1936.0,46.21826171875,11.611259,-3.240241
1038,12.069767441860465,1923.0,33.21826171875,12.759708,-0.716213
1039,12.081395348837209,1933.0,43.21826171875,12.642529,1.640757
1040,12.093023255813954,1917.0,27.21826171875,10.870354,3.294181
1041,12.104651162790697,1925.0,35.21826171875,7.459148,3.937912
1042,12.116279069767442,1904.0,14.21826171875,2.831578,3.655967
1043,12.127906976744187,1904.0,14.21826171875,-2.211643,2.83793
1044,12.13953488372093,1898.0,8.21826171875,-6.848974,2.013305
1045,12.151162790697674,1904.0,14.21826171875,-10.408108,1.574779
1046,12.162790697674417,1899.0,9.21826171875,-12.592188,1.671104
1047,12.174418604651164,1904.0,14.21826171875,-13.422621,2.111696
1048,12.186046511627907,1904.0,14.21826171875,-13.141226,2.505287
1049,12.19767441860465,1904.0,14.21826171875,-11.967684,2.48079
1050,12.209302325581396,1911.0,21.21826171875,-10.020432,1.824338
1051,12.220930232558139,1905.0,15.21826171875,-7.338424,0.598168
1052,12.232558139534882,1923.0,33.21826171875,-3.92771,-0.928771
1053,12.24418604651163,1919.0,29.21826171875,0.018773,-2.374463
1054,12.255813953488373,1921.0,31.21826171875,4.176281,-3.383681
1055,12.267441860465116,1914.0,24.21826171875,8.043165,-3.74304
1056,12.279069767441861,1923.0,33.21826171875,11.173595,-3.411564
1057,12.290697674418604,1921.0,31.21826171875,13.192716,-2.531177
1058,12.30232558139535,1921.0,31.21826171875,13.96329,-1.355911
1059,12.313953488372093,1921.0,31.21826171875,13.484981,-0.20626
1060,12.325581395348838,1906.0,16.21826171875,11.851456,0.614344
1061,12.337209302325581,1911.0,21.21826171875,9.192335,0.888206
1062,12.348837209302324,1907.0,17.21826171875,5.623745,0.581174
1063,12.36046511627907,1910.0,20.21826171875,1.371164,-0.1684
1064,12.372093023255815,1906.0,16.21826171875,-3.226251,-1.010323
1065,12.383720930232558,1904.0,14.21826171875,-7.621532,-1.538947
1066,12.395348837209303,1898.0,8.21826171875,-11.247226,-1.424469
1067,12.406976744186046,1897.0,7.21826171875,-13.606527,-0.58914
1068,12.41860465116279,1895.0,5.21826171875,-14.467398,0.781307
1069,12.430232558139537,1900.0,10.21826171875,-13.889492,2.272697
1070,12.44186046511628,1895.0,5.21826171875,-12.18566,3.384182
1071,12.453488372093023,1899.0,9.21826171875,-9.683382,3.827493
1072,12.465116279069766,1904.0,14.21826171875,-6.629978,3.512602
1073,12.476744186046512,1904.0,14.21826171875,-3.143322,2.645558
1074,12.488372093023255,1910.0,20.21826171875,0.769053,1.537364
1075,12.5,1909.0,19.21826171875,4.967191,0.465208
1076,12.511627906976745,1924.0,34.21826171875,9.151633,-0.452163
1077,12.523255813953488,1925.0,35.21826171875,12.763844,-1.261897
1078,12.534883720930232,1917.0,27.21826171875,15.205683,-2.071377
1079,12.546511627906977,1920.0,30.21826171875,16.025,-2.882135
1080,12.558139534883722,1918.0,28.21826171875,15.101052,-3.550357
1081,12.569767441860465,1919.0,29.21826171875,12.636226,-3.840089
1082,12.58139534883721,1916.0,26.21826171875,9.066378,-3.517662
1083,12.593023255813954,1916.0,26.21826171875,4.828118,-2.57266
1084,12.604651162790697,1905.0,15.21826171875,0.202283,-1.226312
1085,12.61627906976744,1911.0,21.21826171875,-4.637177,0.109909
1086,12.627906976744187,1904.0,14.21826171875,-9.552866,1.027752
1087,12.63953488372093,1906.0,16.21826171875,-14.141031,1.349071
1088,12.651162790697674,1904.0,14.21826171875,-17.734432,1.197866
1089,12.662790697674419,1904.0,14.21826171875,-19.449707,0.956093
1090,12.674418604651162,1904.0,14.21826171875,-18.563061,1.042007
1091,12.686046511627906,1901.0,11.21826171875,-14.853281,1.66799
1092,12.697674418604652,1907.0,17.21826171875,-8.857988,2.680924
1093,12.709302325581396,1902.0,12.21826171875,-1.813773,3.598686
1094,12.720930232558139,1906.0,16.21826171875,4.795938,3.860472
1095,12.732558139534884,1904.0,14.21826171875,9.687242,3.117455
1096,12.744186046511627,1904.0,14.21826171875,12.300428,1.434279
1097,12.755813953488373,1911.0,21.21826171875,12.87626,-0.662446
1098,12.767441860465116,1922.0,32.21826171875,12.2514,-2.443633
1099,12.779069767441861,1905.0,15.21826171875,11.311906,-3.30662
1100,12.790697674418604,1923.0,33.21826171875,10.617982,-3.019097
1101,12.802325581395348,1914.0,24.21826171875,10.051537,-1.918032
1102,12.813953488372093,1911.0,21.21826171875,9.023149,-0.68552
1103,12.825581395348838,1921.0,31.21826171875,6.836361,-0.056373
1104,12.837209302325581,1909.0,19.21826171875,3.125809,-0.450928
1105,12.848837209302326,1918.0,28.21826171875,-1.777048,-1.752331
1106,12.86046511627907,1905.0,15.21826171875,-7.01032,-3.369139
1107,12.872093023255813,1913.0,23.21826171875,-11.388448,-4.458046
1108,12.88372093023256,1910.0,20.21826171875,-13.991491,-4.340616
1109,12.895348837209303,1904.0,14.21826171875,-14.431015,-2.81186
1110,12.906976744186046,1906.0,16.21826171875,-12.974844,-0.205266
1111,12.918604651162791,1911.0,21.21826171875,-10.316427,2.70376
1112,12.930232558139535,1899.0,9.21826171875,-7.24405,5.060186
1113,12.941860465116278,1904.0,14.21826171875,-4.274978,6.262701
1114,12.953488372093023,1895.0,5.21826171875,-1.57268,6.158051
1115,12.965116279069768,1895.0,5.21826171875,0.984678,5.028343
1116,12.976744186046512,1904.0,14.21826171875,3.556794,3.420614
1117,12.988372093023255,1903.0,13.21826171875,6.101505,1.831362
1118,13.0,1903.0,13.21826171875,8.340438,0.528975
1119,13.011627906976745,1898.0,8.21826171875,9.809709,-0.538149
1120,13.023255813953488,1904.0,14.21826171875,10.160625,-1.545912
1121,13.034883720930234,1902.0,12.21826171875,9.281535,-2.663407
1122,13.046511627906977,1910.0,20.21826171875,7.433321,-3.83588
1123,13.05813953488372,1904.0,14.21826171875,5.117259,-4.761612
1124,13.069767441860465,1907.0,17.21826171875,2.884993,-5.024035
1125,13.08139534883721,1909.0,19.21826171875,1.093707,-4.302315
1126,13.093023255813954,1904.0,14.21826171875,-0.194516,-2.583156
1127,13.104651162790697,1904.0,14.21826171875,-1.187948,-0.249503
1128,13.116279069767442,1903.0,13.21826171875,-2.239416,2.033667
1129,13.127906976744185,1895.0,5.21826171875,-3.617059,3.524846
1130,13.13953488372093,1911.0,21.21826171875,-5.353074,3.770312
1131,13.151162790697676,1903.0,13.21826171875,-7.224843,2.692105
1132,13.162790697674419,1904.0,14.21826171875,-8.78987,0.732066
1133,13.174418604651162,1917.0,27.21826171875,-9.56206,-1.383895
1134,13.186046511627907,1918.0,28.21826171875,-9.196692,-2.902138
1135,13.19767441860465,1917.0,27.21826171875,-7.585628,-3.330503
1136,13.209302325581396,1914.0,24.21826171875,-4.894029,-2.582267
1137,13.22093023255814,1911.0,21.21826171875,-1.523385,-0.965472
1138,13.232558139534884,1918.0,28.21826171875,2.023229,0.953756
1139,13.244186046511627,1918.0,28.21826171875,5.218845,2.596817
1140,13.25581395348837,1931.0,41.21826171875,7.647628,3.537466
1141,13.267441860465116,1920.0,30.21826171875,9.036701,3.655226
1142,13.279069767441861,1925.0,35.21826171875,9.331893,3.090301
1143,13.290697674418604,1924.0,34.21826171875,8.60854,2.134451
1144,13.30232558139535,1923.0,33.21826171875,7.075936,1.093917
1145,13.313953488372093,1922.0,32.21826171875,4.995872,0.18472
1146,13.325581395348836,1925.0,35.21826171875,2.659045,-0.488635
1147,13.337209302325583,1918.0,28.21826171875,0.347967,-0.943113
1148,13.348837209302326,1930.0,40.21826171875,-1.695693,-1.226215
1149,13.36046511627907,1920.0,30.21826171875,-3.275376,-1.415918
1150,13.372093023255815,1906.0,16.21826171875,-4.288423,-1.526062
1151,13.383720930232558,1921.0,31.21826171875,-4.69123,-1.558928
1152,13.395348837209301,1917.0,27.21826171875,-4.622109,-1.544616
1153,13.406976744186046,1914.0,24.21826171875,-4.288679,-1.54662
1154,13.418604651162791,1915.0,25.21826171875,-3.908828,-1.599571
1155,13.430232558139535,1913.0,23.21826171875,-3.662018,-1.744747
1156,13.441860465116278,1907.0,17.21826171875,-3.559674,-1.952727
1157,13.453488372093023,1917.0,27.21826171875,-3.445875,-2.078599
1158,13.465116279069768,1919.0,29.21826171875,-3.040272,-1.979364
1159,13.476744186046512,1918.0,28.21826171875,-2.103439,-1.476575
1160,13.488372093023257,1935.0,45.21826171875,-0.512714,-0.513118
1161,13.5,1924.0,34.21826171875,1.535441,0.815968
1162,13.511627906976743,1939.0,49.21826171875,3.648275,2.26421
1163,13.523255813953488,1938.0,48.21826171875,5.258345,3.484063
1164,13.534883720930234,1938.0,48.21826171875,5.927565,4.184957
1165,13.546511627906977,1939.0,49.21826171875,5.513496,4.228122
1166,13.55813953488372,1942.0,52.21826171875,4.221286,3.681235
1167,13.569767441860465,1937.0,47.21826171875,2.546417,2.763712
1168,13.581395348837209,1930.0,40.21826171875,1.024981,1.750005
1169,13.593023255813954,1936.0,46.21826171875,0.063332,0.829371
1170,13.604651162790699,1917.0,27.21826171875,-0.32124,0.028338
1171,13.616279069767442,1930.0,40.21826171875,-0.348779,-0.742541
1172,13.627906976744185,1905.0,15.21826171875,-0.472654,-1.639954
1173,13.63953488372093,1917.0,27.21826171875,-0.985778,-2.692826
1174,13.651162790697674,1905.0,15.21826171875,-1.968607,-3.754463
1175,13.662790697674419,1902.0,12.21826171875,-3.160575,-4.515948
1176,13.674418604651164,1904.0,14.21826171875,-4.148478,-4.647295
1177,13.686046511627907,1903.0,13.21826171875,-4.559707,-3.980859
1178,13.69767441860465,1913.0,23.21826171875,-4.240928,-2.629767
1179,13.709302325581394,1906.0,16.21826171875,-3.335507,-0.957139
1180,13.72093023255814,1917.0,27.21826171875,-2.113723,0.577904
1181,13.732558139534884,1911.0,21.21826171875,-0.877658,1.643256
1182,13.744186046511627,1925.0,35.21826171875,0.297753,2.181551
1183,13.755813953488373,1920.0,30.21826171875,1.473504,2.424447
1184,13.767441860465116,1933.0,43.21826171875,2.801861,2.702247
1185,13.77906976744186,1929.0,39.21826171875,4.256981,3.217139
1186,13.790697674418606,1947.0,57.21826171875,5.600393,3.855168
1187,13.80232558139535,1936.0,46.21826171875,6.328594,4.167258
1188,13.813953488372093,1936.0,46.21826171875,5.958262,3.627802
1189,13.825581395348838,1939.0,49.21826171875,4.278861,1.914099
1190,13.837209302325581,1936.0,46.21826171875,1.50965,-0.808865
1191,13.848837209302324,1934.0,44.21826171875,-1.654156,-3.880687
1192,13.86046511627907,1916.0,26.21826171875,-4.328238,-6.294264
1193,13.872093023255815,1925.0,35.21826171875,-5.743937,-7.154198
1194,13.883720930232558,1904.0,14.21826171875,-5.654464,-6.061729
1195,13.895348837209301,1906.0,16.21826171875,-4.354609,-3.321641
1196,13.906976744186046,1895.0,5.21826171875,-2.596443,0.160043
1197,13.918604651162791,1899.0,9.21826171875,-1.182565,3.235795
1198,13.930232558139535,1898.0,8.21826171875,-0.639202,4.974283
1199,13.94186046511628,1897.0,7.21826171875,-0.967102,5.05515
1200,13.953488372093023,1898.0,8.21826171875,-1.710427,3.75546
1201,13.965116279069766,1902.0,12.21826171875,-2.199759,1.869643
1202,13.976744186046512,1914.0,24.21826171875,-1.893012,0.1875
1203,13.988372093023257,1911.0,21.21826171875,-0.659307,-0.744308
1204,14.0,1923.0,33.21826171875,1.228248,-0.893886
1205,14.011627906976743,1922.0,32.21826171875,3.186714,-0.60293
1206,14.023255813953488,1943.0,53.21826171875,4.677541,-0.356895
1207,14.034883720930232,1933.0,43.21826171875,5.360104,-0.527214
1208,14.046511627906977,1943.0,53.21826171875,5.25336,-1.153756
1209,14.058139534883722,1947.0,57.21826171875,4.633942,-1.958818
1210,14.069767441860465,1934.0,44.21826171875,3.845182,-2.521035
1211,14.081395348837209,1939.0,49.21826171875,3.144242,-2.503069
1212,14.093023255813954,1923.0,33.21826171875,2.529048,-1.796472
1213,14.104651162790697,1925.0,35.21826171875,1.826939,-0.622057
1214,14.116279069767442,1909.0,19.21826171875,0.735847,0.618032
1215,14.127906976744187,1913.0,23.21826171875,-0.918045,1.512178
1216,14.13953488372093,1900.0,10.21826171875,-3.144087,1.828002
1217,14.151162790697674,1902.0,12.21826171875,-5.673038,1.608129
1218,14.162790697674417,1897.0,7.21826171875,-8.063566,1.122114
1219,14.174418604651164,1889.0,-0.78173828125,-9.80007,0.732258
1220,14.186046511627907,1903.0,13.21826171875,-10.42388,0.718234
1221,14.19767441860465,1901.0,11.21826171875,-9.712208,1.130335
1222,14.209302325581396,1918.0,28.21826171875,-7.667644,1.744654
1223,14.220930232558139,1907.0,17.21826171875,-4.594985,2.178679
1224,14.232558139534882,1936.0,46.21826171875,-0.918674,2.027707
1225,14.24418604651163,1926.0,36.21826171875,2.815163,1.075707
1226,14.255813953488373,1949.0,59.21826171875,6.170813,-0.600679
1227,14.267441860465116,1946.0,56.21826171875,8.819909,-2.618649
1228,14.279069767441861,1947.0,57.21826171875,10.64474,-4.397095
1229,14.290697674418604,1954.0,64.21826171875,11.601187,-5.429564
1230,14.30232558139535,1934.0,44.21826171875,11.705548,-5.399875
1231,14.313953488372093,1947.0,57.21826171875,10.968566,-4.317396
1232,14.325581395348838,1925.0,35.21826171875,9.31235,-2.516934
1233,14.337209302325581,1936.0,46.21826171875,6.754337,-0.458331
1234,14.348837209302324,1913.0,23.21826171875,3.345146,1.431486
1235,14.36046511627907,1921.0,31.21826171875,-0.607131,2.920874
1236,14.372093023255815,1899.0,9.21826171875,-4.689578,3.980249
1237,14.383720930232558,1905.0,15.21826171875,-8.33512,4.736564
1238,14.395348837209303,1889.0,-0.78173828125,-11.073071,5.292404
1239,14.406976744186046,1895.0,5.21826171875,-12.603718,5.641146
1240,14.41860465116279,1895.0,5.21826171875,-12.904525,5.608708
1241,14.430232558139535,1886.0,-3.78173828125,-12.163849,4.964846
1242,14.44186046511628,1905.0,15.21826171875,-10.67538,3.522179
1243,14.453488372093023,1898.0,8.21826171875,-8.716097,1.286448
1244,14.465116279069768,1921.0,31.21826171875,-6.409762,-1.522679
1245,14.476744186046512,1918.0,28.21826171875,-3.779588,-4.513031
1246,14.488372093023255,1940.0,50.21826171875,-0.729696,-7.198268
1247,14.5,1937.0,47.21826171875,2.746684,-9.154021
1248,14.511627906976745,1947.0,57.21826171875,6.542782,-10.044254
1249,14.523255813953488,1945.0,55.21826171875,10.338609,-9.726781
1250,14.534883720930232,1937.0,47.21826171875,13.683043,-8.184265
1251,14.546511627906977,1952.0,62.21826171875,16.070717,-5.569988
1252,14.55813953488372,1926.0,36.21826171875,17.017462,-2.185577
1253,14.569767441860465,1935.0,45.21826171875,16.230389,1.531301
1254,14.58139534883721,1910.0,20.21826171875,13.604229,5.061152
1255,14.593023255813954,1919.0,29.21826171875,9.353852,7.925303
1256,14.604651162790697,1907.0,17.21826171875,3.903911,9.774558
1257,14.616279069767442,1904.0,14.21826171875,-2.095667,10.490152
1258,14.627906976744187,1903.0,13.21826171875,-7.903714,10.222464
1259,14.63953488372093,1902.0,12.21826171875,-12.849781,9.202988
1260,14.651162790697674,1893.0,3.21826171875,-16.412785,7.669258
1261,14.662790697674419,1893.0,3.21826171875,-18.343666,5.721199
1262,14.674418604651162,1898.0,8.21826171875,-18.659307,3.250299
1263,14.686046511627906,1899.0,9.21826171875,-17.538708,0.148735
1264,14.697674418604652,1904.0,14.21826171875,-15.205195,-3.58014
1265,14.709302325581396,1897.0,7.21826171875,-11.82923,-7.594684
1266,14.720930232558139,1919.0,29.21826171875,-7.465476,-11.244217
1267,14.732558139534884,1915.0,25.21826171875,-2.202369,-13.7086
1268,14.744186046511627,1920.0,30.21826171875,3.785675,-14.294044
1269,14.755813953488373,1920.0,30.21826171875,10.05482,-12.718108
1270,14.767441860465118,1930.0,40.21826171875,15.925396,-9.255638
1271,14.779069767441861,1929.0,39.21826171875,20.510443,-4.734159
1272,14.790697674418604,1915.0,25.21826171875,22.996748,-0.1499
1273,14.802325581395348,1917.0,27.21826171875,22.893824,3.630301
1274,14.813953488372093,1903.0,13.21826171875,20.157022,6.181704
1275,14.825581395348838,1914.0,24.21826171875,15.24378,7.584633
1276,14.837209302325581,1893.0,3.21826171875,8.907701,8.274364
1277,14.848837209302326,1898.0,8.21826171875,2.012287,8.723944
1278,14.86046511627907,1896.0,6.21826171875,-4.705132,9.199253
1279,14.872093023255813,1885.0,-4.78173828125,-10.763985,9.54936
1280,14.88372093023256,1891.0,1.21826171875,-15.900888,9.32239
1281,14.895348837209303,1895.0,5.21826171875,-19.911234,8.016619
1282,14.906976744186046,1898.0,8.21826171875,-22.544971,5.368313
1283,14.918604651162791,1893.0,3.21826171875,-23.448565,1.552361
1284,14.930232558139535,1911.0,21.21826171875,-22.209698,-2.817081
1285,14.941860465116278,1907.0,17.21826171875,-18.597269,-6.850617
1286,14.953488372093023,1911.0,21.21826171875,-12.718112,-9.761585
1287,14.965116279069768,1927.0,37.21826171875,-5.113675,-11.057995
1288,14.976744186046512,1942.0,52.21826171875,3.250614,-10.790953
1289,14.988372093023255,1928.0,38.21826171875,11.165396,-9.428709
1290,15.0,1935.0,45.21826171875,17.568598,-7.577841
1291,15.011627906976745,1926.0,36.21826171875,21.673498,-5.79039
1292,15.023255813953488,1922.0,32.21826171875,23.223034,-4.238907
1293,15.034883720930234,1923.0,33.21826171875,22.414083,-2.751272
1294,15.046511627906977,1911.0,21.21826171875,19.738714,-0.924809
1295,15.05813953488372,1921.0,31.21826171875,15.802517,1.592159
1296,15.069767441860465,1913.0,23.21826171875,11.09154,4.846905
1297,15.08139534883721,1906.0,16.21826171875,5.916296,8.430711
1298,15.093023255813954,1904.0,14.21826171875,0.424828,11.601587
1299,15.104651162790697,1907.0,17.21826171875,-5.249232,13.485129
1300,15.116279069767442,1896.0,6.21826171875,-10.935601,13.378827
1301,15.127906976744185,1904.0,14.21826171875,-16.214127,11.094187
1302,15.139534883720929,1898.0,8.21826171875,-20.566366,6.950758
1303,15.151162790697676,1897.0,7.21826171875,-23.32872,1.764805
1304,15.162790697674419,1893.0,3.21826171875,-23.922861,-3.465746
1305,15.174418604651162,1903.0,13.21826171875,-21.970947,-7.807051
1306,15.186046511627907,1901.0,11.21826171875,-17.44632,-10.647772
1307,15.19767441860465,1899.0,9.21826171875,-10.720326,-11.75187
1308,15.209302325581396,1898.0,8.21826171875,-2.521706,-11.235586
1309,15.22093023255814,1895.0,5.21826171875,6.109619,-9.443932
1310,15.232558139534884,1894.0,4.21826171875,14.035913,-6.832149
1311,15.244186046511627,1886.0,-3.78173828125,20.159847,-3.876642
1312,15.25581395348837,1893.0,3.21826171875,23.700161,-1.023857
1313,15.267441860465116,1897.0,7.21826171875,24.264275,1.34761
1314,15.279069767441861,1891.0,1.21826171875,21.97801,2.979622
1315,15.290697674418604,1904.0,14.21826171875,17.415413,3.8403
1316,15.30232558139535,1891.0,1.21826171875,11.459368,4.114121
1317,15.313953488372093,1898.0,8.21826171875,5.082156,4.171431
1318,15.325581395348836,1894.0,4.21826171875,-0.897184,4.417781
1319,15.337209302325583,1902.0,12.21826171875,-5.926334,5.096239
1320,15.348837209302326,1893.0,3.21826171875,-9.811522,6.148308
1321,15.36046511627907,1902.0,12.21826171875,-12.587749,7.160945
1322,15.372093023255815,1889.0,-0.78173828125,-14.474065,7.479989
1323,15.383720930232558,1897.0,7.21826171875,-15.590508,6.527714
1324,15.395348837209301,1894.0,4.21826171875,-15.988434,4.012506
1325,15.406976744186046,1893.0,3.21826171875,-15.53426,0.148566
1326,15.418604651162791,1886.0,-3.78173828125,-14.027442,-4.369718
1327,15.430232558139535,1890.0,0.21826171875,-11.259336,-8.550883
1328,15.441860465116278,1886.0,-3.78173828125,-7.177053,-11.459692
1329,15.453488372093023,1886.0,-3.78173828125,-1.951591,-12.466789
1330,15.465116279069768,1889.0,-0.78173828125,3.976147,-11.479959
1331,15.476744186046512,1882.0,-7.78173828125,9.914975,-8.846515
1332,15.488372093023257,1890.0,0.21826171875,15.067495,-5.236773
1333,15.5,1885.0,-4.78173828125,18.605742,-1.383492
1334,15.511627906976743,1893.0,3.21826171875,19.931816,2.100677
1335,15.523255813953488,1901.0,11.21826171875,18.770296,4.856221
1336,15.534883720930234,1904.0,14.21826171875,15.332062,6.795654
1337,15.546511627906977,1898.0,8.21826171875,10.219145,7.977336
1338,15.55813953488372,1901.0,11.21826171875,4.341923,8.547551
1339,15.569767441860465,1904.0,14.21826171875,-1.357596,8.609683
1340,15.581395348837209,1893.0,3.21826171875,-6.196917,8.163438
1341,15.593023255813954,1906.0,16.21826171875,-9.822044,7.105965
1342,15.604651162790699,1895.0,5.21826171875,-12.315901,5.286358
1343,15.616279069767442,1897.0,7.21826171875,-13.90917,2.624846
1344,15.627906976744185,1884.0,-5.78173828125,-14.822309,-0.760381
1345,15.63953488372093,1882.0,-7.78173828125,-14.970841,-4.477959
1346,15.651162790697674,1881.0,-8.78173828125,-14.011891,-7.879807
1347,15.662790697674417,1888.0,-1.78173828125,-11.477589,-10.186519
1348,15.674418604651162,1883.0,-6.78173828125,-7.131649,-10.757489
1349,15.686046511627906,1879.0,-10.78173828125,-1.256108,-9.342742
1350,15.697674418604652,1878.0,-11.78173828125,5.284102,-6.239402
1351,15.709302325581396,1882.0,-7.78173828125,11.168079,-2.256043
1352,15.72093023255814,1881.0,-8.78173828125,15.086061,1.500295
1353,15.732558139534884,1875.0,-14.78173828125,16.152077,4.049277
1354,15.744186046511627,1884.0,-5.78173828125,14.358122,4.910699
1355,15.755813953488373,1879.0,-10.78173828125,10.451559,4.24545
1356,15.767441860465116,1885.0,-4.78173828125,5.751436,2.797806
1357,15.77906976744186,1881.0,-8.78173828125,1.539779,1.491687
1358,15.790697674418604,1885.0,-4.78173828125,-1.370592,1.028822
1359,15.802325581395348,1882.0,-7.78173828125,-2.863558,1.545241
1360,15.813953488372091,1879.0,-10.78173828125,-3.460361,2.578823
1361,15.82558139534884,1877.0,-12.78173828125,-3.856424,3.351011
1362,15.837209302325583,1873.0,-16.78173828125,-4.582065,3.188927
1363,15.848837209302326,1882.0,-7.78173828125,-5.616587,1.897679
1364,15.86046511627907,1878.0,-11.78173828125,-6.526074,-0.117518
1365,15.872093023255815,1872.0,-17.78173828125,-6.631683,-2.010973
1366,15.883720930232558,1872.0,-17.78173828125,-5.493561,-2.937897
1367,15.895348837209301,1875.0,-14.78173828125,-3.141428,-2.479118
1368,15.906976744186046,1883.0,-6.78173828125,-0.182746,-0.902758
1369,15.91860465116279,1873.0,-16.78173828125,2.464043,0.952356
1370,15.930232558139533,1882.0,-7.78173828125,3.986187,2.073335
1371,15.941860465116278,1878.0,-11.78173828125,3.955171,1.719684
1372,15.953488372093025,1879.0,-10.78173828125,2.586672,-0.170769
1373,15.965116279069768,1887.0,-2.78173828125,0.543243,-2.92511
1374,15.976744186046513,1872.0,-17.78173828125,-1.314689,-5.442408
1375,15.988372093023257,1882.0,-7.78173828125,-2.304984,-6.625012
1376,16.0,1883.0,-6.78173828125,-2.157187,-5.88505
1377,16.011627906976745,1879.0,-10.78173828125,-1.087028,-3.400941
1378,16.023255813953487,1872.0,-17.78173828125,0.404587,0.015514
1379,16.03488372093023,1885.0,-4.78173828125,1.780516,3.250373
1380,16.046511627906977,1870.0,-19.78173828125,2.631461,5.329189
1381,16.05813953488372,1872.0,-17.78173828125,2.919677,5.854378
1382,16.069767441860463,1870.0,-19.78173828125,2.788639,5.03948
1383,16.081395348837212,1871.0,-18.78173828125,2.539098,3.561953
1384,16.093023255813954,1860.0,-29.78173828125,2.351315,2.188211
1385,16.1046511627907,1873.0,-16.78173828125,2.30119,1.444501
1386,16.116279069767444,1871.0,-18.78173828125,2.237529,1.369962
1387,16.127906976744185,1872.0,-17.78173828125,1.929334,1.552504
1388,16.13953488372093,1879.0,-10.78173828125,1.174537,1.421122
1389,16.151162790697676,1872.0,-17.78173828125,-0.105798,0.53097
1390,16.162790697674417,1892.0,2.21826171875,-1.795576,-1.204933
1391,16.174418604651162,1881.0,-8.78173828125,-3.659516,-3.429377
1392,16.186046511627907,1894.0,4.21826171875,-5.330389,-5.502676
1393,16.19767441860465,1893.0,3.21826171875,-6.481256,-6.769236
1394,16.209302325581397,1890.0,0.21826171875,-6.852096,-6.825654
1395,16.220930232558143,1901.0,11.21826171875,-6.334559,-5.610952
1396,16.232558139534884,1883.0,-6.78173828125,-4.952707,-3.430439
1397,16.24418604651163,1895.0,5.21826171875,-2.839246,-0.748504
1398,16.25581395348837,1880.0,-9.78173828125,-0.259417,1.92649
1399,16.267441860465116,1869.0,-20.78173828125,2.461205,4.216076
1400,16.27906976744186,1872.0,-17.78173828125,4.975769,5.943489
1401,16.290697674418603,1872.0,-17.78173828125,6.918983,6.962306
1402,16.302325581395348,1863.0,-26.78173828125,7.948324,7.183238
1403,16.313953488372093,1869.0,-20.78173828125,7.881277,6.533092
1404,16.325581395348834,1856.0,-33.78173828125,6.670717,4.970738
1405,16.337209302325583,1858.0,-31.78173828125,4.557136,2.655936
1406,16.348837209302328,1869.0,-20.78173828125,1.927523,-0.091329
1407,16.36046511627907,1855.0,-34.78173828125,-0.731782,-2.797801
1408,16.372093023255815,1869.0,-20.78173828125,-2.927438,-4.931844
1409,16.38372093023256,1864.0,-25.78173828125,-4.380125,-6.147774
1410,16.3953488372093,1885.0,-4.78173828125,-4.996651,-6.341952
1411,16.406976744186046,1877.0,-12.78173828125,-4.935852,-5.71696
1412,16.41860465116279,1889.0,-0.78173828125,-4.432125,-4.623429
1413,16.430232558139533,1887.0,-2.78173828125,-3.752476,-3.38856
1414,16.441860465116278,1889.0,-0.78173828125,-3.002584,-2.195714
1415,16.453488372093023,1894.0,4.21826171875,-2.169652,-1.013543
1416,16.46511627906977,1894.0,4.21826171875,-1.168128,0.29388
1417,16.476744186046513,1897.0,7.21826171875,0.080017,1.830142
1418,16.48837209302326,1883.0,-6.78173828125,1.541164,3.545165
1419,16.5,1882.0,-7.78173828125,3.013736,5.137737
1420,16.511627906976745,1872.0,-17.78173828125,4.199622,6.248161
1421,16.52325581395349,1872.0,-17.78173828125,4.797455,6.511653
1422,16.53488372093023,1857.0,-32.78173828125,4.599206,5.79697
1423,16.546511627906977,1849.0,-40.78173828125,3.608659,4.239675
1424,16.558139534883722,1851.0,-38.78173828125,1.990739,2.185327
1425,16.569767441860463,1861.0,-28.78173828125,0.063095,0.056952
1426,16.58139534883721,1859.0,-30.78173828125,-1.842107,-1.817546
1427,16.59302325581395,1857.0,-32.78173828125,-3.419545,-3.282402
1428,16.6046511627907,1871.0,-18.78173828125,-4.433543,-4.31472
1429,16.616279069767444,1855.0,-34.78173828125,-4.77061,-4.965098
1430,16.627906976744185,1882.0,-7.78173828125,-4.402007,-5.265104
1431,16.63953488372093,1872.0,-17.78173828125,-3.444565,-5.203001
1432,16.651162790697676,1881.0,-8.78173828125,-2.081862,-4.740079
1433,16.662790697674417,1883.0,-6.78173828125,-0.562114,-3.840574
1434,16.674418604651162,1893.0,3.21826171875,0.879618,-2.555645
1435,16.686046511627907,1890.0,0.21826171875,2.097108,-0.995833
1436,16.69767441860465,1889.0,-0.78173828125,3.068658,0.715973
1437,16.709302325581394,1877.0,-12.78173828125,3.860079,2.443583
1438,16.72093023255814,1872.0,-17.78173828125,4.56567,4.094453
1439,16.732558139534884,1884.0,-5.78173828125,5.190567,5.549996
1440,16.74418604651163,1866.0,-23.78173828125,5.557968,6.646259
1441,16.755813953488374,1870.0,-19.78173828125,5.388977,7.145904
1442,16.767441860465116,1851.0,-38.78173828125,4.387353,6.829459
1443,16.77906976744186,1861.0,-28.78173828125,2.461989,5.58409
1444,16.790697674418606,1843.0,-46.78173828125,-0.264109,3.446171
1445,16.802325581395348,1847.0,-42.78173828125,-3.327898,0.73316
1446,16.813953488372093,1843.0,-46.78173828125,-6.181334,-2.145884
1447,16.825581395348838,1843.0,-46.78173828125,-8.3047,-4.716877
1448,16.83720930232558,1857.0,-32.78173828125,-9.409473,-6.637942
1449,16.848837209302324,1855.0,-34.78173828125,-9.474226,-7.726707
1450,16.86046511627907,1871.0,-18.78173828125,-8.655045,-7.972473
1451,16.872093023255815,1855.0,-34.78173828125,-7.13165,-7.432878
1452,16.88372093023256,1881.0,-8.78173828125,-4.959693,-6.159447
1453,16.8953488372093,1870.0,-19.78173828125,-2.130499,-4.2258
1454,16.906976744186046,1875.0,-14.78173828125,1.362299,-1.74297
1455,16.91860465116279,1883.0,-6.78173828125,5.313643,1.032039
1456,16.930232558139533,1884.0,-5.78173828125,9.19733,3.679972
1457,16.941860465116278,1877.0,-12.78173828125,12.277412,5.717175
1458,16.953488372093023,1862.0,-27.78173828125,13.828053,6.79032
1459,16.965116279069765,1873.0,-16.78173828125,13.455152,6.830757
1460,16.97674418604651,1872.0,-17.78173828125,11.238732,6.088155
1461,16.98837209302326,1871.0,-18.78173828125,7.717682,5.010692
1462,17.0,1855.0,-34.78173828125,3.67897,4.040096
1463,17.011627906976745,1859.0,-30.78173828125,-0.167636,3.376823
1464,17.02325581395349,1846.0,-43.78173828125,-3.457624,2.855082
1465,17.03488372093023,1855.0,-34.78173828125,-6.165291,2.100728
1466,17.046511627906977,1841.0,-48.78173828125,-8.497862,0.714492
1467,17.058139534883722,1847.0,-42.78173828125,-10.584951,-1.39161
1468,17.069767441860463,1843.0,-46.78173828125,-12.315454,-3.950681
1469,17.08139534883721,1852.0,-37.78173828125,-13.288774,-6.344292
1470,17.093023255813954,1847.0,-42.78173828125,-13.071137,-7.976952
1471,17.104651162790695,1853.0,-36.78173828125,-11.355845,-8.455933
1472,17.116279069767444,1856.0,-33.78173828125,-8.23036,-7.819337
1473,17.12790697674419,1853.0,-36.78173828125,-4.112686,-6.41038
1474,17.13953488372093,1870.0,-19.78173828125,0.415972,-4.632781
1475,17.151162790697676,1867.0,-22.78173828125,4.831048,-2.740172
1476,17.16279069767442,1869.0,-20.78173828125,8.845475,-0.695893
1477,17.174418604651162,1872.0,-17.78173828125,12.367225,1.687421
1478,17.186046511627907,1872.0,-17.78173828125,15.285789,4.492441
1479,17.19767441860465,1875.0,-14.78173828125,17.292633,7.439732
1480,17.209302325581394,1881.0,-8.78173828125,17.836613,9.887878
1481,17.22093023255814,1875.0,-14.78173828125,16.305237,11.03567
1482,17.23255813953488,1872.0,-17.78173828125,12.372089,10.34253
1483,17.24418604651163,1865.0,-24.78173828125,6.268847,7.793293
1484,17.255813953488374,1861.0,-28.78173828125,-1.084873,4.024629
1485,17.267441860465116,1869.0,-20.78173828125,-8.337105,0.067598
1486,17.27906976744186,1870.0,-19.78173828125,-14.131289,-3.083675
1487,17.290697674418606,1869.0,-20.78173828125,-17.573006,-4.897043
1488,17.302325581395348,1854.0,-35.78173828125,-18.471985,-5.458995
1489,17.313953488372093,1857.0,-32.78173828125,-17.265762,-5.322687
1490,17.325581395348838,1851.0,-38.78173828125,-14.734017,-5.165358
1491,17.33720930232558,1853.0,-36.78173828125,-11.561045,-5.388323
1492,17.348837209302324,1840.0,-49.78173828125,-8.108778,-5.92203
1493,17.36046511627907,1846.0,-43.78173828125,-4.340963,-6.267635
1494,17.372093023255815,1847.0,-42.78173828125,-0.119269,-5.871519
1495,17.38372093023256,1846.0,-43.78173828125,4.519883,-4.415982
1496,17.395348837209305,1862.0,-27.78173828125,9.207729,-1.996965
1497,17.406976744186046,1857.0,-32.78173828125,13.253505,0.886493
1498,17.41860465116279,1869.0,-20.78173828125,15.967595,3.659219
1499,17.430232558139537,1865.0,-24.78173828125,16.866899,5.834984
1500,17.441860465116278,1872.0,-17.78173828125,15.944327,7.262148
1501,17.453488372093023,1872.0,-17.78173828125,13.561174,8.000672
1502,17.46511627906977,1883.0,-6.78173828125,10.261512,8.176336
1503,17.47674418604651,1873.0,-16.78173828125,6.497447,7.81237
1504,17.488372093023255,1875.0,-14.78173828125,2.470524,6.761478
1505,17.5,1885.0,-4.78173828125,-1.792039,4.885181
1506,17.511627906976745,1881.0,-8.78173828125,-6.278045,2.152918
1507,17.52325581395349,1874.0,-15.78173828125,-10.74811,-1.153831
1508,17.53488372093023,1861.0,-28.78173828125,-14.669389,-4.492512
1509,17.546511627906977,1872.0,-17.78173828125,-17.252886,-7.172023
1510,17.558139534883722,1851.0,-38.78173828125,-17.850765,-8.718788
1511,17.569767441860463,1863.0,-26.78173828125,-16.117271,-8.933767
1512,17.58139534883721,1854.0,-35.78173828125,-12.283312,-8.027366
1513,17.593023255813954,1856.0,-33.78173828125,-7.042484,-6.42274
1514,17.604651162790695,1851.0,-38.78173828125,-1.397942,-4.596379
1515,17.61627906976744,1853.0,-36.78173828125,3.722319,-2.841395
1516,17.62790697674419,1861.0,-28.78173828125,7.669605,-1.224804
1517,17.63953488372093,1849.0,-40.78173828125,10.179908,0.297361
1518,17.651162790697676,1867.0,-22.78173828125,11.396597,1.87273
1519,17.66279069767442,1866.0,-23.78173828125,11.600183,3.517237
1520,17.674418604651162,1870.0,-19.78173828125,11.156143,5.172276
1521,17.686046511627907,1868.0,-21.78173828125,10.28228,6.660906
1522,17.697674418604652,1876.0,-13.78173828125,9.08639,7.824761
1523,17.709302325581394,1877.0,-12.78173828125,7.533386,8.488503
1524,17.72093023255814,1886.0,-3.78173828125,5.534557,8.482971
1525,17.732558139534884,1882.0,-7.78173828125,3.049814,7.684407
1526,17.744186046511626,1872.0,-17.78173828125,0.10972,5.98311
1527,17.755813953488374,1872.0,-17.78173828125,-3.052432,3.423092
1528,17.76744186046512,1869.0,-20.78173828125,-6.092023,0.200504
1529,17.77906976744186,1869.0,-20.78173828125,-8.592044,-3.317306
1530,17.790697674418606,1856.0,-33.78173828125,-10.171003,-6.61396
1531,17.802325581395348,1861.0,-28.78173828125,-10.586161,-9.176326
1532,17.813953488372093,1853.0,-36.78173828125,-9.888581,-10.703451
1533,17.825581395348838,1858.0,-31.78173828125,-8.336422,-11.092443
1534,17.83720930232558,1847.0,-42.78173828125,-6.371542,-10.505082
1535,17.848837209302324,1857.0,-32.78173828125,-4.368675,-9.143639
1536,17.86046511627907,1853.0,-36.78173828125,-2.511344,-7.140818
1537,17.87209302325581,1857.0,-32.78173828125,-0.766204,-4.520831
1538,17.883720930232556,1866.0,-23.78173828125,1.076455,-1.234591
1539,17.895348837209305,1851.0,-38.78173828125,3.129637,2.601207
1540,17.906976744186046,1886.0,-3.78173828125,5.368325,6.650731
1541,17.91860465116279,1872.0,-17.78173828125,7.371261,10.220526
1542,17.930232558139537,1901.0,11.21826171875,8.638796,12.537464
1543,17.941860465116278,1881.0,-8.78173828125,8.688897,12.969189
1544,17.953488372093023,1900.0,10.21826171875,7.467771,11.422535
1545,17.96511627906977,1901.0,11.21826171875,5.369807,8.36377
1546,17.97674418604651,1902.0,12.21826171875,3.158474,4.745724
1547,17.988372093023255,1905.0,15.21826171875,1.643852,1.592854
1548,18.0,1899.0,9.21826171875,1.247706,-0.418355
1549,18.01162790697674,1904.0,14.21826171875,1.813394,-1.242001
1550,18.02325581395349,1888.0,-1.78173828125,2.576255,-1.438004
1551,18.034883720930235,1885.0,-4.78173828125,2.569367,-1.862093
1552,18.046511627906977,1872.0,-17.78173828125,1.025753,-3.234935
1553,18.058139534883722,1885.0,-4.78173828125,-2.166252,-5.734177
1554,18.069767441860467,1872.0,-17.78173828125,-6.391875,-8.895741
1555,18.08139534883721,1868.0,-21.78173828125,-10.449787,-11.731601
1556,18.093023255813954,1859.0,-30.78173828125,-13.081149,-13.165301
1557,18.104651162790695,1861.0,-28.78173828125,-13.460825,-12.48929
1558,18.11627906976744,1856.0,-33.78173828125,-11.490894,-9.614504
1559,18.127906976744185,1855.0,-34.78173828125,-7.849409,-5.137002
1560,18.139534883720927,1865.0,-24.78173828125,-3.562324,-0.014122
1561,18.151162790697676,1857.0,-32.78173828125,0.33692,4.714788
1562,18.16279069767442,1870.0,-19.78173828125,3.294747,8.348779
1563,18.174418604651162,1867.0,-22.78173828125,5.288434,10.612528
1564,18.186046511627907,1873.0,-16.78173828125,6.742714,11.654615
1565,18.197674418604652,1875.0,-14.78173828125,8.137987,11.800837
1566,18.209302325581394,1890.0,0.21826171875,9.710505,11.330215
1567,18.22093023255814,1885.0,-4.78173828125,11.226856,10.285416
1568,18.232558139534884,1890.0,0.21826171875,12.115807,8.542035
1569,18.244186046511626,1888.0,-1.78173828125,11.75246,5.93962
1570,18.25581395348837,1890.0,0.21826171875,9.733684,2.490839
1571,18.267441860465116,1901.0,11.21826171875,6.160415,-1.485926
1572,18.27906976744186,1875.0,-14.78173828125,1.546979,-5.439066
1573,18.290697674418606,1872.0,-17.78173828125,-3.217539,-8.638632
1574,18.30232558139535,1861.0,-28.78173828125,-7.316324,-10.558615
1575,18.313953488372093,1870.0,-19.78173828125,-10.182735,-10.992278
1576,18.325581395348838,1856.0,-33.78173828125,-11.706183,-10.20461
1577,18.337209302325583,1855.0,-34.78173828125,-12.111226,-8.722494
1578,18.348837209302324,1847.0,-42.78173828125,-11.766063,-7.109127
1579,18.36046511627907,1850.0,-39.78173828125,-10.969992,-5.688671
1580,18.372093023255815,1846.0,-43.78173828125,-9.771414,-4.393876
1581,18.383720930232556,1851.0,-38.78173828125,-8.033315,-2.877161
1582,18.3953488372093,1858.0,-31.78173828125,-5.481406,-0.695189
1583,18.406976744186046,1850.0,-39.78173828125,-2.009891,2.321063
1584,18.41860465116279,1871.0,-18.78173828125,2.24054,5.925916
1585,18.430232558139537,1862.0,-27.78173828125,6.766472,9.427895
1586,18.441860465116278,1893.0,3.21826171875,10.891288,12.001622
1587,18.453488372093023,1879.0,-10.78173828125,13.864713,12.909394
1588,18.46511627906977,1904.0,14.21826171875,15.187841,11.91964
1589,18.47674418604651,1891.0,1.21826171875,14.702258,9.312389
1590,18.488372093023255,1904.0,14.21826171875,12.668645,5.784374
1591,18.5,1909.0,19.21826171875,9.591334,2.114029
1592,18.51162790697674,1891.0,1.21826171875,6.00509,-1.166376
1593,18.523255813953487,1901.0,11.21826171875,2.398002,-3.795619
1594,18.534883720930235,1872.0,-17.78173828125,-1.01619,-5.853424
1595,18.546511627906977,1885.0,-4.78173828125,-4.115878,-7.394361
1596,18.558139534883722,1863.0,-26.78173828125,-6.951416,-8.421538
1597,18.569767441860467,1861.0,-28.78173828125,-9.483739,-8.714707
1598,18.58139534883721,1851.0,-38.78173828125,-11.608259,-8.081327
1599,18.593023255813954,1857.0,-32.78173828125,-13.083863,-6.495121
1600,18.6046511627907,1856.0,-33.78173828125,-13.666971,-4.316374
1601,18.61627906976744,1851.0,-38.78173828125,-13.150204,-2.184391
1602,18.627906976744185,1859.0,-30.78173828125,-11.428985,-0.735776
1603,18.63953488372093,1857.0,-32.78173828125,-8.581944,-0.310104
1604,18.651162790697672,1875.0,-14.78173828125,-4.781239,-0.646224
1605,18.66279069767442,1862.0,-27.78173828125,-0.373473,-1.026569
1606,18.674418604651166,1875.0,-14.78173828125,4.244122,-0.54124
1607,18.686046511627907,1881.0,-8.78173828125,8.59051,1.381142
1608,18.697674418604652,1901.0,11.21826171875,12.180061,4.642729
1609,18.709302325581397,1893.0,3.21826171875,14.559789,8.419251
1610,18.72093023255814,1904.0,14.21826171875,15.476097,11.539472
1611,18.732558139534884,1904.0,14.21826171875,14.869334,12.927573
1612,18.744186046511626,1893.0,3.21826171875,12.927155,12.079566
1613,18.75581395348837,1898.0,8.21826171875,10.033024,9.270061
1614,18.767441860465116,1879.0,-10.78173828125,6.597935,5.278786
1615,18.779069767441857,1887.0,-2.78173828125,3.017528,1.070424
1616,18.790697674418606,1866.0,-23.78173828125,-0.499086,-2.690173
1617,18.80232558139535,1872.0,-17.78173828125,-3.83112,-5.759533
1618,18.813953488372093,1853.0,-36.78173828125,-6.972789,-8.298265
1619,18.825581395348838,1867.0,-22.78173828125,-9.809759,-10.465298
1620,18.837209302325583,1845.0,-44.78173828125,-12.181892,-12.234413
1621,18.848837209302324,1855.0,-34.78173828125,-13.783854,-13.199887
1622,18.86046511627907,1855.0,-34.78173828125,-14.383147,-12.889945
1623,18.872093023255815,1853.0,-36.78173828125,-13.849608,-10.991823
1624,18.883720930232556,1860.0,-29.78173828125,-12.222707,-7.652172
1625,18.8953488372093,1872.0,-17.78173828125,-9.697845,-3.477478
1626,18.906976744186046,1873.0,-16.78173828125,-6.49119,0.720754
1627,18.91860465116279,1872.0,-17.78173828125,-2.778525,4.283259
1628,18.930232558139537,1886.0,-3.78173828125,1.379516,7.009271
1629,18.94186046511628,1885.0,-4.78173828125,5.88031,9.101858
1630,18.953488372093023,1887.0,-2.78173828125,10.510118,10.972349
1631,18.96511627906977,1877.0,-12.78173828125,14.79711,12.808306
1632,18.976744186046513,1884.0,-5.78173828125,18.099339,14.367558
1633,18.988372093023255,1886.0,-3.78173828125,19.687449,14.943499
1634,19.0,1875.0,-14.78173828125,19.037766,13.701717
1635,19.011627906976745,1885.0,-4.78173828125,16.099909,10.218773
1636,19.023255813953487,1866.0,-23.78173828125,11.286387,4.723488
1637,19.03488372093023,1872.0,-17.78173828125,5.431663,-1.795946
1638,19.046511627906973,1857.0,-32.78173828125,-0.571957,-7.991844
1639,19.058139534883722,1860.0,-29.78173828125,-5.9414,-12.575018
1640,19.069767441860467,1855.0,-34.78173828125,-10.31444,-14.897146
1641,19.08139534883721,1860.0,-29.78173828125,-13.62689,-15.026737
1642,19.093023255813954,1870.0,-19.78173828125,-16.024826,-13.664649
1643,19.1046511627907,1859.0,-30.78173828125,-17.624079,-11.721071
1644,19.11627906976744,1874.0,-15.78173828125,-18.331566,-9.854509
1645,19.127906976744185,1862.0,-27.78173828125,-17.902737,-8.267395
1646,19.13953488372093,1891.0,1.21826171875,-15.972528,-6.618755
1647,19.151162790697672,1878.0,-11.78173828125,-12.405929,-4.444443
1648,19.162790697674417,1893.0,3.21826171875,-7.255971,-1.316874
1649,19.174418604651162,1892.0,2.21826171875,-0.927746,2.810693
1650,19.186046511627907,1895.0,5.21826171875,5.963619,7.575928
1651,19.197674418604652,1898.0,8.21826171875,12.676144,12.291152
1652,19.209302325581397,1897.0,7.21826171875,18.467659,16.151836
1653,19.22093023255814,1902.0,12.21826171875,22.643126,18.449429
1654,19.232558139534884,1882.0,-7.78173828125,24.594122,18.68347
1655,19.24418604651163,1889.0,-0.78173828125,23.906975,16.680107
1656,19.25581395348837,1874.0,-15.78173828125,20.403706,12.578377
1657,19.267441860465116,1884.0,-5.78173828125,14.370406,6.891645
1658,19.27906976744186,1872.0,-17.78173828125,6.549689,0.415042
1659,19.290697674418603,1876.0,-13.78173828125,-1.863987,-5.843307
1660,19.302325581395348,1867.0,-22.78173828125,-9.565039,-10.944861
1661,19.313953488372096,1870.0,-19.78173828125,-15.419247,-14.196439
1662,19.325581395348838,1872.0,-17.78173828125,-18.855879,-15.419649
1663,19.337209302325583,1865.0,-24.78173828125,-19.952141,-14.922297
1664,19.348837209302324,1872.0,-17.78173828125,-19.314022,-13.371365
1665,19.36046511627907,1871.0,-18.78173828125,-17.697882,-11.45437
1666,19.372093023255815,1883.0,-6.78173828125,-15.618291,-9.581154
1667,19.383720930232556,1874.0,-15.78173828125,-13.127943,-7.718459
1668,19.3953488372093,1887.0,-2.78173828125,-9.79523,-5.426493
1669,19.406976744186046,1879.0,-10.78173828125,-5.165404,-2.241787
1670,19.418604651162788,1887.0,-2.78173828125,0.987682,2.042076
1671,19.430232558139533,1886.0,-3.78173828125,8.169143,7.034755
1672,19.44186046511628,1894.0,4.21826171875,15.313025,11.876564
1673,19.453488372093023,1887.0,-2.78173828125,20.946285,15.408259
1674,19.46511627906977,1897.0,7.21826171875,23.845772,16.761208
1675,19.476744186046513,1899.0,9.21826171875,23.410351,15.62225
1676,19.488372093023255,1888.0,-1.78173828125,19.884151,12.406343
1677,19.5,1891.0,1.21826171875,14.234128,8.06429
1678,19.511627906976745,1883.0,-6.78173828125,7.672418,3.64988
1679,19.523255813953487,1887.0,-2.78173828125,1.262665,-0.080332
1680,19.53488372093023,1884.0,-5.78173828125,-4.443175,-2.914209
1681,19.546511627906977,1879.0,-10.78173828125,-9.333982,-5.079161
1682,19.55813953488372,1875.0,-14.78173828125,-13.519019,-6.979927
1683,19.569767441860467,1872.0,-17.78173828125,-16.93754,-8.801685
1684,19.581395348837212,1874.0,-15.78173828125,-19.234608,-10.371908
1685,19.593023255813954,1872.0,-17.78173828125,-19.815395,-11.220259
1686,19.6046511627907,1882.0,-7.78173828125,-18.151125,-10.838388
1687,19.616279069767444,1875.0,-14.78173828125,-14.140141,-9.037865
1688,19.627906976744185,1888.0,-1.78173828125,-8.278476,-6.08545
1689,19.63953488372093,1887.0,-2.78173828125,-1.619532,-2.668967
1690,19.651162790697676,1890.0,0.21826171875,4.637311,0.459259
1691,19.662790697674417,1879.0,-10.78173828125,9.509209,2.760173
1692,19.674418604651162,1886.0,-3.78173828125,12.623728,4.194484
1693,19.686046511627904,1891.0,1.21826171875,14.158659,5.098743
1694,19.697674418604652,1882.0,-7.78173828125,14.619351,5.933445
1695,19.709302325581397,1885.0,-4.78173828125,14.464412,6.955217
1696,19.72093023255814,1882.0,-7.78173828125,13.818088,8.028778
1697,19.732558139534884,1883.0,-6.78173828125,12.402591,8.640447
1698,19.74418604651163,1877.0,-12.78173828125,9.782,8.225649
1699,19.75581395348837,1881.0,-8.78173828125,5.720819,6.476191
1700,19.767441860465116,1873.0,-16.78173828125,0.442425,3.56864
1701,19.77906976744186,1877.0,-12.78173828125,-5.263311,0.164374
1702,19.790697674418603,1875.0,-14.78173828125,-10.383709,-2.953238
1703,19.802325581395348,1872.0,-17.78173828125,-13.988325,-5.170883
1704,19.813953488372093,1878.0,-11.78173828125,-15.601567,-6.31237
1705,19.825581395348838,1879.0,-10.78173828125,-15.286471,-6.589513
1706,19.837209302325583,1882.0,-7.78173828125,-13.540781,-6.448079
1707,19.848837209302328,1881.0,-8.78173828125,-10.956928,-6.186363
1708,19.86046511627907,1887.0,-2.78173828125,-7.945011,-5.839827
1709,19.872093023255815,1883.0,-6.78173828125,-4.613588,-5.13468
1710,19.88372093023256,1885.0,-4.78173828125,-0.882842,-3.76629
1711,19.8953488372093,1882.0,-7.78173828125,3.261118,-1.643068
1712,19.906976744186046,1884.0,-5.78173828125,7.56514,0.945788
1713,19.91860465116279,1888.0,-1.78173828125,11.407848,3.381043
1714,19.930232558139533,1887.0,-2.78173828125,14.043749,5.033055
1715,19.941860465116278,1887.0,-2.78173828125,14.827564,5.504425
1716,19.953488372093023,1875.0,-14.78173828125,13.588675,4.907917
1717,19.96511627906977,1890.0,0.21826171875,10.643933,3.696768
1718,19.976744186046513,1877.0,-12.78173828125,6.715067,2.495052
1719,19.988372093023255,1867.0,-22.78173828125,2.608199,1.721722
1720,20.0,1875.0,-14.78173828125,-1.020345,1.475372
1721,20.011627906976745,1872.0,-17.78173828125,-3.868087,1.49897
1722,20.023255813953487,1874.0,-15.78173828125,-5.972357,1.405226
1723,20.03488372093023,1872.0,-17.78173828125,-7.471969,0.969525
1724,20.046511627906977,1876.0,-13.78173828125,-8.507163,0.227346
1725,20.05813953488372,1879.0,-10.78173828125,-9.020188,-0.524978
1726,20.069767441860463,1891.0,1.21826171875,-8.877397,-0.983019
1727,20.081395348837212,1882.0,-7.78173828125,-7.972829,-1.050828
1728,20.093023255813954,1888.0,-1.78173828125,-6.346232,-0.933073
1729,20.1046511627907,1885.0,-4.78173828125,-4.231422,-1.034974
1730,20.116279069767444,1888.0,-1.78173828125,-1.969882,-1.719609
1731,20.127906976744185,1889.0,-0.78173828125,0.107486,-3.05585
1732,20.13953488372093,1897.0,7.21826171875,1.84764,-4.697451
1733,20.151162790697676,1893.0,3.21826171875,3.252604,-6.033777
1734,20.162790697674417,1894.0,4.21826171875,4.489588,-6.385927
1735,20.174418604651162,1889.0,-0.78173828125,5.659296,-5.410683
1736,20.186046511627907,1893.0,3.21826171875,6.764899,-3.189242
1737,20.19767441860465,1883.0,-6.78173828125,7.618771,-0.229421
1738,20.209302325581397,1889.0,-0.78173828125,7.987252,2.785673
1739,20.220930232558143,1885.0,-4.78173828125,7.599025,5.219598
1740,20.232558139534884,1894.0,4.21826171875,6.336964,6.719277
1741,20.24418604651163,1888.0,-1.78173828125,4.2286,7.229702
1742,20.255813953488374,1881.0,-8.78173828125,1.443908,6.886458
1743,20.267441860465116,1883.0,-6.78173828125,-1.704088,5.935252
1744,20.27906976744186,1885.0,-4.78173828125,-4.879958,4.546539
1745,20.290697674418603,1883.0,-6.78173828125,-7.668893,2.864944
1746,20.302325581395348,1885.0,-4.78173828125,-9.670007,1.017398
1747,20.313953488372093,1883.0,-6.78173828125,-10.483176,-0.786363
1748,20.325581395348834,1897.0,7.21826171875,-9.863534,-2.278977
1749,20.33720930232558,1885.0,-4.78173828125,-7.788203,-3.20693
1750,20.348837209302328,1893.0,3.21826171875,-4.56554,-3.48548
1751,20.36046511627907,1895.0,5.21826171875,-0.785574,-3.232373
1752,20.372093023255815,1891.0,1.21826171875,2.80796,-2.771918
1753,20.38372093023256,1895.0,5.21826171875,5.546611,-2.471129
1754,20.3953488372093,1895.0,5.21826171875,7.041909,-2.60278
1755,20.406976744186046,1897.0,7.21826171875,7.312307,-3.141112
1756,20.41860465116279,1898.0,8.21826171875,6.701889,-3.812499
1757,20.430232558139533,1893.0,3.21826171875,5.680298,-4.189105
1758,20.441860465116278,1891.0,1.21826171875,4.649401,-3.883148
1759,20.453488372093023,1889.0,-0.78173828125,3.731252,-2.749273
1760,20.465116279069765,1905.0,15.21826171875,2.786962,-0.922029
1761,20.476744186046513,1898.0,8.21826171875,1.487025,1.163923
1762,20.48837209302326,1897.0,7.21826171875,-0.370274,3.034273
1763,20.5,1896.0,6.21826171875,-2.700241,4.339221
1764,20.511627906976745,1901.0,11.21826171875,-5.104624,4.967252
1765,20.52325581395349,1901.0,11.21826171875,-6.950423,5.057217
1766,20.53488372093023,1897.0,7.21826171875,-7.686616,4.848421
1767,20.546511627906977,1902.0,12.21826171875,-7.023752,4.556406
1768,20.558139534883722,1905.0,15.21826171875,-5.152057,4.201614
1769,20.569767441860463,1894.0,4.21826171875,-2.641839,3.622694
1770,20.58139534883721,1900.0,10.21826171875,-0.214116,2.574625
1771,20.59302325581395,1894.0,4.21826171875,1.535692,0.897349
1772,20.6046511627907,1894.0,4.21826171875,2.423019,-1.282846
1773,20.616279069767444,1892.0,2.21826171875,2.657887,-3.581598
1774,20.627906976744185,1891.0,1.21826171875,2.769963,-5.395286
1775,20.63953488372093,1889.0,-0.78173828125,3.225564,-6.190078
1776,20.651162790697676,1887.0,-2.78173828125,4.245418,-5.672538
1777,20.662790697674417,1889.0,-0.78173828125,5.551029,-4.004615
1778,20.674418604651162,1885.0,-4.78173828125,6.517476,-1.769178
1779,20.686046511627907,1888.0,-1.78173828125,6.429181,0.25839
1780,20.69767441860465,1889.0,-0.78173828125,4.837595,1.391932
1781,20.709302325581394,1891.0,1.21826171875,1.831415,1.358145
1782,20.72093023255814,1895.0,5.21826171875,-1.941781,0.35692
1783,20.732558139534884,1888.0,-1.78173828125,-5.477665,-0.984229
1784,20.74418604651163,1893.0,3.21826171875,-7.832575,-1.922808
1785,20.755813953488374,1894.0,4.21826171875,-8.450276,-1.920607
1786,20.767441860465116,1893.0,3.21826171875,-7.406165,-0.895616
1787,20.77906976744186,1894.0,4.21826171875,-5.265404,0.793898
1788,20.790697674418606,1885.0,-4.78173828125,-2.862274,2.486274
1789,20.802325581395348,1898.0,8.21826171875,-0.859828,3.577365
1790,20.813953488372093,1895.0,5.21826171875,0.420938,3.729008
1791,20.825581395348838,1893.0,3.21826171875,1.110813,3.0303
1792,20.83720930232558,1895.0,5.21826171875,1.604107,1.896883
1793,20.848837209302324,1893.0,3.21826171875,2.245185,0.8235
1794,20.860465116279073,1889.0,-0.78173828125,3.13817,0.162759
1795,20.872093023255815,1892.0,2.21826171875,4.063143,-0.001614
1796,20.88372093023256,1904.0,14.21826171875,4.642052,0.143869
1797,20.8953488372093,1900.0,10.21826171875,4.504991,0.309237
1798,20.906976744186046,1915.0,25.21826171875,3.60225,0.280001
1799,20.91860465116279,1905.0,15.21826171875,2.15091,0.018649
1800,20.930232558139533,1905.0,15.21826171875,0.617187,-0.348009
1801,20.941860465116278,1917.0,27.21826171875,-0.566453,-0.644237
1802,20.953488372093023,1922.0,32.21826171875,-1.19636,-0.793919
1803,20.965116279069765,1915.0,25.21826171875,-1.40102,-0.915022
1804,20.97674418604651,1916.0,26.21826171875,-1.486295,-1.180577
1805,20.98837209302326,1922.0,32.21826171875,-1.761368,-1.748196
1806,21.0,1913.0,23.21826171875,-2.374127,-2.615116
1807,21.011627906976745,1908.0,18.21826171875,-3.157261,-3.56453
1808,21.02325581395349,1913.0,23.21826171875,-3.743553,-4.189303
1809,21.03488372093023,1905.0,15.21826171875,-3.745301,-4.134429
1810,21.046511627906977,1904.0,14.21826171875,-2.944509,-3.191016
1811,21.058139534883722,1907.0,17.21826171875,-1.425588,-1.443012
1812,21.069767441860463,1899.0,9.21826171875,0.445184,0.775218
1813,21.08139534883721,1899.0,9.21826171875,2.189682,3.014204
1814,21.093023255813954,1902.0,12.21826171875,3.398566,4.865452
1815,21.104651162790695,1895.0,5.21826171875,3.847418,6.051211
1816,21.116279069767444,1894.0,4.21826171875,3.583894,6.483951
1817,21.12790697674419,1902.0,12.21826171875,2.800985,6.189834
1818,21.13953488372093,1906.0,16.21826171875,1.758042,5.241636
1819,21.151162790697676,1907.0,17.21826171875,0.656123,3.730601
1820,21.16279069767442,1916.0,26.21826171875,-0.366841,1.754097
1821,21.174418604651162,1906.0,16.21826171875,-1.271705,-0.545591
1822,21.186046511627907,1911.0,21.21826171875,-1.983943,-2.874589
1823,21.19767441860465,1907.0,17.21826171875,-2.410195,-4.870991
1824,21.209302325581394,1909.0,19.21826171875,-2.456818,-6.174524
1825,21.22093023255814,1913.0,23.21826171875,-2.066582,-6.568864
1826,21.23255813953488,1909.0,19.21826171875,-1.294383,-6.059011
1827,21.24418604651163,1911.0,21.21826171875,-0.287174,-4.880361
1828,21.255813953488374,1907.0,17.21826171875,0.721035,-3.388351
1829,21.267441860465116,1908.0,18.21826171875,1.533079,-1.904343
1830,21.27906976744186,1902.0,12.21826171875,2.012534,-0.600294
1831,21.290697674418606,1889.0,-0.78173828125,2.149787,0.519657
1832,21.302325581395348,1897.0,7.21826171875,2.030731,1.613717
1833,21.313953488372093,1901.0,11.21826171875,1.72217,2.782225
1834,21.325581395348838,1901.0,11.21826171875,1.248301,3.984509
1835,21.33720930232558,1898.0,8.21826171875,0.57042,5.024535
1836,21.348837209302324,1904.0,14.21826171875,-0.343881,5.595324
1837,21.36046511627907,1904.0,14.21826171875,-1.470422,5.466438
1838,21.372093023255815,1906.0,16.21826171875,-2.634685,4.573824
1839,21.38372093023256,1904.0,14.21826171875,-3.559407,3.098832
1840,21.395348837209305,1907.0,17.21826171875,-3.928301,1.37417
1841,21.406976744186046,1909.0,19.21826171875,-3.544908,-0.247333
1842,21.41860465116279,1906.0,16.21826171875,-2.426211,-1.562915
1843,21.430232558139537,1904.0,14.21826171875,-0.809596,-2.541614
1844,21.441860465116278,1918.0,28.21826171875,0.927027,-3.299392
1845,21.453488372093023,1911.0,21.21826171875,2.391295,-3.998591
1846,21.46511627906977,1915.0,25.21826171875,3.332253,-4.672382
1847,21.47674418604651,1917.0,27.21826171875,3.740725,-5.214352
1848,21.488372093023255,1909.0,19.21826171875,3.748821,-5.393411
1849,21.5,1911.0,21.21826171875,3.539896,-5.009329
1850,21.511627906976745,1904.0,14.21826171875,3.227052,-3.933024
1851,21.52325581395349,1919.0,29.21826171875,2.791602,-2.235866
1852,21.53488372093023,1901.0,11.21826171875,2.072396,-0.133185
1853,21.546511627906977,1905.0,15.21826171875,0.93961,2.098286
1854,21.558139534883722,1904.0,14.21826171875,-0.634043,4.18417
1855,21.569767441860463,1904.0,14.21826171875,-2.498909,5.874944
1856,21.58139534883721,1899.0,9.21826171875,-4.333604,6.94786
1857,21.593023255813954,1909.0,19.21826171875,-5.773412,7.195248
1858,21.604651162790695,1906.0,16.21826171875,-6.518667,6.454813
1859,21.61627906976744,1904.0,14.21826171875,-6.410222,4.724945
1860,21.627906976744185,1911.0,21.21826171875,-5.435766,2.233388
1861,21.63953488372093,1903.0,13.21826171875,-3.733424,-0.540333
1862,21.651162790697676,1919.0,29.21826171875,-1.485053,-2.932118
1863,21.66279069767442,1907.0,17.21826171875,1.018907,-4.393893
1864,21.674418604651162,1904.0,14.21826171875,3.473688,-4.638948
1865,21.686046511627907,1906.0,16.21826171875,5.530295,-3.836963
1866,21.697674418604652,1909.0,19.21826171875,6.874851,-2.527925
1867,21.709302325581394,1907.0,17.21826171875,7.278134,-1.396516
1868,21.72093023255814,1888.0,-1.78173828125,6.720321,-0.94108
1869,21.732558139534884,1904.0,14.21826171875,5.427011,-1.234382
1870,21.744186046511626,1897.0,7.21826171875,3.753322,-1.924233
1871,21.75581395348837,1898.0,8.21826171875,2.065287,-2.444818
1872,21.76744186046512,1897.0,7.21826171875,0.553591,-2.350695
1873,21.77906976744186,1894.0,4.21826171875,-0.817089,-1.557149
1874,21.790697674418606,1898.0,8.21826171875,-2.236494,-0.376169
1875,21.80232558139535,1903.0,13.21826171875,-3.884122,0.675033
1876,21.813953488372093,1904.0,14.21826171875,-5.715659,1.21286
1877,21.825581395348838,1901.0,11.21826171875,-7.387237,1.207491
1878,21.83720930232558,1904.0,14.21826171875,-8.301996,1.066824
1879,21.848837209302324,1902.0,12.21826171875,-7.950461,1.307083
1880,21.86046511627907,1913.0,23.21826171875,-6.134815,2.262865
1881,21.87209302325581,1905.0,15.21826171875,-3.184298,3.767947
1882,21.883720930232556,1918.0,28.21826171875,0.163384,5.194014
1883,21.895348837209305,1909.0,19.21826171875,3.024279,5.714314
1884,21.906976744186046,1918.0,28.21826171875,4.795784,4.783304
1885,21.91860465116279,1919.0,29.21826171875,5.374073,2.448751
1886,21.930232558139537,1918.0,28.21826171875,5.172228,-0.605142
1887,21.941860465116278,1922.0,32.21826171875,4.835214,-3.346468
1888,21.953488372093023,1904.0,14.21826171875,4.828736,-4.91547
1889,21.96511627906977,1908.0,18.21826171875,5.177373,-5.029918
1890,21.97674418604651,1904.0,14.21826171875,5.4248,-4.092927
1891,21.988372093023255,1904.0,14.21826171875,4.880041,-2.953093
1892,22.0,1899.0,9.21826171875,3.052011,-2.406633
1893,22.01162790697674,1903.0,13.21826171875,0.008734,-2.743982
1894,22.02325581395349,1892.0,2.21826171875,-3.561734,-3.563073
1895,22.034883720930235,1894.0,4.21826171875,-6.581212,-3.996639
1896,22.046511627906977,1895.0,5.21826171875,-8.091772,-3.20974
1897,22.058139534883722,1891.0,1.21826171875,-7.675253,-0.90695
1898,22.069767441860467,1901.0,11.21826171875,-5.629388,2.462895
1899,22.08139534883721,1895.0,5.21826171875,-2.878176,5.808681
1900,22.093023255813954,1902.0,12.21826171875,-0.462095,7.936841
1901,22.1046511627907,1904.0,14.21826171875,0.871314,8.050496
1902,22.11627906976744,1916.0,26.21826171875,1.003669,6.146748
1903,22.127906976744185,1913.0,23.21826171875,0.393249,2.968824
1904,22.139534883720927,1923.0,33.21826171875,-0.182161,-0.324826
1905,22.151162790697676,1919.0,29.21826171875,-0.078776,-2.685493
1906,22.16279069767442,1924.0,34.21826171875,0.931497,-3.594861
1907,22.174418604651162,1925.0,35.21826171875,2.569794,-3.180871
1908,22.186046511627907,1923.0,33.21826171875,4.218892,-2.085506
1909,22.197674418604652,1927.0,37.21826171875,5.254924,-1.040112
1910,22.209302325581394,1913.0,23.21826171875,5.294473,-0.573403
1911,22.22093023255814,1919.0,29.21826171875,4.355574,-0.755563
1912,22.232558139534884,1904.0,14.21826171875,2.735525,-1.316792
1913,22.244186046511626,1914.0,24.21826171875,0.852106,-1.82223
1914,22.25581395348837,1904.0,14.21826171875,-0.982445,-1.96518
1915,22.267441860465116,1904.0,14.21826171875,-2.604697,-1.655843
1916,22.27906976744186,1890.0,0.21826171875,-3.997406,-1.04989
1917,22.290697674418606,1899.0,9.21826171875,-5.120338,-0.384921
1918,22.30232558139535,1894.0,4.21826171875,-5.897396,0.107126
1919,22.313953488372093,1894.0,4.21826171875,-6.113918,0.382408
1920,22.325581395348838,1903.0,13.21826171875,-5.553805,0.548561
1921,22.337209302325583,1904.0,14.21826171875,-4.137193,0.759295
1922,22.348837209302324,1904.0,14.21826171875,-1.98845,1.1471
1923,22.36046511627907,1902.0,12.21826171875,0.551892,1.729794
1924,22.372093023255815,1907.0,17.21826171875,3.027456,2.398154
1925,22.383720930232556,1909.0,19.21826171875,5.005311,2.975928
1926,22.3953488372093,1911.0,21.21826171875,6.227807,3.248463
1927,22.40697674418605,1904.0,14.21826171875,6.604227,3.054902
1928,22.41860465116279,1911.0,21.21826171875,6.246435,2.324099
1929,22.430232558139537,1909.0,19.21826171875,5.290852,1.072413
1930,22.441860465116278,1919.0,29.21826171875,3.880738,-0.56889
1931,22.453488372093023,1916.0,26.21826171875,2.135293,-2.334602
1932,22.46511627906977,1910.0,20.21826171875,0.201397,-3.853616
1933,22.47674418604651,1913.0,23.21826171875,-1.720947,-4.752363
1934,22.488372093023255,1906.0,16.21826171875,-3.382459,-4.756377
1935,22.5,1909.0,19.21826171875,-4.507804,-3.800041
1936,22.51162790697674,1903.0,13.21826171875,-4.958821,-2.116234
1937,22.523255813953487,1904.0,14.21826171875,-4.787894,-0.215166
1938,22.534883720930235,1891.0,1.21826171875,-4.246489,1.320051
1939,22.546511627906977,1899.0,9.21826171875,-3.676232,1.986514
1940,22.558139534883722,1891.0,1.21826171875,-3.373539,1.604898
1941,22.569767441860467,1894.0,4.21826171875,-3.375501,0.412216
1942,22.58139534883721,1901.0,11.21826171875,-3.452476,-1.012196
1943,22.593023255813954,1898.0,8.21826171875,-3.183555,-1.985287
1944,22.6046511627907,1901.0,11.21826171875,-2.133579,-1.951507
1945,22.61627906976744,1898.0,8.21826171875,-0.125642,-0.756193
1946,22.627906976744185,1902.0,12.21826171875,2.642541,1.291311
1947,22.63953488372093,1904.0,14.21826171875,5.616918,3.543194
1948,22.651162790697672,1903.0,13.21826171875,8.069112,5.241727
1949,22.66279069767442,1904.0,14.21826171875,9.363992,5.839898
1950,22.674418604651166,1907.0,17.21826171875,9.217095,5.185379
1951,22.686046511627907,1904.0,14.21826171875,7.73885,3.527334
1952,22.697674418604652,1900.0,10.21826171875,5.403471,1.396114
1953,22.709302325581397,1902.0,12.21826171875,2.80959,-0.601121
1954,22.72093023255814,1893.0,3.21826171875,0.436024,-2.049421
1955,22.732558139534884,1899.0,9.21826171875,-1.482342,-2.805339
1956,22.74418604651163,1889.0,-0.78173828125,-3.026687,-3.040822
1957,22.75581395348837,1898.0,8.21826171875,-4.40624,-3.054065
1958,22.767441860465116,1890.0,0.21826171875,-5.836752,-3.168327
1959,22.779069767441857,1888.0,-1.78173828125,-7.323123,-3.528854
1960,22.790697674418603,1884.0,-5.78173828125,-8.637145,-4.053978
1961,22.80232558139535,1887.0,-2.78173828125,-9.398262,-4.513999
1962,22.813953488372093,1878.0,-11.78173828125,-9.211945,-4.595681
1963,22.825581395348838,1887.0,-2.78173828125,-7.825252,-4.01748
1964,22.837209302325583,1889.0,-0.78173828125,-5.283604,-2.683291
1965,22.848837209302324,1889.0,-0.78173828125,-1.92766,-0.703557
1966,22.86046511627907,1893.0,3.21826171875,1.720225,1.628071
1967,22.872093023255815,1889.0,-0.78173828125,5.081463,3.922961
1968,22.883720930232556,1893.0,3.21826171875,7.705123,5.791028
1969,22.8953488372093,1897.0,7.21826171875,9.338745,6.925174
1970,22.906976744186046,1898.0,8.21826171875,9.958419,7.175146
1971,22.918604651162788,1897.0,7.21826171875,9.708284,6.591664
1972,22.930232558139537,1900.0,10.21826171875,8.790525,5.342472
1973,22.94186046511628,1898.0,8.21826171875,7.350224,3.654583
1974,22.953488372093023,1900.0,10.21826171875,5.479069,1.779018
1975,22.96511627906977,1904.0,14.21826171875,3.178881,-0.145491
1976,22.976744186046513,1901.0,11.21826171875,0.466559,-2.005311
1977,22.988372093023255,1903.0,13.21826171875,-2.520482,-3.724809
1978,23.0,1899.0,9.21826171875,-5.505812,-5.190894
1979,23.011627906976745,1901.0,11.21826171875,-8.050127,-6.222374
1980,23.023255813953487,1895.0,5.21826171875,-9.706839,-6.58798
1981,23.03488372093023,1897.0,7.21826171875,-10.090804,-6.067173
1982,23.046511627906977,1894.0,4.21826171875,-9.120309,-4.620013
1983,23.058139534883722,1889.0,-0.78173828125,-7.014184,-2.43964
1984,23.069767441860467,1895.0,5.21826171875,-4.262999,0.031739
1985,23.08139534883721,1894.0,4.21826171875,-1.496306,2.200637
1986,23.093023255813954,1889.0,-0.78173828125,0.715076,3.478455
1987,23.1046511627907,1885.0,-4.78173828125,2.073756,3.562534
1988,23.11627906976744,1901.0,11.21826171875,2.618387,2.525237
1989,23.127906976744185,1894.0,4.21826171875,2.642603,0.806242
1990,23.13953488372093,1893.0,3.21826171875,2.62324,-0.879024
1991,23.151162790697672,1894.0,4.21826171875,2.952305,-1.831909
1992,23.162790697674417,1901.0,11.21826171875,3.833024,-1.597183
1993,23.174418604651162,1899.0,9.21826171875,5.120011,-0.198675
1994,23.186046511627907,1902.0,12.21826171875,6.40892,1.896454
1995,23.197674418604652,1899.0,9.21826171875,7.167259,3.941854
1996,23.209302325581397,1905.0,15.21826171875,6.950275,5.214687
1997,23.22093023255814,1913.0,23.21826171875,5.55925,5.24737
1998,23.232558139534884,1899.0,9.21826171875,3.071352,3.980838
1999,23.24418604651163,1904.0,14.21826171875,-0.060325,1.839818
2000,23.25581395348837,1904.0,14.21826171875,-3.24799,-0.50695
2001,23.267441860465116,1904.0,14.21826171875,-5.904049,-2.392864
2002,23.27906976744186,1901.0,11.21826171875,-7.618834,-3.400562
2003,23.290697674418603,1899.0,9.21826171875,-8.251663,-3.486013
2004,23.302325581395348,1885.0,-4.78173828125,-7.918066,-2.944557
2005,23.313953488372096,1891.0,1.21826171875,-6.862078,-2.220527
2006,23.325581395348838,1881.0,-8.78173828125,-5.3806,-1.744613
2007,23.337209302325583,1887.0,-2.78173828125,-3.681805,-1.700425
2008,23.348837209302328,1882.0,-7.78173828125,-1.880315,-2.017968
2009,23.36046511627907,1883.0,-6.78173828125,-0.026326,-2.400044
2010,23.372093023255815,1885.0,-4.78173828125,1.836522,-2.500996
2011,23.383720930232556,1889.0,-0.78173828125,3.562623,-2.104332
2012,23.3953488372093,1885.0,-4.78173828125,4.956248,-1.197958
2013,23.406976744186046,1888.0,-1.78173828125,5.797009,0.006748
2014,23.418604651162788,1888.0,-1.78173828125,5.966107,1.199562
2015,23.430232558139533,1885.0,-4.78173828125,5.50238,2.096889
2016,23.44186046511628,1895.0,5.21826171875,4.607875,2.587411
2017,23.453488372093023,1891.0,1.21826171875,3.556769,2.714407
2018,23.46511627906977,1893.0,3.21826171875,2.553292,2.656799
2019,23.476744186046513,1889.0,-0.78173828125,1.665148,2.603759
2020,23.488372093023255,1892.0,2.21826171875,0.798247,2.678967
2021,23.5,1893.0,3.21826171875,-0.223325,2.832945
2022,23.511627906976745,1904.0,14.21826171875,-1.521869,2.926074
2023,23.523255813953487,1893.0,3.21826171875,-3.049819,2.742004
2024,23.53488372093023,1891.0,1.21826171875,-4.549435,2.156922
2025,23.546511627906977,1889.0,-0.78173828125,-5.634423,1.161935
2026,23.55813953488372,1893.0,3.21826171875,-5.949294,-0.099822
2027,23.569767441860467,1903.0,13.21826171875,-5.355677,-1.414759
2028,23.581395348837212,1882.0,-7.78173828125,-4.002786,-2.592572
2029,23.593023255813954,1882.0,-7.78173828125,-2.261571,-3.493051
2030,23.6046511627907,1883.0,-6.78173828125,-0.595579,-4.121602
2031,23.616279069767444,1885.0,-4.78173828125,0.615188,-4.544394
2032,23.627906976744185,1885.0,-4.78173828125,1.237808,-4.85507
2033,23.63953488372093,1887.0,-2.78173828125,1.38219,-5.053217
2034,23.651162790697676,1887.0,-2.78173828125,1.349211,-5.02907
2035,23.662790697674417,1887.0,-2.78173828125,1.446867,-4.588085
2036,23.674418604651162,1885.0,-4.78173828125,1.866131,-3.522528
2037,23.686046511627904,1891.0,1.21826171875,2.601307,-1.724904
2038,23.697674418604652,1888.0,-1.78173828125,3.441495,0.688813
2039,23.709302325581397,1891.0,1.21826171875,4.110828,3.410001
2040,23.72093023255814,1889.0,-0.78173828125,4.327067,5.95293
2041,23.732558139534884,1884.0,-5.78173828125,3.965559,7.835863
2042,23.74418604651163,1886.0,-3.78173828125,3.041399,8.696737
2043,23.75581395348837,1882.0,-7.78173828125,1.73187,8.445166
2044,23.767441860465116,1897.0,7.21826171875,0.279134,7.244748
2045,23.77906976744186,1882.0,-7.78173828125,-1.103689,5.414624
2046,23.790697674418603,1881.0,-8.78173828125,-2.265435,3.319405
2047,23.802325581395348,1886.0,-3.78173828125,-3.122301,1.264477
