muestra,tiempo_ms,adc,adc_centrado,adc_filtrado,residual
0,0.0,1856.0,-32.09814453125,-0.01956,-0.017439
1,0.011627906976744186,1854.0,-34.09814453125,-0.030555,-0.025302
2,0.023255813953488372,1856.0,-32.09814453125,-0.026167,-0.024798
3,0.03488372093023256,1866.0,-22.09814453125,-0.004201,-0.003703
4,0.046511627906976744,1861.0,-27.09814453125,0.015357,0.00663
5,0.058139534883720936,1859.0,-29.09814453125,0.025806,0.015442
6,0.06976744186046512,1872.0,-16.09814453125,0.03364,0.018821
7,0.0813953488372093,1867.0,-21.09814453125,0.029491,0.017961
8,0.09302325581395349,1879.0,-9.09814453125,0.035566,0.024143
9,0.10465116279069767,1874.0,-14.09814453125,0.050755,0.044218
10,0.11627906976744187,1887.0,-1.09814453125,0.091486,0.083136
11,0.12790697674418605,1883.0,-5.09814453125,0.136673,0.125806
12,0.13953488372093023,1899.0,10.90185546875,0.180553,0.16914
13,0.1511627906976744,1892.0,3.90185546875,0.185831,0.186463
14,0.1627906976744186,1904.0,15.90185546875,0.157208,0.174698
15,0.1744186046511628,1904.0,15.90185546875,0.0962,0.139232
16,0.18604651162790697,1906.0,17.90185546875,0.029689,0.098422
17,0.19767441860465115,1904.0,15.90185546875,-0.018876,0.076387
18,0.20930232558139533,1908.0,19.90185546875,-0.036449,0.074527
19,0.22093023255813954,1904.0,15.90185546875,-0.046434,0.071516
20,0.23255813953488375,1914.0,25.90185546875,-0.075464,0.042684
21,0.2441860465116279,1904.0,15.90185546875,-0.169349,-0.045207
22,0.2558139534883721,1918.0,29.90185546875,-0.312408,-0.176471
23,0.2674418604651163,1918.0,29.90185546875,-0.476652,-0.326043
24,0.27906976744186046,1919.0,30.90185546875,-0.597728,-0.447528
25,0.29069767441860467,1921.0,32.90185546875,-0.61942,-0.489127
26,0.3023255813953488,1915.0,26.90185546875,-0.533973,-0.454916
27,0.313953488372093,1919.0,30.90185546875,-0.374954,-0.367997
28,0.3255813953488372,1911.0,22.90185546875,-0.223744,-0.290443
29,0.3372093023255814,1918.0,29.90185546875,-0.128911,-0.257828
30,0.3488372093023256,1907.0,18.90185546875,-0.10583,-0.268372
31,0.3604651162790698,1910.0,21.90185546875,-0.080155,-0.258955
32,0.37209302325581395,1906.0,17.90185546875,0.038615,-0.150674
33,0.38372093023255816,1898.0,9.90185546875,0.311107,0.094424
34,0.3953488372093023,1904.0,15.90185546875,0.723861,0.469797
35,0.4069767441860465,1904.0,15.90185546875,1.154411,0.858739
36,0.41860465116279066,1904.0,15.90185546875,1.443502,1.140901
37,0.43023255813953487,1900.0,11.90185546875,1.476544,1.227385
38,0.4418604651162791,1895.0,6.90185546875,1.259098,1.132409
39,0.4534883720930233,1899.0,10.90185546875,0.924779,0.962085
40,0.4651162790697675,1891.0,2.90185546875,0.639299,0.840927
41,0.4767441860465116,1901.0,12.90185546875,0.522832,0.848018
42,0.4883720930232558,1889.0,0.90185546875,0.5172,0.908404
43,0.5,1891.0,2.90185546875,0.447476,0.873773
44,0.5116279069767442,1888.0,-0.09814453125,0.088227,0.555085
45,0.5232558139534884,1885.0,-3.09814453125,-0.668017,-0.117482
46,0.5348837209302326,1887.0,-1.09814453125,-1.706344,-1.03312
47,0.5465116279069767,1882.0,-6.09814453125,-2.719308,-1.93862
48,0.5581395348837209,1872.0,-16.09814453125,-3.34444,-2.546614
49,0.5697674418604651,1879.0,-9.09814453125,-3.356452,-2.693627
50,0.5813953488372093,1877.0,-11.09814453125,-2.842384,-2.465228
51,0.5930232558139535,1876.0,-12.09814453125,-2.148735,-2.144698
52,0.6046511627906976,1869.0,-19.09814453125,-1.689105,-2.028844
53,0.6162790697674418,1872.0,-16.09814453125,-1.648212,-2.224471
54,0.627906976744186,1865.0,-23.09814453125,-1.816981,-2.505518
55,0.6395348837209301,1869.0,-19.09814453125,-1.601191,-2.367146
56,0.6511627906976744,1865.0,-23.09814453125,-0.340265,-1.273103
57,0.6627906976744186,1869.0,-19.09814453125,2.298445,1.012318
58,0.6744186046511628,1861.0,-27.09814453125,5.966979,4.185013
59,0.686046511627907,1859.0,-29.09814453125,9.632798,7.41186
60,0.6976744186046512,1860.0,-28.09814453125,11.897775,9.597843
61,0.7093023255813954,1861.0,-27.09814453125,11.580446,9.846493
62,0.7209302325581396,1854.0,-34.09814453125,8.281101,7.852711
63,0.7325581395348838,1853.0,-35.09814453125,2.667936,4.103805
64,0.7441860465116279,1847.0,-41.09814453125,-3.724394,-0.323251
65,0.7558139534883721,1851.0,-37.09814453125,-9.054219,-4.179354
66,0.7674418604651163,1839.0,-49.09814453125,-11.917399,-6.562104
67,0.7790697674418604,1847.0,-41.09814453125,-11.830377,-7.21807
68,0.7906976744186046,1844.0,-44.09814453125,-9.379432,-6.581889
69,0.8023255813953488,1844.0,-44.09814453125,-5.83266,-5.441486
70,0.813953488372093,1841.0,-47.09814453125,-2.532347,-4.498866
71,0.8255813953488372,1844.0,-44.09814453125,-0.307138,-4.027912
72,0.8372093023255813,1840.0,-48.09814453125,0.775539,-3.781888
73,0.8488372093023255,1845.0,-43.09814453125,1.281417,-3.207169
74,0.8604651162790697,1840.0,-48.09814453125,1.939309,-1.826761
75,0.872093023255814,1841.0,-47.09814453125,3.180907,0.437718
76,0.8837209302325582,1844.0,-44.09814453125,4.857847,3.159249
77,0.8953488372093024,1841.0,-47.09814453125,6.315526,5.56181
78,0.9069767441860466,1840.0,-48.09814453125,6.76566,6.894373
79,0.9186046511627908,1840.0,-48.09814453125,5.719914,6.76745
80,0.930232558139535,1842.0,-46.09814453125,3.277822,5.346481
81,0.9418604651162791,1840.0,-48.09814453125,0.115723,3.24466
82,0.9534883720930232,1842.0,-46.09814453125,-2.78608,1.257968
83,0.9651162790697674,1840.0,-48.09814453125,-4.563047,-0.003802
84,0.9767441860465116,1842.0,-46.09814453125,-4.790533,-0.335513
85,0.9883720930232557,1840.0,-48.09814453125,-3.614513,0.020463
86,1.0,1847.0,-41.09814453125,-1.614773,0.537124
87,1.0116279069767442,1844.0,-44.09814453125,0.448752,0.668067
88,1.0232558139534884,1847.0,-41.09814453125,1.950074,0.089149
89,1.0348837209302326,1845.0,-43.09814453125,2.559313,-1.195303
90,1.0465116279069768,1856.0,-32.09814453125,2.290279,-2.881716
91,1.0581395348837208,1850.0,-38.09814453125,1.373313,-4.515204
92,1.0697674418604652,1862.0,-26.09814453125,0.162238,-5.637963
93,1.0813953488372092,1854.0,-34.09814453125,-1.033944,-5.948403
94,1.0930232558139534,1870.0,-18.09814453125,-1.955672,-5.335449
95,1.1046511627906976,1863.0,-25.09814453125,-2.474014,-3.898996
96,1.1162790697674418,1874.0,-14.09814453125,-2.523325,-1.885367
97,1.127906976744186,1872.0,-16.09814453125,-2.146191,0.361668
98,1.1395348837209303,1871.0,-17.09814453125,-1.451441,2.490776
99,1.1511627906976745,1871.0,-17.09814453125,-0.600964,4.198798
100,1.1627906976744187,1847.0,-41.09814453125,0.217272,5.29692
101,1.1744186046511629,1863.0,-25.09814453125,0.902114,5.742275
102,1.186046511627907,1837.0,-51.09814453125,1.36941,5.598627
103,1.197674418604651,1844.0,-44.09814453125,1.66257,5.00534
104,1.2093023255813953,1808.0,-80.09814453125,1.807357,4.110872
105,1.2209302325581395,1824.0,-64.09814453125,1.87857,3.011328
106,1.2325581395348837,1801.0,-87.09814453125,1.831546,1.742419
107,1.244186046511628,1794.0,-94.09814453125,1.61716,0.270604
108,1.255813953488372,1774.0,-114.09814453125,1.172391,-1.345193
109,1.2674418604651163,1776.0,-112.09814453125,0.523297,-2.998717
110,1.2790697674418603,1765.0,-123.09814453125,-0.237423,-4.481456
111,1.2906976744186047,1771.0,-117.09814453125,-0.929004,-5.548085
112,1.3023255813953487,1779.0,-109.09814453125,-1.384146,-6.01159
113,1.3139534883720931,1769.0,-119.09814453125,-1.52542,-5.788301
114,1.3255813953488371,1805.0,-83.09814453125,-1.345168,-4.937087
115,1.3372093023255816,1791.0,-97.09814453125,-0.997564,-3.613448
116,1.3488372093023255,1840.0,-48.09814453125,-0.580824,-2.006951
117,1.36046511627907,1819.0,-69.09814453125,-0.233485,-0.263699
118,1.372093023255814,1879.0,-9.09814453125,0.10642,1.509372
119,1.383720930232558,1857.0,-31.09814453125,0.455611,3.226959
120,1.3953488372093024,1907.0,18.90185546875,0.939721,4.769781
121,1.4069767441860463,1891.0,2.90185546875,1.505744,5.945126
122,1.4186046511627908,1917.0,28.90185546875,2.059525,6.521539
123,1.4302325581395348,1914.0,25.90185546875,2.365848,6.300825
124,1.4418604651162792,1901.0,12.90185546875,2.201482,5.216238
125,1.4534883720930232,1907.0,18.90185546875,1.465399,3.392693
126,1.4651162790697676,1855.0,-33.09814453125,0.175907,1.141666
127,1.4767441860465116,1877.0,-11.09814453125,-1.38063,-1.121081
128,1.4883720930232558,1795.0,-93.09814453125,-2.937139,-2.997446
129,1.5,1829.0,-59.09814453125,-4.050959,-4.204213
130,1.5116279069767442,1725.0,-163.09814453125,-4.611569,-4.689462
131,1.5232558139534884,1762.0,-126.09814453125,-4.453578,-4.523795
132,1.5348837209302326,1664.0,-224.09814453125,-3.764336,-3.902442
133,1.5465116279069768,1693.0,-195.09814453125,-2.627278,-2.995446
134,1.5581395348837208,1626.0,-262.09814453125,-1.324419,-1.980977
135,1.5697674418604652,1642.0,-246.09814453125,0.020158,-0.983891
136,1.5813953488372092,1627.0,-261.09814453125,1.298511,-0.092849
137,1.5930232558139534,1621.0,-267.09814453125,2.480305,0.61563
138,1.6046511627906976,1665.0,-223.09814453125,3.627606,1.103133
139,1.6162790697674418,1645.0,-243.09814453125,4.691219,1.37868
140,1.627906976744186,1745.0,-143.09814453125,5.728419,1.493556
141,1.6395348837209303,1707.0,-181.09814453125,6.521821,1.524298
142,1.6511627906976745,1840.0,-48.09814453125,7.052478,1.547592
143,1.6627906976744187,1796.0,-92.09814453125,7.017165,1.592357
144,1.6744186046511627,1927.0,38.90185546875,6.436742,1.611171
145,1.686046511627907,1889.0,0.90185546875,5.175895,1.529164
146,1.697674418604651,1979.0,90.90185546875,3.424718,1.270085
147,1.7093023255813955,1958.0,69.90185546875,1.268511,0.841282
148,1.7209302325581395,1981.0,92.90185546875,-1.079382,0.333958
149,1.7325581395348837,1986.0,97.90185546875,-3.524933,-0.131924
150,1.744186046511628,1929.0,40.90185546875,-6.057023,-0.426704
151,1.755813953488372,1962.0,73.90185546875,-8.621768,-0.550763
152,1.7674418604651163,1823.0,-65.09814453125,-11.256866,-0.546834
153,1.7790697674418603,1878.0,-10.09814453125,-13.589104,-0.506727
154,1.7906976744186047,1691.0,-197.09814453125,-15.363243,-0.501411
155,1.8023255813953487,1774.0,-114.09814453125,-15.842724,-0.505157
156,1.8139534883720931,1573.0,-315.09814453125,-14.761104,-0.477676
157,1.8255813953488371,1629.0,-259.09814453125,-11.714825,-0.329592
158,1.8372093023255816,1504.0,-384.09814453125,-7.035206,-0.072938
159,1.8488372093023255,1526.0,-362.09814453125,-1.190796,0.15272
160,1.86046511627907,1508.0,-380.09814453125,4.95964,0.156416
161,1.872093023255814,1493.0,-395.09814453125,10.631534,-0.205485
162,1.8837209302325582,1600.0,-288.09814453125,15.381845,-0.895898
163,1.8953488372093024,1545.0,-343.09814453125,18.918192,-1.688885
164,1.9069767441860463,1730.0,-158.09814453125,21.533339,-2.173744
165,1.9186046511627908,1658.0,-230.09814453125,23.233358,-1.984491
166,1.9302325581395348,1886.0,-2.09814453125,24.252829,-0.991667
167,1.9418604651162792,1808.0,-80.09814453125,24.096586,0.592699
168,1.9534883720930232,2001.0,112.90185546875,22.441355,2.240784
169,1.9651162790697676,1951.0,62.90185546875,18.611156,3.379461
170,1.9767441860465114,2064.0,175.90185546875,12.487305,3.557434
171,1.9883720930232558,2039.0,150.90185546875,4.254848,2.732358
172,2.0,2015.0,126.90185546875,-5.320019,1.247591
173,2.011627906976744,2047.0,158.90185546875,-15.106955,-0.307255
174,2.0232558139534884,1885.0,-3.09814453125,-24.139656,-1.36919
175,2.0348837209302326,1957.0,68.90185546875,-31.411039,-1.660261
176,2.046511627906977,1707.0,-181.09814453125,-36.680107,-1.243443
177,2.058139534883721,1802.0,-86.09814453125,-39.553349,-0.493237
178,2.0697674418604652,1520.0,-368.09814453125,-40.298309,0.136955
179,2.0813953488372094,1607.0,-281.09814453125,-38.575676,0.384846
180,2.0930232558139537,1409.0,-479.09814453125,-34.397408,0.249401
181,2.1046511627906974,1453.0,-435.09814453125,-27.369238,-0.047842
182,2.1162790697674416,1403.0,-485.09814453125,-17.541504,-0.209902
183,2.1279069767441863,1391.0,-497.09814453125,-5.254248,-0.07065
184,2.1395348837209305,1506.0,-382.09814453125,8.710331,0.302796
185,2.1511627906976742,1440.0,-448.09814453125,22.9809,0.675797
186,2.1627906976744184,1703.0,-185.09814453125,36.398232,0.766289
187,2.174418604651163,1600.0,-288.09814453125,47.48151,0.43531
188,2.186046511627907,1919.0,30.90185546875,55.661938,-0.242764
189,2.197674418604651,1808.0,-80.09814453125,60.177059,-0.992046
190,2.2093023255813953,2080.0,191.90185546875,61.147251,-1.494984
191,2.22093023255814,2001.0,112.90185546875,58.294724,-1.543552
192,2.2325581395348837,2137.0,248.90185546875,51.72559,-1.147346
193,2.244186046511628,2127.0,238.90185546875,41.280174,-0.52832
194,2.255813953488372,2067.0,178.90185546875,26.988194,0.021507
195,2.267441860465116,2119.0,230.90185546875,9.343587,0.30244
196,2.2790697674418605,1879.0,-9.09814453125,-10.973378,0.288882
197,2.2906976744186047,1984.0,95.90185546875,-32.289494,0.159618
198,2.302325581395349,1653.0,-235.09814453125,-53.113827,0.163921
199,2.3139534883720927,1765.0,-123.09814453125,-71.198479,0.472115
200,2.3255813953488373,1431.0,-457.09814453125,-85.082176,1.104431
201,2.3372093023255816,1526.0,-362.09814453125,-93.032608,1.890961
202,2.3488372093023258,1327.0,-561.09814453125,-94.327057,2.571877
203,2.3604651162790695,1361.0,-527.09814453125,-88.364265,2.897011
204,2.372093023255814,1359.0,-529.09814453125,-75.263138,2.747971
205,2.3837209302325584,1324.0,-564.09814453125,-55.651646,2.145535
206,2.395348837209302,1535.0,-353.09814453125,-30.492271,1.22842
207,2.4069767441860463,1427.0,-461.09814453125,-1.673311,0.150378
208,2.4186046511627906,1786.0,-102.09814453125,29.039925,-0.959835
209,2.430232558139535,1658.0,-230.09814453125,58.954613,-2.044533
210,2.441860465116279,2028.0,139.90185546875,86.0868,-3.04216
211,2.453488372093023,1911.0,22.90185546875,107.992851,-3.842514
212,2.4651162790697674,2188.0,299.90185546875,123.267784,-4.26342
213,2.4767441860465116,2126.0,237.90185546875,130.412033,-4.11554
214,2.488372093023256,2193.0,304.90185546875,128.65387,-3.280731
215,2.5,2207.0,318.90185546875,117.414825,-1.788864
216,2.511627906976744,2063.0,174.90185546875,96.448662,0.099586
217,2.5232558139534884,2144.0,255.90185546875,66.346512,1.948097
218,2.5348837209302326,1830.0,-58.09814453125,28.126995,3.297054
219,2.546511627906977,1943.0,54.90185546875,-15.538428,3.800954
220,2.5581395348837206,1584.0,-304.09814453125,-61.500286,3.424099
221,2.5697674418604652,1699.0,-189.09814453125,-105.159294,2.392647
222,2.5813953488372094,1397.0,-491.09814453125,-142.298065,1.184509
223,2.5930232558139537,1473.0,-415.09814453125,-168.644714,0.294281
224,2.6046511627906974,1344.0,-544.09814453125,-181.430862,0.070282
225,2.6162790697674416,1360.0,-528.09814453125,-179.159943,0.569061
226,2.6279069767441863,1430.0,-458.09814453125,-161.919952,1.523132
227,2.6395348837209305,1375.0,-513.09814453125,-131.231934,2.480225
228,2.6511627906976742,1633.0,-255.09814453125,-89.24794,2.948074
229,2.6627906976744184,1520.0,-368.09814453125,-39.20076,2.578026
230,2.674418604651163,1855.0,-33.09814453125,15.787548,1.289522
231,2.686046511627907,1744.0,-144.09814453125,71.658943,-0.705132
232,2.697674418604651,2033.0,144.90185546875,124.58844,-2.961777
233,2.7093023255813953,1957.0,68.90185546875,170.078415,-4.94722
234,2.72093023255814,2114.0,225.90185546875,204.116516,-6.177338
235,2.7325581395348837,2094.0,205.90185546875,223.03421,-6.345306
236,2.744186046511628,2071.0,182.90185546875,224.312866,-5.326828
237,2.755813953488372,2110.0,221.90185546875,206.948105,-3.322433
238,2.767441860465116,1936.0,47.90185546875,171.36882,-0.720703
239,2.7790697674418605,2010.0,121.90185546875,119.992691,1.930946
240,2.7906976744186047,1775.0,-113.09814453125,56.274239,4.07093
241,2.802325581395349,1859.0,-29.09814453125,-14.702546,5.255544
242,2.8139534883720927,1645.0,-243.09814453125,-87.435661,5.279228
243,2.8255813953488373,1702.0,-186.09814453125,-155.594788,4.27562
244,2.8372093023255816,1584.0,-304.09814453125,-213.086105,2.671494
245,2.8488372093023253,1606.0,-282.09814453125,-254.21431,1.064667
246,2.8604651162790695,1610.0,-278.09814453125,-274.480621,-0.014069
247,2.872093023255814,1584.0,-304.09814453125,-271.282349,-0.286438
248,2.8837209302325584,1693.0,-195.09814453125,-244.007111,0.149872
249,2.895348837209302,1648.0,-240.09814453125,-194.728378,0.828827
250,2.9069767441860463,1840.0,-48.09814453125,-127.324608,1.172783
251,2.918604651162791,1743.0,-145.09814453125,-47.808258,0.664368
252,2.930232558139535,1893.0,4.90185546875,37.223206,-0.759895
253,2.941860465116279,1875.0,-13.09814453125,120.514809,-2.738365
254,2.953488372093023,1904.0,15.90185546875,195.17363,-4.5457
255,2.9651162790697674,1902.0,13.90185546875,254.979126,-5.41571
256,2.9767441860465116,1871.0,-17.09814453125,294.641937,-4.844818
257,2.988372093023256,1895.0,6.90185546875,310.410889,-2.857605
258,3.0,1836.0,-52.09814453125,299.984619,-0.017517
259,3.011627906976744,1866.0,-22.09814453125,263.422455,2.808594
260,3.0232558139534884,1809.0,-79.09814453125,202.776794,4.725082
261,3.0348837209302326,1814.0,-74.09814453125,122.767143,5.233612
262,3.046511627906977,1813.0,-75.09814453125,29.977947,4.345551
263,3.0581395348837206,1808.0,-80.09814453125,-67.330887,2.540833
264,3.0697674418604652,1842.0,-46.09814453125,-160.307144,0.536575
265,3.0813953488372094,1827.0,-61.09814453125,-240.322922,-1.019287
266,3.0930232558139537,1883.0,-5.09814453125,-299.819916,-1.777405
267,3.1046511627906974,1866.0,-22.09814453125,-333.225525,-1.776489
268,3.1162790697674416,1912.0,23.90185546875,-337.147827,-1.317291
269,3.1279069767441863,1899.0,10.90185546875,-311.0578,-0.792419
270,3.1395348837209305,1903.0,14.90185546875,-256.90155,-0.466675
271,3.1511627906976742,1906.0,17.90185546875,-179.439713,-0.418839
272,3.1627906976744184,1874.0,-14.09814453125,-85.433327,-0.528824
273,3.174418604651163,1887.0,-1.09814453125,16.522438,-0.639065
274,3.186046511627907,1818.0,-70.09814453125,117.142029,-0.602867
275,3.197674418604651,1843.0,-45.09814453125,207.135361,-0.396545
276,3.2093023255813953,1775.0,-113.09814453125,278.264709,-0.093323
277,3.22093023255814,1791.0,-97.09814453125,324.137177,0.178497
278,3.2325581395348837,1759.0,-129.09814453125,340.713013,0.334412
279,3.244186046511628,1762.0,-126.09814453125,326.751495,0.328186
280,3.255813953488372,1776.0,-112.09814453125,283.631927,0.228912
281,3.2674418604651163,1767.0,-121.09814453125,215.476776,0.148987
282,3.2790697674418605,1811.0,-77.09814453125,128.441483,0.205322
283,3.2906976744186047,1797.0,-91.09814453125,30.658398,0.529943
284,3.302325581395349,1888.0,-0.09814453125,-68.91674,1.12915
285,3.3139534883720927,1849.0,-39.09814453125,-160.866959,1.926849
286,3.3255813953488373,1943.0,54.90185546875,-236.694168,2.674484
287,3.3372093023255816,1916.0,27.90185546875,-289.431793,3.009155
288,3.3488372093023253,1983.0,94.90185546875,-314.601288,2.592804
289,3.3604651162790695,1970.0,81.90185546875,-310.544617,1.226624
290,3.372093023255814,1986.0,97.90185546875,-278.401001,-0.974731
291,3.3837209302325584,1989.0,100.90185546875,-221.956757,-3.518326
292,3.395348837209302,1968.0,79.90185546875,-146.809387,-5.651016
293,3.4069767441860463,1979.0,90.90185546875,-60.236607,-6.6413
294,3.418604651162791,1903.0,14.90185546875,29.882906,-6.055643
295,3.430232558139535,1934.0,45.90185546875,115.09417,-3.974579
296,3.441860465116279,1828.0,-60.09814453125,187.516495,-1.009384
297,3.453488372093023,1866.0,-22.09814453125,240.137772,1.955612
298,3.4651162790697674,1745.0,-143.09814453125,268.023041,4.079895
299,3.4767441860465116,1787.0,-101.09814453125,268.866058,5.000031
300,3.488372093023256,1712.0,-176.09814453125,243.47966,4.87175
301,3.5,1727.0,-161.09814453125,195.731201,4.223877
302,3.511627906976744,1691.0,-197.09814453125,131.68779,3.65033
303,3.5232558139534884,1693.0,-195.09814453125,58.958542,3.437675
304,3.5348837209302326,1716.0,-172.09814453125,-14.995078,3.38976
305,3.546511627906977,1703.0,-185.09814453125,-83.067398,2.951668
306,3.5581395348837206,1776.0,-112.09814453125,-139.738907,1.568878
307,3.5697674418604652,1742.0,-146.09814453125,-180.431732,-0.905807
308,3.5813953488372094,1847.0,-41.09814453125,-202.225098,-4.068085
309,3.5930232558139537,1808.0,-80.09814453125,-203.31395,-6.998947
310,3.6046511627906974,1922.0,33.90185546875,-183.725891,-8.698746
311,3.616279069767442,1892.0,3.90185546875,-145.542313,-8.537155
312,3.6279069767441863,1965.0,76.90185546875,-93.084953,-6.573112
313,3.63953488372093,1947.0,58.90185546875,-32.99865,-3.504433
314,3.6511627906976742,1956.0,67.90185546875,27.076982,-0.363489
315,3.6627906976744184,1964.0,75.90185546875,79.120407,2.004349
316,3.674418604651163,1893.0,4.90185546875,117.008194,3.284233
317,3.686046511627907,1926.0,37.90185546875,136.775726,3.78688
318,3.697674418604651,1793.0,-95.09814453125,137.944992,4.170013
319,3.7093023255813953,1845.0,-43.09814453125,122.501732,4.998482
320,3.72093023255814,1678.0,-210.09814453125,94.609344,6.365707
321,3.7325581395348837,1733.0,-155.09814453125,59.228718,7.766914
322,3.744186046511628,1600.0,-288.09814453125,21.255325,8.349423
323,3.755813953488372,1632.0,-256.09814453125,-14.804009,7.331069
324,3.7674418604651163,1582.0,-306.09814453125,-45.519051,4.438828
325,3.7790697674418605,1583.0,-305.09814453125,-67.871857,0.114319
326,3.7906976744186047,1641.0,-247.09814453125,-80.138443,-4.615112
327,3.802325581395349,1600.0,-288.09814453125,-81.142876,-8.51783
328,3.8139534883720927,1757.0,-131.09814453125,-71.357155,-10.61747
329,3.8255813953488373,1693.0,-195.09814453125,-52.297001,-10.558697
330,3.8372093023255816,1891.0,2.90185546875,-27.031555,-8.661451
331,3.8488372093023253,1825.0,-63.09814453125,0.660293,-5.726747
332,3.8604651162790695,2000.0,111.90185546875,26.806337,-2.674503
333,3.872093023255814,1952.0,63.90185546875,47.818691,-0.204525
334,3.8837209302325584,2034.0,145.90185546875,61.436157,1.375114
335,3.895348837209302,2027.0,138.90185546875,66.343399,2.176575
336,3.9069767441860463,1996.0,107.90185546875,62.907745,2.543419
337,3.9186046511627906,2028.0,139.90185546875,51.933075,2.835278
338,3.930232558139535,1873.0,-15.09814453125,35.328194,3.301453
339,3.941860465116279,1950.0,61.90185546875,14.915625,4.013829
340,3.9534883720930227,1728.0,-160.09814453125,-7.017767,4.827595
341,3.9651162790697674,1808.0,-80.09814453125,-28.352146,5.53949
342,3.9767441860465116,1611.0,-277.09814453125,-46.946362,5.903774
343,3.9883720930232562,1663.0,-225.09814453125,-60.865368,5.714169
344,4.0,1555.0,-333.09814453125,-68.809151,4.815453
345,4.011627906976744,1573.0,-315.09814453125,-69.855476,3.178833
346,4.023255813953488,1595.0,-293.09814453125,-64.21553,0.912361
347,4.034883720930233,1563.0,-325.09814453125,-52.421692,-1.728863
348,4.046511627906977,1705.0,-183.09814453125,-35.987587,-4.319633
349,4.058139534883721,1643.0,-245.09814453125,-16.355404,-6.413726
350,4.069767441860465,1843.0,-45.09814453125,4.63073,-7.586699
351,4.081395348837209,1773.0,-115.09814453125,25.484083,-7.607859
352,4.093023255813954,1962.0,73.90185546875,44.690308,-6.50684
353,4.104651162790698,1907.0,18.90185546875,60.928059,-4.569141
354,4.116279069767442,2023.0,134.90185546875,73.037575,-2.276505
355,4.127906976744186,2001.0,112.90185546875,79.825897,-0.109222
356,4.1395348837209305,2003.0,114.90185546875,80.579628,1.533348
357,4.151162790697675,2027.0,138.90185546875,74.663475,2.498703
358,4.162790697674419,1936.0,47.90185546875,62.406685,2.857449
359,4.174418604651162,1978.0,89.90185546875,44.397575,2.836868
360,4.186046511627907,1825.0,-63.09814453125,22.265648,2.7306
361,4.1976744186046515,1881.0,-7.09814453125,-2.216624,2.75295
362,4.209302325581395,1744.0,-144.09814453125,-26.846813,2.946772
363,4.22093023255814,1776.0,-112.09814453125,-49.708309,3.178143
364,4.232558139534883,1690.0,-198.09814453125,-69.141548,3.241241
365,4.2441860465116275,1705.0,-183.09814453125,-83.874252,2.903679
366,4.2558139534883725,1695.0,-193.09814453125,-93.151093,2.07373
367,4.267441860465116,1681.0,-207.09814453125,-96.252899,0.818451
368,4.279069767441861,1741.0,-147.09814453125,-92.885086,-0.607056
369,4.290697674418605,1713.0,-175.09814453125,-82.611069,-1.877838
370,4.3023255813953485,1807.0,-81.09814453125,-65.553513,-2.673771
371,4.313953488372094,1778.0,-110.09814453125,-42.036388,-2.815773
372,4.325581395348837,1870.0,-18.09814453125,-13.280334,-2.330662
373,4.337209302325581,1839.0,-49.09814453125,18.875898,-1.449493
374,4.348837209302326,1905.0,16.90185546875,51.849865,-0.503143
375,4.3604651162790695,1887.0,-1.09814453125,82.614967,0.17952
376,4.372093023255814,1915.0,26.90185546875,108.192673,0.400635
377,4.383720930232558,1917.0,28.90185546875,125.762772,0.145416
378,4.395348837209302,1903.0,14.90185546875,133.37236,-0.420471
379,4.406976744186047,1917.0,28.90185546875,129.679398,-1.038193
380,4.4186046511627906,1887.0,-1.09814453125,114.616898,-1.422676
381,4.430232558139535,1900.0,11.90185546875,88.754387,-1.44413
382,4.44186046511628,1872.0,-16.09814453125,53.822296,-1.108833
383,4.453488372093023,1879.0,-9.09814453125,12.328601,-0.548797
384,4.465116279069767,1863.0,-25.09814453125,-32.438087,0.063122
385,4.476744186046512,1870.0,-18.09814453125,-76.569328,0.576157
386,4.488372093023256,1853.0,-35.09814453125,-115.955055,0.944786
387,4.5,1857.0,-31.09814453125,-146.462204,1.235382
388,4.511627906976744,1842.0,-46.09814453125,-164.695724,1.549179
389,4.523255813953488,1849.0,-39.09814453125,-168.166824,1.973145
390,4.534883720930232,1823.0,-65.09814453125,-155.966705,2.456055
391,4.546511627906977,1830.0,-58.09814453125,-128.72142,2.827393
392,4.558139534883721,1807.0,-81.09814453125,-88.701591,2.855927
393,4.569767441860465,1808.0,-80.09814453125,-39.525814,2.324883
394,4.5813953488372094,1795.0,-93.09814453125,14.275979,1.186651
395,4.593023255813954,1797.0,-91.09814453125,67.65535,-0.412689
396,4.604651162790698,1808.0,-80.09814453125,115.708366,-2.10096
397,4.616279069767442,1794.0,-94.09814453125,153.90332,-3.432632
398,4.627906976744185,1827.0,-61.09814453125,178.698273,-3.967163
399,4.6395348837209305,1813.0,-75.09814453125,187.557663,-3.516235
400,4.651162790697675,1865.0,-23.09814453125,179.369019,-2.16861
401,4.662790697674418,1843.0,-45.09814453125,154.426483,-0.353821
402,4.674418604651163,1904.0,15.90185546875,114.636726,1.366783
403,4.686046511627906,1885.0,-3.09814453125,63.40591,2.407803
404,4.6976744186046515,1933.0,44.90185546875,5.446492,2.42064
405,4.709302325581396,1906.0,17.90185546875,-53.56543,1.392467
406,4.720930232558139,1934.0,45.90185546875,-107.646881,-0.285309
407,4.732558139534884,1936.0,47.90185546875,-151.160873,-2.020874
408,4.744186046511628,1914.0,25.90185546875,-179.629364,-3.170715
409,4.755813953488372,1923.0,34.90185546875,-190.209854,-3.299377
410,4.767441860465117,1873.0,-15.09814453125,-182.125458,-2.31427
411,4.77906976744186,1893.0,4.90185546875,-156.622955,-0.490601
412,4.790697674418604,1838.0,-50.09814453125,-116.77932,1.587975
413,4.802325581395349,1858.0,-30.09814453125,-67.024895,3.300346
414,4.813953488372093,1814.0,-74.09814453125,-12.500283,4.177554
415,4.825581395348837,1826.0,-62.09814453125,41.342865,4.019886
416,4.837209302325581,1824.0,-64.09814453125,89.490784,2.993973
417,4.848837209302325,1823.0,-65.09814453125,127.538383,1.493202
418,4.86046511627907,1843.0,-45.09814453125,152.325073,0.021439
419,4.872093023255814,1830.0,-58.09814453125,161.947159,-0.99324
420,4.883720930232558,1872.0,-16.09814453125,156.10881,-1.33519
421,4.895348837209303,1859.0,-29.09814453125,135.964096,-1.042099
422,4.906976744186046,1898.0,9.90185546875,104.065018,-0.365601
423,4.9186046511627906,1890.0,1.90185546875,64.033783,0.336983
424,4.930232558139535,1903.0,14.90185546875,20.047232,0.681952
425,4.941860465116279,1904.0,15.90185546875,-23.377405,0.468229
426,4.953488372093023,1890.0,1.90185546875,-62.177284,-0.360275
427,4.965116279069767,1903.0,14.90185546875,-92.688522,-1.571533
428,4.976744186046512,1866.0,-22.09814453125,-112.494209,-2.868309
429,4.988372093023256,1881.0,-7.09814453125,-120.103333,-3.807701
430,5.0,1840.0,-48.09814453125,-115.576965,-4.07859
431,5.011627906976744,1854.0,-34.09814453125,-100.127731,-3.519516
432,5.023255813953488,1824.0,-64.09814453125,-76.264717,-2.254379
433,5.034883720930233,1828.0,-60.09814453125,-47.250496,-0.589001
434,5.046511627906977,1823.0,-65.09814453125,-16.679905,1.082867
435,5.058139534883721,1819.0,-69.09814453125,11.953835,2.404895
436,5.069767441860465,1839.0,-49.09814453125,35.95145,3.229664
437,5.081395348837209,1826.0,-62.09814453125,53.332035,3.574223
438,5.093023255813954,1865.0,-23.09814453125,63.397251,3.674412
439,5.104651162790698,1853.0,-35.09814453125,66.087234,3.713974
440,5.116279069767441,1903.0,14.90185546875,62.350479,3.842026
441,5.127906976744186,1884.0,-4.09814453125,53.358265,3.941563
442,5.1395348837209305,1930.0,41.90185546875,40.817226,3.834274
443,5.151162790697675,1914.0,25.90185546875,26.422003,3.222912
444,5.162790697674419,1939.0,50.90185546875,11.993625,1.984743
445,5.174418604651162,1936.0,47.90185546875,-0.762317,0.18255
446,5.186046511627907,1933.0,44.90185546875,-10.574103,-1.920786
447,5.1976744186046515,1936.0,47.90185546875,-16.504303,-3.909009
448,5.209302325581395,1911.0,22.90185546875,-18.572634,-5.463655
449,5.22093023255814,1921.0,32.90185546875,-17.172445,-6.332328
450,5.232558139534883,1888.0,-0.09814453125,-13.636004,-6.57874
451,5.2441860465116275,1899.0,10.90185546875,-9.235874,-6.297273
452,5.2558139534883725,1847.0,-41.09814453125,-5.52405,-5.733394
453,5.267441860465116,1866.0,-22.09814453125,-3.432839,-4.920287
454,5.279069767441861,1815.0,-73.09814453125,-3.547004,-3.889672
455,5.290697674418605,1831.0,-57.09814453125,-5.777786,-2.459806
456,5.3023255813953485,1787.0,-101.09814453125,-9.523676,-0.549438
457,5.313953488372094,1806.0,-82.09814453125,-13.997107,1.85291
458,5.325581395348837,1776.0,-112.09814453125,-18.080437,4.527977
459,5.337209302325581,1776.0,-112.09814453125,-21.01136,7.072681
460,5.348837209302326,1789.0,-99.09814453125,-21.864281,9.064491
461,5.3604651162790695,1777.0,-111.09814453125,-20.373463,10.063463
462,5.372093023255814,1829.0,-59.09814453125,-16.185541,9.955994
463,5.383720930232558,1806.0,-82.09814453125,-9.596074,8.758601
464,5.395348837209302,1893.0,4.90185546875,-0.897518,6.877345
465,5.406976744186046,1859.0,-29.09814453125,9.15645,4.661376
466,5.4186046511627906,1975.0,86.90185546875,19.714132,2.617685
467,5.430232558139535,1930.0,41.90185546875,29.694902,0.878395
468,5.44186046511628,2027.0,138.90185546875,37.812984,-0.527218
469,5.453488372093023,2000.0,111.90185546875,42.968624,-1.866871
470,5.465116279069767,2059.0,170.90185546875,43.954819,-3.457127
471,5.476744186046512,2039.0,150.90185546875,40.246853,-5.530727
472,5.488372093023256,2023.0,134.90185546875,31.606335,-8.117798
473,5.5,2043.0,154.90185546875,18.829346,-10.854406
474,5.511627906976744,1945.0,56.90185546875,3.110521,-13.314899
475,5.523255813953488,1991.0,102.90185546875,-13.563232,-14.769205
476,5.534883720930232,1845.0,-43.09814453125,-29.195492,-14.853448
477,5.546511627906977,1902.0,13.90185546875,-41.839428,-13.235825
478,5.558139534883721,1748.0,-140.09814453125,-50.047485,-10.157906
479,5.569767441860465,1792.0,-96.09814453125,-53.063656,-5.908516
480,5.5813953488372094,1669.0,-219.09814453125,-50.677509,-1.084858
481,5.593023255813954,1699.0,-189.09814453125,-43.386715,3.899395
482,5.604651162790698,1664.0,-224.09814453125,-31.903532,8.680079
483,5.616279069767442,1659.0,-229.09814453125,-17.456711,13.032444
484,5.627906976744185,1714.0,-174.09814453125,-1.257483,16.862705
485,5.6395348837209305,1682.0,-206.09814453125,15.094222,19.898756
486,5.651162790697675,1830.0,-58.09814453125,30.087353,21.968927
487,5.662790697674418,1776.0,-112.09814453125,42.091805,22.5905
488,5.674418604651163,1971.0,82.90185546875,49.887665,21.614956
489,5.686046511627907,1905.0,16.90185546875,52.623486,18.748692
490,5.697674418604651,2093.0,204.90185546875,50.17622,14.242435
491,5.709302325581396,2034.0,145.90185546875,43.016476,8.313534
492,5.720930232558139,2142.0,253.90185546875,32.180603,1.57583
493,5.732558139534884,2128.0,239.90185546875,18.98316,-5.490976
494,5.744186046511628,2112.0,223.90185546875,4.707176,-12.424038
495,5.755813953488372,2133.0,244.90185546875,-9.385277,-18.814123
496,5.767441860465117,2000.0,111.90185546875,-22.368824,-24.448162
497,5.77906976744186,2065.0,176.90185546875,-33.287518,-28.866915
498,5.790697674418604,1847.0,-41.09814453125,-41.520691,-31.862675
499,5.802325581395349,1928.0,39.90185546875,-46.298519,-32.799652
500,5.813953488372093,1699.0,-189.09814453125,-47.305923,-31.467014
501,5.825581395348837,1767.0,-121.09814453125,-44.296009,-27.448734
502,5.837209302325582,1603.0,-285.09814453125,-37.663441,-20.95079
503,5.848837209302325,1645.0,-243.09814453125,-28.096979,-12.27085
504,5.86046511627907,1587.0,-301.09814453125,-16.714373,-2.202148
505,5.872093023255814,1586.0,-302.09814453125,-4.731909,8.364029
506,5.883720930232558,1725.0,-163.09814453125,6.852746,18.567863
507,5.895348837209303,1661.0,-227.09814453125,17.087997,27.455715
508,5.906976744186046,1898.0,9.90185546875,25.708281,34.635254
509,5.9186046511627906,1814.0,-74.09814453125,32.367847,39.567745
510,5.930232558139535,2055.0,166.90185546875,37.300636,42.337502
511,5.941860465116279,1978.0,89.90185546875,40.384377,42.713692
512,5.953488372093023,2160.0,271.90185546875,41.800255,40.853569
513,5.965116279069767,2114.0,225.90185546875,41.337711,36.552181
514,5.976744186046512,2155.0,266.90185546875,38.926815,29.814644
515,5.988372093023256,2162.0,273.90185546875,34.440475,20.655849
516,6.0,2068.0,179.90185546875,27.720425,9.221474
517,6.011627906976744,2122.0,233.90185546875,18.888556,-3.868528
518,6.023255813953488,1904.0,15.90185546875,7.845634,-18.007057
519,6.034883720930233,1990.0,101.90185546875,-4.920655,-31.934765
520,6.046511627906977,1728.0,-160.09814453125,-19.239372,-44.778542
521,6.058139534883721,1809.0,-79.09814453125,-34.141014,-55.231956
522,6.069767441860465,1589.0,-299.09814453125,-48.839245,-62.594406
523,6.081395348837209,1650.0,-238.09814453125,-61.792721,-65.970444
524,6.093023255813954,1535.0,-353.09814453125,-71.584335,-64.958839
525,6.104651162790698,1552.0,-336.09814453125,-76.535042,-59.115646
526,6.116279069767441,1597.0,-291.09814453125,-75.252373,-48.288322
527,6.127906976744186,1554.0,-334.09814453125,-67.00267,-32.762001
528,6.1395348837209305,1744.0,-144.09814453125,-51.530319,-13.078476
529,6.151162790697675,1662.0,-226.09814453125,-29.907728,9.26811
530,6.162790697674419,1929.0,40.90185546875,-3.510373,32.682598
531,6.174418604651162,1839.0,-49.09814453125,25.037014,54.735825
532,6.186046511627907,2105.0,216.90185546875,53.413475,73.533493
533,6.1976744186046515,2023.0,134.90185546875,78.710396,87.03775
534,6.209302325581395,2192.0,303.90185546875,98.844322,94.277718
535,6.22093023255814,2160.0,271.90185546875,111.778831,94.581467
536,6.232558139534883,2186.0,297.90185546875,116.254402,88.05043
537,6.2441860465116275,2199.0,310.90185546875,111.508438,75.071693
538,6.2558139534883725,2063.0,174.90185546875,97.222961,56.160164
539,6.267441860465116,2128.0,239.90185546875,74.039352,32.260712
540,6.279069767441861,1874.0,-14.09814453125,42.885677,4.29472
541,6.290697674418605,1969.0,80.90185546875,6.076946,-25.901234
542,6.3023255813953485,1694.0,-194.09814453125,-33.926525,-56.466179
543,6.313953488372094,1781.0,-107.09814453125,-73.473724,-84.651421
544,6.325581395348837,1573.0,-315.09814453125,-109.219879,-108.057327
545,6.337209302325581,1620.0,-268.09814453125,-137.510666,-124.159485
546,6.348837209302326,1547.0,-341.09814453125,-155.462708,-131.236893
547,6.3604651162790695,1535.0,-353.09814453125,-160.847,-128.163071
548,6.372093023255814,1616.0,-272.09814453125,-152.344376,-114.543404
549,6.383720930232558,1570.0,-318.09814453125,-129.96553,-90.87825
550,6.395348837209302,1763.0,-125.09814453125,-94.613533,-58.186493
551,6.406976744186046,1683.0,-205.09814453125,-48.93182,-18.640505
552,6.4186046511627906,1931.0,42.90185546875,3.671155,25.104958
553,6.430232558139535,1847.0,-41.09814453125,58.248341,69.215195
554,6.44186046511628,2063.0,174.90185546875,109.790657,109.806114
555,6.453488372093023,1991.0,102.90185546875,153.010956,142.740219
556,6.465116279069767,2117.0,228.90185546875,183.779831,164.860931
557,6.476744186046512,2102.0,213.90185546875,199.14389,173.978333
558,6.488372093023256,2096.0,207.90185546875,197.753189,169.246109
559,6.5,2121.0,232.90185546875,179.784378,150.969604
560,6.511627906976744,1991.0,102.90185546875,146.319336,120.066925
561,6.523255813953488,2057.0,168.90185546875,99.579781,78.198318
562,6.534883720930233,1867.0,-21.09814453125,42.155075,27.219175
563,6.546511627906977,1930.0,41.90185546875,-22.064278,-29.889656
564,6.558139534883721,1759.0,-129.09814453125,-88.390022,-89.244698
565,6.569767441860465,1808.0,-80.09814453125,-150.640762,-145.350861
566,6.5813953488372094,1689.0,-199.09814453125,-202.10997,-191.9328
567,6.593023255813954,1712.0,-176.09814453125,-236.121628,-222.549088
568,6.604651162790698,1680.0,-208.09814453125,-247.548569,-232.142746
569,6.616279069767442,1679.0,-209.09814453125,-233.985641,-218.253311
570,6.627906976744185,1713.0,-175.09814453125,-196.353012,-181.68013
571,6.6395348837209305,1690.0,-198.09814453125,-139.072723,-126.602371
572,6.651162790697675,1776.0,-112.09814453125,-68.832649,-59.392334
573,6.662790697674418,1744.0,-144.09814453125,6.33771,12.369818
574,6.674418604651163,1845.0,-43.09814453125,78.930923,81.619522
575,6.686046511627907,1811.0,-77.09814453125,142.542358,142.365463
576,6.697674418604651,1904.0,15.90185546875,192.678467,190.331696
577,6.709302325581396,1877.0,-11.09814453125,226.302933,222.524323
578,6.720930232558139,1947.0,58.90185546875,241.713028,237.08548
579,6.732558139534884,1931.0,42.90185546875,238.034088,232.919617
580,6.744186046511628,1957.0,68.90185546875,215.282837,209.869156
581,6.755813953488372,1955.0,66.90185546875,174.606857,169.028381
582,6.767441860465117,1961.0,72.90185546875,118.536079,113.024757
583,6.77906976744186,1952.0,63.90185546875,51.329861,46.276432
584,6.790697674418604,1929.0,40.90185546875,-21.369444,-25.457596
585,6.802325581395349,1942.0,53.90185546875,-92.888962,-95.556671
586,6.813953488372093,1889.0,0.90185546875,-156.653076,-157.65477
587,6.825581395348837,1902.0,13.90185546875,-206.72699,-206.184448
588,6.837209302325582,1841.0,-47.09814453125,-238.823242,-237.165527
589,6.848837209302325,1867.0,-21.09814453125,-250.369247,-248.230759
590,6.86046511627907,1801.0,-87.09814453125,-240.755997,-238.717896
591,6.872093023255814,1822.0,-66.09814453125,-210.995911,-209.420135
592,6.883720930232558,1775.0,-113.09814453125,-163.563248,-162.475494
593,6.895348837209303,1783.0,-105.09814453125,-102.234543,-101.391296
594,6.906976744186046,1773.0,-115.09814453125,-31.783703,-30.861103
595,6.9186046511627906,1773.0,-115.09814453125,41.919453,43.142109
596,6.930232558139535,1801.0,-87.09814453125,112.645119,114.105034
597,6.941860465116279,1777.0,-111.09814453125,173.829956,175.213867
598,6.953488372093023,1837.0,-51.09814453125,219.831589,220.655823
599,6.965116279069767,1811.0,-77.09814453125,246.109634,245.981293
600,6.976744186046512,1891.0,2.90185546875,250.341476,249.105804
601,6.988372093023256,1859.0,-29.09814453125,232.260895,230.158783
602,7.0,1946.0,57.90185546875,193.960632,191.552139
603,7.011627906976744,1918.0,29.90185546875,139.338928,137.372986
604,7.023255813953488,1969.0,80.90185546875,73.562401,72.746002
605,7.034883720930233,1963.0,74.90185546875,2.673449,3.475392
606,7.046511627906977,1971.0,82.90185546875,-67.305023,-64.747307
607,7.058139534883721,1975.0,86.90185546875,-130.292572,-126.2145
608,7.069767441860465,1941.0,52.90185546875,-181.132645,-176.009521
609,7.081395348837209,1962.0,73.90185546875,-215.346909,-209.828995
610,7.093023255813954,1893.0,4.90185546875,-230.198395,-224.951355
611,7.104651162790698,1920.0,31.90185546875,-224.446808,-220.129333
612,7.116279069767441,1840.0,-48.09814453125,-199.065933,-196.251221
613,7.127906976744186,1865.0,-23.09814453125,-156.869339,-156.054901
614,7.1395348837209305,1799.0,-89.09814453125,-102.327209,-103.873276
615,7.151162790697675,1819.0,-69.09814453125,-40.998474,-45.068985
616,7.162790697674419,1791.0,-97.09814453125,21.4237,14.915703
617,7.174418604651162,1793.0,-95.09814453125,79.322174,70.796532
618,7.186046511627907,1803.0,-85.09814453125,128.234512,118.396248
619,7.1976744186046515,1800.0,-88.09814453125,164.37117,154.186996
620,7.209302325581395,1840.0,-48.09814453125,185.481613,176.009018
621,7.22093023255814,1815.0,-73.09814453125,190.131897,182.422455
622,7.232558139534884,1878.0,-10.09814453125,178.458344,173.401413
623,7.2441860465116275,1855.0,-33.09814453125,151.749619,150.011871
624,7.2558139534883725,1916.0,27.90185546875,112.789421,114.767281
625,7.267441860465116,1897.0,8.90185546875,65.658508,71.466675
626,7.27906976744186,1937.0,48.90185546875,15.177727,24.633312
627,7.290697674418605,1931.0,42.90185546875,-33.291882,-20.712946
628,7.3023255813953485,1941.0,52.90185546875,-75.227493,-60.395977
629,7.313953488372094,1941.0,52.90185546875,-106.825729,-90.994202
630,7.325581395348837,1930.0,41.90185546875,-126.271156,-110.987419
631,7.337209302325581,1938.0,49.90185546875,-132.993164,-119.970741
632,7.348837209302326,1905.0,16.90185546875,-128.182968,-119.075882
633,7.3604651162790695,1919.0,30.90185546875,-113.735359,-109.876389
634,7.372093023255814,1872.0,-16.09814453125,-92.238747,-94.40461
635,7.383720930232559,1894.0,5.90185546875,-66.363647,-74.605843
636,7.395348837209302,1841.0,-47.09814453125,-38.489727,-52.102463
637,7.406976744186046,1863.0,-25.09814453125,-10.982104,-28.583885
638,7.4186046511627906,1813.0,-75.09814453125,14.45514,-5.281344
639,7.430232558139535,1830.0,-58.09814453125,36.116264,16.321938
640,7.44186046511628,1793.0,-95.09814453125,53.079082,35.264809
641,7.453488372093023,1803.0,-85.09814453125,64.558937,50.494568
642,7.465116279069767,1787.0,-101.09814453125,70.574318,61.622425
643,7.476744186046512,1788.0,-100.09814453125,71.437134,68.429565
644,7.488372093023256,1796.0,-92.09814453125,67.915283,71.142715
645,7.5,1789.0,-99.09814453125,61.03051,70.221161
646,7.511627906976744,1822.0,-66.09814453125,51.697773,66.052841
647,7.523255813953488,1808.0,-80.09814453125,40.951084,59.195671
648,7.534883720930233,1863.0,-25.09814453125,29.287025,49.733028
649,7.546511627906977,1840.0,-48.09814453125,17.357136,38.057652
650,7.558139534883721,1905.0,16.90185546875,5.304481,24.201565
651,7.569767441860464,1882.0,-6.09814453125,-6.428359,8.765671
652,7.5813953488372094,1936.0,47.90185546875,-17.642672,-7.708686
653,7.593023255813954,1927.0,38.90185546875,-27.838123,-24.121475
654,7.604651162790698,1953.0,64.90185546875,-36.617512,-39.415447
655,7.616279069767442,1943.0,54.90185546875,-43.592274,-52.473297
656,7.627906976744185,1935.0,46.90185546875,-48.355728,-62.304546
657,7.6395348837209305,1943.0,54.90185546875,-50.845436,-68.389336
658,7.651162790697675,1901.0,12.90185546875,-50.775448,-70.20961
659,7.662790697674418,1919.0,30.90185546875,-48.259335,-67.802628
660,7.674418604651163,1844.0,-44.09814453125,-43.008396,-60.927586
661,7.686046511627907,1869.0,-19.09814453125,-35.121113,-49.860291
662,7.697674418604651,1794.0,-94.09814453125,-24.456482,-34.661064
663,7.709302325581396,1819.0,-69.09814453125,-11.417787,-16.112627
664,7.720930232558139,1760.0,-128.09814453125,3.401905,4.770413
665,7.732558139534884,1777.0,-111.09814453125,18.945595,26.300987
666,7.744186046511628,1750.0,-138.09814453125,33.824127,46.485012
667,7.755813953488372,1751.0,-137.09814453125,46.710236,63.342293
668,7.767441860465117,1774.0,-114.09814453125,56.163151,75.016312
669,7.77906976744186,1758.0,-130.09814453125,61.407223,80.493164
670,7.790697674418604,1815.0,-73.09814453125,61.702801,79.126701
671,7.802325581395349,1776.0,-112.09814453125,57.149853,71.327576
672,7.813953488372093,1869.0,-19.09814453125,47.898399,57.695217
673,7.825581395348837,1842.0,-46.09814453125,34.756611,39.560139
674,7.837209302325581,1915.0,26.90185546875,18.658203,18.271727
675,7.848837209302326,1891.0,2.90185546875,1.002368,-4.337063
676,7.86046511627907,1947.0,58.90185546875,-16.542721,-26.322536
677,7.872093023255814,1936.0,47.90185546875,-32.343739,-45.696274
678,7.883720930232558,1963.0,74.90185546875,-44.695347,-60.539177
679,7.895348837209302,1955.0,66.90185546875,-52.651955,-69.61171
680,7.9069767441860455,1953.0,64.90185546875,-55.522087,-72.1362
681,7.918604651162791,1963.0,74.90185546875,-53.735245,-68.502853
682,7.930232558139535,1927.0,38.90185546875,-47.847866,-59.452122
683,7.941860465116279,1938.0,49.90185546875,-39.093197,-46.517658
684,7.953488372093023,1888.0,-0.09814453125,-28.38401,-31.00959
685,7.9651162790697665,1909.0,20.90185546875,-16.728271,-14.402395
686,7.9767441860465125,1852.0,-36.09814453125,-4.816521,2.239812
687,7.988372093023257,1871.0,-17.09814453125,6.76302,17.890884
688,8.0,1814.0,-74.09814453125,17.275499,31.581306
689,8.011627906976743,1833.0,-55.09814453125,26.165346,42.446083
690,8.023255813953488,1792.0,-96.09814453125,32.544094,49.532097
691,8.034883720930232,1802.0,-86.09814453125,36.121479,52.43914
692,8.046511627906977,1785.0,-103.09814453125,36.567406,50.989895
693,8.058139534883722,1786.0,-102.09814453125,34.395267,45.842812
694,8.069767441860465,1799.0,-89.09814453125,30.184486,37.872009
695,8.081395348837209,1791.0,-97.09814453125,24.946411,28.35288
696,8.093023255813954,1840.0,-48.09814453125,19.439793,18.278553
697,8.104651162790699,1815.0,-73.09814453125,14.171412,8.41157
698,8.116279069767442,1899.0,10.90185546875,9.347442,-0.907428
699,8.127906976744185,1869.0,-19.09814453125,4.715877,-9.599749
700,8.13953488372093,1963.0,74.90185546875,0.136368,-17.589354
701,8.151162790697674,1932.0,43.90185546875,-4.772301,-24.770618
702,8.162790697674417,2016.0,127.90185546875,-9.888786,-30.752602
703,8.174418604651164,1996.0,107.90185546875,-15.240093,-35.198463
704,8.186046511627907,2058.0,169.90185546875,-20.397228,-37.656406
705,8.19767441860465,2037.0,148.90185546875,-25.175119,-38.019707
706,8.209302325581396,2039.0,150.90185546875,-29.12167,-36.192631
707,8.220930232558139,2060.0,171.90185546875,-31.938389,-32.370899
708,8.232558139534884,1994.0,105.90185546875,-33.257832,-26.676283
709,8.24418604651163,2027.0,138.90185546875,-32.665741,-19.321688
710,8.255813953488373,1921.0,32.90185546875,-29.912603,-10.473543
711,8.267441860465116,1966.0,77.90185546875,-24.700674,-0.449949
712,8.279069767441861,1837.0,-51.09814453125,-17.174202,10.264894
713,8.290697674418604,1881.0,-7.09814453125,-7.522492,20.956753
714,8.30232558139535,1773.0,-115.09814453125,3.500427,30.719837
715,8.313953488372093,1802.0,-86.09814453125,15.179511,38.693401
716,8.325581395348838,1749.0,-139.09814453125,26.402464,44.056164
717,8.337209302325581,1757.0,-131.09814453125,36.224174,46.317734
718,8.348837209302324,1786.0,-102.09814453125,43.626057,45.134987
719,8.36046511627907,1763.0,-125.09814453125,47.837326,40.535099
720,8.372093023255815,1865.0,-23.09814453125,48.345543,32.646523
721,8.383720930232558,1823.0,-65.09814453125,44.89933,21.919395
722,8.395348837209303,1971.0,82.90185546875,37.792431,8.972794
723,8.406976744186046,1925.0,36.90185546875,27.496014,-5.221622
724,8.41860465116279,2067.0,178.90185546875,15.070266,-19.45594
725,8.430232558139535,2020.0,131.90185546875,1.50119,-32.376759
726,8.44186046511628,2125.0,236.90185546875,-11.882383,-42.620094
727,8.453488372093023,2105.0,216.90185546875,-24.16276,-49.211159
728,8.465116279069766,2115.0,226.90185546875,-34.400951,-51.512432
729,8.476744186046512,2114.0,225.90185546875,-42.062565,-49.516354
730,8.488372093023255,2058.0,169.90185546875,-46.697983,-43.487637
731,8.5,2096.0,207.90185546875,-48.088757,-34.164501
732,8.511627906976745,1947.0,58.90185546875,-46.201885,-22.267632
733,8.523255813953488,2000.0,111.90185546875,-41.047955,-8.714973
734,8.534883720930232,1826.0,-62.09814453125,-33.08633,5.589165
735,8.546511627906977,1886.0,-2.09814453125,-22.780399,19.595692
736,8.558139534883722,1734.0,-154.09814453125,-11.166062,32.125275
737,8.569767441860465,1776.0,-112.09814453125,0.865384,41.999538
738,8.58139534883721,1701.0,-187.09814453125,12.120095,48.096634
739,8.593023255813954,1711.0,-177.09814453125,21.814125,49.753689
740,8.604651162790697,1730.0,-158.09814453125,29.265802,46.715813
741,8.61627906976744,1707.0,-181.09814453125,34.246632,39.485767
742,8.627906976744187,1827.0,-61.09814453125,36.815449,28.943371
743,8.63953488372093,1773.0,-115.09814453125,37.164593,16.42518
744,8.651162790697674,1945.0,56.90185546875,35.757511,3.243198
745,8.662790697674419,1879.0,-9.09814453125,32.848957,-9.340286
746,8.674418604651162,2055.0,166.90185546875,28.951717,-20.337299
747,8.686046511627907,2000.0,111.90185546875,24.197231,-29.033493
748,8.697674418604652,2120.0,231.90185546875,18.947733,-34.904114
749,8.709302325581396,2096.0,207.90185546875,13.207532,-37.662704
750,8.720930232558139,2118.0,229.90185546875,7.100203,-37.130783
751,8.732558139534884,2128.0,239.90185546875,0.515071,-33.488476
752,8.744186046511627,2058.0,169.90185546875,-6.614371,-27.073891
753,8.755813953488373,2096.0,207.90185546875,-14.297617,-18.694122
754,8.767441860465116,1937.0,48.90185546875,-22.50477,-9.288306
755,8.779069767441861,1999.0,110.90185546875,-30.798717,0.015562
756,8.790697674418604,1822.0,-66.09814453125,-38.764145,8.218063
757,8.802325581395348,1875.0,-13.09814453125,-45.501675,14.559597
758,8.813953488372094,1731.0,-157.09814453125,-50.297279,18.665771
759,8.825581395348838,1762.0,-126.09814453125,-52.190128,20.561901
760,8.837209302325581,1709.0,-179.09814453125,-50.573486,20.545403
761,8.848837209302326,1707.0,-181.09814453125,-44.951427,19.128788
762,8.86046511627907,1767.0,-121.09814453125,-35.214947,16.773567
763,8.872093023255813,1726.0,-162.09814453125,-21.66633,13.960569
764,8.88372093023256,1872.0,-16.09814453125,-4.887626,10.962752
765,8.895348837209303,1820.0,-68.09814453125,13.992061,8.031696
766,8.906976744186046,1981.0,92.90185546875,33.703682,5.242489
767,8.91860465116279,1931.0,42.90185546875,52.547092,2.707474
768,8.930232558139535,2064.0,175.90185546875,68.902275,0.427406
769,8.941860465116278,2031.0,142.90185546875,81.043739,-1.5858
770,8.953488372093023,2085.0,196.90185546875,87.585426,-3.392929
771,8.965116279069768,2081.0,192.90185546875,87.472954,-5.070816
772,8.976744186046512,2064.0,175.90185546875,80.160919,-6.69178
773,8.988372093023255,2079.0,190.90185546875,65.724442,-8.359688
774,9.0,1988.0,99.90185546875,44.775528,-10.055721
775,9.011627906976745,2026.0,137.90185546875,18.661566,-11.762527
776,9.023255813953488,1898.0,9.90185546875,-10.857235,-13.284867
777,9.034883720930234,1947.0,58.90185546875,-41.3946,-14.40551
778,9.046511627906977,1822.0,-66.09814453125,-70.392456,-14.76104
779,9.05813953488372,1853.0,-35.09814453125,-95.068054,-14.021652
780,9.069767441860463,1782.0,-106.09814453125,-112.860085,-11.845497
781,9.08139534883721,1796.0,-92.09814453125,-121.658348,-8.09922
782,9.093023255813954,1792.0,-96.09814453125,-120.094719,-2.879158
783,9.104651162790697,1784.0,-104.09814453125,-107.85759,3.400818
784,9.116279069767442,1833.0,-55.09814453125,-85.651894,10.010963
785,9.127906976744185,1809.0,-79.09814453125,-55.359322,16.058769
786,9.13953488372093,1904.0,15.90185546875,-19.582962,20.593071
787,9.151162790697676,1869.0,-19.09814453125,18.433743,22.926373
788,9.162790697674419,1957.0,68.90185546875,55.42218,22.677025
789,9.174418604651162,1936.0,47.90185546875,88.279518,20.016396
790,9.186046511627907,2011.0,122.90185546875,114.383026,15.423248
791,9.19767441860465,1990.0,101.90185546875,131.721985,9.681458
792,9.209302325581396,2023.0,134.90185546875,138.901367,3.592239
793,9.220930232558139,2023.0,134.90185546875,135.249237,-2.169342
794,9.232558139534884,1998.0,109.90185546875,120.667053,-7.180786
795,9.244186046511627,2009.0,120.90185546875,95.929863,-11.260033
796,9.25581395348837,1958.0,69.90185546875,62.519844,-14.351456
797,9.267441860465118,1978.0,89.90185546875,22.877117,-16.497097
798,9.279069767441861,1915.0,26.90185546875,-19.847717,-17.60132
799,9.290697674418604,1937.0,48.90185546875,-61.936356,-17.572678
800,9.30232558139535,1883.0,-5.09814453125,-99.52832,-16.176193
801,9.313953488372093,1899.0,10.90185546875,-129.14949,-13.38472
802,9.325581395348836,1869.0,-19.09814453125,-147.985687,-9.247314
803,9.337209302325583,1872.0,-16.09814453125,-154.381851,-4.14711
804,9.348837209302326,1867.0,-21.09814453125,-147.761292,1.323181
805,9.36046511627907,1863.0,-25.09814453125,-128.81514,6.403717
806,9.372093023255813,1874.0,-14.09814453125,-99.115639,10.36628
807,9.383720930232558,1870.0,-18.09814453125,-61.125088,12.738064
808,9.395348837209303,1889.0,0.90185546875,-17.823009,13.343185
809,9.406976744186046,1883.0,-5.09814453125,27.343288,12.450907
810,9.418604651162791,1909.0,20.90185546875,70.75853,10.528751
811,9.430232558139535,1900.0,11.90185546875,108.838013,8.217514
812,9.441860465116278,1924.0,35.90185546875,138.297256,5.967209
813,9.453488372093023,1917.0,28.90185546875,156.502945,4.074112
814,9.465116279069768,1941.0,52.90185546875,161.66214,2.537277
815,9.476744186046512,1936.0,47.90185546875,153.124908,1.237366
816,9.488372093023257,1949.0,60.90185546875,131.322906,0.041702
817,9.5,1942.0,53.90185546875,97.897339,-1.094131
818,9.511627906976743,1957.0,68.90185546875,55.430222,-2.070103
819,9.523255813953487,1952.0,63.90185546875,7.428107,-2.816123
820,9.534883720930234,1953.0,64.90185546875,-42.008919,-3.291725
821,9.546511627906977,1953.0,64.90185546875,-88.349281,-3.694092
822,9.55813953488372,1941.0,52.90185546875,-127.088181,-4.27977
823,9.569767441860465,1949.0,60.90185546875,-154.162125,-5.334274
824,9.581395348837209,1937.0,48.90185546875,-166.529404,-6.849808
825,9.593023255813954,1941.0,52.90185546875,-162.714005,-8.555161
826,9.604651162790699,1905.0,16.90185546875,-143.066391,-9.835266
827,9.616279069767442,1922.0,33.90185546875,-109.933273,-10.030907
828,9.627906976744185,1891.0,2.90185546875,-67.197838,-8.701714
829,9.63953488372093,1898.0,9.90185546875,-19.8503,-5.848725
830,9.651162790697674,1884.0,-4.09814453125,27.04879,-1.9631
831,9.662790697674419,1887.0,-1.09814453125,68.852013,2.182732
832,9.674418604651162,1889.0,0.90185546875,102.153351,5.814041
833,9.686046511627907,1875.0,-13.09814453125,124.726479,8.468254
834,9.69767441860465,1905.0,16.90185546875,135.739929,10.105576
835,9.709302325581394,1898.0,9.90185546875,135.194565,10.97744
836,9.72093023255814,1936.0,47.90185546875,123.831253,11.365349
837,9.732558139534884,1918.0,29.90185546875,102.913025,11.400635
838,9.744186046511627,1953.0,64.90185546875,74.152061,10.912357
839,9.755813953488373,1939.0,50.90185546875,39.935856,9.590977
840,9.767441860465116,1967.0,78.90185546875,3.110876,7.199213
841,9.77906976744186,1963.0,74.90185546875,-32.849472,3.815132
842,9.790697674418606,1960.0,71.90185546875,-64.615021,-0.131424
843,9.80232558139535,1965.0,76.90185546875,-89.0541,-3.990845
844,9.813953488372093,1947.0,58.90185546875,-104.194565,-7.194427
845,9.825581395348838,1955.0,66.90185546875,-109.115822,-9.519478
846,9.837209302325581,1923.0,34.90185546875,-104.294655,-11.099884
847,9.848837209302326,1936.0,47.90185546875,-91.097649,-12.306801
848,9.86046511627907,1897.0,8.90185546875,-71.457016,-13.354813
849,9.872093023255815,1907.0,18.90185546875,-47.51157,-14.111553
850,9.883720930232558,1879.0,-9.09814453125,-21.189823,-13.975094
851,9.895348837209301,1886.0,-2.09814453125,5.499178,-12.184959
852,9.906976744186046,1875.0,-13.09814453125,30.791811,-8.21438
853,9.918604651162791,1876.0,-12.09814453125,52.613003,-2.169506
854,9.930232558139535,1884.0,-4.09814453125,69.173271,5.039452
855,9.94186046511628,1882.0,-6.09814453125,78.724533,11.964172
856,9.953488372093023,1906.0,17.90185546875,80.415436,17.045204
857,9.965116279069766,1894.0,5.90185546875,74.238792,19.255669
858,9.976744186046512,1926.0,37.90185546875,61.366947,18.352104
859,9.988372093023257,1914.0,25.90185546875,43.843872,14.970776
860,10.0,1937.0,48.90185546875,24.128231,10.25469
861,10.011627906976743,1936.0,47.90185546875,4.773953,5.419943
862,10.023255813953488,1942.0,53.90185546875,-12.424798,1.267796
863,10.034883720930232,1940.0,51.90185546875,-26.098003,-1.940645
864,10.046511627906977,1939.0,50.90185546875,-35.887539,-4.371437
865,10.058139534883722,1942.0,53.90185546875,-41.614704,-6.359432
866,10.069767441860465,1925.0,36.90185546875,-43.678795,-8.076801
867,10.081395348837209,1941.0,52.90185546875,-42.346886,-9.452896
868,10.093023255813954,1921.0,32.90185546875,-38.166874,-10.174431
869,10.104651162790699,1923.0,34.90185546875,-31.719931,-9.963917
870,10.116279069767442,1918.0,29.90185546875,-23.728481,-8.694912
871,10.127906976744187,1916.0,27.90185546875,-15.160227,-6.565922
872,10.13953488372093,1919.0,30.90185546875,-6.750998,-3.945268
873,10.151162790697674,1923.0,34.90185546875,0.631935,-1.287205
874,10.162790697674417,1926.0,37.90185546875,6.724408,1.075309
875,10.174418604651164,1921.0,32.90185546875,11.214316,2.989953
876,10.186046511627907,1936.0,47.90185546875,14.371384,4.441489
877,10.19767441860465,1921.0,32.90185546875,16.245955,5.444729
878,10.209302325581396,1947.0,58.90185546875,17.162104,5.953152
879,10.220930232558139,1936.0,47.90185546875,17.211931,5.858295
880,10.232558139534882,1953.0,64.90185546875,16.556688,5.054318
881,10.24418604651163,1951.0,62.90185546875,15.412,3.578005
882,10.255813953488373,1951.0,62.90185546875,13.935952,1.681018
883,10.267441860465116,1950.0,61.90185546875,12.525556,-0.200316
884,10.279069767441861,1941.0,52.90185546875,11.1992,-1.598965
885,10.290697674418604,1946.0,57.90185546875,10.140347,-2.161704
886,10.30232558139535,1931.0,42.90185546875,8.946455,-1.810057
887,10.313953488372093,1936.0,47.90185546875,7.362883,-0.786146
888,10.325581395348838,1921.0,32.90185546875,4.796408,0.475616
889,10.337209302325581,1925.0,36.90185546875,1.001197,1.473767
890,10.348837209302324,1920.0,31.90185546875,-4.085306,1.881914
891,10.36046511627907,1919.0,30.90185546875,-10.151733,1.589622
892,10.372093023255815,1920.0,31.90185546875,-16.429089,0.759186
893,10.383720930232558,1917.0,28.90185546875,-22.151817,-0.318449
894,10.395348837209303,1934.0,45.90185546875,-26.242771,-1.297895
895,10.406976744186046,1926.0,37.90185546875,-28.119576,-1.965498
896,10.41860465116279,1935.0,46.90185546875,-27.181711,-2.249275
897,10.430232558139537,1933.0,44.90185546875,-23.51543,-2.235044
898,10.44186046511628,1927.0,38.90185546875,-17.338345,-2.096403
899,10.453488372093023,1936.0,47.90185546875,-9.351972,-1.966137
900,10.465116279069766,1924.0,35.90185546875,-0.390988,-1.9709
901,10.476744186046512,1924.0,35.90185546875,8.627657,-2.08225
902,10.488372093023255,1919.0,30.90185546875,16.79365,-2.192751
903,10.5,1925.0,36.90185546875,23.458958,-2.146338
904,10.511627906976745,1907.0,18.90185546875,27.992352,-1.80962
905,10.523255813953488,1915.0,26.90185546875,30.231268,-1.098475
906,10.534883720930232,1898.0,9.90185546875,29.928553,-0.050888
907,10.546511627906977,1905.0,16.90185546875,27.27673,1.213299
908,10.558139534883722,1889.0,0.90185546875,22.324434,2.477831
909,10.569767441860465,1891.0,2.90185546875,15.454941,3.50623
910,10.58139534883721,1885.0,-3.09814453125,7.052622,4.121105
911,10.593023255813954,1889.0,0.90185546875,-2.226578,4.239501
912,10.604651162790697,1880.0,-8.09814453125,-11.556116,3.915394
913,10.61627906976744,1885.0,-3.09814453125,-19.992525,3.322092
914,10.627906976744187,1892.0,3.90185546875,-26.491816,2.670193
915,10.63953488372093,1887.0,-1.09814453125,-30.317459,2.119724
916,10.651162790697674,1902.0,13.90185546875,-30.870213,1.728901
917,10.662790697674419,1895.0,6.90185546875,-28.218945,1.389774
918,10.674418604651162,1905.0,16.90185546875,-22.711332,0.884548
919,10.686046511627907,1902.0,13.90185546875,-15.229443,-0.012048
920,10.697674418604652,1911.0,22.90185546875,-6.685925,-1.388933
921,10.709302325581396,1907.0,18.90185546875,1.895777,-3.16995
922,10.720930232558139,1910.0,21.90185546875,9.72694,-5.041866
923,10.732558139534884,1911.0,22.90185546875,16.222857,-6.586298
924,10.744186046511627,1904.0,15.90185546875,20.938257,-7.425985
925,10.755813953488373,1907.0,18.90185546875,23.639511,-7.337955
926,10.767441860465116,1896.0,7.90185546875,24.075928,-6.355854
927,10.779069767441861,1895.0,6.90185546875,22.247263,-4.700212
928,10.790697674418604,1885.0,-3.09814453125,18.222599,-2.696079
929,10.802325581395348,1888.0,-0.09814453125,12.480418,-0.60994
930,10.813953488372093,1872.0,-16.09814453125,5.662144,1.412208
931,10.825581395348838,1883.0,-5.09814453125,-1.285598,3.379614
932,10.837209302325581,1871.0,-17.09814453125,-7.507411,5.297203
933,10.848837209302326,1871.0,-17.09814453125,-12.305789,7.084783
934,10.86046511627907,1869.0,-19.09814453125,-15.353614,8.496785
935,10.872093023255813,1867.0,-21.09814453125,-16.69696,9.166431
936,10.88372093023256,1872.0,-16.09814453125,-16.594261,8.755596
937,10.895348837209303,1869.0,-19.09814453125,-15.385705,7.144328
938,10.906976744186046,1883.0,-5.09814453125,-13.24144,4.539057
939,10.91860465116279,1872.0,-16.09814453125,-10.2363,1.449548
940,10.930232558139535,1889.0,0.90185546875,-6.283734,-1.458665
941,10.941860465116278,1884.0,-4.09814453125,-1.479533,-3.638081
942,10.953488372093023,1886.0,-2.09814453125,3.893156,-4.868537
943,10.965116279069768,1891.0,2.90185546875,9.205812,-5.285752
944,10.976744186046512,1886.0,-2.09814453125,13.669003,-5.311316
945,10.988372093023255,1883.0,-5.09814453125,16.489145,-5.387938
946,11.0,1872.0,-16.09814453125,17.144598,-5.759089
947,11.011627906976745,1878.0,-10.09814453125,15.503678,-6.353206
948,11.023255813953488,1863.0,-25.09814453125,11.855516,-6.817049
949,11.034883720930234,1866.0,-22.09814453125,6.809398,-6.709642
950,11.046511627906977,1855.0,-33.09814453125,1.100996,-5.720613
951,11.05813953488372,1857.0,-31.09814453125,-4.510377,-3.808809
952,11.069767441860463,1848.0,-40.09814453125,-9.39471,-1.213753
953,11.08139534883721,1850.0,-38.09814453125,-12.994723,1.671396
954,11.093023255813954,1850.0,-38.09814453125,-14.91838,4.473275
955,11.104651162790697,1849.0,-39.09814453125,-14.90266,6.936073
956,11.116279069767442,1854.0,-34.09814453125,-12.985682,8.916032
957,11.127906976744185,1852.0,-36.09814453125,-9.44348,10.331874
958,11.13953488372093,1860.0,-28.09814453125,-4.899625,11.048788
959,11.151162790697676,1863.0,-25.09814453125,-0.140458,10.841362
960,11.162790697674419,1861.0,-27.09814453125,4.026182,9.460622
961,11.174418604651162,1860.0,-28.09814453125,7.036393,6.792406
962,11.186046511627907,1863.0,-25.09814453125,8.715611,3.020851
963,11.19767441860465,1863.0,-25.09814453125,9.223883,-1.383071
964,11.209302325581396,1870.0,-18.09814453125,9.026345,-5.677434
965,11.220930232558139,1857.0,-31.09814453125,8.520558,-9.139955
966,11.232558139534884,1855.0,-33.09814453125,7.995058,-11.211029
967,11.244186046511627,1857.0,-31.09814453125,7.353525,-11.748886
968,11.25581395348837,1846.0,-42.09814453125,6.32142,-10.98256
969,11.267441860465118,1850.0,-38.09814453125,4.531396,-9.367184
970,11.279069767441861,1821.0,-67.09814453125,1.810834,-7.388233
971,11.290697674418604,1848.0,-40.09814453125,-1.650757,-5.28453
972,11.30232558139535,1847.0,-41.09814453125,-5.407813,-3.144034
973,11.313953488372093,1841.0,-47.09814453125,-8.789564,-0.834683
974,11.325581395348836,1850.0,-38.09814453125,-11.174925,1.761474
975,11.337209302325583,1845.0,-43.09814453125,-12.145799,4.598128
976,11.348837209302326,1855.0,-33.09814453125,-11.657648,7.387209
977,11.36046511627907,1854.0,-34.09814453125,-9.923615,9.67345
978,11.372093023255815,1857.0,-31.09814453125,-7.39672,10.961234
979,11.383720930232558,1857.0,-31.09814453125,-4.484725,10.937037
980,11.395348837209301,1863.0,-25.09814453125,-1.522039,9.578122
981,11.406976744186046,1859.0,-29.09814453125,1.345958,7.15887
982,11.418604651162791,1856.0,-32.09814453125,4.077172,4.170052
983,11.430232558139535,1863.0,-25.09814453125,6.651485,1.125063
984,11.441860465116278,1854.0,-34.09814453125,8.956301,-1.590532
985,11.453488372093023,1857.0,-31.09814453125,10.746471,-3.791879
986,11.465116279069768,1851.0,-37.09814453125,11.72188,-5.462603
987,11.476744186046512,1850.0,-38.09814453125,11.561421,-6.685912
988,11.488372093023257,1851.0,-37.09814453125,10.16108,-7.4808
989,11.5,1853.0,-35.09814453125,7.604851,-7.799189
990,11.511627906976743,1857.0,-31.09814453125,4.264662,-7.503836
991,11.523255813953488,1853.0,-35.09814453125,0.63451,-6.477026
992,11.534883720930234,1857.0,-31.09814453125,-2.775519,-4.728199
993,11.546511627906977,1851.0,-37.09814453125,-5.629065,-2.47753
994,11.55813953488372,1873.0,-15.09814453125,-7.794777,-0.096228
995,11.569767441860465,1867.0,-21.09814453125,-9.356598,1.951877
996,11.581395348837209,1885.0,-3.09814453125,-10.461203,3.308109
997,11.593023255813954,1883.0,-5.09814453125,-11.142297,3.861459
998,11.604651162790699,1893.0,4.90185546875,-11.262272,3.753515
999,11.616279069767442,1889.0,0.90185546875,-10.518633,3.311592
1000,11.627906976744185,1893.0,4.90185546875,-8.584003,2.895734
1001,11.63953488372093,1893.0,4.90185546875,-5.329834,2.715147
1002,11.651162790697674,1886.0,-2.09814453125,-0.972629,2.746405
1003,11.662790697674419,1888.0,-0.09814453125,3.914019,2.778185
1004,11.674418604651164,1875.0,-13.09814453125,8.510432,2.541259
1005,11.686046511627907,1882.0,-6.09814453125,12.011806,1.884275
1006,11.69767441860465,1872.0,-16.09814453125,13.879072,0.909828
1007,11.709302325581394,1872.0,-16.09814453125,13.937467,-0.118211
1008,11.72093023255814,1873.0,-15.09814453125,12.434323,-0.795507
1009,11.732558139534884,1872.0,-16.09814453125,9.784001,-0.919405
1010,11.744186046511627,1875.0,-13.09814453125,6.454696,-0.503776
1011,11.755813953488373,1873.0,-15.09814453125,2.776938,0.115633
1012,11.767441860465116,1890.0,1.90185546875,-1.026599,0.508944
1013,11.77906976744186,1882.0,-6.09814453125,-4.787485,0.297609
1014,11.790697674418606,1904.0,15.90185546875,-8.221829,-0.579862
1015,11.80232558139535,1899.0,10.90185546875,-10.925906,-1.877789
1016,11.813953488372093,1925.0,36.90185546875,-12.430795,-3.148168
1017,11.825581395348838,1920.0,31.90185546875,-12.408279,-3.957119
1018,11.837209302325581,1934.0,45.90185546875,-10.819886,-4.152163
1019,11.848837209302326,1932.0,43.90185546875,-7.991724,-3.863936
1020,11.86046511627907,1934.0,45.90185546875,-4.503123,-3.449299
1021,11.872093023255815,1933.0,44.90185546875,-0.974642,-3.208399
1022,11.883720930232558,1914.0,25.90185546875,2.158277,-3.198932
1023,11.895348837209301,1940.0,51.90185546875,4.785004,-3.117787
1024,11.906976744186046,1905.0,16.90185546875,6.977708,-2.499379
1025,11.918604651162791,1914.0,25.90185546875,8.871292,-0.936884
1026,11.930232558139535,1890.0,1.90185546875,10.364412,1.593692
1027,11.94186046511628,1899.0,10.90185546875,11.111237,4.646455
1028,11.953488372093023,1882.0,-6.09814453125,10.545038,7.397218
1029,11.965116279069766,1883.0,-5.09814453125,8.277318,9.053316
1030,11.976744186046512,1883.0,-5.09814453125,4.303467,9.14281
1031,11.988372093023257,1883.0,-5.09814453125,-0.800293,7.752388
1032,12.0,1904.0,15.90185546875,-5.993056,5.499025
1033,12.011627906976743,1888.0,-0.09814453125,-10.12026,3.164184
1034,12.023255813953488,1910.0,21.90185546875,-12.291498,1.393596
1035,12.034883720930232,1904.0,15.90185546875,-12.208705,0.353359
1036,12.046511627906977,1935.0,46.90185546875,-10.195922,-0.253519
1037,12.058139534883722,1921.0,32.90185546875,-7.026194,-0.997392
1038,12.069767441860465,1946.0,57.90185546875,-3.51475,-2.329731
1039,12.081395348837209,1945.0,56.90185546875,-0.266462,-4.329649
1040,12.093023255813954,1968.0,79.90185546875,2.50419,-6.633934
1041,12.104651162790697,1963.0,74.90185546875,4.840535,-8.615146
1042,12.116279069767442,1957.0,68.90185546875,6.843607,-9.715117
1043,12.127906976744187,1967.0,78.90185546875,8.485127,-9.635886
1044,12.13953488372093,1943.0,54.90185546875,9.497734,-8.523151
1045,12.151162790697674,1954.0,65.90185546875,9.536047,-6.733471
1046,12.162790697674417,1919.0,30.90185546875,8.335385,-4.670384
1047,12.174418604651164,1934.0,45.90185546875,5.958959,-2.502305
1048,12.186046511627907,1900.0,11.90185546875,2.744372,-0.188038
1049,12.19767441860465,1907.0,18.90185546875,-0.730782,2.431823
1050,12.209302325581396,1883.0,-5.09814453125,-3.953348,5.379267
1051,12.220930232558139,1890.0,1.90185546875,-6.600644,8.360232
1052,12.232558139534882,1889.0,0.90185546875,-8.640175,10.81951
1053,12.24418604651163,1883.0,-5.09814453125,-10.181596,12.097634
1054,12.255813953488373,1899.0,10.90185546875,-11.26956,11.813124
1055,12.267441860465116,1890.0,1.90185546875,-11.739627,10.014504
1056,12.279069767441861,1919.0,30.90185546875,-11.163805,7.270689
1057,12.290697674418604,1904.0,15.90185546875,-9.094547,4.35552
1058,12.30232558139535,1939.0,50.90185546875,-5.248945,1.986956
1059,12.313953488372093,1930.0,41.90185546875,0.148541,0.435244
1060,12.325581395348838,1961.0,72.90185546875,6.360116,-0.526239
1061,12.337209302325581,1952.0,63.90185546875,12.24077,-1.492442
1062,12.348837209302324,1967.0,78.90185546875,16.615446,-3.080633
1063,12.36046511627907,1965.0,76.90185546875,18.615479,-5.556824
1064,12.372093023255815,1963.0,74.90185546875,17.971531,-8.696529
1065,12.383720930232558,1966.0,77.90185546875,15.038387,-11.777092
1066,12.395348837209303,1945.0,56.90185546875,10.595263,-13.943807
1067,12.406976744186046,1953.0,64.90185546875,5.547992,-14.477785
1068,12.41860465116279,1922.0,33.90185546875,0.579784,-13.161196
1069,12.430232558139537,1928.0,39.90185546875,-3.976263,-10.261781
1070,12.44186046511628,1906.0,17.90185546875,-8.119924,-6.411206
1071,12.453488372093023,1905.0,16.90185546875,-11.951602,-2.291733
1072,12.465116279069766,1902.0,13.90185546875,-15.453194,1.628798
1073,12.476744186046512,1902.0,13.90185546875,-18.305176,5.19025
1074,12.488372093023255,1899.0,10.90185546875,-19.935326,8.481844
1075,12.5,1902.0,13.90185546875,-19.689955,11.584957
1076,12.511627906976745,1910.0,21.90185546875,-17.145853,14.377756
1077,12.523255813953488,1905.0,16.90185546875,-12.304582,16.423672
1078,12.534883720930232,1925.0,36.90185546875,-5.67791,17.124393
1079,12.546511627906977,1917.0,28.90185546875,1.820261,15.932644
1080,12.558139534883722,1939.0,50.90185546875,9.167418,12.709989
1081,12.569767441860465,1947.0,58.90185546875,15.466925,7.836111
1082,12.58139534883721,1952.0,63.90185546875,20.128313,2.154119
1083,12.593023255813954,1946.0,57.90185546875,22.896496,-3.27664
1084,12.604651162790697,1952.0,63.90185546875,23.750063,-7.59083
1085,12.61627906976744,1953.0,64.90185546875,22.715494,-10.380598
1086,12.627906976744187,1951.0,62.90185546875,19.811457,-11.814714
1087,12.63953488372093,1942.0,53.90185546875,15.062999,-12.436425
1088,12.651162790697674,1942.0,53.90185546875,8.67326,-12.822956
1089,12.662790697674419,1950.0,61.90185546875,1.134674,-13.2255
1090,12.674418604651162,1938.0,49.90185546875,-6.763371,-13.466319
1091,12.686046511627906,1938.0,49.90185546875,-14.016028,-12.98557
1092,12.697674418604652,1923.0,34.90185546875,-19.69088,-11.1723
1093,12.709302325581396,1930.0,41.90185546875,-23.166616,-7.727939
1094,12.720930232558139,1913.0,24.90185546875,-24.323032,-2.893391
1095,12.732558139534884,1914.0,25.90185546875,-23.480646,2.545147
1096,12.744186046511627,1904.0,15.90185546875,-21.202625,7.582983
1097,12.755813953488373,1904.0,15.90185546875,-17.957241,11.370407
1098,12.767441860465116,1904.0,15.90185546875,-13.958609,13.529943
1099,12.779069767441861,1902.0,13.90185546875,-9.083431,14.240822
1100,12.790697674418604,1898.0,9.90185546875,-3.147578,14.002443
1101,12.802325581395348,1904.0,15.90185546875,3.935782,13.402697
1102,12.813953488372093,1908.0,19.90185546875,11.812198,12.696754
1103,12.825581395348838,1904.0,15.90185546875,19.617945,11.71048
1104,12.837209302325581,1915.0,26.90185546875,26.195255,9.97275
1105,12.848837209302326,1911.0,22.90185546875,30.342512,7.009241
1106,12.86046511627907,1930.0,41.90185546875,31.259834,2.686123
1107,12.872093023255813,1919.0,30.90185546875,28.694286,-2.634855
1108,12.88372093023256,1935.0,46.90185546875,23.064253,-8.157213
1109,12.895348837209303,1936.0,47.90185546875,15.21084,-12.921305
1110,12.906976744186046,1946.0,57.90185546875,6.195072,-16.134506
1111,12.918604651162791,1941.0,52.90185546875,-3.001524,-17.439802
1112,12.930232558139535,1939.0,50.90185546875,-11.581551,-16.930521
1113,12.941860465116278,1946.0,57.90185546875,-18.928347,-15.012808
1114,12.953488372093023,1935.0,46.90185546875,-24.609335,-12.207312
1115,12.965116279069768,1937.0,48.90185546875,-28.245188,-8.932806
1116,12.976744186046512,1923.0,34.90185546875,-29.579716,-5.437078
1117,12.988372093023255,1927.0,38.90185546875,-28.482264,-1.859716
1118,13.0,1903.0,14.90185546875,-25.071083,1.684803
1119,13.011627906976745,1909.0,20.90185546875,-19.657911,5.044926
1120,13.023255813953488,1888.0,-0.09814453125,-12.764721,8.017788
1121,13.034883720930234,1898.0,9.90185546875,-4.953962,10.459423
1122,13.046511627906977,1883.0,-5.09814453125,3.210876,12.300331
1123,13.05813953488372,1889.0,0.90185546875,11.228217,13.59034
1124,13.069767441860465,1888.0,-0.09814453125,18.622396,14.389965
1125,13.08139534883721,1883.0,-5.09814453125,24.805033,14.640079
1126,13.093023255813954,1895.0,6.90185546875,29.119564,14.105825
1127,13.104651162790697,1890.0,1.90185546875,30.829689,12.405043
1128,13.116279069767442,1907.0,18.90185546875,29.415236,9.228582
1129,13.127906976744185,1903.0,14.90185546875,24.731525,4.536701
1130,13.13953488372093,1919.0,30.90185546875,17.269167,-1.247263
1131,13.151162790697676,1915.0,26.90185546875,8.078997,-7.301265
1132,13.162790697674419,1929.0,40.90185546875,-1.41937,-12.57569
1133,13.174418604651162,1923.0,34.90185546875,-9.844448,-16.199413
1134,13.186046511627907,1935.0,46.90185546875,-16.219166,-17.720577
1135,13.19767441860465,1935.0,46.90185546875,-20.180941,-17.295643
1136,13.209302325581396,1933.0,44.90185546875,-21.955849,-15.480577
1137,13.22093023255814,1937.0,48.90185546875,-22.069551,-13.008702
1138,13.232558139534884,1936.0,47.90185546875,-21.016531,-10.368269
1139,13.244186046511627,1947.0,58.90185546875,-18.997385,-7.663784
1140,13.25581395348837,1922.0,33.90185546875,-15.926817,-4.643447
1141,13.267441860465116,1926.0,37.90185546875,-11.581456,-0.931729
1142,13.279069767441861,1907.0,18.90185546875,-5.953444,3.602266
1143,13.290697674418604,1916.0,27.90185546875,0.505944,8.632701
1144,13.30232558139535,1901.0,12.90185546875,6.877621,13.337586
1145,13.313953488372093,1904.0,15.90185546875,12.014827,16.714626
1146,13.325581395348836,1897.0,8.90185546875,14.997148,17.909924
1147,13.337209302325583,1899.0,10.90185546875,15.467981,16.65893
1148,13.348837209302326,1892.0,3.90185546875,13.824319,13.345543
1149,13.36046511627907,1895.0,6.90185546875,11.044499,8.918997
1150,13.372093023255815,1891.0,2.90185546875,8.269816,4.476021
1151,13.383720930232558,1892.0,3.90185546875,6.357561,0.864073
1152,13.395348837209301,1897.0,8.90185546875,5.499549,-1.618653
1153,13.406976744186046,1890.0,1.90185546875,5.318442,-3.209337
1154,13.418604651162791,1891.0,2.90185546875,5.019179,-4.457503
1155,13.430232558139535,1901.0,12.90185546875,3.925947,-5.879124
1156,13.441860465116278,1906.0,17.90185546875,1.730103,-7.636357
1157,13.453488372093023,1903.0,14.90185546875,-1.284453,-9.464058
1158,13.465116279069768,1919.0,30.90185546875,-4.444094,-10.779155
1159,13.476744186046512,1914.0,25.90185546875,-7.022322,-11.036013
1160,13.488372093023257,1929.0,40.90185546875,-8.532328,-9.965644
1161,13.5,1920.0,31.90185546875,-8.97586,-7.779114
1162,13.511627906976743,1931.0,42.90185546875,-8.665111,-4.9967
1163,13.523255813953488,1931.0,42.90185546875,-8.135608,-2.301658
1164,13.534883720930234,1936.0,47.90185546875,-7.733455,-0.198324
1165,13.546511627906977,1935.0,46.90185546875,-7.552467,1.171592
1166,13.55813953488372,1925.0,36.90185546875,-7.33068,2.008977
1167,13.569767441860465,1933.0,44.90185546875,-6.712649,2.716238
1168,13.581395348837209,1925.0,36.90185546875,-5.401894,3.591177
1169,13.593023255813954,1926.0,37.90185546875,-3.34455,4.731288
1170,13.604651162790699,1913.0,24.90185546875,-0.702949,5.959114
1171,13.616279069767442,1914.0,25.90185546875,2.226575,6.966639
1172,13.627906976744185,1904.0,15.90185546875,5.120476,7.4538
1173,13.63953488372093,1906.0,17.90185546875,7.79834,7.326959
1174,13.651162790697674,1903.0,14.90185546875,10.100343,6.687142
1175,13.662790697674419,1904.0,15.90185546875,11.935009,5.742918
1176,13.674418604651164,1903.0,14.90185546875,13.067488,4.677673
1177,13.686046511627907,1904.0,15.90185546875,13.263153,3.521518
1178,13.69767441860465,1910.0,21.90185546875,12.241429,2.179011
1179,13.709302325581394,1909.0,20.90185546875,9.918543,0.489681
1180,13.72093023255814,1932.0,43.90185546875,6.449059,-1.578417
1181,13.732558139534884,1927.0,38.90185546875,2.244657,-3.912355
1182,13.744186046511627,1949.0,60.90185546875,-2.088349,-6.169415
1183,13.755813953488373,1943.0,54.90185546875,-6.020855,-7.983186
1184,13.767441860465116,1963.0,74.90185546875,-9.123018,-9.038228
1185,13.77906976744186,1957.0,68.90185546875,-11.276376,-9.245554
1186,13.790697674418606,1970.0,81.90185546875,-12.448139,-8.686769
1187,13.80232558139535,1968.0,79.90185546875,-12.758503,-7.598739
1188,13.813953488372093,1966.0,77.90185546875,-12.215062,-6.191646
1189,13.825581395348838,1971.0,82.90185546875,-10.833074,-4.602832
1190,13.837209302325581,1950.0,61.90185546875,-8.623113,-2.88018
1191,13.848837209302324,1958.0,69.90185546875,-5.738687,-1.007311
1192,13.86046511627907,1934.0,45.90185546875,-2.538092,0.932298
1193,13.872093023255815,1937.0,48.90185546875,0.520574,2.818403
1194,13.883720930232558,1917.0,28.90185546875,2.971884,4.453639
1195,13.895348837209301,1929.0,40.90185546875,4.627376,5.73761
1196,13.906976744186046,1904.0,15.90185546875,5.531714,6.646804
1197,13.918604651162791,1920.0,31.90185546875,6.101545,7.359721
1198,13.930232558139535,1909.0,20.90185546875,6.717784,8.032904
1199,13.94186046511628,1904.0,15.90185546875,7.646021,8.731855
1200,13.953488372093023,1918.0,29.90185546875,8.765154,9.312024
1201,13.965116279069766,1917.0,28.90185546875,9.589944,9.325473
1202,13.976744186046512,1940.0,51.90185546875,9.5071,8.293927
1203,13.988372093023257,1918.0,29.90185546875,8.021299,5.824651
1204,14.0,1961.0,72.90185546875,5.143071,1.981895
1205,14.011627906976743,1949.0,60.90185546875,1.324589,-2.763751
1206,14.023255813953488,1981.0,92.90185546875,-2.514203,-7.507989
1207,14.034883720930232,1969.0,80.90185546875,-5.482828,-11.300449
1208,14.046511627906977,1981.0,92.90185546875,-6.906179,-13.38797
1209,14.058139534883722,1981.0,92.90185546875,-6.720935,-13.52837
1210,14.069767441860465,1977.0,88.90185546875,-5.385432,-12.036525
1211,14.081395348837209,1981.0,92.90185546875,-3.701676,-9.57221
1212,14.093023255813954,1955.0,66.90185546875,-2.496114,-6.927771
1213,14.104651162790697,1968.0,79.90185546875,-2.248461,-4.611798
1214,14.116279069767442,1936.0,47.90185546875,-3.007875,-2.802276
1215,14.127906976744187,1953.0,64.90185546875,-4.326786,-1.241754
1216,14.13953488372093,1919.0,30.90185546875,-5.612081,0.427449
1217,14.151162790697674,1936.0,47.90185546875,-6.271585,2.513987
1218,14.162790697674417,1915.0,26.90185546875,-6.047271,4.993719
1219,14.174418604651164,1916.0,27.90185546875,-4.950896,7.554942
1220,14.186046511627907,1909.0,20.90185546875,-3.284558,9.673748
1221,14.19767441860465,1919.0,30.90185546875,-1.385273,10.850882
1222,14.209302325581396,1925.0,36.90185546875,0.465769,10.801401
1223,14.220930232558139,1919.0,30.90185546875,2.19768,9.576021
1224,14.232558139534882,1937.0,48.90185546875,3.88671,7.508661
1225,14.24418604651163,1927.0,38.90185546875,5.628451,5.037659
1226,14.255813953488373,1957.0,68.90185546875,7.45743,2.560976
1227,14.267441860465116,1951.0,62.90185546875,9.193412,0.273783
1228,14.279069767441861,1970.0,81.90185546875,10.556204,-1.768497
1229,14.290697674418604,1967.0,78.90185546875,11.189331,-3.608217
1230,14.30232558139535,1982.0,93.90185546875,10.842979,-5.264015
1231,14.313953488372093,1974.0,85.90185546875,9.428097,-6.652857
1232,14.325581395348838,1971.0,82.90185546875,7.077422,-7.614056
1233,14.337209302325581,1980.0,91.90185546875,4.043585,-7.99412
1234,14.348837209302324,1958.0,69.90185546875,0.601817,-7.773498
1235,14.36046511627907,1965.0,76.90185546875,-3.005141,-7.063767
1236,14.372093023255815,1936.0,47.90185546875,-6.610123,-6.098125
1237,14.383720930232558,1947.0,58.90185546875,-10.056833,-5.071867
1238,14.395348837209303,1917.0,28.90185546875,-13.168945,-4.091017
1239,14.406976744186046,1930.0,41.90185546875,-15.632722,-3.050665
1240,14.41860465116279,1902.0,13.90185546875,-17.10331,-1.764404
1241,14.430232558139535,1908.0,19.90185546875,-17.210003,-0.046616
1242,14.44186046511628,1887.0,-1.09814453125,-15.762726,2.082869
1243,14.453488372093023,1904.0,15.90185546875,-12.728372,4.423305
1244,14.465116279069768,1890.0,1.90185546875,-8.384448,6.548039
1245,14.476744186046512,1884.0,-4.09814453125,-3.133271,8.067528
1246,14.488372093023255,1895.0,6.90185546875,2.537752,8.76233
1247,14.5,1897.0,8.90185546875,8.178651,8.681993
1248,14.511627906976745,1899.0,10.90185546875,13.362794,8.06471
1249,14.523255813953488,1904.0,15.90185546875,17.740225,7.229633
1250,14.534883720930232,1934.0,45.90185546875,20.92226,6.331867
1251,14.546511627906977,1919.0,30.90185546875,22.491978,5.274416
1252,14.55813953488372,1941.0,52.90185546875,22.10907,3.76927
1253,14.569767441860465,1933.0,44.90185546875,19.583635,1.527826
1254,14.58139534883721,1945.0,56.90185546875,15.064827,-1.502663
1255,14.593023255813954,1946.0,57.90185546875,9.016192,-5.03583
1256,14.604651162790697,1942.0,53.90185546875,2.203559,-8.456125
1257,14.616279069767442,1946.0,57.90185546875,-4.5435,-11.068752
1258,14.627906976744187,1926.0,37.90185546875,-10.530245,-12.362285
1259,14.63953488372093,1936.0,47.90185546875,-15.353561,-12.221457
1260,14.651162790697674,1907.0,18.90185546875,-18.946156,-10.953402
1261,14.662790697674419,1911.0,22.90185546875,-21.398891,-9.103888
1262,14.674418604651162,1887.0,-1.09814453125,-22.797173,-7.158037
1263,14.686046511627906,1898.0,9.90185546875,-23.025017,-5.313261
1264,14.697674418604652,1879.0,-9.09814453125,-21.782301,-3.403353
1265,14.709302325581396,1877.0,-11.09814453125,-18.668097,-1.035727
1266,14.720930232558139,1872.0,-16.09814453125,-13.466509,2.125774
1267,14.732558139534884,1873.0,-15.09814453125,-6.335389,6.096214
1268,14.744186046511627,1875.0,-13.09814453125,2.069447,10.424102
1269,14.755813953488373,1872.0,-16.09814453125,10.729092,14.349153
1270,14.767441860465118,1902.0,13.90185546875,18.450411,16.980633
1271,14.779069767441861,1878.0,-10.09814453125,24.162081,17.654602
1272,14.790697674418604,1931.0,42.90185546875,27.238094,16.156326
1273,14.802325581395348,1916.0,27.90185546875,27.475595,12.717452
1274,14.813953488372093,1940.0,51.90185546875,25.15741,7.936951
1275,14.825581395348838,1936.0,47.90185546875,20.819973,2.532541
1276,14.837209302325581,1939.0,50.90185546875,15.112055,-2.84197
1277,14.848837209302326,1946.0,57.90185546875,8.6563,-7.694283
1278,14.86046511627907,1936.0,47.90185546875,1.950747,-11.70721
1279,14.872093023255813,1939.0,50.90185546875,-4.563173,-14.657059
1280,14.88372093023256,1921.0,32.90185546875,-10.533615,-16.359425
1281,14.895348837209303,1929.0,40.90185546875,-15.610149,-16.671806
1282,14.906976744186046,1901.0,12.90185546875,-19.515556,-15.534369
1283,14.918604651162791,1905.0,16.90185546875,-22.006325,-13.044009
1284,14.930232558139535,1890.0,1.90185546875,-22.971758,-9.498066
1285,14.941860465116278,1895.0,6.90185546875,-22.367386,-5.313971
1286,14.953488372093023,1887.0,-1.09814453125,-20.261749,-0.991817
1287,14.965116279069768,1890.0,1.90185546875,-16.793428,3.042406
1288,14.976744186046512,1887.0,-1.09814453125,-12.133435,6.492675
1289,14.988372093023255,1889.0,0.90185546875,-6.524897,9.24404
1290,15.0,1900.0,11.90185546875,-0.251818,11.28768
1291,15.011627906976745,1895.0,6.90185546875,6.249421,12.645638
1292,15.023255813953488,1911.0,22.90185546875,12.478131,13.296585
1293,15.034883720930234,1904.0,15.90185546875,17.811218,13.153981
1294,15.046511627906977,1933.0,44.90185546875,21.675756,12.084155
1295,15.05813953488372,1923.0,34.90185546875,23.567635,9.957838
1296,15.069767441860465,1947.0,58.90185546875,23.259974,6.791468
1297,15.08139534883721,1937.0,48.90185546875,20.830618,2.795227
1298,15.093023255813954,1952.0,63.90185546875,16.711132,-1.56847
1299,15.104651162790697,1947.0,58.90185546875,11.547506,-5.706846
1300,15.116279069767442,1944.0,55.90185546875,6.040384,-8.97492
1301,15.127906976744185,1951.0,62.90185546875,0.785121,-10.9104
1302,15.139534883720929,1930.0,41.90185546875,-3.922764,-11.339068
1303,15.151162790697676,1939.0,50.90185546875,-8.008171,-10.461421
1304,15.162790697674419,1908.0,19.90185546875,-11.623952,-8.771686
1305,15.174418604651162,1920.0,31.90185546875,-14.860801,-6.872755
1306,15.186046511627907,1901.0,12.90185546875,-17.708485,-5.262515
1307,15.19767441860465,1905.0,16.90185546875,-19.895966,-4.15327
1308,15.209302325581396,1887.0,-1.09814453125,-21.008957,-3.432875
1309,15.22093023255814,1894.0,5.90185546875,-20.6134,-2.732405
1310,15.232558139534884,1884.0,-4.09814453125,-18.44039,-1.656233
1311,15.244186046511627,1882.0,-6.09814453125,-14.532506,0.030168
1312,15.25581395348837,1891.0,2.90185546875,-9.186983,2.254523
1313,15.267441860465116,1883.0,-5.09814453125,-2.955526,4.662733
1314,15.279069767441861,1903.0,14.90185546875,3.623339,6.7935
1315,15.290697674418604,1893.0,4.90185546875,9.989423,8.234178
1316,15.30232558139535,1905.0,16.90185546875,15.725384,8.821995
1317,15.313953488372093,1909.0,20.90185546875,20.426584,8.641466
1318,15.325581395348836,1936.0,47.90185546875,23.702715,7.93581
1319,15.337209302325583,1925.0,36.90185546875,25.152704,6.944761
1320,15.348837209302326,1941.0,52.90185546875,24.479839,5.799536
1321,15.36046511627907,1941.0,52.90185546875,21.624943,4.488907
1322,15.372093023255815,1937.0,48.90185546875,16.81181,2.905381
1323,15.383720930232558,1947.0,58.90185546875,10.61171,0.98082
1324,15.395348837209301,1931.0,42.90185546875,3.69138,-1.275673
1325,15.406976744186046,1937.0,48.90185546875,-3.236433,-3.697846
1326,15.418604651162791,1910.0,21.90185546875,-9.753021,-6.102447
1327,15.430232558139535,1920.0,31.90185546875,-15.576912,-8.256541
1328,15.441860465116278,1889.0,0.90185546875,-20.630026,-10.027873
1329,15.453488372093023,1898.0,9.90185546875,-24.72155,-11.294693
1330,15.465116279069768,1875.0,-13.09814453125,-27.47266,-11.925228
1331,15.476744186046512,1882.0,-6.09814453125,-28.274269,-11.724102
1332,15.488372093023257,1875.0,-13.09814453125,-26.470043,-10.449087
1333,15.5,1872.0,-16.09814453125,-21.733074,-7.987446
1334,15.511627906976743,1881.0,-7.09814453125,-14.17086,-4.362585
1335,15.523255813953488,1870.0,-18.09814453125,-4.605214,0.055252
1336,15.534883720930234,1904.0,15.90185546875,5.756071,4.723246
1337,15.546511627906977,1893.0,4.90185546875,15.407594,8.916342
1338,15.55813953488372,1923.0,34.90185546875,23.107758,12.049019
1339,15.569767441860465,1914.0,25.90185546875,28.001682,13.791828
1340,15.581395348837209,1937.0,48.90185546875,29.815561,14.135927
1341,15.593023255813954,1929.0,40.90185546875,28.712502,13.316592
1342,15.604651162790699,1949.0,60.90185546875,25.126055,11.625625
1343,15.616279069767442,1945.0,56.90185546875,19.629372,9.300502
1344,15.627906976744185,1950.0,61.90185546875,12.789451,6.4217
1345,15.63953488372093,1952.0,63.90185546875,5.269382,3.059263
1346,15.651162790697674,1935.0,46.90185546875,-2.301512,-0.726071
1347,15.662790697674417,1945.0,56.90185546875,-9.179256,-4.642568
1348,15.674418604651162,1914.0,25.90185546875,-14.791739,-8.292791
1349,15.686046511627906,1923.0,34.90185546875,-18.703091,-11.182619
1350,15.697674418604652,1890.0,1.90185546875,-20.857527,-12.960189
1351,15.709302325581396,1904.0,15.90185546875,-21.409487,-13.465919
1352,15.72093023255814,1873.0,-15.09814453125,-20.732182,-12.835502
1353,15.732558139534884,1879.0,-9.09814453125,-19.139366,-11.36217
1354,15.744186046511627,1867.0,-21.09814453125,-16.771561,-9.345179
1355,15.755813953488373,1872.0,-16.09814453125,-13.585863,-6.977885
1356,15.767441860465116,1879.0,-9.09814453125,-9.394068,-4.271661
1357,15.77906976744186,1870.0,-18.09814453125,-4.14939,-1.190096
1358,15.790697674418604,1883.0,-5.09814453125,1.995501,2.250101
1359,15.802325581395348,1878.0,-10.09814453125,8.503073,5.843029
1360,15.813953488372091,1904.0,15.90185546875,14.646364,9.200395
1361,15.82558139534884,1891.0,2.90185546875,19.565054,11.801629
1362,15.837209302325583,1913.0,24.90185546875,22.604748,13.224565
1363,15.848837209302326,1909.0,20.90185546875,23.421009,13.286307
1364,15.86046511627907,1936.0,47.90185546875,22.037903,12.088809
1365,15.872093023255815,1930.0,41.90185546875,18.78894,9.984096
1366,15.883720930232558,1946.0,57.90185546875,14.174141,7.398202
1367,15.895348837209301,1943.0,54.90185546875,8.769685,4.712597
1368,15.906976744186046,1947.0,58.90185546875,3.063596,2.108244
1369,15.91860465116279,1948.0,59.90185546875,-2.494553,-0.376394
1370,15.930232558139533,1938.0,49.90185546875,-7.610778,-2.851299
1371,15.941860465116278,1939.0,50.90185546875,-12.020452,-5.393528
1372,15.953488372093025,1921.0,32.90185546875,-15.603637,-8.02594
1373,15.965116279069768,1932.0,43.90185546875,-18.223232,-10.588853
1374,15.976744186046513,1904.0,15.90185546875,-19.862642,-12.87249
1375,15.988372093023257,1910.0,21.90185546875,-20.469213,-14.571179
1376,16.0,1887.0,-1.09814453125,-19.985384,-15.377768
1377,16.011627906976745,1895.0,6.90185546875,-18.270365,-14.970276
1378,16.023255813953487,1877.0,-11.09814453125,-15.208725,-13.131765
1379,16.03488372093023,1882.0,-6.09814453125,-10.722942,-9.749964
1380,16.046511627906977,1875.0,-13.09814453125,-4.868295,-4.899829
1381,16.05813953488372,1875.0,-13.09814453125,2.010704,1.06377
1382,16.069767441860463,1883.0,-5.09814453125,9.350085,7.532491
1383,16.081395348837212,1880.0,-8.09814453125,16.335144,13.685074
1384,16.093023255813954,1898.0,9.90185546875,22.13522,18.672035
1385,16.1046511627907,1887.0,-1.09814453125,25.995176,21.777615
1386,16.116279069767444,1913.0,24.90185546875,27.459736,22.616169
1387,16.127906976744185,1903.0,14.90185546875,26.380575,21.143885
1388,16.13953488372093,1927.0,38.90185546875,22.939375,17.649239
1389,16.151162790697676,1915.0,26.90185546875,17.550064,12.608311
1390,16.162790697674417,1943.0,54.90185546875,10.750576,6.575261
1391,16.174418604651162,1936.0,47.90185546875,3.103362,0.027208
1392,16.186046511627907,1953.0,64.90185546875,-4.830051,-6.582745
1393,16.19767441860465,1949.0,60.90185546875,-12.46193,-12.801279
1394,16.209302325581397,1943.0,54.90185546875,-19.193441,-18.124722
1395,16.220930232558143,1949.0,60.90185546875,-24.388895,-21.991869
1396,16.232558139534884,1925.0,36.90185546875,-27.507254,-23.892241
1397,16.24418604651163,1937.0,48.90185546875,-28.133759,-23.455612
1398,16.25581395348837,1904.0,15.90185546875,-26.200922,-20.684578
1399,16.267441860465116,1921.0,32.90185546875,-21.954855,-15.921677
1400,16.27906976744186,1887.0,-1.09814453125,-15.967,-9.847567
1401,16.290697674418603,1896.0,7.90185546875,-9.017673,-3.297824
1402,16.302325581395348,1876.0,-12.09814453125,-1.833172,2.994543
1403,16.313953488372093,1875.0,-13.09814453125,4.980853,8.512634
1404,16.325581395348834,1871.0,-17.09814453125,11.082287,13.038339
1405,16.337209302325583,1871.0,-17.09814453125,16.301308,16.566486
1406,16.348837209302328,1876.0,-12.09814453125,20.538614,19.13059
1407,16.36046511627907,1874.0,-14.09814453125,23.635115,20.671896
1408,16.372093023255815,1898.0,9.90185546875,25.295696,20.968538
1409,16.38372093023256,1888.0,-0.09814453125,25.113686,19.670523
1410,16.3953488372093,1918.0,29.90185546875,22.759905,16.523739
1411,16.406976744186046,1906.0,17.90185546875,18.144796,11.520903
1412,16.41860465116279,1930.0,41.90185546875,11.587228,5.068868
1413,16.430232558139533,1924.0,35.90185546875,3.819921,-2.03845
1414,16.441860465116278,1936.0,47.90185546875,-4.119939,-8.780285
1415,16.453488372093023,1933.0,44.90185546875,-11.142502,-14.160041
1416,16.46511627906977,1926.0,37.90185546875,-16.390001,-17.506914
1417,16.476744186046513,1927.0,38.90185546875,-19.417021,-18.616863
1418,16.48837209302326,1911.0,22.90185546875,-20.304039,-17.812086
1419,16.5,1920.0,31.90185546875,-19.511515,-15.744999
1420,16.511627906976745,1891.0,2.90185546875,-17.716795,-13.18359
1421,16.52325581395349,1901.0,12.90185546875,-15.506095,-10.675551
1422,16.53488372093023,1877.0,-11.09814453125,-13.226855,-8.438349
1423,16.546511627906977,1886.0,-2.09814453125,-10.889367,-6.298125
1424,16.558139534883722,1871.0,-17.09814453125,-8.23225,-3.852121
1425,16.569767441860463,1869.0,-19.09814453125,-4.942962,-0.725586
1426,16.58139534883721,1869.0,-19.09814453125,-0.808834,3.215409
1427,16.59302325581395,1871.0,-17.09814453125,4.039382,7.689288
1428,16.6046511627907,1872.0,-16.09814453125,9.161302,12.074923
1429,16.616279069767444,1872.0,-16.09814453125,13.865536,15.571559
1430,16.627906976744185,1887.0,-1.09814453125,17.434523,17.496069
1431,16.63953488372093,1878.0,-10.09814453125,19.345903,17.485235
1432,16.651162790697676,1901.0,12.90185546875,19.42511,15.641495
1433,16.662790697674417,1895.0,6.90185546875,17.874266,12.451959
1434,16.674418604651162,1914.0,25.90185546875,15.128486,8.593121
1435,16.686046511627907,1907.0,18.90185546875,11.696679,4.684155
1436,16.69767441860465,1920.0,31.90185546875,7.955868,1.115717
1437,16.709302325581394,1917.0,28.90185546875,4.074945,-2.024459
1438,16.72093023255814,1919.0,30.90185546875,0.038351,-4.866057
1439,16.732558139534884,1923.0,34.90185546875,-4.159027,-7.549432
1440,16.74418604651163,1917.0,28.90185546875,-8.403299,-10.08633
1441,16.755813953488374,1915.0,26.90185546875,-12.349694,-12.260135
1442,16.767441860465116,1902.0,13.90185546875,-15.48142,-13.69348
1443,16.77906976744186,1907.0,18.90185546875,-17.31427,-14.023511
1444,16.790697674418606,1878.0,-10.09814453125,-17.592731,-13.101168
1445,16.802325581395348,1888.0,-0.09814453125,-16.410349,-11.062916
1446,16.813953488372093,1872.0,-16.09814453125,-14.219177,-8.376577
1447,16.825581395348838,1878.0,-10.09814453125,-11.597966,-5.585411
1448,16.83720930232558,1860.0,-28.09814453125,-8.987317,-3.122262
1449,16.848837209302324,1869.0,-19.09814453125,-6.508503,-1.113137
1450,16.86046511627907,1867.0,-21.09814453125,-3.918138,0.645899
1451,16.872093023255815,1867.0,-21.09814453125,-0.772772,2.566019
1452,16.88372093023256,1875.0,-13.09814453125,3.273325,5.014122
1453,16.8953488372093,1870.0,-18.09814453125,8.22048,8.088128
1454,16.906976744186046,1891.0,2.90185546875,13.583621,11.508677
1455,16.91860465116279,1883.0,-5.09814453125,18.498705,14.638049
1456,16.930232558139533,1904.0,15.90185546875,21.992832,16.722919
1457,16.941860465116278,1894.0,5.90185546875,23.337431,17.165081
1458,16.953488372093023,1911.0,22.90185546875,22.253323,15.721209
1459,16.965116279069765,1910.0,21.90185546875,18.985218,12.584045
1460,16.97674418604651,1921.0,32.90185546875,14.10621,8.251303
1461,16.98837209302326,1919.0,30.90185546875,8.29882,3.333465
1462,17.0,1918.0,29.90185546875,2.116858,-1.646051
1463,17.011627906976745,1919.0,30.90185546875,-4.106585,-6.371411
1464,17.02325581395349,1904.0,15.90185546875,-10.173916,-10.68375
1465,17.03488372093023,1911.0,22.90185546875,-15.89162,-14.501799
1466,17.046511627906977,1889.0,0.90185546875,-20.878527,-17.618433
1467,17.058139534883722,1897.0,8.90185546875,-24.585094,-19.685938
1468,17.069767441860463,1870.0,-18.09814453125,-26.378096,-20.273289
1469,17.08139534883721,1879.0,-9.09814453125,-25.757229,-19.014755
1470,17.093023255813954,1857.0,-31.09814453125,-22.556889,-15.795101
1471,17.104651162790695,1869.0,-19.09814453125,-17.035101,-10.851702
1472,17.116279069767444,1873.0,-15.09814453125,-9.826509,-4.752338
1473,17.12790697674419,1856.0,-32.09814453125,-1.819299,1.698199
1474,17.13953488372093,1866.0,-22.09814453125,6.117148,7.713459
1475,17.151162790697676,1859.0,-29.09814453125,13.221965,12.671968
1476,17.16279069767442,1879.0,-9.09814453125,18.925833,16.192154
1477,17.174418604651162,1872.0,-16.09814453125,22.855877,18.160654
1478,17.186046511627907,1895.0,6.90185546875,24.772802,18.628368
1479,17.19767441860465,1887.0,-1.09814453125,24.588179,17.764273
1480,17.209302325581394,1917.0,28.90185546875,22.356031,15.749508
1481,17.22093023255814,1915.0,26.90185546875,18.337547,12.801119
1482,17.23255813953488,1927.0,38.90185546875,12.968039,9.137182
1483,17.24418604651163,1927.0,38.90185546875,6.850201,5.017059
1484,17.255813953488374,1924.0,35.90185546875,0.608598,0.709138
1485,17.267441860465116,1932.0,43.90185546875,-5.197115,-3.519769
1486,17.27906976744186,1904.0,15.90185546875,-10.197534,-7.441168
1487,17.290697674418606,1916.0,27.90185546875,-14.179389,-10.835989
1488,17.302325581395348,1887.0,-1.09814453125,-17.082714,-13.543911
1489,17.313953488372093,1898.0,9.90185546875,-18.86134,-15.414406
1490,17.325581395348838,1872.0,-16.09814453125,-19.451433,-16.294962
1491,17.33720930232558,1872.0,-16.09814453125,-18.780029,-16.091923
1492,17.348837209302324,1865.0,-23.09814453125,-16.802711,-14.772388
1493,17.36046511627907,1868.0,-20.09814453125,-13.629909,-12.437159
1494,17.372093023255815,1865.0,-23.09814453125,-9.501826,-9.281588
1495,17.38372093023256,1870.0,-18.09814453125,-4.817547,-5.569744
1496,17.395348837209305,1873.0,-15.09814453125,0.010608,-1.567367
1497,17.406976744186046,1871.0,-17.09814453125,4.622574,2.526813
1498,17.41860465116279,1885.0,-3.09814453125,8.811611,6.572904
1499,17.430232558139537,1875.0,-13.09814453125,12.460387,10.461558
1500,17.441860465116278,1891.0,2.90185546875,15.497595,14.017717
1501,17.453488372093023,1890.0,1.90185546875,17.772598,16.962791
1502,17.46511627906977,1899.0,10.90185546875,19.009243,18.873465
1503,17.47674418604651,1891.0,2.90185546875,18.901705,19.346907
1504,17.488372093023255,1898.0,9.90185546875,17.181213,18.045263
1505,17.5,1895.0,6.90185546875,13.813519,14.896487
1506,17.511627906976745,1887.0,-1.09814453125,9.020386,10.103909
1507,17.52325581395349,1894.0,5.90185546875,3.354456,4.188621
1508,17.53488372093023,1886.0,-2.09814453125,-2.53151,-2.191673
1509,17.546511627906977,1891.0,2.90185546875,-7.952128,-8.327271
1510,17.558139534883722,1872.0,-16.09814453125,-12.417322,-13.610393
1511,17.569767441860463,1878.0,-10.09814453125,-15.62688,-17.575657
1512,17.58139534883721,1865.0,-23.09814453125,-17.503344,-19.927296
1513,17.593023255813954,1867.0,-21.09814453125,-18.09973,-20.533689
1514,17.604651162790695,1870.0,-18.09814453125,-17.500174,-19.3745
1515,17.61627906976744,1867.0,-21.09814453125,-15.85721,-16.64444
1516,17.62790697674419,1878.0,-10.09814453125,-13.27359,-12.646206
1517,17.63953488372093,1872.0,-16.09814453125,-9.956822,-7.862235
1518,17.651162790697676,1894.0,5.90185546875,-6.068824,-2.790075
1519,17.66279069767442,1889.0,0.90185546875,-1.874509,2.074768
1520,17.674418604651162,1909.0,20.90185546875,2.480809,6.445889
1521,17.686046511627907,1899.0,10.90185546875,6.815777,10.202975
1522,17.697674418604652,1911.0,22.90185546875,11.027997,13.379524
1523,17.709302325581394,1907.0,18.90185546875,14.907525,16.014065
1524,17.72093023255814,1917.0,28.90185546875,18.116158,17.967892
1525,17.732558139534884,1915.0,26.90185546875,20.184282,18.926252
1526,17.744186046511626,1906.0,17.90185546875,20.556881,18.391886
1527,17.755813953488374,1909.0,20.90185546875,18.893549,15.998882
1528,17.76744186046512,1899.0,10.90185546875,15.105378,11.651205
1529,17.77906976744186,1904.0,15.90185546875,9.636227,5.760928
1530,17.790697674418606,1886.0,-2.09814453125,3.221783,-0.850116
1531,17.802325581395348,1893.0,4.90185546875,-3.145694,-7.121712
1532,17.813953488372093,1879.0,-9.09814453125,-8.659926,-12.117974
1533,17.825581395348838,1882.0,-6.09814453125,-12.832988,-15.31314
1534,17.83720930232558,1879.0,-9.09814453125,-15.640719,-16.705282
1535,17.848837209302324,1877.0,-11.09814453125,-17.382647,-16.740456
1536,17.86046511627907,1893.0,4.90185546875,-18.413429,-15.981197
1537,17.87209302325581,1872.0,-16.09814453125,-18.956369,-14.886969
1538,17.883720930232556,1905.0,16.90185546875,-18.782749,-13.460066
1539,17.895348837209305,1900.0,11.90185546875,-17.482353,-11.409582
1540,17.906976744186046,1939.0,50.90185546875,-14.446901,-8.246717
1541,17.91860465116279,1921.0,32.90185546875,-9.406514,-3.680065
1542,17.930232558139537,1953.0,64.90185546875,-2.419457,2.204679
1543,17.941860465116278,1945.0,56.90185546875,5.819369,8.802369
1544,17.953488372093023,1961.0,72.90185546875,14.244534,15.110252
1545,17.96511627906977,1954.0,65.90185546875,21.553099,19.998587
1546,17.97674418604651,1943.0,54.90185546875,26.549665,22.507797
1547,17.988372093023255,1958.0,69.90185546875,28.438467,22.142139
1548,18.0,1942.0,53.90185546875,26.869917,18.917339
1549,18.01162790697674,1951.0,62.90185546875,22.131153,13.395414
1550,18.02325581395349,1930.0,41.90185546875,14.893261,6.465629
1551,18.034883720930235,1939.0,50.90185546875,6.248678,-0.797861
1552,18.046511627906977,1914.0,25.90185546875,-2.669246,-7.389559
1553,18.058139534883722,1920.0,31.90185546875,-10.707402,-12.490176
1554,18.069767441860467,1905.0,16.90185546875,-17.017115,-15.608293
1555,18.08139534883721,1906.0,17.90185546875,-21.068613,-16.620659
1556,18.093023255813954,1903.0,14.90185546875,-22.723658,-15.711788
1557,18.104651162790695,1904.0,15.90185546875,-22.152197,-13.314113
1558,18.11627906976744,1904.0,15.90185546875,-19.725485,-9.966118
1559,18.127906976744185,1904.0,15.90185546875,-15.89717,-6.193979
1560,18.139534883720927,1930.0,41.90185546875,-11.064085,-2.406952
1561,18.151162790697676,1903.0,14.90185546875,-5.686162,1.046038
1562,18.16279069767442,1936.0,47.90185546875,-0.091469,3.981424
1563,18.174418604651162,1931.0,42.90185546875,5.260142,6.21694
1564,18.186046511627907,1950.0,61.90185546875,9.975615,7.62648
1565,18.197674418604652,1939.0,50.90185546875,13.641006,8.131419
1566,18.209302325581394,1954.0,65.90185546875,16.043179,7.779528
1567,18.22093023255814,1950.0,61.90185546875,17.109192,6.749567
1568,18.232558139534884,1948.0,59.90185546875,16.946665,5.336668
1569,18.244186046511626,1946.0,57.90185546875,15.734919,3.853185
1570,18.25581395348837,1936.0,47.90185546875,13.579239,2.50469
1571,18.267441860465116,1942.0,53.90185546875,10.486548,1.30531
1572,18.27906976744186,1926.0,37.90185546875,6.337366,0.094263
1573,18.290697674418606,1933.0,44.90185546875,1.156825,-1.323177
1574,18.30232558139535,1910.0,21.90185546875,-4.859923,-3.043872
1575,18.313953488372093,1918.0,29.90185546875,-11.063835,-4.856533
1576,18.325581395348838,1904.0,15.90185546875,-16.57444,-6.318253
1577,18.337209302325583,1905.0,16.90185546875,-20.379126,-6.853496
1578,18.348837209302324,1904.0,15.90185546875,-21.751583,-6.057754
1579,18.36046511627907,1904.0,15.90185546875,-20.425247,-3.886679
1580,18.372093023255815,1904.0,15.90185546875,-16.706776,-0.759321
1581,18.383720930232556,1904.0,15.90185546875,-11.338442,2.556431
1582,18.3953488372093,1907.0,18.90185546875,-5.205645,5.191275
1583,18.406976744186046,1909.0,20.90185546875,0.889507,6.490194
1584,18.41860465116279,1919.0,30.90185546875,6.458155,6.216701
1585,18.430232558139537,1917.0,28.90185546875,11.208713,4.579163
1586,18.441860465116278,1918.0,29.90185546875,15.023464,2.116822
1587,18.453488372093023,1919.0,30.90185546875,17.721298,-0.517361
1588,18.46511627906977,1920.0,31.90185546875,19.085924,-2.770205
1589,18.47674418604651,1936.0,47.90185546875,18.897198,-4.281904
1590,18.488372093023255,1907.0,18.90185546875,17.0564,-4.95837
1591,18.5,1909.0,20.90185546875,13.752671,-4.834188
1592,18.51162790697674,1901.0,12.90185546875,9.360424,-4.074785
1593,18.523255813953487,1904.0,15.90185546875,4.353007,-2.907903
1594,18.534883720930235,1898.0,9.90185546875,-0.936786,-1.613141
1595,18.546511627906977,1890.0,1.90185546875,-6.30976,-0.462758
1596,18.558139534883722,1894.0,5.90185546875,-11.692066,0.360703
1597,18.569767441860467,1893.0,4.90185546875,-16.865362,0.8493
1598,18.58139534883721,1905.0,16.90185546875,-21.344238,1.200195
1599,18.593023255813954,1899.0,10.90185546875,-24.279102,1.747976
1600,18.6046511627907,1905.0,16.90185546875,-24.713604,2.798523
1601,18.61627906976744,1904.0,15.90185546875,-21.936321,4.42934
1602,18.627906976744185,1915.0,26.90185546875,-15.873993,6.368683
1603,18.63953488372093,1911.0,22.90185546875,-7.362419,7.952168
1604,18.651162790697672,1921.0,32.90185546875,2.107918,8.400811
1605,18.66279069767442,1918.0,29.90185546875,10.746909,7.107095
1606,18.674418604651166,1922.0,33.90185546875,17.143032,3.980059
1607,18.686046511627907,1922.0,33.90185546875,20.597153,-0.478628
1608,18.697674418604652,1915.0,26.90185546875,21.316854,-5.283758
1609,18.709302325581397,1920.0,31.90185546875,20.082567,-9.312731
1610,18.72093023255814,1911.0,22.90185546875,17.843315,-11.69319
1611,18.732558139534884,1907.0,18.90185546875,15.223413,-12.078482
1612,18.744186046511626,1914.0,25.90185546875,12.357595,-10.684263
1613,18.75581395348837,1909.0,20.90185546875,8.955118,-8.129971
1614,18.767441860465116,1910.0,21.90185546875,4.656303,-5.106771
1615,18.779069767441857,1904.0,15.90185546875,-0.594192,-2.116877
1616,18.790697674418606,1902.0,13.90185546875,-6.440572,0.583617
1617,18.80232558139535,1906.0,17.90185546875,-12.087899,2.997357
1618,18.813953488372093,1918.0,29.90185546875,-16.690895,5.158068
1619,18.825581395348838,1914.0,25.90185546875,-19.567978,7.011036
1620,18.837209302325583,1935.0,46.90185546875,-20.440439,8.397593
1621,18.848837209302324,1924.0,35.90185546875,-19.423859,9.094067
1622,18.86046511627907,1942.0,53.90185546875,-16.817551,9.018871
1623,18.872093023255815,1937.0,48.90185546875,-12.975813,8.23674
1624,18.883720930232556,1939.0,50.90185546875,-8.175285,6.956189
1625,18.8953488372093,1939.0,50.90185546875,-2.664656,5.394787
1626,18.906976744186046,1936.0,47.90185546875,3.217986,3.637338
1627,18.91860465116279,1939.0,50.90185546875,8.945875,1.581836
1628,18.930232558139537,1920.0,31.90185546875,13.852656,-0.959244
1629,18.94186046511628,1930.0,41.90185546875,17.281353,-4.045303
1630,18.953488372093023,1904.0,15.90185546875,18.778101,-7.488382
1631,18.96511627906977,1913.0,24.90185546875,18.284906,-10.711285
1632,18.976744186046513,1894.0,5.90185546875,16.079506,-12.995485
1633,18.988372093023255,1903.0,14.90185546875,12.671564,-13.661774
1634,19.0,1895.0,6.90185546875,8.566522,-12.415029
1635,19.011627906976745,1897.0,8.90185546875,4.147937,-9.435545
1636,19.023255813953487,1903.0,14.90185546875,-0.376344,-5.360713
1637,19.03488372093023,1901.0,12.90185546875,-4.840421,-0.997934
1638,19.046511627906973,1916.0,27.90185546875,-9.002267,2.941688
1639,19.058139534883722,1910.0,21.90185546875,-12.482028,6.060321
1640,19.069767441860467,1936.0,47.90185546875,-14.827155,8.297544
1641,19.08139534883721,1926.0,37.90185546875,-15.694044,9.769674
1642,19.093023255813954,1951.0,62.90185546875,-14.96255,10.634103
1643,19.1046511627907,1947.0,58.90185546875,-12.850239,10.864212
1644,19.11627906976744,1955.0,66.90185546875,-9.746011,10.36481
1645,19.127906976744185,1955.0,66.90185546875,-6.086633,9.016323
1646,19.13953488372093,1943.0,54.90185546875,-2.144623,6.871768
1647,19.151162790697672,1968.0,79.90185546875,1.984992,4.215164
1648,19.162790697674417,1932.0,43.90185546875,6.228621,1.423827
1649,19.174418604651162,1931.0,42.90185546875,10.395182,-1.113201
1650,19.186046511627907,1905.0,16.90185546875,13.996898,-3.234736
1651,19.197674418604652,1920.0,31.90185546875,16.296803,-5.012436
1652,19.209302325581397,1887.0,-1.09814453125,16.503761,-6.741199
1653,19.22093023255814,1888.0,-0.09814453125,14.194798,-8.585481
1654,19.232558139534884,1878.0,-10.09814453125,9.538559,-10.488886
1655,19.24418604651163,1879.0,-9.09814453125,3.368255,-12.03722
1656,19.25581395348837,1887.0,-1.09814453125,-3.075425,-12.647301
1657,19.267441860465116,1875.0,-13.09814453125,-8.535014,-11.824404
1658,19.27906976744186,1894.0,5.90185546875,-12.122472,-9.364517
1659,19.290697674418603,1886.0,-2.09814453125,-13.568691,-5.552691
1660,19.302325581395348,1918.0,29.90185546875,-13.146825,-0.996268
1661,19.313953488372096,1904.0,15.90185546875,-11.44836,3.519299
1662,19.325581395348838,1923.0,34.90185546875,-9.003288,7.410418
1663,19.337209302325583,1921.0,32.90185546875,-6.127976,10.358676
1664,19.348837209302324,1936.0,47.90185546875,-2.882115,12.36628
1665,19.36046511627907,1930.0,41.90185546875,0.699436,13.510944
1666,19.372093023255815,1931.0,42.90185546875,4.497275,13.883497
1667,19.383720930232556,1935.0,46.90185546875,8.07473,13.380995
1668,19.3953488372093,1917.0,28.90185546875,10.870119,11.830996
1669,19.406976744186046,1923.0,34.90185546875,12.335773,9.173242
1670,19.418604651162788,1893.0,4.90185546875,12.215611,5.537207
1671,19.430232558139533,1904.0,15.90185546875,10.596782,1.354597
1672,19.44186046511628,1875.0,-13.09814453125,7.865425,-2.859679
1673,19.453488372093023,1887.0,-1.09814453125,4.513942,-6.59109
1674,19.46511627906977,1851.0,-37.09814453125,0.894286,-9.623184
1675,19.476744186046513,1864.0,-24.09814453125,-2.784968,-11.92793
1676,19.488372093023255,1846.0,-42.09814453125,-6.519611,-13.700378
1677,19.5,1855.0,-33.09814453125,-10.163812,-15.010212
1678,19.511627906976745,1844.0,-44.09814453125,-13.420212,-15.713362
1679,19.523255813953487,1840.0,-48.09814453125,-15.680696,-15.422332
1680,19.53488372093023,1856.0,-32.09814453125,-16.273756,-13.637842
1681,19.546511627906977,1851.0,-37.09814453125,-14.685668,-10.104599
1682,19.55813953488372,1861.0,-27.09814453125,-10.848338,-4.931535
1683,19.569767441860467,1862.0,-26.09814453125,-5.200444,1.265356
1684,19.581395348837212,1872.0,-16.09814453125,1.383212,7.600115
1685,19.593023255813954,1870.0,-18.09814453125,7.863693,13.107594
1686,19.6046511627907,1877.0,-11.09814453125,13.339763,17.108473
1687,19.616279069767444,1875.0,-13.09814453125,17.221733,19.307814
1688,19.627906976744185,1883.0,-5.09814453125,19.281813,19.758183
1689,19.63953488372093,1883.0,-5.09814453125,19.502224,18.712599
1690,19.651162790697676,1881.0,-7.09814453125,18.018959,16.422739
1691,19.662790697674417,1885.0,-3.09814453125,14.894326,13.038374
1692,19.674418604651162,1879.0,-9.09814453125,10.271851,8.613618
1693,19.686046511627904,1886.0,-2.09814453125,4.392382,3.315844
1694,19.697674418604652,1875.0,-13.09814453125,-2.26685,-2.565511
1695,19.709302325581397,1879.0,-9.09814453125,-9.01678,-8.481833
1696,19.72093023255814,1871.0,-17.09814453125,-15.038819,-13.796257
1697,19.732558139534884,1872.0,-16.09814453125,-19.587465,-17.902235
1698,19.74418604651163,1860.0,-28.09814453125,-22.185173,-20.41423
1699,19.75581395348837,1863.0,-25.09814453125,-22.665838,-21.221178
1700,19.767441860465116,1861.0,-27.09814453125,-21.18655,-20.418766
1701,19.77906976744186,1859.0,-29.09814453125,-18.025389,-18.242182
1702,19.790697674418603,1856.0,-32.09814453125,-13.496802,-14.836113
1703,19.802325581395348,1857.0,-31.09814453125,-7.805265,-10.305223
1704,19.813953488372093,1857.0,-31.09814453125,-1.172708,-4.692394
1705,19.825581395348838,1859.0,-29.09814453125,6.129551,1.830454
1706,19.837209302325583,1871.0,-17.09814453125,13.598002,8.914551
1707,19.848837209302328,1863.0,-25.09814453125,20.467281,15.903116
1708,19.86046511627907,1887.0,-1.09814453125,25.837469,21.99007
1709,19.872093023255815,1875.0,-13.09814453125,28.782261,26.278948
1710,19.88372093023256,1903.0,14.90185546875,28.682291,28.03701
1711,19.8953488372093,1894.0,5.90185546875,25.302395,26.835373
1712,19.906976744186046,1915.0,26.90185546875,18.979551,22.627285
1713,19.91860465116279,1909.0,20.90185546875,10.474854,15.827414
1714,19.930232558139533,1927.0,38.90185546875,0.912856,7.18799
1715,19.941860465116278,1920.0,31.90185546875,-8.528077,-2.250015
1716,19.953488372093023,1916.0,27.90185546875,-16.754955,-11.387579
1717,19.96511627906977,1921.0,32.90185546875,-22.935566,-19.138176
1718,19.976744186046513,1905.0,16.90185546875,-26.616545,-24.70924
1719,19.988372093023255,1919.0,30.90185546875,-27.61939,-27.559858
1720,20.0,1897.0,8.90185546875,-26.166908,-27.620722
1721,20.011627906976745,1901.0,12.90185546875,-22.612476,-25.128597
1722,20.023255813953487,1882.0,-6.09814453125,-17.457029,-20.548426
1723,20.03488372093023,1888.0,-0.09814453125,-11.171217,-14.453512
1724,20.046511627906977,1878.0,-10.09814453125,-4.241942,-7.370929
1725,20.05813953488372,1881.0,-7.09814453125,2.865908,0.14988
1726,20.069767441860463,1893.0,4.90185546875,9.679029,7.631285
1727,20.081395348837212,1881.0,-7.09814453125,15.654068,14.474003
1728,20.093023255813954,1893.0,4.90185546875,20.292894,20.108469
1729,20.1046511627907,1878.0,-10.09814453125,23.099035,23.893261
1730,20.116279069767444,1911.0,22.90185546875,23.800381,25.383123
1731,20.127906976744185,1901.0,12.90185546875,22.294882,24.340605
1732,20.13953488372093,1915.0,26.90185546875,18.835903,20.91428
1733,20.151162790697676,1918.0,29.90185546875,13.880012,15.603299
1734,20.162790697674417,1934.0,45.90185546875,8.061532,9.114816
1735,20.174418604651162,1928.0,39.90185546875,1.985692,2.226247
1736,20.186046511627907,1936.0,47.90185546875,-3.804873,-4.411785
1737,20.19767441860465,1936.0,47.90185546875,-8.92238,-10.307768
1738,20.209302325581397,1931.0,42.90185546875,-13.111542,-15.189385
1739,20.220930232558143,1936.0,47.90185546875,-16.153959,-18.822235
1740,20.232558139534884,1916.0,27.90185546875,-17.891773,-21.017426
1741,20.24418604651163,1922.0,33.90185546875,-18.161289,-21.537899
1742,20.255813953488374,1903.0,14.90185546875,-16.899935,-20.183765
1743,20.267441860465116,1909.0,20.90185546875,-14.183833,-16.922005
1744,20.27906976744186,1890.0,1.90185546875,-10.33154,-11.976925
1745,20.290697674418603,1899.0,10.90185546875,-5.834836,-5.877906
1746,20.302325581395348,1891.0,2.90185546875,-1.32978,0.621471
1747,20.313953488372093,1894.0,5.90185546875,2.603726,6.688808
1748,20.325581395348834,1898.0,9.90185546875,5.579479,11.64687
1749,20.33720930232558,1890.0,1.90185546875,7.444954,15.036583
1750,20.348837209302328,1904.0,15.90185546875,8.380111,16.778549
1751,20.36046511627907,1905.0,16.90185546875,8.66899,16.974274
1752,20.372093023255815,1927.0,38.90185546875,8.685231,15.913851
1753,20.38372093023256,1911.0,22.90185546875,8.635421,13.851929
1754,20.3953488372093,1931.0,42.90185546875,8.60636,11.034346
1755,20.406976744186046,1925.0,36.90185546875,8.470579,7.618784
1756,20.41860465116279,1938.0,49.90185546875,8.034647,3.784604
1757,20.430232558139533,1930.0,41.90185546875,7.11588,-0.235533
1758,20.441860465116278,1938.0,49.90185546875,5.632284,-4.134518
1759,20.453488372093023,1942.0,53.90185546875,3.679734,-7.521289
1760,20.465116279069765,1936.0,47.90185546875,1.41482,-10.099826
1761,20.476744186046513,1936.0,47.90185546875,-0.910614,-11.642282
1762,20.48837209302326,1927.0,38.90185546875,-3.13999,-12.155013
1763,20.5,1936.0,47.90185546875,-5.163182,-11.774439
1764,20.511627906976745,1922.0,33.90185546875,-7.010483,-10.786844
1765,20.52325581395349,1927.0,38.90185546875,-8.712254,-9.435197
1766,20.53488372093023,1915.0,26.90185546875,-10.26819,-7.871153
1767,20.546511627906977,1919.0,30.90185546875,-11.562709,-6.092606
1768,20.558139534883722,1915.0,26.90185546875,-12.351355,-3.976352
1769,20.569767441860463,1918.0,29.90185546875,-12.351285,-1.4211
1770,20.58139534883721,1915.0,26.90185546875,-11.271744,1.606894
1771,20.59302325581395,1915.0,26.90185546875,-9.000097,4.90262
1772,20.6046511627907,1922.0,33.90185546875,-5.576716,8.128812
1773,20.616279069767444,1918.0,29.90185546875,-1.290258,10.807109
1774,20.627906976744185,1934.0,45.90185546875,3.452615,12.529363
1775,20.63953488372093,1931.0,42.90185546875,8.152951,13.040332
1776,20.651162790697676,1938.0,49.90185546875,12.314453,12.305602
1777,20.662790697674417,1936.0,47.90185546875,15.568901,10.55975
1778,20.674418604651162,1948.0,59.90185546875,17.580988,8.112262
1779,20.686046511627907,1947.0,58.90185546875,18.121157,5.264525
1780,20.69767441860465,1951.0,62.90185546875,17.020937,2.197712
1781,20.709302325581394,1937.0,48.90185546875,14.291746,-0.965235
1782,20.72093023255814,1947.0,58.90185546875,10.097602,-4.155264
1783,20.732558139534884,1947.0,58.90185546875,4.82249,-7.225026
1784,20.74418604651163,1937.0,48.90185546875,-0.967921,-9.917461
1785,20.755813953488374,1946.0,57.90185546875,-6.576812,-11.831392
1786,20.767441860465116,1936.0,47.90185546875,-11.352192,-12.611809
1787,20.77906976744186,1936.0,47.90185546875,-14.845274,-12.083931
1788,20.790697674418606,1931.0,42.90185546875,-16.855682,-10.362815
1789,20.802325581395348,1936.0,47.90185546875,-17.490187,-7.867638
1790,20.813953488372093,1931.0,42.90185546875,-16.969559,-5.140695
1791,20.825581395348838,1926.0,37.90185546875,-15.566272,-2.677526
1792,20.83720930232558,1929.0,40.90185546875,-13.38199,-0.675272
1793,20.848837209302324,1935.0,46.90185546875,-10.387016,1.003633
1794,20.860465116279073,1936.0,47.90185546875,-6.451272,2.753023
1795,20.872093023255815,1934.0,45.90185546875,-1.546106,4.951219
1796,20.88372093023256,1943.0,54.90185546875,4.124539,7.717585
1797,20.8953488372093,1950.0,61.90185546875,10.045694,10.76392
1798,20.906976744186046,1952.0,63.90185546875,15.410604,13.366228
1799,20.91860465116279,1949.0,60.90185546875,19.387249,14.699718
1800,20.930232558139533,1951.0,62.90185546875,21.267199,14.080513
1801,20.941860465116278,1954.0,65.90185546875,20.762508,11.336832
1802,20.953488372093023,1950.0,61.90185546875,17.962278,6.836261
1803,20.965116279069765,1947.0,58.90185546875,13.39791,1.450842
1804,20.97674418604651,1943.0,54.90185546875,7.735233,-3.824324
1805,20.98837209302326,1946.0,57.90185546875,1.717711,-8.097588
1806,21.0,1949.0,60.90185546875,-4.076392,-10.89399
1807,21.011627906976745,1942.0,53.90185546875,-9.202825,-12.156723
1808,21.02325581395349,1936.0,47.90185546875,-13.350859,-12.144129
1809,21.03488372093023,1939.0,50.90185546875,-16.274696,-11.223234
1810,21.046511627906977,1933.0,44.90185546875,-17.742174,-9.673936
1811,21.058139534883722,1936.0,47.90185546875,-17.596779,-7.645319
1812,21.069767441860463,1919.0,30.90185546875,-15.825184,-5.215288
1813,21.08139534883721,1930.0,41.90185546875,-12.604727,-2.457673
1814,21.093023255813954,1933.0,44.90185546875,-8.351646,0.419043
1815,21.104651162790695,1931.0,42.90185546875,-3.651512,3.085072
1816,21.116279069767444,1922.0,33.90185546875,0.903771,5.190363
1817,21.12790697674419,1922.0,33.90185546875,4.848413,6.513047
1818,21.13953488372093,1923.0,34.90185546875,7.940599,7.022274
1819,21.151162790697676,1920.0,31.90185546875,10.14401,6.891813
1820,21.16279069767442,1918.0,29.90185546875,11.547042,6.373329
1821,21.174418604651162,1923.0,34.90185546875,12.26215,5.708885
1822,21.186046511627907,1921.0,32.90185546875,12.297825,4.969025
1823,21.19767441860465,1932.0,43.90185546875,11.611091,4.129975
1824,21.209302325581394,1921.0,32.90185546875,10.089348,3.064273
1825,21.22093023255814,1925.0,36.90185546875,7.744541,1.764617
1826,21.23255813953488,1922.0,33.90185546875,4.70889,0.331872
1827,21.24418604651163,1920.0,31.90185546875,1.287863,-0.991977
1828,21.255813953488374,1921.0,32.90185546875,-2.152208,-1.972634
1829,21.267441860465116,1922.0,33.90185546875,-5.260602,-2.506917
1830,21.27906976744186,1922.0,33.90185546875,-7.803216,-2.681782
1831,21.290697674418606,1920.0,31.90185546875,-9.680039,-2.775338
1832,21.302325581395348,1918.0,29.90185546875,-10.880006,-3.085986
1833,21.313953488372093,1920.0,31.90185546875,-11.392957,-3.776663
1834,21.325581395348838,1919.0,30.90185546875,-11.165253,-4.752676
1835,21.33720930232558,1920.0,31.90185546875,-10.098419,-5.682433
1836,21.348837209302324,1914.0,25.90185546875,-8.100272,-6.112826
1837,21.36046511627907,1918.0,29.90185546875,-5.223537,-5.704907
1838,21.372093023255815,1917.0,28.90185546875,-1.67319,-4.354764
1839,21.38372093023256,1915.0,26.90185546875,2.107292,-2.295337
1840,21.395348837209305,1920.0,31.90185546875,5.631273,0.059366
1841,21.406976744186046,1916.0,27.90185546875,8.382761,2.225827
1842,21.41860465116279,1919.0,30.90185546875,10.054971,3.900185
1843,21.430232558139537,1919.0,30.90185546875,10.527806,5.00035
1844,21.441860465116278,1922.0,33.90185546875,9.944947,5.667865
1845,21.453488372093023,1923.0,34.90185546875,8.579504,6.122229
1846,21.46511627906977,1923.0,34.90185546875,6.751042,6.496956
1847,21.47674418604651,1923.0,34.90185546875,4.758601,6.789393
1848,21.488372093023255,1931.0,42.90185546875,2.766654,6.792922
1849,21.5,1916.0,27.90185546875,0.845847,6.234802
1850,21.511627906976745,1926.0,37.90185546875,-1.038774,4.900603
1851,21.52325581395349,1931.0,42.90185546875,-2.951444,2.727064
1852,21.53488372093023,1921.0,32.90185546875,-4.961413,-0.141915
1853,21.546511627906977,1924.0,35.90185546875,-6.972574,-3.331284
1854,21.558139534883722,1917.0,28.90185546875,-8.760506,-6.335493
1855,21.569767441860463,1920.0,31.90185546875,-9.93417,-8.648411
1856,21.58139534883721,1907.0,18.90185546875,-10.045902,-9.844607
1857,21.593023255813954,1911.0,22.90185546875,-8.777144,-9.742576
1858,21.604651162790695,1905.0,16.90185546875,-6.089444,-8.421814
1859,21.61627906976744,1906.0,17.90185546875,-2.384222,-6.284587
1860,21.627906976744185,1906.0,17.90185546875,1.643124,-3.845288
1861,21.63953488372093,1897.0,8.90185546875,5.094468,-1.649806
1862,21.651162790697676,1905.0,16.90185546875,7.26089,-0.019902
1863,21.66279069767442,1904.0,15.90185546875,7.811795,1.028195
1864,21.674418604651162,1914.0,25.90185546875,6.979211,1.800093
1865,21.686046511627907,1905.0,16.90185546875,5.361286,2.724822
1866,21.697674418604652,1919.0,30.90185546875,3.724652,4.150482
1867,21.709302325581394,1915.0,26.90185546875,2.59269,6.08252
1868,21.72093023255814,1921.0,32.90185546875,2.069782,8.120282
1869,21.732558139534884,1915.0,26.90185546875,1.852711,9.59079
1870,21.744186046511626,1922.0,33.90185546875,1.430902,9.82125
1871,21.75581395348837,1925.0,36.90185546875,0.452335,8.479076
1872,21.76744186046512,1923.0,34.90185546875,-1.094012,5.738266
1873,21.77906976744186,1923.0,34.90185546875,-2.775261,2.265975
1874,21.790697674418606,1921.0,32.90185546875,-4.004217,-1.095934
1875,21.80232558139535,1923.0,34.90185546875,-4.293737,-3.665065
1876,21.813953488372093,1920.0,31.90185546875,-3.590438,-5.222083
1877,21.825581395348838,1917.0,28.90185546875,-2.296711,-6.035741
1878,21.83720930232558,1920.0,31.90185546875,-1.07464,-6.627898
1879,21.848837209302324,1920.0,31.90185546875,-0.544518,-7.449568
1880,21.86046511627907,1924.0,35.90185546875,-0.90585,-8.514003
1881,21.87209302325581,1922.0,33.90185546875,-1.880131,-9.37567
1882,21.883720930232556,1913.0,24.90185546875,-2.785785,-9.288948
1883,21.895348837209305,1919.0,30.90185546875,-2.957225,-7.657763
1884,21.906976744186046,1921.0,32.90185546875,-2.030896,-4.375377
1885,21.91860465116279,1919.0,30.90185546875,-0.190462,0.000255
1886,21.930232558139537,1922.0,33.90185546875,1.975138,4.456171
1887,21.941860465116278,1922.0,33.90185546875,3.695395,7.880937
1888,21.953488372093023,1924.0,35.90185546875,4.421917,9.560127
1889,21.96511627906977,1921.0,32.90185546875,4.049706,9.434896
1890,21.97674418604651,1926.0,37.90185546875,2.926658,8.05823
1891,21.988372093023255,1922.0,33.90185546875,1.650305,6.274673
1892,22.0,1929.0,40.90185546875,0.761341,4.800035
1893,22.01162790697674,1926.0,37.90185546875,0.517393,3.917837
1894,22.02325581395349,1927.0,38.90185546875,0.783454,3.391061
1895,22.034883720930235,1931.0,42.90185546875,1.188829,2.70963
1896,22.046511627906977,1931.0,42.90185546875,1.297606,1.401297
1897,22.058139534883722,1933.0,44.90185546875,0.870145,-0.655278
1898,22.069767441860467,1936.0,47.90185546875,-0.07171,-3.142075
1899,22.08139534883721,1936.0,47.90185546875,-1.274011,-5.465834
1900,22.093023255813954,1935.0,46.90185546875,-2.407017,-7.039616
1901,22.1046511627907,1943.0,54.90185546875,-3.212204,-7.560194
1902,22.11627906976744,1935.0,46.90185546875,-3.597855,-7.117142
1903,22.127906976744185,1936.0,47.90185546875,-3.627841,-6.09667
1904,22.139534883720927,1936.0,47.90185546875,-3.41642,-4.927747
1905,22.151162790697676,1935.0,46.90185546875,-3.07791,-3.870931
1906,22.16279069767442,1936.0,47.90185546875,-2.639208,-2.906086
1907,22.174418604651162,1936.0,47.90185546875,-2.080234,-1.820589
1908,22.186046511627907,1937.0,48.90185546875,-1.341329,-0.373303
1909,22.197674418604652,1937.0,48.90185546875,-0.40836,1.491635
1910,22.209302325581394,1937.0,48.90185546875,0.694945,3.568767
1911,22.22093023255814,1937.0,48.90185546875,1.870973,5.43457
1912,22.232558139534884,1941.0,52.90185546875,3.033956,6.675342
1913,22.244186046511626,1946.0,57.90185546875,4.098991,7.058906
1914,22.25581395348837,1940.0,51.90185546875,4.94926,6.579443
1915,22.267441860465116,1936.0,47.90185546875,5.484661,5.505492
1916,22.27906976744186,1939.0,50.90185546875,5.558329,4.159017
1917,22.290697674418606,1939.0,50.90185546875,5.019336,2.777329
1918,22.30232558139535,1936.0,47.90185546875,3.759882,1.416991
1919,22.313953488372093,1936.0,47.90185546875,1.818439,0.007591
1920,22.325581395348838,1936.0,47.90185546875,-0.601569,-1.534043
1921,22.337209302325583,1936.0,47.90185546875,-3.141725,-3.185054
1922,22.348837209302324,1924.0,35.90185546875,-5.365856,-4.74765
1923,22.36046511627907,1931.0,42.90185546875,-6.850944,-5.887023
1924,22.372093023255815,1921.0,32.90185546875,-7.362776,-6.319635
1925,22.383720930232556,1922.0,33.90185546875,-6.884336,-5.92589
1926,22.3953488372093,1919.0,30.90185546875,-5.610829,-4.835588
1927,22.40697674418605,1919.0,30.90185546875,-3.854711,-3.341415
1928,22.41860465116279,1925.0,36.90185546875,-1.937342,-1.791522
1929,22.430232558139537,1918.0,29.90185546875,-0.118807,-0.439292
1930,22.441860465116278,1934.0,45.90185546875,1.48549,0.685
1931,22.453488372093023,1925.0,36.90185546875,2.819401,1.659303
1932,22.46511627906977,1943.0,54.90185546875,3.880344,2.61546
1933,22.47674418604651,1926.0,37.90185546875,4.59064,3.517233
1934,22.488372093023255,1951.0,62.90185546875,4.879676,4.197953
1935,22.5,1943.0,54.90185546875,4.629981,4.339799
1936,22.51162790697674,1961.0,72.90185546875,3.846715,3.727684
1937,22.523255813953487,1955.0,66.90185546875,2.618838,2.348402
1938,22.534883720930235,1962.0,73.90185546875,1.183261,0.520005
1939,22.546511627906977,1961.0,72.90185546875,-0.163196,-1.212309
1940,22.558139534883722,1955.0,66.90185546875,-1.177673,-2.289161
1941,22.569767441860467,1959.0,70.90185546875,-1.725546,-2.358993
1942,22.58139534883721,1948.0,59.90185546875,-1.899189,-1.51415
1943,22.593023255813954,1951.0,62.90185546875,-1.871622,-0.184858
1944,22.6046511627907,1940.0,51.90185546875,-1.857227,1.020425
1945,22.61627906976744,1947.0,58.90185546875,-1.95603,1.595729
1946,22.627906976744185,1936.0,47.90185546875,-2.155887,1.337495
1947,22.63953488372093,1936.0,47.90185546875,-2.291414,0.435579
1948,22.651162790697672,1933.0,44.90185546875,-2.172397,-0.645725
1949,22.66279069767442,1931.0,42.90185546875,-1.69633,-1.447808
1950,22.674418604651166,1936.0,47.90185546875,-0.923267,-1.71297
1951,22.686046511627907,1934.0,45.90185546875,-0.064538,-1.503978
1952,22.697674418604652,1934.0,45.90185546875,0.604076,-1.130895
1953,22.709302325581397,1939.0,50.90185546875,0.906271,-0.905059
1954,22.72093023255814,1954.0,65.90185546875,0.81047,-1.006472
1955,22.732558139534884,1948.0,59.90185546875,0.462572,-1.337969
1956,22.74418604651163,1961.0,72.90185546875,0.142284,-1.603763
1957,22.75581395348837,1959.0,70.90185546875,0.087347,-1.501077
1958,22.767441860465116,1968.0,79.90185546875,0.425263,-0.907068
1959,22.779069767441857,1975.0,86.90185546875,1.095137,0.051657
1960,22.790697674418603,1965.0,76.90185546875,1.883792,1.018337
1961,22.80232558139535,1964.0,75.90185546875,2.548021,1.642481
1962,22.813953488372093,1955.0,66.90185546875,2.880567,1.736772
1963,22.825581395348838,1957.0,68.90185546875,2.796653,1.403697
1964,22.837209302325583,1947.0,58.90185546875,2.288022,0.947525
1965,22.848837209302324,1948.0,59.90185546875,1.419559,0.712944
1966,22.86046511627907,1941.0,52.90185546875,0.239498,0.878932
1967,22.872093023255815,1942.0,53.90185546875,-1.174704,1.367307
1968,22.883720930232556,1933.0,44.90185546875,-2.716769,1.876272
1969,22.8953488372093,1934.0,45.90185546875,-4.186493,2.066513
1970,22.906976744186046,1927.0,38.90185546875,-5.300215,1.730836
1971,22.918604651162788,1927.0,38.90185546875,-5.759218,0.897279
1972,22.930232558139537,1922.0,33.90185546875,-5.369074,-0.214834
1973,22.94186046511628,1926.0,37.90185546875,-4.142453,-1.311234
1974,22.953488372093023,1923.0,34.90185546875,-2.346026,-2.208185
1975,22.96511627906977,1923.0,34.90185546875,-0.406064,-2.873526
1976,22.976744186046513,1926.0,37.90185546875,1.253024,-3.387183
1977,22.988372093023255,1920.0,31.90185546875,2.376402,-3.804574
1978,23.0,1926.0,37.90185546875,3.026919,-4.006169
1979,23.011627906976745,1931.0,42.90185546875,3.456115,-3.761199
1980,23.023255813953487,1936.0,47.90185546875,3.996102,-2.808168
1981,23.03488372093023,1930.0,41.90185546875,4.822468,-1.0496
1982,23.046511627906977,1927.0,38.90185546875,5.800384,1.272577
1983,23.058139534883722,1927.0,38.90185546875,6.52466,3.615763
1984,23.069767441860467,1926.0,37.90185546875,6.463123,5.3065
1985,23.08139534883721,1924.0,35.90185546875,5.249828,5.842895
1986,23.093023255813954,1924.0,35.90185546875,2.854084,5.112938
1987,23.1046511627907,1923.0,34.90185546875,-0.32917,3.480297
1988,23.11627906976744,1921.0,32.90185546875,-3.644395,1.609624
1989,23.127906976744185,1921.0,32.90185546875,-6.415295,0.155001
1990,23.13953488372093,1923.0,34.90185546875,-8.200971,-0.526717
1991,23.151162790697672,1922.0,33.90185546875,-8.948,-0.558915
1992,23.162790697674417,1929.0,40.90185546875,-8.88046,-0.403921
1993,23.174418604651162,1920.0,31.90185546875,-8.354063,-0.643525
1994,23.186046511627907,1920.0,31.90185546875,-7.558843,-1.582488
1995,23.197674418604652,1923.0,34.90185546875,-6.469502,-3.13687
1996,23.209302325581397,1917.0,28.90185546875,-4.834502,-4.796121
1997,23.22093023255814,1913.0,24.90185546875,-2.39561,-5.890798
1998,23.232558139534884,1907.0,18.90185546875,0.908064,-5.871732
1999,23.24418604651163,1913.0,24.90185546875,4.776008,-4.591223
2000,23.25581395348837,1907.0,18.90185546875,8.574638,-2.34453
2001,23.267441860465116,1904.0,15.90185546875,11.544584,0.259705
2002,23.27906976744186,1906.0,17.90185546875,13.051699,2.565353
2003,23.290697674418603,1904.0,15.90185546875,12.810088,4.103513
2004,23.302325581395348,1907.0,18.90185546875,10.970411,4.744632
2005,23.313953488372096,1909.0,20.90185546875,8.032995,4.672136
2006,23.325581395348838,1907.0,18.90185546875,4.633769,4.230345
2007,23.337209302325583,1910.0,21.90185546875,1.32335,3.747426
2008,23.348837209302328,1915.0,26.90185546875,-1.584954,3.386444
2009,23.36046511627907,1917.0,28.90185546875,-4.054073,3.094371
2010,23.372093023255815,1909.0,20.90185546875,-6.217186,2.66417
2011,23.383720930232556,1910.0,21.90185546875,-8.208858,1.866712
2012,23.3953488372093,1907.0,18.90185546875,-10.060608,0.535778
2013,23.406976744186046,1908.0,19.90185546875,-11.58359,-1.292859
2014,23.418604651162788,1904.0,15.90185546875,-12.420174,-3.384517
2015,23.430232558139533,1904.0,15.90185546875,-12.151526,-5.331435
2016,23.44186046511628,1900.0,11.90185546875,-10.455628,-6.653501
2017,23.453488372093023,1904.0,15.90185546875,-7.251576,-6.956162
2018,23.46511627906977,1899.0,10.90185546875,-2.801076,-6.067958
2019,23.476744186046513,1895.0,6.90185546875,2.302315,-4.136835
2020,23.488372093023255,1887.0,-1.09814453125,7.251489,-1.606538
2021,23.5,1884.0,-4.09814453125,11.194595,0.879619
2022,23.511627906976745,1891.0,2.90185546875,13.473302,2.706046
2023,23.523255813953487,1888.0,-0.09814453125,13.756205,3.470943
2024,23.53488372093023,1898.0,9.90185546875,12.160968,3.168103
2025,23.546511627906977,1893.0,4.90185546875,9.17892,2.168603
2026,23.55813953488372,1903.0,14.90185546875,5.548821,1.097741
2027,23.569767441860467,1895.0,6.90185546875,1.999203,0.543635
2028,23.581395348837212,1910.0,21.90185546875,-0.899077,0.844145
2029,23.593023255813954,1908.0,19.90185546875,-2.913237,1.898369
2030,23.6046511627907,1915.0,26.90185546875,-4.105896,3.221208
2031,23.616279069767444,1915.0,26.90185546875,-4.734271,4.161973
2032,23.627906976744185,1915.0,26.90185546875,-5.113643,4.157729
2033,23.63953488372093,1917.0,28.90185546875,-5.455619,2.998606
2034,23.651162790697676,1910.0,21.90185546875,-5.809218,0.899734
2035,23.662790697674417,1911.0,22.90185546875,-6.053107,-1.557123
2036,23.674418604651162,1903.0,14.90185546875,-5.990197,-3.685186
2037,23.686046511627904,1905.0,16.90185546875,-5.424159,-4.927019
2038,23.697674418604652,1895.0,6.90185546875,-4.266182,-5.073054
2039,23.709302325581397,1905.0,16.90185546875,-2.538365,-4.247054
2040,23.72093023255814,1887.0,-1.09814453125,-0.425148,-2.867841
2041,23.732558139534884,1891.0,2.90185546875,1.827061,-1.390026
2042,23.74418604651163,1887.0,-1.09814453125,3.900428,-0.170711
2043,23.75581395348837,1890.0,1.90185546875,5.488299,0.637882
2044,23.767441860465116,1887.0,-1.09814453125,6.304419,1.036582
2045,23.77906976744186,1878.0,-10.09814453125,6.155144,1.093778
2046,23.790697674418603,1898.0,9.90185546875,5.034411,0.923351
2047,23.802325581395348,1898.0,9.90185546875,3.100725,0.558217
