muestra,tiempo_ms,adc,adc_centrado,adc_filtrado,residual
0,0.0,1867.0,-25.0048828125,-0.015237,-0.019421
1,0.011627906976744186,1872.0,-20.0048828125,-0.019806,-0.028031
2,0.023255813953488372,1877.0,-15.0048828125,-0.012293,-0.020929
3,0.03488372093023256,1872.0,-20.0048828125,-0.002699,-0.007012
4,0.046511627906976744,1875.0,-17.0048828125,0.009368,0.003626
5,0.058139534883720936,1875.0,-17.0048828125,0.016598,0.014746
6,0.06976744186046512,1887.0,-5.0048828125,0.024584,0.015603
7,0.0813953488372093,1894.0,1.9951171875,0.030146,0.023513
8,0.09302325581395349,1899.0,6.9951171875,0.035893,0.028843
9,0.10465116279069767,1903.0,10.9951171875,0.04663,0.053289
10,0.11627906976744187,1910.0,17.9951171875,0.066988,0.086862
11,0.12790697674418605,1911.0,18.9951171875,0.08902,0.134582
12,0.13953488372093023,1923.0,30.9951171875,0.110465,0.175623
13,0.1511627906976744,1919.0,26.9951171875,0.108327,0.196014
14,0.1627906976744186,1931.0,38.9951171875,0.087617,0.185417
15,0.1744186046511628,1926.0,33.9951171875,0.039804,0.152809
16,0.18604651162790697,1933.0,40.9951171875,-0.013711,0.117796
17,0.19767441860465115,1926.0,33.9951171875,-0.067484,0.093315
18,0.20930232558139533,1936.0,43.9951171875,-0.101471,0.090304
19,0.22093023255813954,1931.0,38.9951171875,-0.132034,0.085637
20,0.23255813953488375,1939.0,46.9951171875,-0.166409,0.05212
21,0.2441860465116279,1936.0,43.9951171875,-0.228515,-0.030629
22,0.2558139534883721,1939.0,46.9951171875,-0.315795,-0.161731
23,0.2674418604651163,1934.0,41.9951171875,-0.413872,-0.309414
24,0.27906976744186046,1931.0,38.9951171875,-0.484794,-0.428449
25,0.29069767441860467,1936.0,43.9951171875,-0.48841,-0.469592
26,0.3023255813953488,1941.0,48.9951171875,-0.413335,-0.427449
27,0.313953488372093,1949.0,56.9951171875,-0.278512,-0.338776
28,0.3255813953488372,1937.0,44.9951171875,-0.13991,-0.270413
29,0.3372093023255814,1940.0,47.9951171875,-0.023378,-0.249058
30,0.3488372093023256,1945.0,52.9951171875,0.064202,-0.259733
31,0.3604651162790698,1952.0,59.9951171875,0.150977,-0.238095
32,0.37209302325581395,1942.0,49.9951171875,0.271704,-0.124645
33,0.38372093023255816,1939.0,46.9951171875,0.465882,0.122732
34,0.3953488372093023,1927.0,34.9951171875,0.717514,0.47645
35,0.4069767441860465,1935.0,42.9951171875,0.977138,0.842794
36,0.41860465116279066,1936.0,43.9951171875,1.145404,1.103835
37,0.43023255813953487,1936.0,43.9951171875,1.145828,1.173337
38,0.4418604651162791,1934.0,41.9951171875,0.96527,1.074604
39,0.4534883720930233,1936.0,43.9951171875,0.669589,0.90978
40,0.4651162790697675,1931.0,38.9951171875,0.35695,0.800641
41,0.4767441860465116,1937.0,44.9951171875,0.114405,0.810641
42,0.4883720930232558,1927.0,34.9951171875,-0.068085,0.870789
43,0.5,1936.0,43.9951171875,-0.261193,0.825109
44,0.5116279069767442,1934.0,41.9951171875,-0.591638,0.503286
45,0.5232558139534884,1936.0,43.9951171875,-1.123463,-0.158697
46,0.5348837209302326,1936.0,43.9951171875,-1.803459,-1.048755
47,0.5465116279069767,1934.0,41.9951171875,-2.453124,-1.908912
48,0.5581395348837209,1931.0,38.9951171875,-2.844113,-2.461998
49,0.5697674418604651,1939.0,46.9951171875,-2.812749,-2.572975
50,0.5813953488372093,1936.0,43.9951171875,-2.38033,-2.338101
51,0.5930232558139535,1934.0,41.9951171875,-1.73227,-2.034414
52,0.6046511627906976,1936.0,43.9951171875,-1.119609,-1.945919
53,0.6162790697674418,1943.0,50.9951171875,-0.695769,-2.157177
54,0.627906976744186,1935.0,42.9951171875,-0.399657,-2.43581
55,0.6395348837209301,1933.0,40.9951171875,0.079221,-2.282092
56,0.6511627906976744,1936.0,43.9951171875,1.130433,-1.172053
57,0.6627906976744186,1934.0,41.9951171875,2.962708,1.104724
58,0.6744186046511628,1934.0,41.9951171875,5.393691,4.241428
59,0.686046511627907,1922.0,29.9951171875,7.779378,7.407199
60,0.6976744186046512,1936.0,43.9951171875,9.224335,9.557036
61,0.7093023255813954,1936.0,43.9951171875,8.880544,9.794939
62,0.7209302325581396,1936.0,43.9951171875,6.373353,7.808747
63,0.7325581395348838,1935.0,42.9951171875,2.024102,4.012817
64,0.7441860465116279,1931.0,38.9951171875,-3.196019,-0.580633
65,0.7558139534883721,1935.0,42.9951171875,-7.978077,-4.776286
66,0.7674418604651163,1934.0,41.9951171875,-11.153908,-7.627332
67,0.7790697674418604,1931.0,38.9951171875,-12.082746,-8.749874
68,0.7906976744186046,1934.0,41.9951171875,-10.81467,-8.325321
69,0.8023255813953488,1935.0,42.9951171875,-7.983457,-6.919556
70,0.813953488372093,1935.0,42.9951171875,-4.477453,-5.118143
71,0.8255813953488372,1925.0,32.9951171875,-1.089481,-3.294959
72,0.8372093023255813,1925.0,32.9951171875,1.727833,-1.519531
73,0.8488372093023255,1925.0,32.9951171875,3.854868,0.273577
74,0.8604651162790697,1927.0,34.9951171875,5.363635,2.092134
75,0.872093023255814,1931.0,38.9951171875,6.327762,3.741408
76,0.8837209302325582,1930.0,37.9951171875,6.716692,4.872317
77,0.8953488372093024,1930.0,37.9951171875,6.442887,5.161905
78,0.9069767441860466,1926.0,33.9951171875,5.48202,4.542278
79,0.9186046511627908,1927.0,34.9951171875,3.991182,3.292856
80,0.930232558139535,1919.0,26.9951171875,2.287304,1.928886
81,0.9418604651162791,1931.0,38.9951171875,0.742617,0.97684
82,0.9534883720930232,1921.0,28.9951171875,-0.449687,0.638644
83,0.9651162790697674,1923.0,30.9951171875,-1.330005,0.723553
84,0.9767441860465116,1925.0,32.9951171875,-2.154612,0.73096
85,0.9883720930232557,1919.0,26.9951171875,-3.191789,0.155385
86,1.0,1927.0,34.9951171875,-4.463418,-1.163554
87,1.0116279069767442,1933.0,40.9951171875,-5.652122,-2.905603
88,1.0232558139534884,1926.0,33.9951171875,-6.189677,-4.368689
89,1.0348837209302326,1925.0,32.9951171875,-5.520187,-4.796327
90,1.0465116279069768,1927.0,34.9951171875,-3.452893,-3.783637
91,1.0581395348837208,1925.0,32.9951171875,-0.362891,-1.551676
92,1.0697674418604652,1905.0,12.9951171875,2.877714,1.097024
93,1.0813953488372092,1922.0,29.9951171875,5.278121,3.171094
94,1.0930232558139534,1919.0,26.9951171875,6.083687,3.851962
95,1.1046511627906976,1919.0,26.9951171875,5.160265,2.932129
96,1.1162790697674418,1924.0,31.9951171875,3.027934,0.869225
97,1.127906976744186,1927.0,34.9951171875,0.599847,-1.421226
98,1.1395348837209303,1931.0,38.9951171875,-1.235854,-2.99328
99,1.1511627906976745,1926.0,33.9951171875,-2.003929,-3.273794
100,1.1627906976744187,1923.0,30.9951171875,-1.775993,-2.263161
101,1.1744186046511629,1923.0,30.9951171875,-1.043233,-0.47213
102,1.186046511627907,1915.0,22.9951171875,-0.402417,1.3647
103,1.197674418604651,1919.0,26.9951171875,-0.212314,2.611951
104,1.2093023255813953,1904.0,11.9951171875,-0.47866,2.972783
105,1.2209302325581395,1904.0,11.9951171875,-0.88822,2.521871
106,1.2325581395348837,1895.0,2.9951171875,-1.088365,1.579089
107,1.244186046511628,1898.0,5.9951171875,-0.893007,0.488366
108,1.255813953488372,1893.0,0.9951171875,-0.406308,-0.496391
109,1.2674418604651163,1887.0,-5.0048828125,0.09114,-1.273284
110,1.2790697674418603,1872.0,-20.0048828125,0.340706,-1.79318
111,1.2906976744186047,1887.0,-5.0048828125,0.317096,-1.98065
112,1.3023255813953487,1872.0,-20.0048828125,0.191231,-1.754602
113,1.3139534883720931,1871.0,-21.0048828125,0.2718,-1.051916
114,1.3255813953488371,1885.0,-7.0048828125,0.754994,0.06555
115,1.3372093023255816,1875.0,-17.0048828125,1.534926,1.328284
116,1.3488372093023255,1890.0,-2.0048828125,2.269898,2.334474
117,1.36046511627907,1873.0,-19.0048828125,2.484663,2.676693
118,1.372093023255814,1907.0,14.9951171875,1.92192,2.162673
119,1.383720930232558,1899.0,6.9951171875,0.601504,0.881027
120,1.3953488372093024,1930.0,37.9951171875,-1.046615,-0.767965
121,1.4069767441860463,1918.0,25.9951171875,-2.474349,-2.245516
122,1.4186046511627908,1945.0,52.9951171875,-3.167497,-3.068268
123,1.4302325581395348,1936.0,43.9951171875,-2.975072,-3.017634
124,1.4418604651162792,1949.0,56.9951171875,-2.068238,-2.184646
125,1.4534883720930232,1951.0,58.9951171875,-0.879221,-0.923987
126,1.4651162790697676,1942.0,49.9951171875,0.150413,0.324908
127,1.4767441860465116,1946.0,53.9951171875,0.78438,1.214587
128,1.4883720930232558,1929.0,36.9951171875,1.015664,1.604537
129,1.5,1935.0,42.9951171875,1.05202,1.562372
130,1.5116279069767442,1895.0,2.9951171875,1.011461,1.251477
131,1.5232558139534884,1913.0,20.9951171875,0.971319,0.851011
132,1.5348837209302326,1870.0,-22.0048828125,0.778989,0.497974
133,1.5465116279069768,1875.0,-17.0048828125,0.300693,0.223336
134,1.5581395348837208,1830.0,-62.0048828125,-0.542819,0.021745
135,1.5697674418604652,1840.0,-52.0048828125,-1.541336,-0.11392
136,1.5813953488372092,1811.0,-81.0048828125,-2.338195,-0.168199
137,1.5930232558139534,1811.0,-81.0048828125,-2.488746,-0.088906
138,1.6046511627906976,1807.0,-85.0048828125,-1.753714,0.133343
139,1.6162790697674418,1803.0,-89.0048828125,-0.238256,0.459133
140,1.627906976744186,1825.0,-67.0048828125,1.620764,0.737561
141,1.6395348837209303,1809.0,-83.0048828125,3.137258,0.786098
142,1.6511627906976745,1861.0,-31.0048828125,3.799398,0.435843
143,1.6627906976744187,1843.0,-49.0048828125,3.313487,-0.355675
144,1.6744186046511627,1922.0,29.9951171875,1.990012,-1.452747
145,1.686046511627907,1894.0,1.9951171875,0.362644,-2.536618
146,1.697674418604651,1965.0,72.9951171875,-0.730875,-3.160655
147,1.7093023255813955,1938.0,45.9951171875,-0.802915,-2.954485
148,1.7209302325581395,1997.0,104.9951171875,0.331832,-1.737445
149,1.7325581395348837,1974.0,81.9951171875,2.169326,0.273324
150,1.744186046511628,1990.0,97.9951171875,3.891745,2.53293
151,1.755813953488372,1998.0,105.9951171875,4.530111,4.26821
152,1.7674418604651163,1967.0,74.9951171875,3.382174,4.800733
153,1.7790697674418603,1981.0,88.9951171875,0.380383,3.819923
154,1.7906976744186047,1897.0,4.9951171875,-3.962777,1.575045
155,1.8023255813953487,1936.0,43.9951171875,-8.442362,-1.150972
156,1.8139534883720931,1827.0,-65.0048828125,-11.881252,-3.332611
157,1.8255813953488371,1872.0,-20.0048828125,-13.145494,-4.102209
158,1.8372093023255816,1759.0,-133.0048828125,-11.970249,-3.180254
159,1.8488372093023255,1790.0,-102.0048828125,-8.603719,-0.972204
160,1.86046511627907,1734.0,-158.0048828125,-4.039694,1.541543
161,1.872093023255814,1731.0,-161.0048828125,0.625596,3.244012
162,1.8837209302325582,1735.0,-157.0048828125,4.441501,3.381849
163,1.8953488372093024,1714.0,-178.0048828125,6.937858,1.860612
164,1.9069767441860463,1792.0,-100.0048828125,8.262412,-0.673903
165,1.9186046511627908,1755.0,-137.0048828125,8.809066,-3.189172
166,1.9302325581395348,1875.0,-17.0048828125,9.230235,-4.672057
167,1.9418604651162792,1821.0,-71.0048828125,9.726761,-4.617758
168,1.9534883720930232,1961.0,68.9951171875,10.403606,-3.145039
169,1.9651162790697676,1924.0,31.9951171875,10.814959,-0.90184
170,1.9767441860465114,2043.0,150.9951171875,10.641792,1.287483
171,1.9883720930232558,2002.0,109.9951171875,9.476605,2.821909
172,2.0,2069.0,176.9951171875,7.314157,3.528841
173,2.011627906976744,2071.0,178.9951171875,4.256442,3.607747
174,2.0232558139534884,2039.0,146.9951171875,0.512698,3.378651
175,2.0348837209302326,2060.0,167.9951171875,-3.665483,3.068882
176,2.046511627906977,1958.0,65.9951171875,-8.203289,2.664198
177,2.058139534883721,2007.0,114.9951171875,-12.813135,1.970935
178,2.0697674418604652,1852.0,-40.0048828125,-17.325834,0.823275
179,2.0813953488372094,1904.0,11.9951171875,-21.05257,-0.719753
180,2.0930232558139537,1736.0,-156.0048828125,-23.465511,-2.328651
181,2.1046511627906974,1789.0,-103.0048828125,-23.766872,-3.526268
182,2.1162790697674416,1667.0,-225.0048828125,-21.724775,-3.945963
183,2.1279069767441863,1699.0,-193.0048828125,-17.306229,-3.511668
184,2.1395348837209305,1673.0,-219.0048828125,-11.097209,-2.502078
185,2.1511627906976742,1662.0,-230.0048828125,-3.903244,-1.413512
186,2.1627906976744184,1730.0,-162.0048828125,3.517818,-0.681214
187,2.174418604651163,1692.0,-200.0048828125,10.50016,-0.478464
188,2.186046511627907,1855.0,-37.0048828125,16.910769,-0.657257
189,2.197674418604651,1783.0,-109.0048828125,22.495495,-0.906521
190,2.2093023255813953,1987.0,94.9951171875,27.409809,-0.856365
191,2.22093023255814,1918.0,25.9951171875,31.24119,-0.374613
192,2.2325581395348837,2089.0,196.9951171875,33.709824,0.469013
193,2.244186046511628,2035.0,142.9951171875,34.063633,1.423992
194,2.255813953488372,2118.0,225.9951171875,31.861141,2.273834
195,2.267441860465116,2111.0,218.9951171875,26.770111,2.915537
196,2.2790697674418605,2082.0,189.9951171875,18.886082,3.372933
197,2.2906976744186047,2107.0,214.9951171875,8.718382,3.666127
198,2.302325581395349,1967.0,74.9951171875,-3.10876,3.760925
199,2.3139534883720927,2029.0,136.9951171875,-15.577948,3.479342
200,2.3255813953488373,1809.0,-83.0048828125,-27.957556,2.616816
201,2.3372093023255816,1898.0,5.9951171875,-39.08403,1.103706
202,2.3488372093023258,1680.0,-212.0048828125,-48.196831,-0.889786
203,2.3604651162790695,1744.0,-148.0048828125,-54.119385,-2.907143
204,2.372093023255814,1613.0,-279.0048828125,-56.129799,-4.39856
205,2.3837209302325584,1638.0,-254.0048828125,-53.535542,-4.957199
206,2.395348837209302,1621.0,-271.0048828125,-46.248802,-4.530872
207,2.4069767441860463,1605.0,-287.0048828125,-34.689022,-3.44812
208,2.4186046511627906,1719.0,-173.0048828125,-19.690441,-2.288715
209,2.430232558139535,1661.0,-231.0048828125,-2.616675,-1.545304
210,2.441860465116279,1872.0,-20.0048828125,15.355798,-1.438806
211,2.453488372093023,1794.0,-98.0048828125,32.764442,-1.743263
212,2.4651162790697674,2029.0,136.9951171875,48.709167,-1.952038
213,2.4767441860465116,1949.0,56.9951171875,61.981018,-1.550945
214,2.488372093023256,2129.0,236.9951171875,71.838097,-0.24041
215,2.5,2095.0,202.9951171875,77.183365,1.8302
216,2.511627906976744,2133.0,240.9951171875,77.188942,4.160606
217,2.5232558139534884,2145.0,252.9951171875,71.171387,6.115021
218,2.5348837209302326,2061.0,168.9951171875,58.808498,7.153599
219,2.546511627906977,2105.0,212.9951171875,40.552769,6.967674
220,2.5581395348837206,1901.0,8.9951171875,17.309011,5.620636
221,2.5697674418604652,1983.0,90.9951171875,-8.965332,3.422101
222,2.5813953488372094,1743.0,-149.0048828125,-36.300304,0.754898
223,2.5930232558139537,1817.0,-75.0048828125,-62.006966,-1.936337
224,2.6046511627906974,1628.0,-264.0048828125,-83.881989,-4.269684
225,2.6162790697674416,1674.0,-218.0048828125,-99.680214,-5.898735
226,2.6279069767441863,1599.0,-293.0048828125,-107.913284,-6.596977
227,2.6395348837209305,1609.0,-283.0048828125,-107.576523,-6.244736
228,2.6511627906976742,1667.0,-225.0048828125,-98.379311,-4.98558
229,2.6627906976744184,1615.0,-277.0048828125,-80.845779,-3.152336
230,2.674418604651163,1799.0,-93.0048828125,-55.917862,-1.242622
231,2.686046511627907,1739.0,-153.0048828125,-25.461548,0.290356
232,2.697674418604651,1967.0,74.9951171875,8.527803,1.163828
233,2.7093023255813953,1886.0,-6.0048828125,43.286236,1.423241
234,2.72093023255814,2091.0,198.9951171875,76.235489,1.408501
235,2.7325581395348837,2023.0,130.9951171875,104.386314,1.50576
236,2.744186046511628,2128.0,235.9951171875,125.248154,2.027184
237,2.755813953488372,2109.0,216.9951171875,136.572876,2.895355
238,2.767441860465116,2067.0,174.9951171875,136.875412,3.792984
239,2.7790697674418605,2097.0,204.9951171875,125.643639,4.208138
240,2.7906976744186047,1943.0,50.9951171875,103.186325,3.771576
241,2.802325581395349,2009.0,116.9951171875,71.182381,2.434929
242,2.8139534883720927,1790.0,-102.0048828125,31.852039,0.537918
243,2.8255813953488373,1872.0,-20.0048828125,-11.451697,-1.339171
244,2.8372093023255816,1693.0,-199.0048828125,-55.311153,-2.645706
245,2.8488372093023253,1743.0,-149.0048828125,-95.86264,-3.098862
246,2.8604651162790695,1648.0,-244.0048828125,-129.643799,-2.79686
247,2.872093023255814,1663.0,-229.0048828125,-153.529648,-2.114944
248,2.8837209302325584,1691.0,-201.0048828125,-165.125961,-1.504715
249,2.895348837209302,1665.0,-227.0048828125,-163.095413,-1.226563
250,2.9069767441860463,1854.0,-38.0048828125,-146.985687,-1.283768
251,2.918604651162791,1733.0,-159.0048828125,-117.985954,-1.427032
252,2.930232558139535,1957.0,64.9951171875,-77.942963,-1.363968
253,2.941860465116279,1909.0,16.9951171875,-30.215475,-0.937872
254,2.953488372093023,2023.0,130.9951171875,21.404808,-0.242435
255,2.9651162790697674,1997.0,104.9951171875,72.483711,0.428986
256,2.9767441860465116,2030.0,137.9951171875,118.655663,0.769737
257,2.988372093023256,2037.0,144.9951171875,155.827866,0.59903
258,3.0,1968.0,75.9951171875,180.498581,0.057175
259,3.011627906976744,2000.0,107.9951171875,190.300064,-0.535721
260,3.0232558139534884,1872.0,-20.0048828125,183.812683,-0.759491
261,3.0348837209302326,1926.0,33.9951171875,161.319153,-0.334198
262,3.046511627906977,1788.0,-104.0048828125,124.190857,0.757401
263,3.0581395348837206,1827.0,-65.0048828125,75.486588,2.240555
264,3.0697674418604652,1729.0,-163.0048828125,19.099203,3.688656
265,3.0813953488372094,1755.0,-137.0048828125,-40.041462,4.707905
266,3.0930232558139537,1732.0,-160.0048828125,-96.832314,5.055824
267,3.1046511627906974,1725.0,-167.0048828125,-146.221054,4.708633
268,3.1162790697674416,1773.0,-119.0048828125,-183.697693,3.774323
269,3.1279069767441863,1756.0,-136.0048828125,-205.808197,2.416901
270,3.1395348837209305,1851.0,-41.0048828125,-210.18367,0.710953
271,3.1511627906976742,1799.0,-93.0048828125,-196.180573,-1.316483
272,3.1627906976744184,1905.0,12.9951171875,-164.416321,-3.595291
273,3.174418604651163,1873.0,-19.0048828125,-117.419426,-5.955727
274,3.186046511627907,1940.0,47.9951171875,-58.861282,-8.051895
275,3.197674418604651,1924.0,31.9951171875,6.111095,-9.444592
276,3.2093023255813953,1937.0,44.9951171875,71.770088,-9.712135
277,3.22093023255814,1947.0,54.9951171875,131.94722,-8.655899
278,3.2325581395348837,1918.0,25.9951171875,180.872299,-6.363205
279,3.244186046511628,1925.0,32.9951171875,213.653854,-3.252319
280,3.255813953488372,1869.0,-23.0048828125,226.825638,0.156647
281,3.2674418604651163,1889.0,-3.0048828125,218.925949,3.363602
282,3.2790697674418605,1826.0,-66.0048828125,190.423126,6.075653
283,3.2906976744186047,1855.0,-37.0048828125,144.092773,8.202301
284,3.302325581395349,1796.0,-96.0048828125,84.228714,9.75602
285,3.3139534883720927,1808.0,-84.0048828125,16.742691,10.753219
286,3.3255813953488373,1789.0,-103.0048828125,-52.074486,11.055862
287,3.3372093023255816,1791.0,-101.0048828125,-115.689003,10.427101
288,3.3488372093023253,1813.0,-79.0048828125,-168.41803,8.613449
289,3.3604651162790695,1791.0,-101.0048828125,-205.567764,5.553131
290,3.372093023255814,1834.0,-58.0048828125,-223.880783,1.544952
291,3.3837209302325584,1821.0,-71.0048828125,-221.748276,-2.839294
292,3.395348837209302,1853.0,-39.0048828125,-199.154358,-6.846832
293,3.4069767441860463,1853.0,-39.0048828125,-157.971024,-9.812683
294,3.418604651162791,1861.0,-31.0048828125,-101.629463,-11.353256
295,3.430232558139535,1858.0,-34.0048828125,-35.386787,-11.46899
296,3.441860465116279,1853.0,-39.0048828125,34.462463,-10.473408
297,3.453488372093023,1859.0,-33.0048828125,100.701111,-8.842484
298,3.4651162790697674,1850.0,-42.0048828125,156.540894,-6.985886
299,3.4767441860465116,1850.0,-42.0048828125,196.106842,-5.133759
300,3.488372093023256,1821.0,-71.0048828125,215.672958,-3.285995
301,3.5,1836.0,-56.0048828125,213.794815,-1.320908
302,3.511627906976744,1795.0,-97.0048828125,191.502518,0.887451
303,3.5232558139534884,1819.0,-73.0048828125,151.891327,3.426437
304,3.5348837209302326,1782.0,-110.0048828125,99.234131,6.204941
305,3.546511627906977,1786.0,-106.0048828125,38.681286,8.989178
306,3.5581395348837206,1770.0,-122.0048828125,-24.624989,11.432789
307,3.5697674418604652,1776.0,-116.0048828125,-85.22039,13.091728
308,3.5813953488372094,1765.0,-127.0048828125,-137.985489,13.516068
309,3.5930232558139537,1765.0,-127.0048828125,-177.651947,12.339539
310,3.6046511627906974,1751.0,-141.0048828125,-199.882385,9.397522
311,3.616279069767442,1751.0,-141.0048828125,-201.364777,4.886597
312,3.6279069767441863,1759.0,-133.0048828125,-181.200592,-0.631409
313,3.63953488372093,1758.0,-134.0048828125,-141.171387,-6.288086
314,3.6511627906976742,1775.0,-117.0048828125,-86.008118,-11.102066
315,3.6627906976744184,1762.0,-130.0048828125,-22.836931,-14.242355
316,3.674418604651163,1783.0,-109.0048828125,40.299591,-15.257172
317,3.686046511627907,1776.0,-116.0048828125,95.493996,-14.175583
318,3.697674418604651,1793.0,-99.0048828125,136.914505,-11.431213
319,3.7093023255813953,1788.0,-104.0048828125,160.849792,-7.720764
320,3.72093023255814,1806.0,-86.0048828125,166.641281,-3.701447
321,3.7325581395348837,1802.0,-90.0048828125,155.412903,0.098206
322,3.744186046511628,1807.0,-85.0048828125,130.102142,3.388321
323,3.755813953488372,1807.0,-85.0048828125,94.173973,6.016685
324,3.7674418604651163,1808.0,-84.0048828125,51.623863,7.902138
325,3.7790697674418605,1807.0,-85.0048828125,6.578434,8.955664
326,3.7906976744186047,1791.0,-101.0048828125,-36.823162,9.119377
327,3.802325581395349,1795.0,-97.0048828125,-74.379318,8.402458
328,3.8139534883720927,1779.0,-113.0048828125,-102.68187,6.953735
329,3.8255813953488373,1795.0,-97.0048828125,-118.943016,5.053795
330,3.8372093023255816,1776.0,-116.0048828125,-122.287682,2.993889
331,3.8488372093023253,1783.0,-109.0048828125,-112.98761,1.049232
332,3.8604651162790695,1775.0,-117.0048828125,-93.233696,-0.67408
333,3.872093023255814,1770.0,-122.0048828125,-65.885162,-2.187572
334,3.8837209302325584,1775.0,-117.0048828125,-34.483685,-3.566601
335,3.895348837209302,1776.0,-116.0048828125,-2.369262,-4.823781
336,3.9069767441860463,1782.0,-110.0048828125,27.500364,-5.882685
337,3.9186046511627906,1770.0,-122.0048828125,52.605511,-6.511257
338,3.930232558139535,1797.0,-95.0048828125,71.270569,-6.476494
339,3.941860465116279,1800.0,-92.0048828125,82.076393,-5.612122
340,3.9534883720930227,1808.0,-84.0048828125,84.715775,-3.952042
341,3.9651162790697674,1806.0,-86.0048828125,79.215027,-1.713356
342,3.9767441860465116,1835.0,-57.0048828125,66.851021,0.75679
343,3.9883720930232562,1826.0,-66.0048828125,49.08625,2.979595
344,4.0,1834.0,-58.0048828125,28.148348,4.555277
345,4.011627906976744,1831.0,-61.0048828125,6.134518,5.196589
346,4.023255813953488,1829.0,-63.0048828125,-14.937013,4.805514
347,4.034883720930233,1830.0,-62.0048828125,-33.273098,3.492191
348,4.046511627906977,1814.0,-78.0048828125,-47.560627,1.639465
349,4.058139534883721,1822.0,-70.0048828125,-56.502464,-0.230381
350,4.069767441860465,1808.0,-84.0048828125,-59.605957,-1.568829
351,4.081395348837209,1818.0,-74.0048828125,-56.455288,-1.9771
352,4.093023255813954,1808.0,-84.0048828125,-47.826962,-1.385166
353,4.104651162790698,1808.0,-84.0048828125,-34.826023,-0.080769
354,4.116279069767442,1812.0,-80.0048828125,-19.517719,1.362173
355,4.127906976744186,1807.0,-85.0048828125,-3.961713,2.341206
356,4.1395348837209305,1808.0,-84.0048828125,9.877087,2.447299
357,4.151162790697675,1809.0,-83.0048828125,20.664179,1.710318
358,4.162790697674419,1821.0,-71.0048828125,27.953123,0.45615
359,4.174418604651162,1814.0,-78.0048828125,31.682743,-0.799572
360,4.186046511627907,1831.0,-61.0048828125,32.538788,-1.686928
361,4.1976744186046515,1829.0,-63.0048828125,30.871683,-2.089899
362,4.209302325581395,1840.0,-52.0048828125,27.385523,-2.213583
363,4.22093023255814,1834.0,-58.0048828125,22.2544,-2.397909
364,4.232558139534883,1843.0,-49.0048828125,16.107405,-2.779501
365,4.2441860465116275,1842.0,-50.0048828125,9.376379,-3.255979
366,4.2558139534883725,1843.0,-49.0048828125,2.825789,-3.37586
367,4.267441860465116,1847.0,-45.0048828125,-2.889219,-2.704183
368,4.279069767441861,1840.0,-52.0048828125,-7.43768,-1.048246
369,4.290697674418605,1841.0,-51.0048828125,-10.64983,1.286819
370,4.3023255813953485,1834.0,-58.0048828125,-12.962422,3.640773
371,4.313953488372094,1837.0,-55.0048828125,-14.537149,5.218508
372,4.325581395348837,1822.0,-70.0048828125,-15.824541,5.479811
373,4.337209302325581,1838.0,-54.0048828125,-16.54722,4.456095
374,4.348837209302326,1827.0,-65.0048828125,-16.567625,2.65292
375,4.3604651162790695,1839.0,-53.0048828125,-15.406735,0.865432
376,4.372093023255814,1836.0,-56.0048828125,-12.995571,-0.314394
377,4.383720930232558,1835.0,-57.0048828125,-9.524405,-0.672565
378,4.395348837209302,1838.0,-54.0048828125,-5.415658,-0.510871
379,4.406976744186047,1840.0,-52.0048828125,-1.362628,-0.337204
380,4.4186046511627906,1843.0,-49.0048828125,2.483151,-0.618016
381,4.430232558139535,1840.0,-52.0048828125,5.775863,-1.421638
382,4.44186046511628,1863.0,-29.0048828125,8.844813,-2.455319
383,4.453488372093023,1856.0,-36.0048828125,11.679904,-3.229505
384,4.465116279069767,1869.0,-23.0048828125,14.303944,-3.359848
385,4.476744186046512,1867.0,-25.0048828125,16.274471,-2.813517
386,4.488372093023256,1875.0,-17.0048828125,17.04146,-1.888744
387,4.5,1872.0,-20.0048828125,16.158487,-1.064592
388,4.511627906976744,1871.0,-21.0048828125,13.413862,-0.642338
389,4.523255813953488,1872.0,-20.0048828125,9.266139,-0.592499
390,4.534883720930232,1865.0,-27.0048828125,4.316692,-0.534696
391,4.546511627906977,1871.0,-21.0048828125,-0.426725,0.03296
392,4.558139534883721,1858.0,-34.0048828125,-4.435049,1.411366
393,4.569767441860465,1851.0,-41.0048828125,-7.344815,3.484704
394,4.5813953488372094,1841.0,-51.0048828125,-9.402457,5.686947
395,4.593023255813954,1854.0,-38.0048828125,-10.955853,7.221818
396,4.604651162790698,1831.0,-61.0048828125,-12.406695,7.336019
397,4.616279069767442,1840.0,-52.0048828125,-13.86913,5.724219
398,4.627906976744185,1840.0,-52.0048828125,-15.037942,2.573934
399,4.6395348837209305,1839.0,-53.0048828125,-15.44459,-1.399332
400,4.651162790697675,1857.0,-35.0048828125,-14.347549,-5.219935
401,4.662790697674418,1845.0,-47.0048828125,-11.438559,-7.997578
402,4.674418604651163,1871.0,-21.0048828125,-6.536875,-9.078988
403,4.686046511627906,1856.0,-36.0048828125,-0.166561,-8.289683
404,4.6976744186046515,1871.0,-21.0048828125,6.888817,-5.896082
405,4.709302325581396,1877.0,-15.0048828125,13.46917,-2.539131
406,4.720930232558139,1886.0,-6.0048828125,18.433947,0.91643
407,4.732558139534884,1888.0,-4.0048828125,20.938807,3.658705
408,4.744186046511628,1890.0,-2.0048828125,20.596342,5.13408
409,4.755813953488372,1887.0,-5.0048828125,17.687304,5.192708
410,4.767441860465117,1883.0,-9.0048828125,12.914465,4.124641
411,4.77906976744186,1882.0,-10.0048828125,7.370796,2.525138
412,4.790697674418604,1877.0,-15.0048828125,1.970337,1.066043
413,4.802325581395349,1883.0,-9.0048828125,-2.561656,0.225819
414,4.813953488372093,1870.0,-22.0048828125,-6.081286,0.082285
415,4.825581395348837,1878.0,-14.0048828125,-8.709285,0.357152
416,4.837209302325581,1872.0,-20.0048828125,-10.760218,0.549202
417,4.848837209302325,1874.0,-18.0048828125,-12.409532,0.248385
418,4.86046511627907,1869.0,-23.0048828125,-13.529634,-0.63784
419,4.872093023255814,1867.0,-25.0048828125,-13.837796,-1.845495
420,4.883720930232558,1873.0,-19.0048828125,-12.928969,-2.858033
421,4.895348837209303,1873.0,-19.0048828125,-10.678477,-3.164943
422,4.906976744186046,1882.0,-10.0048828125,-7.230631,-2.544289
423,4.9186046511627906,1872.0,-20.0048828125,-3.074172,-1.140963
424,4.930232558139535,1877.0,-15.0048828125,1.222291,0.600578
425,4.941860465116279,1878.0,-14.0048828125,5.16424,2.145541
426,4.953488372093023,1886.0,-6.0048828125,8.469703,3.088791
427,4.965116279069767,1877.0,-15.0048828125,11.043304,3.273634
428,4.976744186046512,1893.0,0.9951171875,12.844599,2.824776
429,4.988372093023256,1877.0,-15.0048828125,13.723615,1.907802
430,5.0,1889.0,-3.0048828125,13.407833,0.710546
431,5.011627906976744,1891.0,-1.0048828125,11.693204,-0.665097
432,5.023255813953488,1889.0,-3.0048828125,8.53618,-2.133758
433,5.034883720930233,1891.0,-1.0048828125,4.384448,-3.489507
434,5.046511627906977,1896.0,3.9951171875,-0.031386,-4.398664
435,5.058139534883721,1882.0,-10.0048828125,-3.846075,-4.489325
436,5.069767441860465,1891.0,-1.0048828125,-6.434452,-3.501094
437,5.081395348837209,1883.0,-9.0048828125,-7.677221,-1.511737
438,5.093023255813954,1904.0,11.9951171875,-7.972234,1.016456
439,5.104651162790698,1894.0,1.9951171875,-8.023669,3.345981
440,5.116279069767441,1907.0,14.9951171875,-8.396726,4.751631
441,5.127906976744186,1905.0,12.9951171875,-9.218962,4.834778
442,5.1395348837209305,1905.0,12.9951171875,-10.041116,3.700855
443,5.151162790697675,1903.0,10.9951171875,-10.099635,1.895307
444,5.162790697674419,1891.0,-1.0048828125,-8.676343,0.148652
445,5.174418604651162,1903.0,10.9951171875,-5.537802,-0.97379
446,5.186046511627907,1874.0,-18.0048828125,-1.072787,-1.293671
447,5.1976744186046515,1878.0,-14.0048828125,3.874748,-1.029093
448,5.209302325581395,1854.0,-38.0048828125,8.34088,-0.613049
449,5.22093023255814,1862.0,-30.0048828125,11.637626,-0.424037
450,5.232558139534883,1846.0,-46.0048828125,13.52551,-0.572723
451,5.2441860465116275,1858.0,-34.0048828125,14.164749,-0.88764
452,5.2558139534883725,1849.0,-43.0048828125,13.817515,-1.079951
453,5.267441860465116,1841.0,-51.0048828125,12.624697,-0.926593
454,5.279069767441861,1867.0,-25.0048828125,10.519547,-0.437074
455,5.290697674418605,1856.0,-36.0048828125,7.285709,0.133885
456,5.3023255813953485,1890.0,-2.0048828125,2.894668,0.456404
457,5.313953488372094,1873.0,-19.0048828125,-2.339322,0.321933
458,5.325581395348837,1911.0,18.9951171875,-7.650488,-0.212518
459,5.337209302325581,1904.0,11.9951171875,-12.092777,-0.861364
460,5.348837209302326,1930.0,37.9951171875,-14.851942,-1.276655
461,5.3604651162790695,1931.0,38.9951171875,-15.570812,-1.216909
462,5.372093023255814,1939.0,46.9951171875,-14.417489,-0.689464
463,5.383720930232558,1936.0,43.9951171875,-11.956065,0.088911
464,5.395348837209302,1920.0,27.9951171875,-8.811352,0.842918
465,5.406976744186046,1930.0,37.9951171875,-5.384582,1.396734
466,5.4186046511627906,1899.0,6.9951171875,-1.819561,1.724671
467,5.430232558139535,1920.0,27.9951171875,1.92024,1.916458
468,5.44186046511628,1863.0,-29.0048828125,5.73441,2.034563
469,5.453488372093023,1879.0,-13.0048828125,9.329963,2.066053
470,5.465116279069767,1843.0,-49.0048828125,12.056914,1.824068
471,5.476744186046512,1853.0,-39.0048828125,13.249521,1.110508
472,5.488372093023256,1835.0,-57.0048828125,12.508098,-0.11338
473,5.5,1829.0,-63.0048828125,9.93578,-1.630569
474,5.511627906976744,1863.0,-29.0048828125,6.200479,-2.980488
475,5.523255813953488,1845.0,-47.0048828125,2.191462,-3.690119
476,5.534883720930232,1883.0,-9.0048828125,-1.193778,-3.441395
477,5.546511627906977,1878.0,-14.0048828125,-3.490908,-2.260621
478,5.558139534883721,1912.0,19.9951171875,-4.687149,-0.570212
479,5.569767441860465,1904.0,11.9951171875,-5.135059,1.093035
480,5.5813953488372094,1948.0,55.9951171875,-5.212199,2.245512
481,5.593023255813954,1930.0,37.9951171875,-5.14878,2.687237
482,5.604651162790698,1949.0,56.9951171875,-4.840598,2.546037
483,5.616279069767442,1958.0,65.9951171875,-4.05041,2.111375
484,5.627906976744185,1946.0,53.9951171875,-2.613677,1.636697
485,5.6395348837209305,1953.0,60.9951171875,-0.624879,1.162648
486,5.651162790697675,1914.0,21.9951171875,1.468027,0.511679
487,5.662790697674418,1931.0,38.9951171875,3.128259,-0.512045
488,5.674418604651163,1893.0,0.9951171875,3.873031,-1.942808
489,5.686046511627907,1895.0,2.9951171875,3.590941,-3.502674
490,5.697674418604651,1852.0,-40.0048828125,2.528181,-4.601048
491,5.709302325581396,1870.0,-22.0048828125,1.216925,-4.598525
492,5.720930232558139,1845.0,-47.0048828125,0.092521,-3.153172
493,5.732558139534884,1847.0,-45.0048828125,-0.670223,-0.435659
494,5.744186046511628,1858.0,-34.0048828125,-1.258196,2.849839
495,5.755813953488372,1845.0,-47.0048828125,-2.116312,5.6829
496,5.767441860465117,1887.0,-5.0048828125,-3.57294,7.102619
497,5.77906976744186,1869.0,-23.0048828125,-5.674468,6.601844
498,5.790697674418604,1917.0,24.9951171875,-7.897501,4.319878
499,5.802325581395349,1893.0,0.9951171875,-9.406996,0.971348
500,5.813953488372093,1936.0,43.9951171875,-9.190516,-2.397292
501,5.825581395348837,1924.0,31.9951171875,-6.609168,-4.840759
502,5.837209302325582,1950.0,57.9951171875,-1.619298,-5.809768
503,5.848837209302325,1944.0,51.9951171875,5.079437,-5.291544
504,5.86046511627907,1935.0,42.9951171875,12.190145,-3.740483
505,5.872093023255814,1936.0,43.9951171875,18.223169,-1.820353
506,5.883720930232558,1901.0,8.9951171875,21.843794,-0.145132
507,5.895348837209303,1911.0,18.9951171875,22.319689,0.928806
508,5.906976744186046,1867.0,-25.0048828125,19.55505,1.382149
509,5.9186046511627906,1890.0,-2.0048828125,14.169914,1.514242
510,5.930232558139535,1863.0,-29.0048828125,7.088309,1.663376
511,5.941860465116279,1865.0,-27.0048828125,-0.658081,2.084884
512,5.953488372093023,1869.0,-23.0048828125,-8.192998,2.812416
513,5.965116279069767,1856.0,-36.0048828125,-14.97161,3.594533
514,5.976744186046512,1888.0,-4.0048828125,-20.614029,4.033346
515,5.988372093023256,1877.0,-15.0048828125,-24.905611,3.731358
516,6.0,1918.0,25.9951171875,-27.489191,2.485149
517,6.011627906976744,1904.0,11.9951171875,-27.983797,0.419514
518,6.023255813953488,1936.0,43.9951171875,-25.915606,-2.040112
519,6.034883720930233,1929.0,36.9951171875,-21.035711,-4.309698
520,6.046511627906977,1949.0,56.9951171875,-13.439164,-5.838479
521,6.058139534883721,1941.0,48.9951171875,-3.724213,-6.307854
522,6.069767441860465,1936.0,43.9951171875,7.076299,-5.720975
523,6.081395348837209,1941.0,48.9951171875,17.697201,-4.361738
524,6.093023255813954,1926.0,33.9951171875,26.860292,-2.62932
525,6.104651162790698,1927.0,34.9951171875,33.615704,-0.844795
526,6.116279069767441,1904.0,11.9951171875,37.307747,0.826248
527,6.127906976744186,1916.0,23.9951171875,37.695709,2.395134
528,6.1395348837209305,1886.0,-6.0048828125,34.716843,3.893051
529,6.151162790697675,1901.0,8.9951171875,28.499512,5.268147
530,6.162790697674419,1877.0,-15.0048828125,19.287302,6.299686
531,6.174418604651162,1881.0,-11.0048828125,7.561749,6.645195
532,6.186046511627907,1866.0,-26.0048828125,-5.796781,6.0327
533,6.1976744186046515,1872.0,-20.0048828125,-19.487787,4.417431
534,6.209302325581395,1872.0,-20.0048828125,-31.856312,2.074589
535,6.22093023255814,1873.0,-19.0048828125,-41.179996,-0.44099
536,6.232558139534883,1872.0,-20.0048828125,-46.048569,-2.557854
537,6.2441860465116275,1872.0,-20.0048828125,-45.731247,-3.868149
538,6.2558139534883725,1882.0,-10.0048828125,-40.35294,-4.366768
539,6.267441860465116,1877.0,-15.0048828125,-30.860361,-4.363058
540,6.279069767441861,1886.0,-6.0048828125,-18.691778,-4.31347
541,6.290697674418605,1889.0,-3.0048828125,-5.40592,-4.52318
542,6.3023255813953485,1898.0,5.9951171875,7.668993,-4.949775
543,6.313953488372094,1899.0,6.9951171875,19.611662,-5.19405
544,6.325581395348837,1897.0,4.9951171875,29.817169,-4.692223
545,6.337209302325581,1903.0,10.9951171875,37.853439,-3.01025
546,6.348837209302326,1897.0,4.9951171875,43.190407,-0.158951
547,6.3604651162790695,1904.0,11.9951171875,45.180042,3.35767
548,6.372093023255814,1895.0,2.9951171875,43.122826,6.665894
549,6.383720930232558,1895.0,2.9951171875,36.595215,8.851538
550,6.395348837209302,1887.0,-5.0048828125,25.752686,9.319889
551,6.406976744186046,1889.0,-3.0048828125,11.525248,7.997281
552,6.4186046511627906,1871.0,-21.0048828125,-4.43477,5.370576
553,6.430232558139535,1877.0,-15.0048828125,-20.047447,2.225025
554,6.44186046511628,1865.0,-27.0048828125,-33.284077,-0.647442
555,6.453488372093023,1877.0,-15.0048828125,-42.5681,-2.711617
556,6.465116279069767,1867.0,-25.0048828125,-47.078606,-3.829102
557,6.476744186046512,1865.0,-27.0048828125,-46.754974,-4.225014
558,6.488372093023256,1877.0,-15.0048828125,-42.041439,-4.223907
559,6.5,1874.0,-18.0048828125,-33.707478,-4.165291
560,6.511627906976744,1878.0,-14.0048828125,-22.520229,-4.150944
561,6.523255813953488,1875.0,-17.0048828125,-9.248938,-4.04275
562,6.534883720930233,1889.0,-3.0048828125,5.244354,-3.605114
563,6.546511627906977,1882.0,-10.0048828125,19.798271,-2.623289
564,6.558139534883721,1904.0,11.9951171875,32.955814,-1.043655
565,6.569767441860465,1903.0,10.9951171875,42.977032,0.94495
566,6.5813953488372094,1906.0,13.9951171875,48.297897,2.956161
567,6.593023255813954,1914.0,21.9951171875,47.886555,4.553719
568,6.604651162790698,1909.0,16.9951171875,41.651958,5.355198
569,6.616279069767442,1909.0,16.9951171875,30.48711,5.175089
570,6.627906976744185,1904.0,11.9951171875,16.111893,4.079407
571,6.6395348837209305,1917.0,24.9951171875,0.632059,2.337991
572,6.651162790697675,1899.0,6.9951171875,-13.971863,0.356104
573,6.662790697674418,1895.0,2.9951171875,-26.120579,-1.436872
574,6.674418604651163,1872.0,-20.0048828125,-34.845909,-2.688351
575,6.686046511627907,1890.0,-2.0048828125,-39.584141,-3.170956
576,6.697674418604651,1874.0,-18.0048828125,-40.222622,-2.876286
577,6.709302325581396,1874.0,-18.0048828125,-36.814129,-1.959663
578,6.720930232558139,1871.0,-21.0048828125,-29.731466,-0.696636
579,6.732558139534884,1872.0,-20.0048828125,-19.670887,0.580338
580,6.744186046511628,1863.0,-29.0048828125,-7.81744,1.531516
581,6.755813953488372,1872.0,-20.0048828125,4.326589,1.967293
582,6.767441860465117,1873.0,-19.0048828125,15.107424,1.767758
583,6.77906976744186,1867.0,-25.0048828125,23.105068,1.013231
584,6.790697674418604,1902.0,9.9951171875,27.581347,-0.071012
585,6.802325581395349,1873.0,-19.0048828125,28.419003,-1.233809
586,6.813953488372093,1909.0,16.9951171875,26.316929,-2.163921
587,6.825581395348837,1897.0,4.9951171875,22.170034,-2.695808
588,6.837209302325582,1917.0,24.9951171875,16.993168,-2.737083
589,6.848837209302325,1908.0,15.9951171875,11.435752,-2.330134
590,6.86046511627907,1910.0,17.9951171875,5.88642,-1.561836
591,6.872093023255814,1921.0,28.9951171875,0.493326,-0.529303
592,6.883720930232558,1915.0,22.9951171875,-4.628607,0.685078
593,6.895348837209303,1904.0,11.9951171875,-9.241688,1.97246
594,6.906976744186046,1891.0,-1.0048828125,-13.012692,3.230889
595,6.9186046511627906,1893.0,0.9951171875,-15.541525,4.272938
596,6.930232558139535,1883.0,-9.0048828125,-16.662104,4.857616
597,6.941860465116279,1888.0,-4.0048828125,-16.341084,4.74695
598,6.953488372093023,1883.0,-9.0048828125,-14.897616,3.801637
599,6.965116279069767,1879.0,-13.0048828125,-12.660378,2.067352
600,6.976744186046512,1890.0,-2.0048828125,-9.976204,-0.169123
601,6.988372093023256,1878.0,-14.0048828125,-7.032335,-2.471799
602,7.0,1894.0,1.9951171875,-3.876811,-4.345233
603,7.011627906976744,1884.0,-8.0048828125,-0.565884,-5.444758
604,7.023255813953488,1904.0,11.9951171875,2.904,-5.589559
605,7.034883720930233,1894.0,1.9951171875,6.312969,-4.871502
606,7.046511627906977,1914.0,21.9951171875,9.462682,-3.557986
607,7.058139534883721,1910.0,17.9951171875,12.029298,-1.940564
608,7.069767441860465,1923.0,30.9951171875,13.81391,-0.322529
609,7.081395348837209,1920.0,27.9951171875,14.60107,1.101267
610,7.093023255813954,1927.0,34.9951171875,14.346341,2.226092
611,7.104651162790698,1922.0,29.9951171875,12.972907,2.96457
612,7.116279069767441,1915.0,22.9951171875,10.502712,3.279439
613,7.127906976744186,1931.0,38.9951171875,7.079582,3.178195
614,7.1395348837209305,1919.0,26.9951171875,2.925424,2.719433
615,7.151162790697675,1921.0,28.9951171875,-1.499963,2.052134
616,7.162790697674419,1895.0,2.9951171875,-5.727575,1.395881
617,7.174418604651162,1904.0,11.9951171875,-9.17356,0.968596
618,7.186046511627907,1886.0,-6.0048828125,-11.525172,0.887671
619,7.1976744186046515,1895.0,2.9951171875,-12.639114,1.044543
620,7.209302325581395,1875.0,-17.0048828125,-12.759287,1.147299
621,7.22093023255814,1886.0,-6.0048828125,-12.173629,0.894979
622,7.232558139534884,1890.0,-2.0048828125,-11.232313,0.044221
623,7.2441860465116275,1887.0,-5.0048828125,-10.097149,-1.362901
624,7.2558139534883725,1896.0,3.9951171875,-8.648886,-3.01949
625,7.267441860465116,1904.0,11.9951171875,-6.657514,-4.37786
626,7.27906976744186,1907.0,14.9951171875,-3.804805,-4.958853
627,7.290697674418605,1904.0,11.9951171875,-0.047432,-4.463315
628,7.3023255813953485,1927.0,34.9951171875,4.463821,-2.98067
629,7.313953488372094,1922.0,29.9951171875,9.12396,-0.95756
630,7.325581395348837,1936.0,43.9951171875,13.262773,1.008563
631,7.337209302325581,1935.0,42.9951171875,16.142202,2.369507
632,7.348837209302326,1935.0,42.9951171875,17.305504,2.888603
633,7.3604651162790695,1927.0,34.9951171875,16.603764,2.6336
634,7.372093023255814,1923.0,30.9951171875,14.217175,1.976439
635,7.383720930232559,1926.0,33.9951171875,10.590261,1.303715
636,7.395348837209302,1902.0,9.9951171875,6.175466,0.931475
637,7.406976744186046,1911.0,18.9951171875,1.510275,0.9381
638,7.4186046511627906,1871.0,-21.0048828125,-3.099609,1.174933
639,7.430232558139535,1888.0,-4.0048828125,-7.279341,1.455033
640,7.44186046511628,1874.0,-18.0048828125,-10.839135,1.591351
641,7.453488372093023,1879.0,-13.0048828125,-13.58055,1.499678
642,7.465116279069767,1872.0,-20.0048828125,-15.356484,1.169766
643,7.476744186046512,1871.0,-21.0048828125,-16.106552,0.621881
644,7.488372093023256,1895.0,2.9951171875,-15.754041,-0.163775
645,7.5,1879.0,-13.0048828125,-14.375025,-1.20817
646,7.511627906976744,1915.0,22.9951171875,-11.907427,-2.461657
647,7.523255813953488,1909.0,16.9951171875,-8.412794,-3.713653
648,7.534883720930233,1939.0,46.9951171875,-3.852093,-4.583593
649,7.546511627906977,1930.0,37.9951171875,1.609194,-4.617354
650,7.558139534883721,1947.0,54.9951171875,7.668857,-3.509462
651,7.569767441860464,1946.0,53.9951171875,13.67193,-1.318718
652,7.5813953488372094,1944.0,51.9951171875,18.709465,1.445427
653,7.593023255813954,1951.0,58.9951171875,21.825155,3.948458
654,7.604651162790698,1936.0,43.9951171875,22.227217,5.342934
655,7.616279069767442,1936.0,43.9951171875,19.675091,5.090517
656,7.627906976744185,1914.0,21.9951171875,14.507371,3.289885
657,7.6395348837209305,1927.0,34.9951171875,7.734976,0.626235
658,7.651162790697675,1893.0,0.9951171875,0.543942,-1.890833
659,7.662790697674418,1895.0,2.9951171875,-5.849759,-3.3259
660,7.674418604651163,1885.0,-7.0048828125,-10.730898,-3.225684
661,7.686046511627907,1877.0,-15.0048828125,-13.892894,-1.789844
662,7.697674418604651,1874.0,-18.0048828125,-15.597606,0.288363
663,7.709302325581396,1867.0,-25.0048828125,-16.259157,2.143879
664,7.720930232558139,1882.0,-10.0048828125,-16.152845,3.136408
665,7.732558139534884,1884.0,-8.0048828125,-15.299859,3.123317
666,7.744186046511628,1906.0,13.9951171875,-13.477032,2.334052
667,7.755813953488372,1897.0,4.9951171875,-10.490971,1.266965
668,7.767441860465117,1934.0,41.9951171875,-6.299426,0.277832
669,7.77906976744186,1926.0,33.9951171875,-1.287515,-0.531973
670,7.790697674418604,1949.0,56.9951171875,3.959928,-1.341526
671,7.802325581395349,1946.0,53.9951171875,8.760799,-2.345183
672,7.813953488372093,1957.0,64.9951171875,12.658579,-3.547274
673,7.825581395348837,1964.0,71.9951171875,15.478441,-4.631815
674,7.837209302325581,1959.0,66.9951171875,17.257862,-5.080851
675,7.848837209302326,1968.0,75.9951171875,18.089132,-4.43685
676,7.86046511627907,1925.0,32.9951171875,17.827335,-2.600864
677,7.872093023255814,1934.0,41.9951171875,16.199867,0.036594
678,7.883720930232558,1892.0,-0.0048828125,12.773293,2.743957
679,7.895348837209302,1903.0,10.9951171875,7.419321,4.714664
680,7.9069767441860455,1875.0,-17.0048828125,0.416348,5.505763
681,7.918604651162791,1890.0,-2.0048828125,-7.315371,5.167088
682,7.930232558139535,1865.0,-27.0048828125,-14.568799,4.216479
683,7.941860465116279,1872.0,-20.0048828125,-20.060423,3.335592
684,7.953488372093023,1873.0,-19.0048828125,-22.978306,2.926544
685,7.9651162790697665,1875.0,-17.0048828125,-23.128195,2.932346
686,7.9767441860465125,1906.0,13.9951171875,-20.937155,2.807098
687,7.988372093023257,1892.0,-0.0048828125,-17.220547,1.848799
688,8.0,1936.0,43.9951171875,-12.647269,-0.351591
689,8.011627906976743,1926.0,33.9951171875,-7.651543,-3.583944
690,8.023255813953488,1962.0,69.9951171875,-2.216969,-7.059246
691,8.034883720930232,1947.0,54.9951171875,3.754992,-9.624155
692,8.046511627906977,1980.0,87.9951171875,10.308151,-10.299717
693,8.058139534883722,1975.0,82.9951171875,16.980604,-8.726446
694,8.069767441860465,1970.0,77.9951171875,22.926733,-5.318903
695,8.081395348837209,1970.0,77.9951171875,27.042542,-1.082958
696,8.093023255813954,1953.0,60.9951171875,28.324654,2.780069
697,8.104651162790699,1968.0,75.9951171875,26.284678,5.378607
698,8.116279069767442,1915.0,22.9951171875,21.005018,6.445074
699,8.127906976744185,1933.0,40.9951171875,13.276945,6.319341
700,8.13953488372093,1875.0,-17.0048828125,4.127114,5.670335
701,8.151162790697674,1899.0,6.9951171875,-5.231621,5.112906
702,8.162790697674417,1863.0,-29.0048828125,-13.927858,4.843693
703,8.174418604651164,1863.0,-29.0048828125,-21.286554,4.606812
704,8.186046511627907,1870.0,-22.0048828125,-26.907404,3.924643
705,8.19767441860465,1855.0,-37.0048828125,-30.41853,2.436905
706,8.209302325581396,1886.0,-6.0048828125,-31.402569,0.204878
707,8.220930232558139,1870.0,-22.0048828125,-29.503851,-2.266794
708,8.232558139534884,1906.0,13.9951171875,-24.483507,-4.254084
709,8.24418604651163,1890.0,-2.0048828125,-16.571178,-5.138186
710,8.255813953488373,1939.0,46.9951171875,-6.479343,-4.848964
711,8.267441860465116,1923.0,30.9951171875,4.507149,-3.822629
712,8.279069767441861,1967.0,74.9951171875,14.947134,-2.876741
713,8.290697674418604,1963.0,70.9951171875,23.417845,-2.72509
714,8.30232558139535,1969.0,76.9951171875,29.089878,-3.552963
715,8.313953488372093,1968.0,75.9951171875,31.665714,-4.898956
716,8.325581395348838,1963.0,70.9951171875,31.475346,-5.767582
717,8.337209302325581,1968.0,75.9951171875,29.05743,-5.212986
718,8.348837209302324,1937.0,44.9951171875,24.883337,-2.748983
719,8.36046511627907,1953.0,60.9951171875,19.176403,1.240601
720,8.372093023255815,1901.0,8.9951171875,11.844173,5.690938
721,8.383720930232558,1907.0,14.9951171875,2.930325,9.254996
722,8.395348837209303,1868.0,-24.0048828125,-7.250854,10.947105
723,8.406976744186046,1881.0,-11.0048828125,-17.774179,10.46279
724,8.41860465116279,1852.0,-40.0048828125,-27.324554,8.303013
725,8.430232558139535,1852.0,-40.0048828125,-34.389023,5.415569
726,8.44186046511628,1861.0,-31.0048828125,-37.826942,2.725395
727,8.453488372093023,1851.0,-41.0048828125,-37.201187,0.63271
728,8.465116279069766,1890.0,-2.0048828125,-32.820621,-1.00836
729,8.476744186046512,1872.0,-20.0048828125,-25.634871,-2.716867
730,8.488372093023255,1918.0,25.9951171875,-16.621666,-4.84862
731,8.5,1904.0,11.9951171875,-6.657702,-7.295434
732,8.511627906976745,1947.0,54.9951171875,3.853717,-9.391977
733,8.523255813953488,1936.0,43.9951171875,14.573642,-10.237132
734,8.534883720930232,1968.0,75.9951171875,25.117477,-9.182579
735,8.546511627906977,1954.0,61.9951171875,34.555382,-6.244354
736,8.558139534883722,1968.0,75.9951171875,41.594639,-2.173
737,8.569767441860465,1971.0,78.9951171875,44.744015,1.827644
738,8.58139534883721,1939.0,46.9951171875,42.899384,4.63031
739,8.593023255813954,1958.0,65.9951171875,35.856453,5.698341
740,8.604651162790697,1924.0,31.9951171875,24.402483,5.243773
741,8.61627906976744,1930.0,37.9951171875,10.243713,4.006167
742,8.627906976744187,1901.0,8.9951171875,-4.611243,2.8914
743,8.63953488372093,1905.0,12.9951171875,-18.249146,2.431137
744,8.651162790697674,1872.0,-20.0048828125,-29.400465,2.6845
745,8.662790697674419,1874.0,-18.0048828125,-37.362743,3.229275
746,8.674418604651162,1858.0,-34.0048828125,-41.98605,3.546108
747,8.686046511627907,1856.0,-36.0048828125,-43.246437,3.305965
748,8.697674418604652,1875.0,-17.0048828125,-41.164299,2.52961
749,8.709302325581396,1871.0,-21.0048828125,-35.76915,1.482269
750,8.720930232558139,1899.0,6.9951171875,-27.268629,0.379087
751,8.732558139534884,1889.0,-3.0048828125,-16.237181,-0.696884
752,8.744186046511627,1938.0,45.9951171875,-3.572562,-1.903404
753,8.755813953488373,1910.0,17.9951171875,9.451692,-3.392081
754,8.767441860465116,1954.0,61.9951171875,21.653381,-5.117584
755,8.779069767441861,1947.0,54.9951171875,31.962683,-6.635649
756,8.790697674418604,1965.0,72.9951171875,39.656788,-7.372276
757,8.802325581395348,1965.0,72.9951171875,44.20253,-6.796421
758,8.813953488372094,1955.0,62.9951171875,45.246105,-4.834591
759,8.825581395348838,1961.0,68.9951171875,42.500687,-1.969444
760,8.837209302325581,1905.0,12.9951171875,35.815964,0.923553
761,8.848837209302326,1943.0,50.9951171875,25.497591,2.964596
762,8.86046511627907,1883.0,-9.0048828125,12.254942,3.719258
763,8.872093023255813,1894.0,1.9951171875,-2.524285,3.338274
764,8.88372093023256,1857.0,-35.0048828125,-17.16256,2.572529
765,8.895348837209303,1856.0,-36.0048828125,-29.882788,2.252295
766,8.906976744186046,1846.0,-46.0048828125,-39.357227,2.922401
767,8.91860465116279,1846.0,-46.0048828125,-44.808006,4.4776
768,8.930232558139535,1854.0,-38.0048828125,-46.171154,6.215504
769,8.941860465116278,1847.0,-45.0048828125,-43.780819,7.216301
770,8.953488372093023,1898.0,5.9951171875,-38.136139,6.746071
771,8.965116279069768,1867.0,-25.0048828125,-29.805048,4.623095
772,8.976744186046512,1938.0,45.9951171875,-19.198072,1.246784
773,8.988372093023255,1914.0,21.9951171875,-6.946802,-2.546532
774,9.0,1968.0,75.9951171875,6.281785,-5.875047
775,9.011627906976745,1959.0,66.9951171875,19.388716,-8.105318
776,9.023255813953488,1975.0,82.9951171875,31.222059,-8.995256
777,9.034883720930234,1974.0,81.9951171875,40.553417,-8.626934
778,9.046511627906977,1947.0,54.9951171875,46.424129,-7.281242
779,9.05813953488372,1974.0,81.9951171875,48.249672,-5.261612
780,9.069767441860463,1922.0,29.9951171875,45.784561,-2.884121
781,9.08139534883721,1938.0,45.9951171875,39.242744,-0.448715
782,9.093023255813954,1889.0,-3.0048828125,29.05028,1.739712
783,9.104651162790697,1911.0,18.9951171875,16.043739,3.367403
784,9.116279069767442,1858.0,-34.0048828125,1.224929,4.257143
785,9.127906976744185,1872.0,-20.0048828125,-14.000175,4.375032
786,9.13953488372093,1840.0,-52.0048828125,-28.167454,3.953587
787,9.151162790697676,1845.0,-47.0048828125,-39.705372,3.348713
788,9.162790697674419,1840.0,-52.0048828125,-47.38903,2.926033
789,9.174418604651162,1837.0,-55.0048828125,-50.41568,2.877064
790,9.186046511627907,1857.0,-35.0048828125,-48.55035,3.179363
791,9.19767441860465,1846.0,-46.0048828125,-42.154297,3.587452
792,9.209302325581396,1885.0,-7.0048828125,-31.970493,3.771564
793,9.220930232558139,1858.0,-34.0048828125,-19.144785,3.457628
794,9.232558139534884,1907.0,14.9951171875,-4.873788,2.493116
795,9.244186046511627,1904.0,11.9951171875,9.451066,0.922274
796,9.25581395348837,1920.0,27.9951171875,22.547647,-1.176291
797,9.267441860465118,1920.0,27.9951171875,33.208366,-3.554459
798,9.279069767441861,1931.0,38.9951171875,40.617523,-5.906563
799,9.290697674418604,1936.0,43.9951171875,44.320278,-7.820694
800,9.30232558139535,1902.0,9.9951171875,44.329556,-8.850357
801,9.313953488372093,1919.0,26.9951171875,41.034821,-8.585011
802,9.325581395348836,1881.0,-11.0048828125,34.901711,-6.851562
803,9.337209302325583,1898.0,5.9951171875,26.430157,-3.876534
804,9.348837209302326,1855.0,-37.0048828125,15.904576,-0.257361
805,9.36046511627907,1859.0,-33.0048828125,3.725498,3.121943
806,9.372093023255813,1829.0,-63.0048828125,-9.623397,5.46977
807,9.383720930232558,1839.0,-53.0048828125,-23.115725,6.326939
808,9.395348837209303,1830.0,-62.0048828125,-35.397194,5.841515
809,9.406976744186046,1826.0,-66.0048828125,-44.804131,4.613052
810,9.418604651162791,1835.0,-57.0048828125,-49.904507,3.481743
811,9.430232558139535,1826.0,-66.0048828125,-49.832733,3.070221
812,9.441860465116278,1857.0,-35.0048828125,-44.586136,3.469177
813,9.453488372093023,1839.0,-53.0048828125,-35.006901,4.22575
814,9.465116279069768,1874.0,-18.0048828125,-22.372147,4.52182
815,9.476744186046512,1872.0,-20.0048828125,-8.144946,3.663549
816,9.488372093023257,1907.0,14.9951171875,6.515732,1.383239
817,9.5,1903.0,10.9951171875,20.59251,-1.926741
818,9.511627906976743,1925.0,32.9951171875,33.323784,-5.409805
819,9.523255813953487,1909.0,16.9951171875,43.753464,-8.059177
820,9.534883720930234,1904.0,11.9951171875,50.858864,-9.142387
821,9.546511627906977,1923.0,30.9951171875,53.514271,-8.450474
822,9.55813953488372,1899.0,6.9951171875,50.893871,-6.362209
823,9.569767441860465,1905.0,12.9951171875,42.850147,-3.586475
824,9.581395348837209,1869.0,-23.0048828125,30.038925,-0.865488
825,9.593023255813954,1878.0,-14.0048828125,13.977638,1.270556
826,9.604651162790699,1843.0,-49.0048828125,-3.463689,2.681536
827,9.616279069767442,1853.0,-39.0048828125,-20.268242,3.461983
828,9.627906976744185,1840.0,-52.0048828125,-34.906284,3.854584
829,9.63953488372093,1842.0,-50.0048828125,-46.181866,4.031559
830,9.651162790697674,1839.0,-53.0048828125,-53.403027,4.079571
831,9.662790697674419,1831.0,-61.0048828125,-55.981251,4.006908
832,9.674418604651162,1850.0,-42.0048828125,-53.495136,3.838715
833,9.686046511627907,1840.0,-52.0048828125,-45.769627,3.582478
834,9.69767441860465,1857.0,-35.0048828125,-33.049175,3.287956
835,9.709302325581394,1854.0,-38.0048828125,-16.397339,2.961517
836,9.72093023255814,1883.0,-9.0048828125,2.419981,2.474763
837,9.732558139534884,1866.0,-26.0048828125,20.936354,1.637222
838,9.744186046511627,1892.0,-0.0048828125,36.740227,0.23666
839,9.755813953488373,1884.0,-8.0048828125,47.778225,-1.767666
840,9.767441860465116,1901.0,8.9951171875,53.066792,-4.193665
841,9.77906976744186,1913.0,20.9951171875,52.574306,-6.597061
842,9.790697674418606,1904.0,11.9951171875,47.190823,-8.45372
843,9.80232558139535,1899.0,6.9951171875,38.219944,-9.268089
844,9.813953488372093,1875.0,-17.0048828125,26.963186,-8.799704
845,9.825581395348838,1885.0,-7.0048828125,14.494524,-7.134846
846,9.837209302325581,1857.0,-35.0048828125,1.540215,-4.577132
847,9.848837209302326,1870.0,-22.0048828125,-11.212017,-1.577059
848,9.86046511627907,1843.0,-49.0048828125,-23.123009,1.52107
849,9.872093023255815,1850.0,-42.0048828125,-33.258987,4.469383
850,9.883720930232558,1827.0,-65.0048828125,-40.744003,7.13924
851,9.895348837209301,1835.0,-57.0048828125,-44.720188,9.392757
852,9.906976744186046,1835.0,-57.0048828125,-44.787827,11.001686
853,9.918604651162791,1831.0,-61.0048828125,-40.959793,11.608894
854,9.930232558139535,1841.0,-51.0048828125,-33.731003,10.88546
855,9.94186046511628,1833.0,-59.0048828125,-23.885481,8.673273
856,9.953488372093023,1859.0,-33.0048828125,-12.239115,5.181856
857,9.965116279069766,1851.0,-41.0048828125,0.319996,0.970895
858,9.976744186046512,1878.0,-14.0048828125,13.047626,-3.183418
859,9.988372093023257,1868.0,-24.0048828125,24.991234,-6.529549
860,10.0,1892.0,-0.0048828125,35.191841,-8.666634
861,10.011627906976743,1882.0,-10.0048828125,42.453911,-9.597095
862,10.023255813953488,1898.0,5.9951171875,45.790493,-9.683575
863,10.034883720930232,1897.0,4.9951171875,44.493015,-9.381821
864,10.046511627906977,1894.0,1.9951171875,38.5728,-8.938145
865,10.058139534883722,1890.0,-2.0048828125,28.745619,-8.268885
866,10.069767441860465,1879.0,-13.0048828125,16.383968,-6.962524
867,10.081395348837209,1889.0,-3.0048828125,3.200819,-4.588065
868,10.093023255813954,1873.0,-19.0048828125,-9.296423,-1.017844
869,10.104651162790699,1875.0,-17.0048828125,-19.932646,3.369482
870,10.116279069767442,1850.0,-42.0048828125,-28.191488,7.75522
871,10.127906976744187,1863.0,-29.0048828125,-33.911678,11.084225
872,10.13953488372093,1845.0,-47.0048828125,-37.226345,12.577053
873,10.151162790697674,1843.0,-49.0048828125,-38.122066,11.951599
874,10.162790697674417,1853.0,-39.0048828125,-36.458591,9.638424
875,10.174418604651164,1840.0,-52.0048828125,-31.982155,6.473877
876,10.186046511627907,1855.0,-37.0048828125,-24.558218,3.424728
877,10.19767441860465,1850.0,-42.0048828125,-14.485058,1.122939
878,10.209302325581396,1866.0,-26.0048828125,-2.534699,-0.30266
879,10.220930232558139,1859.0,-33.0048828125,9.975984,-1.168586
880,10.232558139534882,1872.0,-20.0048828125,21.58507,-2.039558
881,10.24418604651163,1869.0,-23.0048828125,30.845091,-3.296213
882,10.255813953488373,1875.0,-17.0048828125,36.818485,-5.012104
883,10.267441860465116,1875.0,-17.0048828125,38.980549,-6.875694
884,10.279069767441861,1882.0,-10.0048828125,37.402946,-8.423492
885,10.290697674418604,1877.0,-15.0048828125,32.457909,-9.189342
886,10.30232558139535,1890.0,-2.0048828125,24.793932,-8.973295
887,10.313953488372093,1883.0,-9.0048828125,15.173047,-7.811213
888,10.325581395348838,1884.0,-8.0048828125,4.493423,-5.859644
889,10.337209302325581,1888.0,-4.0048828125,-6.162453,-3.311263
890,10.348837209302324,1872.0,-20.0048828125,-15.773464,-0.28274
891,10.36046511627907,1879.0,-13.0048828125,-23.245737,3.117752
892,10.372093023255815,1853.0,-39.0048828125,-27.964052,6.683344
893,10.383720930232558,1867.0,-25.0048828125,-29.680651,9.962427
894,10.395348837209303,1851.0,-41.0048828125,-28.793373,12.318859
895,10.406976744186046,1853.0,-39.0048828125,-26.00478,13.050259
896,10.41860465116279,1843.0,-49.0048828125,-22.110443,11.748482
897,10.430232558139537,1851.0,-41.0048828125,-17.624527,8.490808
898,10.44186046511628,1850.0,-42.0048828125,-12.63792,3.898636
899,10.453488372093023,1853.0,-39.0048828125,-6.932704,-0.993574
900,10.465116279069766,1859.0,-33.0048828125,-0.131601,-5.102115
901,10.476744186046512,1847.0,-45.0048828125,7.686341,-7.640598
902,10.488372093023255,1872.0,-20.0048828125,16.054214,-8.390795
903,10.5,1855.0,-37.0048828125,23.761538,-7.703081
904,10.511627906976745,1883.0,-9.0048828125,29.481865,-6.265163
905,10.523255813953488,1882.0,-10.0048828125,31.955153,-4.799803
906,10.534883720930232,1895.0,2.9951171875,30.59709,-3.782354
907,10.546511627906977,1898.0,5.9951171875,25.649738,-3.265663
908,10.558139534883722,1894.0,1.9951171875,18.051846,-3.005203
909,10.569767441860465,1902.0,9.9951171875,9.259219,-2.549746
910,10.58139534883721,1897.0,4.9951171875,0.564182,-1.552217
911,10.593023255813954,1895.0,2.9951171875,-7.034616,0.073713
912,10.604651162790697,1886.0,-6.0048828125,-13.175738,2.158383
913,10.61627906976744,1897.0,4.9951171875,-17.802292,4.290007
914,10.627906976744187,1875.0,-17.0048828125,-21.165552,6.001675
915,10.63953488372093,1872.0,-20.0048828125,-23.307629,6.895786
916,10.651162790697674,1863.0,-29.0048828125,-24.124245,6.821108
917,10.662790697674419,1869.0,-23.0048828125,-23.292597,5.836626
918,10.674418604651162,1863.0,-29.0048828125,-20.535372,4.226006
919,10.686046511627907,1856.0,-36.0048828125,-15.819628,2.38978
920,10.697674418604652,1867.0,-25.0048828125,-9.435566,0.7293
921,10.709302325581396,1857.0,-35.0048828125,-2.124453,-0.498529
922,10.720930232558139,1872.0,-20.0048828125,5.274439,-1.240085
923,10.732558139534884,1870.0,-22.0048828125,11.801316,-1.665648
924,10.744186046511627,1882.0,-10.0048828125,16.828108,-2.097008
925,10.755813953488373,1887.0,-5.0048828125,19.993395,-2.762379
926,10.767441860465116,1904.0,11.9951171875,21.29468,-3.771917
927,10.779069767441861,1893.0,0.9951171875,20.903254,-4.931133
928,10.790697674418604,1909.0,16.9951171875,19.126751,-5.821413
929,10.802325581395348,1906.0,13.9951171875,16.235453,-5.974787
930,10.813953488372093,1909.0,16.9951171875,12.3781,-5.125352
931,10.825581395348838,1904.0,11.9951171875,7.725073,-3.370316
932,10.837209302325581,1904.0,11.9951171875,2.411807,-1.134784
933,10.848837209302326,1906.0,13.9951171875,-3.231359,0.912553
934,10.86046511627907,1883.0,-9.0048828125,-8.808973,2.258579
935,10.872093023255813,1900.0,7.9951171875,-13.685979,2.734391
936,10.88372093023256,1883.0,-9.0048828125,-17.290649,2.662113
937,10.895348837209303,1882.0,-10.0048828125,-19.073843,2.680906
938,10.906976744186046,1876.0,-16.0048828125,-18.770847,3.454605
939,10.91860465116279,1879.0,-13.0048828125,-16.476349,5.205824
940,10.930232558139535,1872.0,-20.0048828125,-12.656192,7.515969
941,10.941860465116278,1868.0,-24.0048828125,-8.08931,9.410229
942,10.953488372093023,1892.0,-0.0048828125,-3.559108,9.72226
943,10.965116279069768,1878.0,-14.0048828125,0.185757,7.621404
944,10.976744186046512,1888.0,-4.0048828125,2.863429,3.068218
945,10.988372093023255,1893.0,0.9951171875,4.558573,-2.972965
946,11.0,1904.0,11.9951171875,5.770925,-8.897144
947,11.011627906976745,1892.0,-0.0048828125,7.055864,-12.967157
948,11.023255813953488,1901.0,8.9951171875,8.872556,-14.007857
949,11.034883720930234,1905.0,12.9951171875,11.214271,-11.874501
950,11.046511627906977,1907.0,14.9951171875,13.585825,-7.537565
951,11.05813953488372,1904.0,11.9951171875,15.205501,-2.598107
952,11.069767441860463,1895.0,2.9951171875,15.216988,1.324942
953,11.08139534883721,1905.0,12.9951171875,13.160594,3.250634
954,11.093023255813954,1898.0,5.9951171875,9.058404,3.183606
955,11.104651162790697,1895.0,2.9951171875,3.604963,1.979806
956,11.116279069767442,1867.0,-25.0048828125,-2.206112,0.925168
957,11.127906976744185,1882.0,-10.0048828125,-7.266846,1.047824
958,11.13953488372093,1869.0,-23.0048828125,-10.888887,2.675896
959,11.151162790697676,1871.0,-21.0048828125,-12.880176,5.256076
960,11.162790697674419,1860.0,-32.0048828125,-13.566681,7.673168
961,11.174418604651162,1863.0,-29.0048828125,-13.525073,8.757073
962,11.186046511627907,1872.0,-20.0048828125,-13.211313,7.841351
963,11.19767441860465,1858.0,-34.0048828125,-12.799307,5.014425
964,11.209302325581396,1871.0,-21.0048828125,-11.992661,1.084435
965,11.220930232558139,1860.0,-32.0048828125,-10.325116,-2.76293
966,11.232558139534884,1891.0,-1.0048828125,-7.280399,-5.481513
967,11.244186046511627,1877.0,-15.0048828125,-2.805787,-6.557525
968,11.25581395348837,1903.0,10.9951171875,2.788165,-6.091662
969,11.267441860465118,1894.0,1.9951171875,8.680826,-4.690019
970,11.279069767441861,1904.0,11.9951171875,13.928416,-3.115474
971,11.290697674418604,1904.0,11.9951171875,17.685949,-1.936377
972,11.30232558139535,1911.0,18.9951171875,19.434206,-1.366306
973,11.313953488372093,1907.0,14.9951171875,19.072794,-1.301119
974,11.325581395348836,1902.0,9.9951171875,16.82497,-1.411331
975,11.337209302325583,1908.0,15.9951171875,13.176943,-1.385356
976,11.348837209302326,1899.0,6.9951171875,8.584082,-1.005094
977,11.36046511627907,1897.0,4.9951171875,3.518399,-0.252785
978,11.372093023255815,1886.0,-6.0048828125,-1.692355,0.8042
979,11.383720930232558,1893.0,0.9951171875,-6.706986,2.018124
980,11.395348837209301,1885.0,-7.0048828125,-11.258894,3.217017
981,11.406976744186046,1878.0,-14.0048828125,-15.024944,4.176804
982,11.418604651162791,1872.0,-20.0048828125,-17.675177,4.707714
983,11.430232558139535,1875.0,-17.0048828125,-18.914455,4.614166
984,11.441860465116278,1876.0,-16.0048828125,-18.506752,3.799101
985,11.453488372093023,1875.0,-17.0048828125,-16.374405,2.344837
986,11.465116279069768,1888.0,-4.0048828125,-12.548297,0.561027
987,11.476744186046512,1879.0,-13.0048828125,-7.343083,-1.113109
988,11.488372093023257,1904.0,11.9951171875,-1.210083,-2.269605
989,11.5,1889.0,-3.0048828125,5.101514,-2.722366
990,11.511627906976743,1915.0,22.9951171875,10.854634,-2.551313
991,11.523255813953488,1905.0,12.9951171875,15.279077,-2.131236
992,11.534883720930234,1917.0,24.9951171875,17.910322,-1.847649
993,11.546511627906977,1919.0,26.9951171875,18.59421,-1.934801
994,11.55813953488372,1919.0,26.9951171875,17.521025,-2.30345
995,11.569767441860465,1920.0,27.9951171875,15.104908,-2.588646
996,11.581395348837209,1910.0,17.9951171875,11.763378,-2.350039
997,11.593023255813954,1919.0,26.9951171875,7.843072,-1.344213
998,11.604651162790699,1895.0,2.9951171875,3.450845,0.281178
999,11.616279069767442,1895.0,2.9951171875,-1.314591,2.009412
1000,11.627906976744185,1895.0,2.9951171875,-6.327902,3.198781
1001,11.63953488372093,1895.0,2.9951171875,-11.17827,3.370436
1002,11.651162790697674,1882.0,-10.0048828125,-15.245473,2.531291
1003,11.662790697674419,1891.0,-1.0048828125,-17.787291,1.133574
1004,11.674418604651164,1888.0,-4.0048828125,-18.23559,-0.087828
1005,11.686046511627907,1886.0,-6.0048828125,-16.476601,-0.554233
1006,11.69767441860465,1888.0,-4.0048828125,-12.884622,-0.085349
1007,11.709302325581394,1887.0,-5.0048828125,-8.269315,0.955055
1008,11.72093023255814,1894.0,1.9951171875,-3.506572,1.85047
1009,11.732558139534884,1887.0,-5.0048828125,0.707323,1.940404
1010,11.744186046511627,1904.0,11.9951171875,4.156398,0.94417
1011,11.755813953488373,1902.0,9.9951171875,6.979304,-0.821839
1012,11.767441860465116,1922.0,29.9951171875,9.525195,-2.648001
1013,11.77906976744186,1919.0,26.9951171875,11.964884,-3.718921
1014,11.790697674418606,1930.0,37.9951171875,14.158572,-3.565309
1015,11.80232558139535,1922.0,29.9951171875,15.572696,-2.268514
1016,11.813953488372093,1915.0,22.9951171875,15.588774,-0.396807
1017,11.825581395348838,1915.0,22.9951171875,13.770664,1.259476
1018,11.837209302325581,1905.0,12.9951171875,10.128485,2.10967
1019,11.848837209302326,1915.0,22.9951171875,5.217545,2.00759
1020,11.86046511627907,1890.0,-2.0048828125,-0.149692,1.261753
1021,11.872093023255815,1901.0,8.9951171875,-5.06394,0.437432
1022,11.883720930232558,1878.0,-14.0048828125,-9.008904,-0.015048
1023,11.895348837209301,1893.0,0.9951171875,-11.785216,0.040376
1024,11.906976744186046,1886.0,-6.0048828125,-13.595281,0.364093
1025,11.918604651162791,1882.0,-10.0048828125,-14.68042,0.525266
1026,11.930232558139535,1899.0,6.9951171875,-15.118392,0.221058
1027,11.94186046511628,1886.0,-6.0048828125,-14.722381,-0.543871
1028,11.953488372093023,1922.0,29.9951171875,-13.076114,-1.404626
1029,11.965116279069766,1913.0,20.9951171875,-9.901318,-1.843136
1030,11.976744186046512,1935.0,42.9951171875,-5.190027,-1.509026
1031,11.988372093023257,1936.0,43.9951171875,0.515891,-0.41275
1032,12.0,1947.0,54.9951171875,6.366091,1.033916
1033,12.011627906976743,1939.0,46.9951171875,11.316094,2.182254
1034,12.023255813953488,1936.0,43.9951171875,14.619637,2.503649
1035,12.034883720930232,1943.0,50.9951171875,15.975077,1.858479
1036,12.046511627906977,1936.0,43.9951171875,15.589495,0.53936
1037,12.058139534883722,1935.0,42.9951171875,14.017757,-0.833742
1038,12.069767441860465,1925.0,32.9951171875,11.832761,-1.643161
1039,12.081395348837209,1937.0,44.9951171875,9.423635,-1.578136
1040,12.093023255813954,1898.0,5.9951171875,6.783465,-0.792707
1041,12.104651162790697,1915.0,22.9951171875,3.741787,0.22055
1042,12.116279069767442,1899.0,6.9951171875,0.025674,0.850062
1043,12.127906976744187,1899.0,6.9951171875,-4.335992,0.713581
1044,12.13953488372093,1887.0,-5.0048828125,-9.006505,-0.144226
1045,12.151162790697674,1894.0,1.9951171875,-13.291887,-1.309001
1046,12.162790697674417,1882.0,-10.0048828125,-16.429474,-2.166182
1047,12.174418604651164,1879.0,-13.0048828125,-17.778997,-2.24468
1048,12.186046511627907,1883.0,-9.0048828125,-17.085976,-1.439463
1049,12.19767441860465,1887.0,-5.0048828125,-14.551227,-0.102753
1050,12.209302325581396,1890.0,-2.0048828125,-10.669281,1.175489
1051,12.220930232558139,1893.0,0.9951171875,-6.066602,1.86999
1052,12.232558139534882,1887.0,-5.0048828125,-1.232875,1.766064
1053,12.24418604651163,1887.0,-5.0048828125,3.542633,1.149396
1054,12.255813953488373,1889.0,-3.0048828125,8.135371,0.575409
1055,12.267441860465116,1890.0,-2.0048828125,12.390622,0.604417
1056,12.279069767441861,1899.0,6.9951171875,16.006584,1.421425
1057,12.290697674418604,1886.0,-6.0048828125,18.391859,2.667967
1058,12.30232558139535,1889.0,-3.0048828125,18.919802,3.6006
1059,12.313953488372093,1897.0,4.9951171875,17.115574,3.424334
1060,12.325581395348838,1888.0,-4.0048828125,12.964157,1.727045
1061,12.337209302325581,1882.0,-10.0048828125,7.070004,-1.234124
1062,12.348837209302324,1881.0,-11.0048828125,0.552743,-4.489829
1063,12.36046511627907,1878.0,-14.0048828125,-5.288997,-6.828561
1064,12.372093023255815,1870.0,-22.0048828125,-9.496721,-7.280794
1065,12.383720930232558,1872.0,-20.0048828125,-11.698328,-5.615743
1066,12.395348837209303,1867.0,-25.0048828125,-12.303409,-2.480652
1067,12.406976744186046,1872.0,-20.0048828125,-12.178785,0.838602
1068,12.41860465116279,1869.0,-23.0048828125,-12.212225,3.03648
1069,12.430232558139537,1868.0,-24.0048828125,-12.77739,3.3848
1070,12.44186046511628,1869.0,-23.0048828125,-13.513524,2.056318
1071,12.453488372093023,1871.0,-21.0048828125,-13.464965,0.04591
1072,12.465116279069766,1871.0,-21.0048828125,-11.485012,-1.342432
1073,12.476744186046512,1873.0,-19.0048828125,-6.919394,-1.130513
1074,12.488372093023255,1868.0,-24.0048828125,0.014641,0.782951
1075,12.5,1872.0,-20.0048828125,8.165449,3.663466
1076,12.511627906976745,1870.0,-22.0048828125,15.81716,6.213364
1077,12.523255813953488,1868.0,-24.0048828125,21.273088,7.247347
1078,12.534883720930232,1872.0,-20.0048828125,23.498819,6.22176
1079,12.546511627906977,1872.0,-20.0048828125,22.388712,3.481577
1080,12.558139534883722,1872.0,-20.0048828125,18.665508,0.014099
1081,12.569767441860465,1873.0,-19.0048828125,13.44019,-3.036124
1082,12.58139534883721,1872.0,-20.0048828125,7.675404,-4.908636
1083,12.593023255813954,1879.0,-13.0048828125,1.909176,-5.491603
1084,12.604651162790697,1872.0,-20.0048828125,-3.804688,-5.233282
1085,12.61627906976744,1877.0,-15.0048828125,-9.531699,-4.784614
1086,12.627906976744187,1872.0,-20.0048828125,-15.170051,-4.589433
1087,12.63953488372093,1871.0,-21.0048828125,-20.084833,-4.594731
1088,12.651162790697674,1863.0,-29.0048828125,-23.278795,-4.346497
1089,12.662790697674419,1867.0,-25.0048828125,-23.692671,-3.286871
1090,12.674418604651162,1868.0,-24.0048828125,-20.755762,-1.150694
1091,12.686046511627906,1865.0,-27.0048828125,-14.703974,1.817297
1092,12.697674418604652,1859.0,-33.0048828125,-6.597065,4.941847
1093,12.709302325581396,1858.0,-34.0048828125,1.94065,7.353109
1094,12.720930232558139,1863.0,-29.0048828125,9.309979,8.374513
1095,12.732558139534884,1863.0,-29.0048828125,14.350305,7.780519
1096,12.744186046511627,1858.0,-34.0048828125,16.734631,5.868482
1097,12.755813953488373,1859.0,-33.0048828125,16.810297,3.271591
1098,12.767441860465116,1856.0,-36.0048828125,15.391076,0.696043
1099,12.779069767441861,1859.0,-33.0048828125,13.278448,-1.340077
1100,12.790697674418604,1856.0,-36.0048828125,10.992503,-2.644576
1101,12.802325581395348,1859.0,-33.0048828125,8.65194,-3.317628
1102,12.813953488372093,1858.0,-34.0048828125,6.088521,-3.620147
1103,12.825581395348838,1857.0,-35.0048828125,3.065065,-3.827669
1104,12.837209302325581,1856.0,-36.0048828125,-0.504265,-4.081002
1105,12.848837209302326,1856.0,-36.0048828125,-4.40455,-4.379832
1106,12.86046511627907,1863.0,-29.0048828125,-8.173065,-4.531884
1107,12.872093023255813,1859.0,-33.0048828125,-11.224351,-4.293949
1108,12.88372093023256,1867.0,-25.0048828125,-13.032898,-3.382023
1109,12.895348837209303,1857.0,-35.0048828125,-13.286646,-1.667491
1110,12.906976744186046,1857.0,-35.0048828125,-11.971066,0.798512
1111,12.918604651162791,1863.0,-29.0048828125,-9.386001,3.634187
1112,12.930232558139535,1856.0,-36.0048828125,-6.079823,6.224412
1113,12.941860465116278,1863.0,-29.0048828125,-2.659364,7.878315
1114,12.953488372093023,1865.0,-27.0048828125,0.334214,8.064945
1115,12.965116279069768,1861.0,-31.0048828125,2.567845,6.611511
1116,12.976744186046512,1850.0,-42.0048828125,4.023421,3.887242
1117,12.988372093023255,1863.0,-29.0048828125,4.916662,0.646519
1118,13.0,1856.0,-36.0048828125,5.600798,-2.210664
1119,13.011627906976745,1850.0,-42.0048828125,6.319594,-4.028264
1120,13.023255813953488,1855.0,-37.0048828125,7.15642,-4.550116
1121,13.034883720930234,1857.0,-35.0048828125,7.868374,-4.076569
1122,13.046511627906977,1854.0,-38.0048828125,8.044453,-3.224749
1123,13.05813953488372,1855.0,-37.0048828125,7.279797,-2.599074
1124,13.069767441860465,1858.0,-34.0048828125,5.384851,-2.524176
1125,13.08139534883721,1852.0,-40.0048828125,2.524945,-2.871077
1126,13.093023255813954,1857.0,-35.0048828125,-0.800817,-3.189457
1127,13.104651162790697,1860.0,-32.0048828125,-3.885481,-2.947036
1128,13.116279069767442,1865.0,-27.0048828125,-6.117795,-1.844712
1129,13.127906976744185,1863.0,-29.0048828125,-7.139411,0.002494
1130,13.13953488372093,1865.0,-27.0048828125,-6.934847,2.188538
1131,13.151162790697676,1861.0,-31.0048828125,-5.78615,4.130798
1132,13.162790697674419,1856.0,-36.0048828125,-4.145735,5.376202
1133,13.174418604651162,1859.0,-33.0048828125,-2.416039,5.762126
1134,13.186046511627907,1851.0,-41.0048828125,-0.894278,5.400277
1135,13.19767441860465,1850.0,-42.0048828125,0.278125,4.533249
1136,13.209302325581396,1847.0,-45.0048828125,1.055295,3.367057
1137,13.22093023255814,1845.0,-47.0048828125,1.424085,1.981998
1138,13.232558139534884,1847.0,-45.0048828125,1.406145,0.336673
1139,13.244186046511627,1855.0,-37.0048828125,1.039206,-1.582822
1140,13.25581395348837,1850.0,-42.0048828125,0.462827,-3.647335
1141,13.267441860465116,1854.0,-38.0048828125,-0.103133,-5.484608
1142,13.279069767441861,1847.0,-45.0048828125,-0.382894,-6.624487
1143,13.290697674418604,1858.0,-34.0048828125,-0.175906,-6.649994
1144,13.30232558139535,1862.0,-30.0048828125,0.54849,-5.433529
1145,13.313953488372093,1856.0,-36.0048828125,1.590988,-3.220164
1146,13.325581395348836,1840.0,-52.0048828125,2.594567,-0.553113
1147,13.337209302325583,1858.0,-34.0048828125,3.226128,1.935048
1148,13.348837209302326,1860.0,-32.0048828125,3.221745,3.691223
1149,13.36046511627907,1851.0,-41.0048828125,2.579542,4.439001
1150,13.372093023255815,1855.0,-37.0048828125,1.475677,4.238038
1151,13.383720930232558,1854.0,-38.0048828125,0.238726,3.371028
1152,13.395348837209301,1847.0,-45.0048828125,-0.86662,2.210874
1153,13.406976744186046,1846.0,-46.0048828125,-1.632758,1.109301
1154,13.418604651162791,1840.0,-52.0048828125,-2.013338,0.29592
1155,13.430232558139535,1840.0,-52.0048828125,-2.067198,-0.149927
1156,13.441860465116278,1841.0,-51.0048828125,-1.857135,-0.250189
1157,13.453488372093023,1843.0,-49.0048828125,-1.496472,-0.129196
1158,13.465116279069768,1856.0,-36.0048828125,-1.015396,0.045512
1159,13.476744186046512,1852.0,-40.0048828125,-0.531855,0.095009
1160,13.488372093023257,1870.0,-22.0048828125,-0.128116,-0.128521
1161,13.5,1860.0,-32.0048828125,0.051259,-0.668214
1162,13.511627906976743,1872.0,-20.0048828125,-0.030702,-1.414768
1163,13.523255813953488,1877.0,-15.0048828125,-0.34374,-2.118021
1164,13.534883720930234,1878.0,-14.0048828125,-0.741994,-2.484602
1165,13.546511627906977,1895.0,2.9951171875,-0.984539,-2.269913
1166,13.55813953488372,1881.0,-11.0048828125,-0.915863,-1.455915
1167,13.569767441860465,1877.0,-15.0048828125,-0.473683,-0.256388
1168,13.581395348837209,1875.0,-17.0048828125,0.20798,0.933003
1169,13.593023255813954,1882.0,-10.0048828125,0.934279,1.700318
1170,13.604651162790699,1858.0,-34.0048828125,1.405422,1.754999
1171,13.616279069767442,1856.0,-36.0048828125,1.546178,1.152416
1172,13.627906976744185,1855.0,-37.0048828125,1.40922,0.24192
1173,13.63953488372093,1859.0,-33.0048828125,1.199723,-0.507325
1174,13.651162790697674,1856.0,-36.0048828125,1.103774,-0.682082
1175,13.662790697674419,1856.0,-36.0048828125,1.2277,-0.127673
1176,13.674418604651164,1851.0,-41.0048828125,1.4763,0.977483
1177,13.686046511627907,1850.0,-42.0048828125,1.625105,2.203954
1178,13.69767441860465,1861.0,-31.0048828125,1.443005,3.054166
1179,13.709302325581394,1857.0,-35.0048828125,0.797153,3.175521
1180,13.72093023255814,1871.0,-21.0048828125,-0.231621,2.460006
1181,13.732558139534884,1866.0,-26.0048828125,-1.41601,1.104904
1182,13.744186046511627,1877.0,-15.0048828125,-2.455244,-0.571446
1183,13.755813953488373,1881.0,-11.0048828125,-3.13119,-2.180247
1184,13.767441860465116,1882.0,-10.0048828125,-3.367167,-3.466781
1185,13.77906976744186,1895.0,2.9951171875,-3.22024,-4.260083
1186,13.790697674418606,1898.0,5.9951171875,-2.797373,-4.542598
1187,13.80232558139535,1889.0,-3.0048828125,-2.187345,-4.34868
1188,13.813953488372093,1879.0,-13.0048828125,-1.359874,-3.690333
1189,13.825581395348838,1882.0,-10.0048828125,-0.187322,-2.552084
1190,13.837209302325581,1861.0,-31.0048828125,1.380803,-0.937712
1191,13.848837209302324,1872.0,-20.0048828125,3.271456,1.044925
1192,13.86046511627907,1853.0,-39.0048828125,5.144432,3.178407
1193,13.872093023255815,1849.0,-43.0048828125,6.508245,5.097983
1194,13.883720930232558,1840.0,-52.0048828125,6.811019,6.403754
1195,13.895348837209301,1841.0,-51.0048828125,5.69709,6.730058
1196,13.906976744186046,1834.0,-58.0048828125,3.143792,5.900278
1197,13.918604651162791,1835.0,-57.0048828125,-0.411931,4.006429
1198,13.930232558139535,1853.0,-39.0048828125,-4.17662,1.436864
1199,13.94186046511628,1841.0,-51.0048828125,-7.249361,-1.227109
1200,13.953488372093023,1871.0,-21.0048828125,-8.825034,-3.359147
1201,13.965116279069766,1861.0,-31.0048828125,-8.560693,-4.49129
1202,13.976744186046512,1889.0,-3.0048828125,-6.594409,-4.513896
1203,13.988372093023257,1883.0,-9.0048828125,-3.582914,-3.667916
1204,14.0,1902.0,9.9951171875,-0.390831,-2.512964
1205,14.011627906976743,1901.0,8.9951171875,2.182509,-1.607135
1206,14.023255813953488,1899.0,6.9951171875,3.720611,-1.313826
1207,14.034883720930232,1901.0,8.9951171875,4.303152,-1.584166
1208,14.046511627906977,1904.0,11.9951171875,4.413636,-1.99348
1209,14.058139534883722,1909.0,16.9951171875,4.649773,-1.942987
1210,14.069767441860465,1891.0,-1.0048828125,5.368067,-0.99815
1211,14.081395348837209,1903.0,10.9951171875,6.503575,0.856264
1212,14.093023255813954,1872.0,-20.0048828125,7.458133,3.132613
1213,14.104651162790697,1877.0,-15.0048828125,7.464277,5.015281
1214,14.116279069767442,1854.0,-38.0048828125,5.828156,5.710342
1215,14.127906976744187,1856.0,-36.0048828125,2.400075,4.830298
1216,14.13953488372093,1845.0,-47.0048828125,-2.360296,2.611793
1217,14.151162790697674,1843.0,-49.0048828125,-7.44526,-0.164092
1218,14.162790697674417,1853.0,-39.0048828125,-11.683442,-2.497762
1219,14.174418604651164,1850.0,-42.0048828125,-14.149431,-3.617104
1220,14.186046511627907,1871.0,-21.0048828125,-14.422216,-3.280103
1221,14.19767441860465,1861.0,-31.0048828125,-12.700233,-1.85769
1222,14.209302325581396,1879.0,-13.0048828125,-9.531964,-0.119666
1223,14.220930232558139,1872.0,-20.0048828125,-5.580009,1.193655
1224,14.232558139534882,1899.0,6.9951171875,-1.280425,1.665957
1225,14.24418604651163,1895.0,2.9951171875,3.127728,1.388272
1226,14.255813953488373,1904.0,11.9951171875,7.542777,0.771285
1227,14.267441860465116,1911.0,18.9951171875,11.750953,0.312394
1228,14.279069767441861,1913.0,20.9951171875,15.266952,0.225117
1229,14.290697674418604,1906.0,13.9951171875,17.38636,0.35561
1230,14.30232558139535,1898.0,5.9951171875,17.414637,0.309214
1231,14.313953488372093,1910.0,17.9951171875,15.016014,-0.269948
1232,14.325581395348838,1891.0,-1.0048828125,10.395013,-1.434272
1233,14.337209302325581,1898.0,5.9951171875,4.393162,-2.819506
1234,14.348837209302324,1877.0,-15.0048828125,-1.832403,-3.746062
1235,14.36046511627907,1879.0,-13.0048828125,-7.140168,-3.612163
1236,14.372093023255815,1855.0,-37.0048828125,-10.839827,-2.17
1237,14.383720930232558,1872.0,-20.0048828125,-12.828268,0.243416
1238,14.395348837209303,1842.0,-50.0048828125,-13.571948,2.793527
1239,14.406976744186046,1856.0,-36.0048828125,-13.704006,4.540857
1240,14.41860465116279,1874.0,-18.0048828125,-13.711769,4.801464
1241,14.430232558139535,1872.0,-20.0048828125,-13.639996,3.488699
1242,14.44186046511628,1887.0,-5.0048828125,-13.047513,1.150045
1243,14.453488372093023,1875.0,-17.0048828125,-11.252018,-1.249474
1244,14.465116279069768,1911.0,18.9951171875,-7.631619,-2.744536
1245,14.476744186046512,1898.0,5.9951171875,-2.100682,-2.834125
1246,14.488372093023255,1913.0,20.9951171875,4.822021,-1.64655
1247,14.5,1913.0,20.9951171875,12.069774,0.169068
1248,14.511627906976745,1920.0,27.9951171875,18.337036,1.75
1249,14.523255813953488,1915.0,22.9951171875,22.461214,2.395824
1250,14.534883720930232,1915.0,22.9951171875,23.801359,1.934052
1251,14.546511627906977,1906.0,13.9951171875,22.341888,0.701183
1252,14.55813953488372,1893.0,0.9951171875,18.592699,-0.61034
1253,14.569767441860465,1908.0,15.9951171875,13.336412,-1.362675
1254,14.58139534883721,1875.0,-17.0048828125,7.252028,-1.291049
1255,14.593023255813954,1889.0,-3.0048828125,0.826168,-0.602381
1256,14.604651162790697,1876.0,-16.0048828125,-5.732261,0.138387
1257,14.616279069767442,1888.0,-4.0048828125,-12.226177,0.359642
1258,14.627906976744187,1872.0,-20.0048828125,-18.296604,-0.170427
1259,14.63953488372093,1878.0,-14.0048828125,-23.235346,-1.182577
1260,14.651162790697674,1881.0,-11.0048828125,-26.118784,-2.036741
1261,14.662790697674419,1872.0,-20.0048828125,-26.114128,-2.049263
1262,14.674418604651162,1894.0,1.9951171875,-22.83423,-0.924623
1263,14.686046511627906,1889.0,-3.0048828125,-16.656534,1.030909
1264,14.697674418604652,1904.0,11.9951171875,-8.657747,2.967308
1265,14.709302325581396,1903.0,10.9951171875,-0.322978,3.911568
1266,14.720930232558139,1927.0,34.9951171875,7.012737,3.233996
1267,14.732558139534884,1906.0,13.9951171875,12.544065,1.037834
1268,14.744186046511627,1924.0,31.9951171875,16.28244,-1.797279
1269,14.755813953488373,1918.0,25.9951171875,18.767385,-4.005543
1270,14.767441860465118,1906.0,13.9951171875,20.626833,-4.554201
1271,14.779069767441861,1926.0,33.9951171875,22.127771,-3.116831
1272,14.790697674418604,1904.0,11.9951171875,22.818296,-0.328352
1273,14.802325581395348,1906.0,13.9951171875,21.817619,2.554096
1274,14.813953488372093,1894.0,1.9951171875,18.20437,4.229052
1275,14.825581395348838,1903.0,10.9951171875,11.627696,3.968549
1276,14.837209302325581,1888.0,-4.0048828125,2.576879,1.943542
1277,14.848837209302326,1886.0,-6.0048828125,-7.530694,-0.819037
1278,14.86046511627907,1887.0,-5.0048828125,-16.855862,-2.951476
1279,14.872093023255813,1887.0,-5.0048828125,-23.768736,-3.455391
1280,14.88372093023256,1882.0,-10.0048828125,-27.328426,-2.105148
1281,14.895348837209303,1889.0,-3.0048828125,-27.462528,0.465324
1282,14.906976744186046,1901.0,8.9951171875,-24.809023,3.104261
1283,14.918604651162791,1895.0,2.9951171875,-20.297792,4.703133
1284,14.930232558139535,1933.0,40.9951171875,-14.708018,4.684598
1285,14.941860465116278,1911.0,18.9951171875,-8.580026,3.166626
1286,14.953488372093023,1943.0,50.9951171875,-2.122846,0.83368
1287,14.965116279069768,1947.0,54.9951171875,4.42615,-1.518169
1288,14.976744186046512,1963.0,70.9951171875,10.731445,-3.310122
1289,14.988372093023255,1945.0,52.9951171875,16.226778,-4.367327
1290,15.0,1949.0,56.9951171875,20.393225,-4.753214
1291,15.011627906976745,1945.0,52.9951171875,22.822308,-4.641581
1292,15.023255813953488,1932.0,39.9951171875,23.405087,-4.056854
1293,15.034883720930234,1943.0,50.9951171875,22.281334,-2.884022
1294,15.046511627906977,1913.0,20.9951171875,19.585161,-1.078362
1295,15.05813953488372,1923.0,30.9951171875,15.438539,1.228181
1296,15.069767441860465,1921.0,28.9951171875,9.778198,3.533563
1297,15.08139534883721,1920.0,27.9951171875,2.611903,5.126318
1298,15.093023255813954,1914.0,21.9951171875,-5.733719,5.44304
1299,15.104651162790697,1908.0,15.9951171875,-14.389698,4.344664
1300,15.116279069767442,1915.0,22.9951171875,-22.068884,2.245544
1301,15.127906976744185,1908.0,15.9951171875,-27.368521,-0.060207
1302,15.139534883720929,1909.0,16.9951171875,-29.213268,-1.696144
1303,15.151162790697676,1911.0,18.9951171875,-27.246254,-2.152729
1304,15.162790697674419,1919.0,26.9951171875,-21.948418,-1.491302
1305,15.174418604651162,1917.0,24.9951171875,-14.429184,-0.265287
1306,15.186046511627907,1915.0,22.9951171875,-6.000803,0.797745
1307,15.19767441860465,1919.0,26.9951171875,2.228169,1.196626
1308,15.209302325581396,1919.0,26.9951171875,9.573016,0.859137
1309,15.22093023255814,1923.0,30.9951171875,15.684432,0.130881
1310,15.232558139534884,1919.0,26.9951171875,20.35918,-0.508881
1311,15.244186046511627,1915.0,22.9951171875,23.297577,-0.738913
1312,15.25581395348837,1918.0,25.9951171875,24.112913,-0.611105
1313,15.267441860465116,1937.0,44.9951171875,22.486317,-0.430347
1314,15.279069767441861,1919.0,26.9951171875,18.382275,-0.616114
1315,15.290697674418604,1919.0,26.9951171875,12.329312,-1.245801
1316,15.30232558139535,1903.0,10.9951171875,5.2839,-2.061347
1317,15.313953488372093,1903.0,10.9951171875,-1.626378,-2.537103
1318,15.325581395348836,1905.0,12.9951171875,-7.520764,-2.205799
1319,15.337209302325583,1893.0,0.9951171875,-11.993681,-0.971108
1320,15.348837209302326,1901.0,8.9951171875,-15.150867,0.808963
1321,15.36046511627907,1907.0,14.9951171875,-17.315063,2.43363
1322,15.372093023255815,1907.0,14.9951171875,-18.733343,3.220711
1323,15.383720930232558,1904.0,11.9951171875,-19.277439,2.840782
1324,15.395348837209301,1904.0,11.9951171875,-18.475845,1.525095
1325,15.406976744186046,1915.0,22.9951171875,-15.762245,-0.079419
1326,15.418604651162791,1903.0,10.9951171875,-10.912129,-1.254405
1327,15.430232558139535,1906.0,13.9951171875,-4.262884,-1.554431
1328,15.441860465116278,1907.0,14.9951171875,3.273876,-1.008763
1329,15.453488372093023,1905.0,12.9951171875,10.405974,-0.109224
1330,15.465116279069768,1897.0,4.9951171875,15.989548,0.533442
1331,15.476744186046512,1903.0,10.9951171875,19.296219,0.534729
1332,15.488372093023257,1904.0,11.9951171875,20.237711,-0.066557
1333,15.5,1904.0,11.9951171875,19.178278,-0.810955
1334,15.511627906976743,1915.0,22.9951171875,16.735037,-1.096102
1335,15.523255813953488,1904.0,11.9951171875,13.418144,-0.495931
1336,15.534883720930234,1904.0,11.9951171875,9.535851,0.999443
1337,15.546511627906977,1904.0,11.9951171875,5.191221,2.949413
1338,15.55813953488372,1904.0,11.9951171875,0.424789,4.630417
1339,15.569767441860465,1902.0,9.9951171875,-4.623799,5.343481
1340,15.581395348837209,1904.0,11.9951171875,-9.69929,4.661064
1341,15.593023255813954,1898.0,5.9951171875,-14.37739,2.550619
1342,15.604651162790699,1907.0,14.9951171875,-18.219217,-0.616959
1343,15.616279069767442,1905.0,12.9951171875,-20.759176,-4.225161
1344,15.627906976744185,1904.0,11.9951171875,-21.576008,-7.51408
1345,15.63953488372093,1915.0,22.9951171875,-20.245274,-9.752391
1346,15.651162790697674,1904.0,11.9951171875,-16.488823,-10.356739
1347,15.662790697674417,1904.0,11.9951171875,-10.276653,-8.985583
1348,15.674418604651162,1904.0,11.9951171875,-2.040869,-5.66671
1349,15.686046511627906,1901.0,8.9951171875,7.163443,-0.923192
1350,15.697674418604652,1901.0,8.9951171875,15.817672,4.294168
1351,15.709302325581396,1904.0,11.9951171875,22.197571,8.773448
1352,15.72093023255814,1904.0,11.9951171875,24.965416,11.379649
1353,15.732558139534884,1906.0,13.9951171875,23.586416,11.483617
1354,15.744186046511627,1906.0,13.9951171875,18.639112,9.191689
1355,15.755813953488373,1899.0,6.9951171875,11.569839,5.363729
1356,15.767441860465116,1904.0,11.9951171875,4.228857,1.275227
1357,15.77906976744186,1901.0,8.9951171875,-1.824622,-1.872714
1358,15.790697674418604,1893.0,0.9951171875,-5.811133,-3.411718
1359,15.802325581395348,1895.0,2.9951171875,-7.862122,-3.453322
1360,15.813953488372091,1897.0,4.9951171875,-8.761575,-2.722391
1361,15.82558139534884,1894.0,1.9951171875,-9.352264,-2.14483
1362,15.837209302325583,1887.0,-5.0048828125,-10.106449,-2.335458
1363,15.848837209302326,1898.0,5.9951171875,-10.823359,-3.309093
1364,15.86046511627907,1889.0,-3.0048828125,-10.920203,-4.511647
1365,15.872093023255815,1876.0,-16.0048828125,-9.759736,-5.139026
1366,15.883720930232558,1901.0,8.9951171875,-7.161982,-4.606318
1367,15.895348837209301,1902.0,9.9951171875,-3.563639,-2.901329
1368,15.906976744186046,1904.0,11.9951171875,0.090368,-0.629645
1369,15.91860465116279,1899.0,6.9951171875,2.866153,1.354466
1370,15.930232558139533,1911.0,18.9951171875,4.32526,2.412408
1371,15.941860465116278,1913.0,20.9951171875,4.668292,2.432805
1372,15.953488372093025,1905.0,12.9951171875,4.661989,1.904547
1373,15.965116279069768,1907.0,14.9951171875,5.114898,1.646545
1374,15.976744186046513,1905.0,12.9951171875,6.460465,2.332746
1375,15.988372093023257,1907.0,14.9951171875,8.352746,4.032718
1376,16.0,1904.0,11.9951171875,9.835997,6.108134
1377,16.011627906976745,1901.0,8.9951171875,9.766618,7.452704
1378,16.023255813953487,1891.0,-1.0048828125,7.424417,7.035344
1379,16.03488372093023,1893.0,0.9951171875,2.932487,4.402344
1380,16.046511627906977,1896.0,3.9951171875,-2.695695,0.002033
1381,16.05813953488372,1887.0,-5.0048828125,-7.92943,-4.994729
1382,16.069767441860463,1887.0,-5.0048828125,-11.311213,-9.060371
1383,16.081395348837212,1886.0,-6.0048828125,-11.960581,-10.937725
1384,16.093023255813954,1891.0,-1.0048828125,-9.967086,-10.13019
1385,16.1046511627907,1883.0,-9.0048828125,-6.190558,-7.047247
1386,16.116279069767444,1889.0,-3.0048828125,-1.921437,-2.789004
1387,16.127906976744185,1891.0,-1.0048828125,1.652062,1.275232
1388,16.13953488372093,1904.0,11.9951171875,3.771333,4.017919
1389,16.151162790697676,1899.0,6.9951171875,4.272424,4.909192
1390,16.162790697674417,1907.0,14.9951171875,3.526299,4.116942
1391,16.174418604651162,1915.0,22.9951171875,2.136445,2.366584
1392,16.186046511627907,1912.0,19.9951171875,0.766512,0.594225
1393,16.19767441860465,1904.0,11.9951171875,-0.100591,-0.388571
1394,16.209302325581397,1911.0,18.9951171875,-0.18717,-0.160728
1395,16.220930232558143,1907.0,14.9951171875,0.466218,1.189825
1396,16.232558139534884,1896.0,3.9951171875,1.61999,3.142258
1397,16.24418604651163,1908.0,15.9951171875,2.80097,4.891711
1398,16.25581395348837,1899.0,6.9951171875,3.471758,5.657665
1399,16.267441860465116,1891.0,-1.0048828125,3.199576,4.954447
1400,16.27906976744186,1882.0,-10.0048828125,1.814848,2.782568
1401,16.290697674418603,1888.0,-4.0048828125,-0.376218,-0.332894
1402,16.302325581395348,1874.0,-18.0048828125,-2.764921,-3.530007
1403,16.313953488372093,1874.0,-18.0048828125,-4.532403,-5.880589
1404,16.325581395348834,1874.0,-18.0048828125,-5.06068,-6.760658
1405,16.337209302325583,1887.0,-5.0048828125,-4.150403,-6.051602
1406,16.348837209302328,1885.0,-7.0048828125,-2.217088,-4.23594
1407,16.36046511627907,1879.0,-13.0048828125,-0.076385,-2.142404
1408,16.372093023255815,1897.0,4.9951171875,1.421819,-0.582587
1409,16.38372093023256,1882.0,-10.0048828125,1.730609,-0.03704
1410,16.3953488372093,1902.0,9.9951171875,0.921218,-0.424084
1411,16.406976744186046,1896.0,3.9951171875,-0.429937,-1.211045
1412,16.41860465116279,1908.0,15.9951171875,-1.455933,-1.647237
1413,16.430232558139533,1909.0,16.9951171875,-1.525813,-1.161897
1414,16.441860465116278,1909.0,16.9951171875,-0.412481,0.394389
1415,16.453488372093023,1915.0,22.9951171875,1.482505,2.638614
1416,16.46511627906977,1897.0,4.9951171875,3.448517,4.910524
1417,16.476744186046513,1908.0,15.9951171875,4.793037,6.543163
1418,16.48837209302326,1895.0,2.9951171875,5.13348,7.137481
1419,16.5,1904.0,11.9951171875,4.506039,6.63004
1420,16.511627906976745,1879.0,-13.0048828125,3.238382,5.286921
1421,16.52325581395349,1897.0,4.9951171875,1.769779,3.483977
1422,16.53488372093023,1872.0,-20.0048828125,0.279301,1.477065
1423,16.546511627906977,1879.0,-13.0048828125,-1.201413,-0.570398
1424,16.558139534883722,1872.0,-20.0048828125,-2.867113,-2.672525
1425,16.569767441860463,1871.0,-21.0048828125,-4.779015,-4.785158
1426,16.58139534883721,1888.0,-4.0048828125,-6.73952,-6.71496
1427,16.59302325581395,1875.0,-17.0048828125,-8.30266,-8.165517
1428,16.6046511627907,1903.0,10.9951171875,-8.858092,-8.739269
1429,16.616279069767444,1889.0,-3.0048828125,-8.004492,-8.198979
1430,16.627906976744185,1914.0,21.9951171875,-5.625237,-6.488335
1431,16.63953488372093,1905.0,12.9951171875,-2.107761,-3.866197
1432,16.651162790697676,1904.0,11.9951171875,1.867383,-0.790834
1433,16.662790697674417,1909.0,16.9951171875,5.517026,2.238566
1434,16.674418604651162,1920.0,27.9951171875,8.214171,4.778908
1435,16.686046511627907,1922.0,29.9951171875,9.617359,6.524418
1436,16.69767441860465,1917.0,24.9951171875,9.717396,7.364711
1437,16.709302325581394,1919.0,26.9951171875,8.777975,7.361479
1438,16.72093023255814,1904.0,11.9951171875,7.160527,6.68931
1439,16.732558139534884,1915.0,22.9951171875,5.251059,5.610487
1440,16.74418604651163,1895.0,2.9951171875,3.279679,4.36797
1441,16.755813953488374,1900.0,7.9951171875,1.359795,3.116722
1442,16.767441860465116,1887.0,-5.0048828125,-0.57235,1.869756
1443,16.77906976744186,1897.0,4.9951171875,-2.594471,0.527629
1444,16.790697674418606,1886.0,-6.0048828125,-4.838592,-1.128311
1445,16.802325581395348,1884.0,-8.0048828125,-7.257746,-3.196688
1446,16.813953488372093,1881.0,-11.0048828125,-9.612576,-5.577126
1447,16.825581395348838,1893.0,0.9951171875,-11.418848,-7.831025
1448,16.83720930232558,1899.0,6.9951171875,-12.089493,-9.317961
1449,16.848837209302324,1892.0,-0.0048828125,-11.173269,-9.425751
1450,16.86046511627907,1909.0,16.9951171875,-8.509761,-7.827189
1451,16.872093023255815,1898.0,5.9951171875,-4.432658,-4.733886
1452,16.88372093023256,1911.0,18.9951171875,0.350077,-0.849676
1453,16.8953488372093,1906.0,13.9951171875,4.91744,2.82214
1454,16.906976744186046,1906.0,13.9951171875,8.49714,5.391871
1455,16.91860465116279,1907.0,14.9951171875,10.726446,6.444842
1456,16.930232558139533,1914.0,21.9951171875,11.664848,6.147491
1457,16.941860465116278,1909.0,16.9951171875,11.662504,5.102267
1458,16.953488372093023,1907.0,14.9951171875,11.096491,4.058759
1459,16.965116279069765,1914.0,21.9951171875,10.121494,3.497099
1460,16.97674418604651,1914.0,21.9951171875,8.569629,3.419052
1461,16.98837209302326,1907.0,14.9951171875,6.139246,3.432255
1462,17.0,1901.0,8.9951171875,2.658528,3.019655
1463,17.011627906976745,1901.0,8.9951171875,-1.69025,1.854209
1464,17.02325581395349,1901.0,8.9951171875,-6.298323,0.014382
1465,17.03488372093023,1900.0,7.9951171875,-10.350485,-2.084466
1466,17.046511627906977,1887.0,-5.0048828125,-13.109418,-3.897064
1467,17.058139534883722,1895.0,2.9951171875,-14.170106,-4.976765
1468,17.069767441860463,1901.0,8.9951171875,-13.603393,-5.238619
1469,17.08139534883721,1895.0,2.9951171875,-11.835319,-4.890836
1470,17.093023255813954,1904.0,11.9951171875,-9.353048,-4.258862
1471,17.104651162790695,1900.0,7.9951171875,-6.52965,-3.629737
1472,17.116279069767444,1893.0,0.9951171875,-3.466899,-3.055876
1473,17.12790697674419,1889.0,-3.0048828125,-0.112925,-2.410619
1474,17.13953488372093,1904.0,11.9951171875,3.549972,-1.498781
1475,17.151162790697676,1895.0,2.9951171875,7.333874,-0.237347
1476,17.16279069767442,1895.0,2.9951171875,10.825994,1.284625
1477,17.174418604651162,1902.0,9.9951171875,13.515823,2.83602
1478,17.186046511627907,1895.0,2.9951171875,14.966041,4.172692
1479,17.19767441860465,1895.0,2.9951171875,14.974573,5.121672
1480,17.209302325581394,1901.0,8.9951171875,13.57462,5.625886
1481,17.22093023255814,1903.0,10.9951171875,10.934585,5.665018
1482,17.23255813953488,1902.0,9.9951171875,7.24147,5.21191
1483,17.24418604651163,1904.0,11.9951171875,2.673071,4.197517
1484,17.255813953488374,1902.0,9.9951171875,-2.53503,2.574472
1485,17.267441860465116,1904.0,11.9951171875,-7.965801,0.438902
1486,17.27906976744186,1904.0,11.9951171875,-12.933746,-1.886133
1487,17.290697674418606,1910.0,17.9951171875,-16.58131,-3.905348
1488,17.302325581395348,1916.0,23.9951171875,-18.149323,-5.136333
1489,17.313953488372093,1907.0,14.9951171875,-17.267214,-5.324139
1490,17.325581395348838,1907.0,14.9951171875,-14.123471,-4.554811
1491,17.33720930232558,1901.0,8.9951171875,-9.466047,-3.293325
1492,17.348837209302324,1899.0,6.9951171875,-4.331213,-2.144464
1493,17.36046511627907,1905.0,12.9951171875,0.377425,-1.549247
1494,17.372093023255815,1899.0,6.9951171875,4.140812,-1.611437
1495,17.38372093023256,1900.0,7.9951171875,6.918855,-2.017009
1496,17.395348837209305,1891.0,-1.0048828125,9.03628,-2.168415
1497,17.406976744186046,1899.0,6.9951171875,10.837509,-1.529503
1498,17.41860465116279,1903.0,10.9951171875,12.3914,0.083024
1499,17.430232558139537,1901.0,8.9951171875,13.390784,2.358869
1500,17.441860465116278,1897.0,4.9951171875,13.334381,4.652202
1501,17.453488372093023,1904.0,11.9951171875,11.794803,6.234301
1502,17.46511627906977,1911.0,18.9951171875,8.649433,6.564258
1503,17.47674418604651,1909.0,16.9951171875,4.21905,5.533973
1504,17.488372093023255,1921.0,28.9951171875,-0.811166,3.479789
1505,17.5,1920.0,27.9951171875,-5.638614,1.038607
1506,17.511627906976745,1936.0,43.9951171875,-9.550356,-1.119392
1507,17.52325581395349,1927.0,34.9951171875,-12.109489,-2.515211
1508,17.53488372093023,1920.0,27.9951171875,-13.139359,-2.962481
1509,17.546511627906977,1920.0,27.9951171875,-12.653238,-2.572375
1510,17.558139534883722,1911.0,18.9951171875,-10.802481,-1.670504
1511,17.569767441860463,1933.0,40.9951171875,-7.849545,-0.666041
1512,17.58139534883721,1920.0,27.9951171875,-4.243887,0.012059
1513,17.593023255813954,1910.0,17.9951171875,-0.553694,0.06605
1514,17.604651162790695,1919.0,26.9951171875,2.619605,-0.578832
1515,17.61627906976744,1915.0,22.9951171875,4.741668,-1.822046
1516,17.62790697674419,1919.0,26.9951171875,5.605034,-3.289375
1517,17.63953488372093,1914.0,21.9951171875,5.383703,-4.498843
1518,17.651162790697676,1911.0,18.9951171875,4.621639,-4.902227
1519,17.66279069767442,1918.0,25.9951171875,3.956519,-4.126427
1520,17.674418604651162,1914.0,21.9951171875,3.830884,-2.152984
1521,17.686046511627907,1919.0,26.9951171875,4.298172,0.676798
1522,17.697674418604652,1919.0,26.9951171875,4.95669,3.695061
1523,17.709302325581394,1914.0,21.9951171875,5.142876,6.097993
1524,17.72093023255814,1925.0,32.9951171875,4.307809,7.256223
1525,17.732558139534884,1923.0,30.9951171875,2.265084,6.899676
1526,17.744186046511626,1925.0,32.9951171875,-0.660452,5.212938
1527,17.755813953488374,1916.0,23.9951171875,-3.702686,2.772837
1528,17.76744186046512,1927.0,34.9951171875,-5.964115,0.328413
1529,17.77906976744186,1922.0,29.9951171875,-6.800425,-1.525686
1530,17.790697674418606,1922.0,29.9951171875,-6.043452,-2.486409
1531,17.802325581395348,1920.0,27.9951171875,-4.034699,-2.624864
1532,17.813953488372093,1909.0,16.9951171875,-1.516043,-2.330914
1533,17.825581395348838,1914.0,21.9951171875,0.714079,-2.041943
1534,17.83720930232558,1911.0,18.9951171875,2.038916,-2.094625
1535,17.848837209302324,1920.0,27.9951171875,2.2667,-2.508263
1536,17.86046511627907,1904.0,11.9951171875,1.579686,-3.049788
1537,17.87209302325581,1902.0,9.9951171875,0.442253,-3.312373
1538,17.883720930232556,1920.0,27.9951171875,-0.581337,-2.892383
1539,17.895348837209305,1917.0,24.9951171875,-1.161245,-1.689675
1540,17.906976744186046,1933.0,40.9951171875,-1.174871,0.107535
1541,17.91860465116279,1927.0,34.9951171875,-0.834043,2.015221
1542,17.930232558139537,1946.0,53.9951171875,-0.450502,3.448167
1543,17.941860465116278,1947.0,54.9951171875,-0.343862,3.93643
1544,17.953488372093023,1954.0,61.9951171875,-0.623234,3.33153
1545,17.96511627906977,1949.0,56.9951171875,-1.112892,1.881071
1546,17.97674418604651,1946.0,53.9951171875,-1.445905,0.141345
1547,17.988372093023255,1950.0,57.9951171875,-1.171713,-1.222712
1548,18.0,1946.0,53.9951171875,-0.064684,-1.730745
1549,18.01162790697674,1952.0,59.9951171875,1.803581,-1.251814
1550,18.02325581395349,1939.0,46.9951171875,3.916153,-0.098105
1551,18.034883720930235,1943.0,50.9951171875,5.629049,1.197589
1552,18.046511627906977,1936.0,43.9951171875,6.283856,2.023169
1553,18.058139534883722,1946.0,53.9951171875,5.603163,2.035238
1554,18.069767441860467,1935.0,42.9951171875,3.735748,1.231882
1555,18.08139534883721,1925.0,32.9951171875,1.235785,-0.046029
1556,18.093023255813954,1921.0,28.9951171875,-1.15934,-1.243492
1557,18.104651162790695,1926.0,33.9951171875,-2.934723,-1.963189
1558,18.11627906976744,1911.0,18.9951171875,-3.929006,-2.052615
1559,18.127906976744185,1904.0,11.9951171875,-4.416412,-1.704005
1560,18.139534883720927,1910.0,17.9951171875,-4.806218,-1.258016
1561,18.151162790697676,1904.0,11.9951171875,-5.431917,-1.054049
1562,18.16279069767442,1915.0,22.9951171875,-6.234978,-1.180946
1563,18.174418604651162,1908.0,15.9951171875,-6.770664,-1.44657
1564,18.186046511627907,1911.0,18.9951171875,-6.359059,-1.447158
1565,18.197674418604652,1907.0,14.9951171875,-4.490737,-0.827888
1566,18.209302325581394,1921.0,28.9951171875,-1.138007,0.481702
1567,18.22093023255814,1915.0,22.9951171875,3.105248,2.163807
1568,18.232558139534884,1915.0,22.9951171875,7.186153,3.612382
1569,18.244186046511626,1919.0,26.9951171875,10.028058,4.215218
1570,18.25581395348837,1923.0,30.9951171875,10.875636,3.632792
1571,18.267441860465116,1919.0,26.9951171875,9.638817,1.992476
1572,18.27906976744186,1927.0,34.9951171875,6.855389,-0.130655
1573,18.290697674418606,1918.0,25.9951171875,3.455201,-1.965892
1574,18.30232558139535,1926.0,33.9951171875,0.359441,-2.88285
1575,18.313953488372093,1925.0,32.9951171875,-1.873267,-2.682809
1576,18.325581395348838,1918.0,25.9951171875,-3.180848,-1.679274
1577,18.337209302325583,1921.0,28.9951171875,-3.863503,-0.474771
1578,18.348837209302324,1915.0,22.9951171875,-4.364318,0.292618
1579,18.36046511627907,1919.0,26.9951171875,-5.00462,0.276701
1580,18.372093023255815,1898.0,5.9951171875,-5.799899,-0.422361
1581,18.383720930232556,1903.0,10.9951171875,-6.488311,-1.332158
1582,18.3953488372093,1904.0,11.9951171875,-6.679229,-1.893012
1583,18.406976744186046,1903.0,10.9951171875,-6.076108,-1.745154
1584,18.41860465116279,1904.0,11.9951171875,-4.598402,-0.913025
1585,18.430232558139537,1905.0,12.9951171875,-2.41866,0.242762
1586,18.441860465116278,1905.0,12.9951171875,0.13486,1.245194
1587,18.453488372093023,1909.0,16.9951171875,2.688496,1.733177
1588,18.46511627906977,1917.0,24.9951171875,4.938347,1.670146
1589,18.47674418604651,1907.0,14.9951171875,6.703876,1.314007
1590,18.488372093023255,1910.0,17.9951171875,7.936442,1.052171
1591,18.5,1917.0,24.9951171875,8.620829,1.143524
1592,18.51162790697674,1921.0,28.9951171875,8.71558,1.544114
1593,18.523255813953487,1914.0,21.9951171875,8.132813,1.939191
1594,18.534883720930235,1925.0,32.9951171875,6.776869,1.939634
1595,18.546511627906977,1918.0,25.9951171875,4.558992,1.280509
1596,18.558139534883722,1909.0,16.9951171875,1.479821,0.009698
1597,18.569767441860467,1917.0,24.9951171875,-2.2569,-1.487869
1598,18.58139534883721,1901.0,8.9951171875,-6.257141,-2.73021
1599,18.593023255813954,1899.0,6.9951171875,-9.927534,-3.338791
1600,18.6046511627907,1904.0,11.9951171875,-12.563106,-3.212508
1601,18.61627906976744,1903.0,10.9951171875,-13.539302,-2.573489
1602,18.627906976744185,1891.0,-1.0048828125,-12.49262,-1.799411
1603,18.63953488372093,1887.0,-5.0048828125,-9.467901,-1.196062
1604,18.651162790697672,1899.0,6.9951171875,-4.94756,-0.812545
1605,18.66279069767442,1890.0,-2.0048828125,0.141149,-0.511947
1606,18.674418604651166,1904.0,11.9951171875,4.73158,-0.053782
1607,18.686046511627907,1901.0,8.9951171875,7.880553,0.671184
1608,18.697674418604652,1904.0,11.9951171875,9.072277,1.534945
1609,18.709302325581397,1901.0,8.9951171875,8.369483,2.228946
1610,18.72093023255814,1904.0,11.9951171875,6.399111,2.462486
1611,18.732558139534884,1903.0,10.9951171875,4.093958,2.152197
1612,18.744186046511626,1909.0,16.9951171875,2.356081,1.508492
1613,18.75581395348837,1907.0,14.9951171875,1.72077,0.957808
1614,18.767441860465116,1897.0,4.9951171875,2.178666,0.859517
1615,18.779069767441857,1904.0,11.9951171875,3.239509,1.292406
1616,18.790697674418606,1904.0,11.9951171875,4.118784,1.927697
1617,18.80232558139535,1899.0,6.9951171875,4.097203,2.16879
1618,18.813953488372093,1887.0,-5.0048828125,2.815764,1.490288
1619,18.825581395348838,1891.0,-1.0048828125,0.398335,-0.257203
1620,18.837209302325583,1890.0,-2.0048828125,-2.617836,-2.670357
1621,18.848837209302324,1893.0,0.9951171875,-5.498785,-4.914818
1622,18.86046511627907,1894.0,1.9951171875,-7.592234,-6.099031
1623,18.872093023255815,1904.0,11.9951171875,-8.507158,-5.649374
1624,18.883720930232556,1899.0,6.9951171875,-8.23773,-3.667195
1625,18.8953488372093,1904.0,11.9951171875,-7.031266,-0.8109
1626,18.906976744186046,1899.0,6.9951171875,-5.295853,1.916091
1627,18.91860465116279,1895.0,2.9951171875,-3.388262,3.673522
1628,18.930232558139537,1913.0,20.9951171875,-1.535298,4.094456
1629,18.94186046511628,1913.0,20.9951171875,0.119588,3.341136
1630,18.953488372093023,1915.0,22.9951171875,1.509263,1.971495
1631,18.96511627906977,1925.0,32.9951171875,2.610404,0.6216
1632,18.976744186046513,1911.0,18.9951171875,3.412816,-0.318964
1633,18.988372093023255,1914.0,21.9951171875,3.974081,-0.769869
1634,19.0,1910.0,17.9951171875,4.422986,-0.913062
1635,19.011627906976745,1904.0,11.9951171875,4.904074,-0.977061
1636,19.023255813953487,1894.0,1.9951171875,5.53219,-1.030709
1637,19.03488372093023,1901.0,8.9951171875,6.250245,-0.977364
1638,19.046511627906973,1890.0,-2.0048828125,6.754259,-0.665627
1639,19.058139534883722,1893.0,0.9951171875,6.623339,-0.010279
1640,19.069767441860467,1888.0,-4.0048828125,5.42002,0.837313
1641,19.08139534883721,1889.0,-3.0048828125,3.011637,1.611789
1642,19.093023255813954,1891.0,-1.0048828125,-0.370853,1.989324
1643,19.1046511627907,1894.0,1.9951171875,-4.12691,1.776097
1644,19.11627906976744,1904.0,11.9951171875,-7.431836,1.04522
1645,19.127906976744185,1897.0,4.9951171875,-9.582406,0.052936
1646,19.13953488372093,1900.0,7.9951171875,-10.192692,-0.838919
1647,19.151162790697672,1904.0,11.9951171875,-9.350739,-1.389253
1648,19.162790697674417,1904.0,11.9951171875,-7.525648,-1.58655
1649,19.174418604651162,1911.0,18.9951171875,-5.298866,-1.560427
1650,19.186046511627907,1910.0,17.9951171875,-3.151237,-1.538927
1651,19.197674418604652,1909.0,16.9951171875,-1.26317,-1.648161
1652,19.209302325581397,1906.0,13.9951171875,0.458842,-1.85698
1653,19.22093023255814,1915.0,22.9951171875,2.223994,-1.969703
1654,19.232558139534884,1905.0,12.9951171875,4.162543,-1.748108
1655,19.24418604651163,1905.0,12.9951171875,6.199674,-1.027194
1656,19.25581395348837,1899.0,6.9951171875,8.034014,0.208685
1657,19.267441860465116,1895.0,2.9951171875,9.228772,1.750011
1658,19.27906976744186,1879.0,-13.0048828125,9.405041,3.270394
1659,19.290697674418603,1893.0,0.9951171875,8.372405,4.393085
1660,19.302325581395348,1888.0,-4.0048828125,6.141867,4.762044
1661,19.313953488372096,1883.0,-9.0048828125,2.965152,4.18796
1662,19.325581395348838,1888.0,-4.0048828125,-0.746676,2.689553
1663,19.337209302325583,1883.0,-9.0048828125,-4.47261,0.557234
1664,19.348837209302324,1891.0,-1.0048828125,-7.651629,-1.708972
1665,19.36046511627907,1888.0,-4.0048828125,-9.763582,-3.520071
1666,19.372093023255815,1904.0,11.9951171875,-10.456161,-4.419024
1667,19.383720930232556,1898.0,5.9951171875,-9.675471,-4.265987
1668,19.3953488372093,1899.0,6.9951171875,-7.626122,-3.257385
1669,19.406976744186046,1897.0,4.9951171875,-4.803936,-1.88032
1670,19.418604651162788,1911.0,18.9951171875,-1.762637,-0.708242
1671,19.430232558139533,1907.0,14.9951171875,0.989163,-0.145225
1672,19.44186046511628,1906.0,13.9951171875,3.243831,-0.192631
1673,19.453488372093023,1909.0,16.9951171875,5.043849,-0.494176
1674,19.46511627906977,1906.0,13.9951171875,6.558921,-0.525643
1675,19.476744186046513,1900.0,7.9951171875,7.854216,0.066114
1676,19.488372093023255,1899.0,6.9951171875,8.742018,1.26421
1677,19.5,1907.0,14.9951171875,8.809128,2.63929
1678,19.511627906976745,1887.0,-5.0048828125,7.575618,3.55308
1679,19.523255813953487,1897.0,4.9951171875,4.897755,3.554758
1680,19.53488372093023,1886.0,-6.0048828125,1.062231,2.591198
1681,19.546511627906977,1889.0,-3.0048828125,-3.116485,1.138337
1682,19.55813953488372,1877.0,-15.0048828125,-6.650166,-0.111073
1683,19.569767441860467,1885.0,-7.0048828125,-8.698746,-0.562891
1684,19.581395348837212,1885.0,-7.0048828125,-9.00824,-0.14554
1685,19.593023255813954,1887.0,-5.0048828125,-7.963284,0.631853
1686,19.6046511627907,1897.0,4.9951171875,-6.359348,0.953388
1687,19.616279069767444,1900.0,7.9951171875,-4.959311,0.142965
1688,19.627906976744185,1904.0,11.9951171875,-4.106442,-1.913416
1689,19.63953488372093,1901.0,8.9951171875,-3.553128,-4.602562
1690,19.651162790697676,1904.0,11.9951171875,-2.598486,-6.776538
1691,19.662790697674417,1911.0,18.9951171875,-0.568522,-7.317558
1692,19.674418604651162,1907.0,14.9951171875,2.764679,-5.664565
1693,19.686046511627904,1904.0,11.9951171875,6.921594,-2.138321
1694,19.697674418604652,1903.0,10.9951171875,10.852705,2.166799
1695,19.709302325581397,1915.0,22.9951171875,13.32816,5.818965
1696,19.72093023255814,1900.0,7.9951171875,13.458158,7.668848
1697,19.732558139534884,1903.0,10.9951171875,11.06982,7.307676
1698,19.74418604651163,1877.0,-15.0048828125,6.714219,5.157868
1699,19.75581395348837,1895.0,2.9951171875,1.495229,2.250601
1700,19.767441860465116,1875.0,-17.0048828125,-3.460008,-0.333792
1701,19.77906976744186,1886.0,-6.0048828125,-7.29201,-1.864324
1702,19.790697674418603,1875.0,-17.0048828125,-9.641456,-2.210985
1703,19.802325581395348,1879.0,-13.0048828125,-10.578761,-1.761319
1704,19.813953488372093,1878.0,-14.0048828125,-10.403513,-1.114316
1705,19.825581395348838,1872.0,-20.0048828125,-9.440326,-0.743367
1706,19.837209302325583,1877.0,-15.0048828125,-7.923165,-0.830463
1707,19.848837209302328,1878.0,-14.0048828125,-5.994967,-1.224401
1708,19.86046511627907,1886.0,-6.0048828125,-3.781502,-1.676317
1709,19.872093023255815,1891.0,-1.0048828125,-1.417552,-1.938644
1710,19.88372093023256,1895.0,2.9951171875,0.912487,-1.970961
1711,19.8953488372093,1902.0,9.9951171875,3.092419,-1.811767
1712,19.906976744186046,1903.0,10.9951171875,5.08599,-1.533362
1713,19.91860465116279,1903.0,10.9951171875,6.917226,-1.109579
1714,19.930232558139533,1909.0,16.9951171875,8.577504,-0.433189
1715,19.941860465116278,1904.0,11.9951171875,9.900224,0.577085
1716,19.953488372093023,1901.0,8.9951171875,10.546189,1.865431
1717,19.96511627906977,1911.0,18.9951171875,10.098699,3.151534
1718,19.976744186046513,1889.0,-3.0048828125,8.237631,4.017616
1719,19.988372093023255,1898.0,5.9951171875,4.982924,4.096447
1720,20.0,1877.0,-15.0048828125,0.732218,3.227936
1721,20.011627906976745,1890.0,-2.0048828125,-3.732448,1.634608
1722,20.023255813953487,1879.0,-13.0048828125,-7.572677,-0.195094
1723,20.03488372093023,1885.0,-7.0048828125,-10.140849,-1.699355
1724,20.046511627906977,1889.0,-3.0048828125,-11.178358,-2.443849
1725,20.05813953488372,1878.0,-14.0048828125,-10.865982,-2.370771
1726,20.069767441860463,1883.0,-9.0048828125,-9.632646,-1.738268
1727,20.081395348837212,1879.0,-13.0048828125,-7.905481,-0.98348
1728,20.093023255813954,1893.0,0.9951171875,-5.937505,-0.524345
1729,20.1046511627907,1891.0,-1.0048828125,-3.77615,-0.579702
1730,20.116279069767444,1892.0,-0.0048828125,-1.330873,-1.0806
1731,20.127906976744185,1898.0,5.9951171875,1.423594,-1.739742
1732,20.13953488372093,1903.0,10.9951171875,4.291048,-2.254044
1733,20.151162790697676,1897.0,4.9951171875,6.872036,-2.414345
1734,20.162790697674417,1915.0,22.9951171875,8.779199,-2.096316
1735,20.174418604651162,1905.0,12.9951171875,9.713375,-1.356604
1736,20.186046511627907,1898.0,5.9951171875,9.70327,-0.250871
1737,20.19767441860465,1905.0,12.9951171875,9.005268,1.157076
1738,20.209302325581397,1904.0,11.9951171875,7.921219,2.71964
1739,20.220930232558143,1901.0,8.9951171875,6.590805,4.211378
1740,20.232558139534884,1901.0,8.9951171875,4.90277,5.285083
1741,20.24418604651163,1904.0,11.9951171875,2.560106,5.561208
1742,20.255813953488374,1892.0,-0.0048828125,-0.671056,4.771495
1743,20.267441860465116,1892.0,-0.0048828125,-4.673104,2.966236
1744,20.27906976744186,1889.0,-3.0048828125,-8.898663,0.527834
1745,20.290697674418603,1895.0,2.9951171875,-12.42781,-1.893972
1746,20.302325581395348,1895.0,2.9951171875,-14.330108,-3.642703
1747,20.313953488372093,1897.0,4.9951171875,-14.034944,-4.33813
1748,20.325581395348834,1895.0,2.9951171875,-11.615417,-4.030861
1749,20.33720930232558,1891.0,-1.0048828125,-7.736433,-3.155159
1750,20.348837209302328,1894.0,1.9951171875,-3.388922,-2.308862
1751,20.36046511627907,1895.0,2.9951171875,0.518189,-1.928611
1752,20.372093023255815,1901.0,8.9951171875,3.493083,-2.086794
1753,20.38372093023256,1903.0,10.9951171875,5.573545,-2.444195
1754,20.3953488372093,1898.0,5.9951171875,7.125198,-2.519492
1755,20.406976744186046,1897.0,4.9951171875,8.552446,-1.900972
1756,20.41860465116279,1894.0,1.9951171875,9.96336,-0.551027
1757,20.430232558139533,1900.0,7.9951171875,11.068657,1.199254
1758,20.441860465116278,1905.0,12.9951171875,11.351792,2.819243
1759,20.453488372093023,1907.0,14.9951171875,10.330281,3.849757
1760,20.465116279069765,1899.0,6.9951171875,7.848855,4.139864
1761,20.476744186046513,1904.0,11.9951171875,4.246039,3.922936
1762,20.48837209302326,1904.0,11.9951171875,0.161115,3.565663
1763,20.5,1901.0,8.9951171875,-3.673228,3.366234
1764,20.511627906976745,1905.0,12.9951171875,-6.723985,3.347891
1765,20.52325581395349,1904.0,11.9951171875,-8.816908,3.190732
1766,20.53488372093023,1901.0,8.9951171875,-10.095275,2.439762
1767,20.546511627906977,1904.0,11.9951171875,-10.784093,0.796065
1768,20.558139534883722,1904.0,11.9951171875,-11.035996,-1.682325
1769,20.569767441860463,1901.0,8.9951171875,-10.770458,-4.505926
1770,20.58139534883721,1900.0,7.9951171875,-9.735194,-6.946453
1771,20.59302325581395,1908.0,15.9951171875,-7.656583,-8.294926
1772,20.6046511627907,1901.0,8.9951171875,-4.457195,-8.16306
1773,20.616279069767444,1905.0,12.9951171875,-0.343941,-6.583427
1774,20.627906976744185,1906.0,13.9951171875,4.190474,-3.974775
1775,20.63953488372093,1910.0,17.9951171875,8.464776,-0.950866
1776,20.651162790697676,1909.0,16.9951171875,11.800774,1.882817
1777,20.662790697674417,1904.0,11.9951171875,13.689371,4.133727
1778,20.674418604651162,1914.0,21.9951171875,13.888654,5.601999
1779,20.686046511627907,1911.0,18.9951171875,12.433336,6.262546
1780,20.69767441860465,1921.0,28.9951171875,9.623869,6.178206
1781,20.709302325581394,1916.0,23.9951171875,5.925796,5.452527
1782,20.72093023255814,1919.0,26.9951171875,1.904121,4.202822
1783,20.732558139534884,1920.0,27.9951171875,-1.874324,2.619112
1784,20.74418604651163,1921.0,28.9951171875,-4.983069,0.926698
1785,20.755813953488374,1923.0,30.9951171875,-7.185039,-0.655369
1786,20.767441860465116,1917.0,24.9951171875,-8.476014,-1.965465
1787,20.77906976744186,1910.0,17.9951171875,-9.002443,-2.943141
1788,20.790697674418606,1917.0,24.9951171875,-8.984061,-3.635513
1789,20.802325581395348,1918.0,25.9951171875,-8.552593,-4.115401
1790,20.813953488372093,1905.0,12.9951171875,-7.72235,-4.41428
1791,20.825581395348838,1907.0,14.9951171875,-6.383439,-4.463952
1792,20.83720930232558,1904.0,11.9951171875,-4.422919,-4.130142
1793,20.848837209302324,1907.0,14.9951171875,-1.866391,-3.288077
1794,20.860465116279073,1911.0,18.9951171875,1.062522,-1.912889
1795,20.872093023255815,1906.0,13.9951171875,3.924725,-0.140033
1796,20.88372093023256,1930.0,37.9951171875,6.2744,1.776217
1797,20.8953488372093,1919.0,26.9951171875,7.70483,3.509076
1798,20.906976744186046,1950.0,57.9951171875,8.104301,4.782053
1799,20.91860465116279,1935.0,42.9951171875,7.546708,5.414447
1800,20.930232558139533,1953.0,60.9951171875,6.365551,5.400354
1801,20.941860465116278,1952.0,59.9951171875,4.871668,4.793884
1802,20.953488372093023,1952.0,59.9951171875,3.287465,3.689907
1803,20.965116279069765,1957.0,64.9951171875,1.695969,2.181967
1804,20.97674418604651,1949.0,56.9951171875,0.066041,0.371758
1805,20.98837209302326,1954.0,61.9951171875,-1.612233,-1.599061
1806,21.0,1953.0,60.9951171875,-3.261222,-3.50221
1807,21.011627906976745,1945.0,52.9951171875,-4.650225,-5.057494
1808,21.02325581395349,1922.0,29.9951171875,-5.53509,-5.980841
1809,21.03488372093023,1936.0,43.9951171875,-5.662113,-6.051241
1810,21.046511627906977,1918.0,25.9951171875,-5.027688,-5.274195
1811,21.058139534883722,1919.0,26.9951171875,-3.786485,-3.803908
1812,21.069767441860463,1918.0,25.9951171875,-2.293019,-1.962985
1813,21.08139534883721,1914.0,21.9951171875,-0.916258,-0.091735
1814,21.093023255813954,1910.0,17.9951171875,0.073343,1.540229
1815,21.104651162790695,1917.0,24.9951171875,0.595019,2.798812
1816,21.116279069767444,1915.0,22.9951171875,0.750221,3.650278
1817,21.12790697674419,1915.0,22.9951171875,0.752139,4.140987
1818,21.13953488372093,1921.0,28.9951171875,0.820933,4.304526
1819,21.151162790697676,1923.0,30.9951171875,1.068104,4.142583
1820,21.16279069767442,1929.0,36.9951171875,1.487824,3.608763
1821,21.174418604651162,1927.0,34.9951171875,1.982279,2.708392
1822,21.186046511627907,1935.0,42.9951171875,2.427344,1.536698
1823,21.19767441860465,1935.0,42.9951171875,2.715307,0.25451
1824,21.209302325581394,1927.0,34.9951171875,2.7912,-0.926507
1825,21.22093023255814,1939.0,46.9951171875,2.695858,-1.806424
1826,21.23255813953488,1930.0,37.9951171875,2.417291,-2.347337
1827,21.24418604651163,1936.0,43.9951171875,1.980864,-2.612324
1828,21.255813953488374,1927.0,34.9951171875,1.319033,-2.790353
1829,21.267441860465116,1925.0,32.9951171875,0.454553,-2.982868
1830,21.27906976744186,1921.0,28.9951171875,-0.5875,-3.200329
1831,21.290697674418606,1920.0,27.9951171875,-1.667318,-3.297448
1832,21.302325581395348,1916.0,23.9951171875,-2.629818,-3.046832
1833,21.313953488372093,1907.0,14.9951171875,-3.326819,-2.266765
1834,21.325581395348838,1917.0,24.9951171875,-3.682814,-0.946606
1835,21.33720930232558,1920.0,27.9951171875,-3.773426,0.680689
1836,21.348837209302324,1913.0,20.9951171875,-3.746419,2.192786
1837,21.36046511627907,1914.0,21.9951171875,-3.729915,3.206945
1838,21.372093023255815,1923.0,30.9951171875,-3.732003,3.476506
1839,21.38372093023256,1921.0,28.9951171875,-3.618033,3.040207
1840,21.395348837209305,1930.0,37.9951171875,-3.129579,2.172891
1841,21.406976744186046,1923.0,30.9951171875,-2.034932,1.262643
1842,21.41860465116279,1934.0,41.9951171875,-0.24034,0.622957
1843,21.430232558139537,1932.0,39.9951171875,2.077779,0.345762
1844,21.441860465116278,1936.0,43.9951171875,4.555509,0.32909
1845,21.453488372093023,1931.0,38.9951171875,6.729486,0.3396
1846,21.46511627906977,1930.0,37.9951171875,8.228536,0.2239
1847,21.47674418604651,1939.0,46.9951171875,8.921752,-0.033324
1848,21.488372093023255,1936.0,43.9951171875,8.815526,-0.326706
1849,21.5,1936.0,43.9951171875,8.055853,-0.493373
1850,21.511627906976745,1929.0,36.9951171875,6.677038,-0.483038
1851,21.52325581395349,1930.0,37.9951171875,4.630121,-0.397347
1852,21.53488372093023,1920.0,27.9951171875,1.746389,-0.459191
1853,21.546511627906977,1915.0,22.9951171875,-2.020573,-0.861897
1854,21.558139534883722,1921.0,28.9951171875,-6.413314,-1.595101
1855,21.569767441860463,1922.0,29.9951171875,-10.83328,-2.459427
1856,21.58139534883721,1931.0,38.9951171875,-14.380574,-3.09911
1857,21.593023255813954,1926.0,33.9951171875,-16.18572,-3.21706
1858,21.604651162790695,1925.0,32.9951171875,-15.665563,-2.692082
1859,21.61627906976744,1929.0,36.9951171875,-12.80677,-1.671603
1860,21.627906976744185,1933.0,40.9951171875,-8.179209,-0.510055
1861,21.63953488372093,1935.0,42.9951171875,-2.719691,0.4734
1862,21.651162790697676,1941.0,48.9951171875,2.610436,1.163371
1863,21.66279069767442,1937.0,44.9951171875,7.080678,1.667878
1864,21.674418604651162,1945.0,52.9951171875,10.415118,2.302483
1865,21.686046511627907,1942.0,49.9951171875,12.628473,3.261215
1866,21.697674418604652,1941.0,48.9951171875,13.858284,4.455508
1867,21.709302325581394,1947.0,54.9951171875,14.178086,5.503436
1868,21.72093023255814,1941.0,48.9951171875,13.476788,5.815387
1869,21.732558139534884,1938.0,45.9951171875,11.563802,4.902409
1870,21.744186046511626,1939.0,46.9951171875,8.349713,2.672159
1871,21.75581395348837,1943.0,50.9951171875,4.032006,-0.478099
1872,21.76744186046512,1941.0,48.9951171875,-0.88998,-3.794266
1873,21.77906976744186,1936.0,43.9951171875,-5.682745,-6.422805
1874,21.790697674418606,1931.0,38.9951171875,-9.616059,-7.755734
1875,21.80232558139535,1934.0,41.9951171875,-12.167076,-7.607921
1876,21.813953488372093,1937.0,44.9951171875,-13.177085,-6.248566
1877,21.825581395348838,1927.0,34.9951171875,-12.824013,-4.229284
1878,21.83720930232558,1924.0,31.9951171875,-11.46252,-2.093699
1879,21.848837209302324,1923.0,30.9951171875,-9.468485,-0.21094
1880,21.86046511627907,1921.0,28.9951171875,-7.096591,1.301089
1881,21.87209302325581,1935.0,42.9951171875,-4.451854,2.500391
1882,21.883720930232556,1936.0,43.9951171875,-1.576943,3.453687
1883,21.895348837209305,1934.0,41.9951171875,1.469816,4.159851
1884,21.906976744186046,1939.0,46.9951171875,4.528391,4.515912
1885,21.91860465116279,1938.0,45.9951171875,7.325194,4.399873
1886,21.930232558139537,1942.0,49.9951171875,9.538389,3.761019
1887,21.941860465116278,1936.0,43.9951171875,10.886865,2.705182
1888,21.953488372093023,1943.0,50.9951171875,11.227094,1.482888
1889,21.96511627906977,1937.0,44.9951171875,10.548054,0.340763
1890,21.97674418604651,1938.0,45.9951171875,8.958479,-0.559249
1891,21.988372093023255,1937.0,44.9951171875,6.643724,-1.18941
1892,22.0,1936.0,43.9951171875,3.81119,-1.647454
1893,22.01162790697674,1931.0,38.9951171875,0.659359,-2.093357
1894,22.02325581395349,1937.0,44.9951171875,-2.581871,-2.58321
1895,22.034883720930235,1931.0,38.9951171875,-5.662676,-3.078103
1896,22.046511627906977,1927.0,34.9951171875,-8.277228,-3.395196
1897,22.058139534883722,1936.0,43.9951171875,-10.080348,-3.312045
1898,22.069767441860467,1927.0,34.9951171875,-10.795069,-2.702785
1899,22.08139534883721,1924.0,31.9951171875,-10.272708,-1.585852
1900,22.093023255813954,1926.0,33.9951171875,-8.59294,-0.194004
1901,22.1046511627907,1926.0,33.9951171875,-6.065163,1.114018
1902,22.11627906976744,1921.0,28.9951171875,-3.192207,1.950873
1903,22.127906976744185,1922.0,29.9951171875,-0.484703,2.090873
1904,22.139534883720927,1934.0,41.9951171875,1.692008,1.549343
1905,22.151162790697676,1933.0,40.9951171875,3.229033,0.622317
1906,22.16279069767442,1929.0,36.9951171875,4.300716,-0.225642
1907,22.174418604651162,1931.0,38.9951171875,5.226308,-0.524358
1908,22.186046511627907,1936.0,43.9951171875,6.284662,-0.019736
1909,22.197674418604652,1935.0,42.9951171875,7.474747,1.179712
1910,22.209302325581394,1926.0,33.9951171875,8.483025,2.615149
1911,22.22093023255814,1922.0,29.9951171875,8.75822,3.647083
1912,22.232558139534884,1920.0,27.9951171875,7.771694,3.719377
1913,22.244186046511626,1926.0,33.9951171875,5.30383,2.629493
1914,22.25581395348837,1927.0,34.9951171875,1.616304,0.633569
1915,22.267441860465116,1921.0,28.9951171875,-2.55505,-1.606195
1916,22.27906976744186,1929.0,36.9951171875,-6.23783,-3.290314
1917,22.290697674418606,1923.0,30.9951171875,-8.623459,-3.888041
1918,22.30232558139535,1921.0,28.9951171875,-9.319203,-3.314682
1919,22.313953488372093,1937.0,44.9951171875,-8.479152,-1.982826
1920,22.325581395348838,1918.0,25.9951171875,-6.746876,-0.64451
1921,22.337209302325583,1923.0,30.9951171875,-4.82505,0.071438
1922,22.348837209302324,1919.0,26.9951171875,-3.229186,-0.093636
1923,22.36046511627907,1919.0,26.9951171875,-2.057558,-0.879656
1924,22.372093023255815,1921.0,28.9951171875,-1.046755,-1.676058
1925,22.383720930232556,1931.0,38.9951171875,0.156232,-1.873152
1926,22.3953488372093,1933.0,40.9951171875,1.760425,-1.218919
1927,22.40697674418605,1922.0,29.9951171875,3.567686,0.018362
1928,22.41860465116279,1927.0,34.9951171875,5.161208,1.238872
1929,22.430232558139537,1927.0,34.9951171875,5.989252,1.770813
1930,22.441860465116278,1924.0,31.9951171875,5.773813,1.324185
1931,22.453488372093023,1923.0,30.9951171875,4.64996,0.180065
1932,22.46511627906977,1923.0,30.9951171875,3.132476,-0.922537
1933,22.47674418604651,1929.0,36.9951171875,1.881593,-1.149823
1934,22.488372093023255,1919.0,26.9951171875,1.314636,-0.059283
1935,22.5,1920.0,27.9951171875,1.433332,2.141095
1936,22.51162790697674,1909.0,16.9951171875,1.766264,4.608851
1937,22.523255813953487,1921.0,28.9951171875,1.647573,6.220302
1938,22.534883720930235,1923.0,30.9951171875,0.491215,6.057755
1939,22.546511627906977,1920.0,27.9951171875,-1.77606,3.886686
1940,22.558139534883722,1920.0,27.9951171875,-4.693785,0.284652
1941,22.569767441860467,1926.0,33.9951171875,-7.386354,-3.598637
1942,22.58139534883721,1919.0,26.9951171875,-8.945838,-6.505558
1943,22.593023255813954,1924.0,31.9951171875,-8.781961,-7.583694
1944,22.6046511627907,1930.0,37.9951171875,-6.883396,-6.701323
1945,22.61627906976744,1919.0,26.9951171875,-3.78397,-4.414521
1946,22.627906976744185,1925.0,32.9951171875,-0.313994,-1.665225
1947,22.63953488372093,1934.0,41.9951171875,2.698484,0.624761
1948,22.651162790697672,1926.0,33.9951171875,4.710787,1.883403
1949,22.66279069767442,1916.0,23.9951171875,5.593056,2.068962
1950,22.674418604651166,1917.0,24.9951171875,5.570313,1.538597
1951,22.686046511627907,1919.0,26.9951171875,4.9973,0.785785
1952,22.697674418604652,1911.0,18.9951171875,4.193556,0.1862
1953,22.709302325581397,1919.0,26.9951171875,3.351184,-0.059527
1954,22.72093023255814,1909.0,16.9951171875,2.480307,-0.005137
1955,22.732558139534884,1904.0,11.9951171875,1.585912,0.262915
1956,22.74418604651163,1904.0,11.9951171875,0.681346,0.667211
1957,22.75581395348837,1901.0,8.9951171875,-0.147306,1.20487
1958,22.767441860465116,1903.0,10.9951171875,-0.816049,1.852377
1959,22.779069767441857,1904.0,11.9951171875,-1.312366,2.481903
1960,22.790697674418603,1905.0,12.9951171875,-1.744252,2.838915
1961,22.80232558139535,1898.0,5.9951171875,-2.297772,2.586491
1962,22.813953488372093,1915.0,22.9951171875,-3.092344,1.52392
1963,22.825581395348838,1904.0,11.9951171875,-4.118515,-0.310744
1964,22.837209302325583,1909.0,16.9951171875,-5.058708,-2.458395
1965,22.848837209302324,1907.0,14.9951171875,-5.415274,-4.191171
1966,22.86046511627907,1909.0,16.9951171875,-4.703995,-4.796148
1967,22.872093023255815,1904.0,11.9951171875,-2.715052,-3.873554
1968,22.883720930232556,1915.0,22.9951171875,0.332937,-1.581158
1969,22.8953488372093,1911.0,18.9951171875,3.711396,1.297825
1970,22.906976744186046,1905.0,12.9951171875,6.454582,3.671309
1971,22.918604651162788,1907.0,14.9951171875,7.672516,4.555896
1972,22.930232558139537,1904.0,11.9951171875,6.94506,3.497006
1973,22.94186046511628,1904.0,11.9951171875,4.505517,0.809876
1974,22.953488372093023,1901.0,8.9951171875,1.192835,-2.507217
1975,22.96511627906977,1901.0,8.9951171875,-1.875018,-5.19939
1976,22.976744186046513,1885.0,-7.0048828125,-3.751802,-6.223672
1977,22.988372093023255,1891.0,-1.0048828125,-3.976098,-5.180425
1978,23.0,1881.0,-11.0048828125,-2.799798,-2.484879
1979,23.011627906976745,1879.0,-13.0048828125,-0.983982,0.843771
1980,23.023255813953487,1877.0,-15.0048828125,0.522013,3.640872
1981,23.03488372093023,1879.0,-13.0048828125,1.02681,5.05044
1982,23.046511627906977,1876.0,-16.0048828125,0.344834,4.84513
1983,23.058139534883722,1879.0,-13.0048828125,-1.14689,3.427655
1984,23.069767441860467,1887.0,-5.0048828125,-2.709425,1.585313
1985,23.08139534883721,1887.0,-5.0048828125,-3.611039,0.085904
1986,23.093023255813954,1887.0,-5.0048828125,-3.39762,-0.634242
1987,23.1046511627907,1889.0,-3.0048828125,-2.07707,-0.588291
1988,23.11627906976744,1882.0,-10.0048828125,-0.062627,-0.155777
1989,23.127906976744185,1885.0,-7.0048828125,2.058768,0.222408
1990,23.13953488372093,1881.0,-11.0048828125,3.741336,0.239072
1991,23.151162790697672,1883.0,-9.0048828125,4.665889,-0.118325
1992,23.162790697674417,1873.0,-19.0048828125,4.774606,-0.655601
1993,23.174418604651162,1874.0,-18.0048828125,4.203409,-1.115277
1994,23.186046511627907,1863.0,-29.0048828125,3.162517,-1.349949
1995,23.197674418604652,1874.0,-18.0048828125,1.853939,-1.371466
1996,23.209302325581397,1872.0,-20.0048828125,0.393213,-1.342375
1997,23.22093023255814,1867.0,-25.0048828125,-1.114992,-1.426872
1998,23.232558139534884,1872.0,-20.0048828125,-2.556031,-1.646545
1999,23.24418604651163,1855.0,-37.0048828125,-3.804291,-1.904148
2000,23.25581395348837,1872.0,-20.0048828125,-4.675843,-1.934802
2001,23.267441860465116,1870.0,-22.0048828125,-5.046785,-1.535599
2002,23.27906976744186,1865.0,-27.0048828125,-4.855898,-0.637626
2003,23.290697674418603,1862.0,-30.0048828125,-4.130278,0.635372
2004,23.302325581395348,1870.0,-22.0048828125,-2.972675,2.000834
2005,23.313953488372096,1868.0,-24.0048828125,-1.536905,3.104646
2006,23.325581395348838,1871.0,-21.0048828125,0.034754,3.670741
2007,23.337209302325583,1874.0,-18.0048828125,1.589885,3.571266
2008,23.348837209302328,1874.0,-18.0048828125,2.989229,2.851576
2009,23.36046511627907,1872.0,-20.0048828125,4.111161,1.737443
2010,23.372093023255815,1876.0,-16.0048828125,4.850638,0.513121
2011,23.383720930232556,1875.0,-17.0048828125,5.153384,-0.51357
2012,23.3953488372093,1882.0,-10.0048828125,5.014452,-1.139755
2013,23.406976744186046,1871.0,-21.0048828125,4.446688,-1.343574
2014,23.418604651162788,1861.0,-31.0048828125,3.51429,-1.252255
2015,23.430232558139533,1871.0,-21.0048828125,2.292798,-1.112693
2016,23.44186046511628,1857.0,-35.0048828125,0.833162,-1.187302
2017,23.453488372093023,1861.0,-31.0048828125,-0.790014,-1.632376
2018,23.46511627906977,1859.0,-33.0048828125,-2.462315,-2.358809
2019,23.476744186046513,1853.0,-39.0048828125,-4.021679,-3.083069
2020,23.488372093023255,1872.0,-20.0048828125,-5.230361,-3.349641
2021,23.5,1856.0,-36.0048828125,-5.895051,-2.838782
2022,23.511627906976745,1862.0,-30.0048828125,-5.852626,-1.404682
2023,23.523255813953487,1858.0,-34.0048828125,-5.11305,0.678773
2024,23.53488372093023,1856.0,-36.0048828125,-3.820441,2.885916
2025,23.546511627906977,1859.0,-33.0048828125,-2.245143,4.551214
2026,23.55813953488372,1860.0,-32.0048828125,-0.699537,5.149935
2027,23.569767441860467,1858.0,-34.0048828125,0.59837,4.539288
2028,23.581395348837212,1865.0,-27.0048828125,1.560226,2.97044
2029,23.593023255813954,1867.0,-25.0048828125,2.230898,0.999418
2030,23.6046511627907,1872.0,-20.0048828125,2.756871,-0.769152
2031,23.616279069767444,1860.0,-32.0048828125,3.281425,-1.878156
2032,23.627906976744185,1873.0,-19.0048828125,3.900713,-2.192165
2033,23.63953488372093,1872.0,-20.0048828125,4.568218,-1.867189
2034,23.651162790697676,1867.0,-25.0048828125,5.155966,-1.222315
2035,23.662790697674417,1868.0,-24.0048828125,5.466621,-0.56833
2036,23.674418604651162,1863.0,-29.0048828125,5.269917,-0.118742
2037,23.686046511627904,1869.0,-23.0048828125,4.387648,0.061437
2038,23.697674418604652,1856.0,-36.0048828125,2.717976,-0.034706
2039,23.709302325581397,1861.0,-31.0048828125,0.322952,-0.377876
2040,23.72093023255814,1853.0,-39.0048828125,-2.600024,-0.974161
2041,23.732558139534884,1865.0,-27.0048828125,-5.656597,-1.786294
2042,23.74418604651163,1863.0,-29.0048828125,-8.347664,-2.692325
2043,23.75581395348837,1858.0,-34.0048828125,-10.113215,-3.39992
2044,23.767441860465116,1857.0,-35.0048828125,-10.477541,-3.511927
2045,23.77906976744186,1857.0,-35.0048828125,-9.217189,-2.698876
2046,23.790697674418603,1847.0,-45.0048828125,-6.431633,-0.846792
2047,23.802325581395348,1869.0,-23.0048828125,-2.556043,1.830734
