muestra,tiempo_ms,adc,adc_centrado,adc_filtrado,residual
0,0.0,1936.0,43.20703125,0.026329,0.02845
1,0.011627906976744186,1937.0,44.20703125,0.040098,0.045351
2,0.023255813953488372,1937.0,44.20703125,0.035317,0.036687
3,0.03488372093023256,1938.0,45.20703125,0.01558,0.016078
4,0.046511627906976744,1942.0,49.20703125,-0.007531,-0.016258
5,0.058139534883720936,1942.0,49.20703125,-0.026037,-0.036401
6,0.06976744186046512,1951.0,58.20703125,-0.02854,-0.043359
7,0.0813953488372093,1943.0,50.20703125,-0.031687,-0.043217
8,0.09302325581395349,1958.0,65.20703125,-0.032461,-0.043884
9,0.10465116279069767,1952.0,59.20703125,-0.061034,-0.067571
10,0.11627906976744187,1968.0,75.20703125,-0.108807,-0.117157
11,0.12790697674418605,1957.0,64.20703125,-0.185929,-0.196796
12,0.13953488372093023,1973.0,80.20703125,-0.249445,-0.260857
13,0.1511627906976744,1970.0,77.20703125,-0.286694,-0.286062
14,0.1627906976744186,1975.0,82.20703125,-0.278408,-0.260918
15,0.1744186046511628,1975.0,82.20703125,-0.237204,-0.194172
16,0.18604651162790697,1978.0,85.20703125,-0.189254,-0.120522
17,0.19767441860465115,1981.0,88.20703125,-0.164992,-0.069729
18,0.20930232558139533,1984.0,91.20703125,-0.174998,-0.064022
19,0.22093023255813954,1978.0,85.20703125,-0.203148,-0.085199
20,0.23255813953488375,1970.0,77.20703125,-0.202295,-0.084147
21,0.2441860465116279,1971.0,78.20703125,-0.120145,0.003997
22,0.2558139534883721,1970.0,77.20703125,0.051245,0.187182
23,0.2674418604651163,1968.0,75.20703125,0.268759,0.419368
24,0.27906976744186046,1968.0,75.20703125,0.455803,0.606003
25,0.29069767441860467,1973.0,80.20703125,0.543904,0.674197
26,0.3023255813953488,1968.0,75.20703125,0.505074,0.584131
27,0.313953488372093,1968.0,75.20703125,0.391629,0.398586
28,0.3255813953488372,1966.0,73.20703125,0.294493,0.227793
29,0.3372093023255814,1968.0,75.20703125,0.292829,0.163912
30,0.3488372093023256,1965.0,72.20703125,0.385768,0.223226
31,0.3604651162790698,1965.0,72.20703125,0.488183,0.309382
32,0.37209302325581395,1968.0,75.20703125,0.46714,0.277851
33,0.38372093023255816,1968.0,75.20703125,0.220684,0.004002
34,0.3953488372093023,1963.0,70.20703125,-0.243472,-0.497536
35,0.4069767441860465,1962.0,69.20703125,-0.784518,-1.08019
36,0.41860465116279066,1965.0,72.20703125,-1.200179,-1.502779
37,0.43023255813953487,1961.0,68.20703125,-1.34814,-1.597299
38,0.4418604651162791,1961.0,68.20703125,-1.225126,-1.351814
39,0.4534883720930233,1959.0,66.20703125,-0.990507,-0.953202
40,0.4651162790697675,1960.0,67.20703125,-0.866746,-0.665118
41,0.4767441860465116,1957.0,64.20703125,-0.998321,-0.673136
42,0.4883720930232558,1961.0,68.20703125,-1.322911,-0.931708
43,0.5,1959.0,66.20703125,-1.58822,-1.161923
44,0.5116279069767442,1958.0,65.20703125,-1.471514,-1.004656
45,0.5232558139534884,1957.0,64.20703125,-0.7875,-0.236965
46,0.5348837209302326,1961.0,68.20703125,0.366452,1.039676
47,0.5465116279069767,1959.0,66.20703125,1.608918,2.389606
48,0.5581395348837209,1957.0,64.20703125,2.474778,3.272603
49,0.5697674418604651,1957.0,64.20703125,2.683714,3.346539
50,0.5813953488372093,1957.0,64.20703125,2.329652,2.706808
51,0.5930232558139535,1957.0,64.20703125,1.858506,1.862543
52,0.6046511627906976,1949.0,56.20703125,1.802339,1.462599
53,0.6162790697674418,1952.0,59.20703125,2.426288,1.850029
54,0.627906976744186,1950.0,57.20703125,3.437578,2.749041
55,0.6395348837209301,1947.0,54.20703125,4.03145,3.265496
56,0.6511627906976744,1937.0,44.20703125,3.253977,2.321139
57,0.6627906976744186,1946.0,53.20703125,0.574956,-0.711171
58,0.6744186046511628,1942.0,49.20703125,-3.708317,-5.490283
59,0.686046511627907,1942.0,49.20703125,-8.365639,-10.586576
60,0.6976744186046512,1936.0,43.20703125,-11.658948,-13.958879
61,0.7093023255813954,1937.0,44.20703125,-12.062301,-13.796254
62,0.7209302325581396,1936.0,43.20703125,-9.00577,-9.43416
63,0.7325581395348838,1936.0,43.20703125,-3.221007,-1.785138
64,0.7441860465116279,1931.0,38.20703125,3.473131,6.874273
65,0.7558139534883721,1930.0,37.20703125,8.898419,13.773285
66,0.7674418604651163,1930.0,37.20703125,11.395673,16.750969
67,0.7790697674418604,1936.0,43.20703125,10.473997,15.086304
68,0.7906976744186046,1920.0,27.20703125,6.898612,9.696156
69,0.8023255813953488,1920.0,27.20703125,2.28914,2.680315
70,0.813953488372093,1918.0,25.20703125,-1.683552,-3.650071
71,0.8255813953488372,1919.0,26.20703125,-3.971373,-7.692146
72,0.8372093023255813,1918.0,25.20703125,-4.454644,-9.012072
73,0.8488372093023255,1920.0,27.20703125,-3.749028,-8.237614
74,0.8604651162790697,1919.0,26.20703125,-2.706669,-6.472739
75,0.872093023255814,1935.0,42.20703125,-1.884711,-4.6279
76,0.8837209302325582,1916.0,23.20703125,-1.353911,-3.052508
77,0.8953488372093024,1918.0,25.20703125,-0.750007,-1.503723
78,0.9069767441860466,1911.0,18.20703125,0.286634,0.415347
79,0.9186046511627908,1911.0,18.20703125,1.778241,2.825778
80,0.930232558139535,1909.0,16.20703125,3.275095,5.343755
81,0.9418604651162791,1904.0,11.20703125,4.068545,7.197483
82,0.9534883720930232,1903.0,10.20703125,3.602631,7.646678
83,0.9651162790697674,1909.0,16.20703125,1.830293,6.389538
84,0.9767441860465116,1905.0,12.20703125,-0.70376,3.75126
85,0.9883720930232557,1904.0,11.20703125,-3.071592,0.563385
86,1.0,1903.0,10.20703125,-4.409991,-2.258094
87,1.0116279069767442,1904.0,11.20703125,-4.323085,-4.10377
88,1.0232558139534884,1904.0,11.20703125,-3.044881,-4.905806
89,1.0348837209302326,1903.0,10.20703125,-1.273608,-5.028224
90,1.0465116279069768,1906.0,13.20703125,0.215303,-4.956691
91,1.0581395348837208,1906.0,13.20703125,0.948952,-4.939565
92,1.0697674418604652,1920.0,27.20703125,0.960723,-4.839477
93,1.0813953488372092,1903.0,10.20703125,0.651324,-4.263135
94,1.0930232558139534,1930.0,37.20703125,0.569462,-2.810315
95,1.1046511627906976,1925.0,32.20703125,0.976195,-0.448788
96,1.1162790697674418,1948.0,55.20703125,1.777088,2.415047
97,1.127906976744186,1938.0,45.20703125,2.516596,5.024455
98,1.1395348837209303,1935.0,42.20703125,2.715803,6.658019
99,1.1511627906976745,1936.0,43.20703125,2.127694,6.927456
100,1.1627906976744187,1919.0,26.20703125,0.870002,5.94965
101,1.1744186046511629,1925.0,32.20703125,-0.600224,4.239938
102,1.186046511627907,1893.0,0.20703125,-1.793147,2.43607
103,1.197674418604651,1904.0,11.20703125,-2.346036,0.996734
104,1.2093023255813953,1870.0,-22.79296875,-2.283472,0.020042
105,1.2209302325581395,1882.0,-10.79296875,-1.840787,-0.708028
106,1.2325581395348837,1844.0,-48.79296875,-1.400082,-1.489209
107,1.244186046511628,1856.0,-36.79296875,-1.132284,-2.47884
108,1.255813953488372,1840.0,-52.79296875,-1.015788,-3.533371
109,1.2674418604651163,1836.0,-56.79296875,-0.809991,-4.332005
110,1.2790697674418603,1825.0,-67.79296875,-0.280985,-4.525018
111,1.2906976744186047,1824.0,-68.79296875,0.63078,-3.988301
112,1.3023255813953487,1837.0,-55.79296875,1.719008,-2.908436
113,1.3139534883720931,1825.0,-67.79296875,2.568965,-1.693916
114,1.3255813953488371,1850.0,-42.79296875,2.837548,-0.75437
115,1.3372093023255816,1847.0,-45.79296875,2.371911,-0.243973
116,1.3488372093023255,1901.0,8.20703125,1.400909,-0.025218
117,1.36046511627907,1877.0,-15.79296875,0.291633,0.261418
118,1.372093023255814,1947.0,54.20703125,-0.451558,0.951394
119,1.383720930232558,1919.0,26.20703125,-0.672097,2.099251
120,1.3953488372093024,1980.0,87.20703125,-0.396233,3.433828
121,1.4069767441860463,1955.0,62.20703125,-0.014754,4.424628
122,1.4186046511627908,1997.0,104.20703125,0.163062,4.625075
123,1.4302325581395348,1991.0,98.20703125,-0.060636,3.874341
124,1.4418604651162792,1986.0,93.20703125,-0.554096,2.46066
125,1.4534883720930232,1995.0,102.20703125,-0.971833,0.955461
126,1.4651162790697676,1948.0,55.20703125,-1.041622,-0.075864
127,1.4767441860465116,1975.0,82.20703125,-0.659651,-0.400101
128,1.4883720930232558,1899.0,6.20703125,-0.199055,-0.259362
129,1.5,1927.0,34.20703125,-0.138807,-0.292061
130,1.5116279069767442,1835.0,-57.79296875,-0.977627,-1.05552
131,1.5232558139534884,1863.0,-29.79296875,-2.686802,-2.757019
132,1.5348837209302326,1770.0,-122.79296875,-4.882204,-5.020309
133,1.5465116279069768,1803.0,-89.79296875,-6.596939,-6.965106
134,1.5581395348837208,1733.0,-159.79296875,-6.96791,-7.624468
135,1.5697674418604652,1747.0,-145.79296875,-5.381454,-6.385504
136,1.5813953488372092,1726.0,-166.79296875,-1.962884,-3.354245
137,1.5930232558139534,1725.0,-167.79296875,2.487786,0.623111
138,1.6046511627906976,1764.0,-128.79296875,6.81607,4.291597
139,1.6162790697674418,1741.0,-151.79296875,9.829127,6.516588
140,1.627906976744186,1840.0,-52.79296875,10.987671,6.752808
141,1.6395348837209303,1799.0,-93.79296875,10.220518,5.222995
142,1.6511627906976745,1931.0,38.20703125,8.306337,2.801451
143,1.6627906976744187,1888.0,-4.79296875,6.01851,0.593703
144,1.6744186046511627,2025.0,132.20703125,4.246013,-0.579558
145,1.686046511627907,1993.0,100.20703125,3.18122,-0.465511
146,1.697674418604651,2077.0,184.20703125,2.709155,0.554521
147,1.7093023255813955,2059.0,166.20703125,2.197789,1.770561
148,1.7209302325581395,2078.0,185.20703125,1.040482,2.453822
149,1.7325581395348837,2085.0,192.20703125,-1.216681,2.176328
150,1.744186046511628,2020.0,127.20703125,-4.709458,0.920861
151,1.755813953488372,2061.0,168.20703125,-9.041525,-0.97052
152,1.7674418604651163,1919.0,26.20703125,-13.70354,-2.993507
153,1.7790697674418603,1968.0,75.20703125,-17.746777,-4.6644
154,1.7906976744186047,1782.0,-110.79296875,-20.504381,-5.64255
155,1.8023255813953487,1850.0,-42.79296875,-21.078423,-5.740855
156,1.8139534883720931,1658.0,-234.79296875,-19.213903,-4.930476
157,1.8255813953488371,1725.0,-167.79296875,-14.669243,-3.28401
158,1.8372093023255816,1596.0,-296.79296875,-7.994371,-1.032104
159,1.8488372093023255,1618.0,-274.79296875,0.074434,1.41795
160,1.86046511627907,1589.0,-303.79296875,8.350109,3.546885
161,1.872093023255814,1586.0,-306.79296875,15.654745,4.817726
162,1.8837209302325582,1680.0,-212.79296875,21.108984,4.831242
163,1.8953488372093024,1634.0,-258.79296875,24.149918,3.542841
164,1.9069767441860463,1819.0,-73.79296875,25.031002,1.323919
165,1.9186046511627908,1744.0,-148.79296875,24.104345,-1.113504
166,1.9302325581395348,1979.0,86.20703125,22.31143,-2.933065
167,1.9418604651162792,1895.0,2.20703125,19.998589,-3.505299
168,1.9534883720930232,2096.0,203.20703125,17.574543,-2.626028
169,1.9651162790697676,2038.0,145.20703125,14.627467,-0.604228
170,1.9767441860465114,2154.0,261.20703125,10.771664,1.841793
171,1.9883720930232558,2135.0,242.20703125,5.376153,3.853663
172,2.0,2106.0,213.20703125,-1.806641,4.760969
173,2.011627906976744,2143.0,250.20703125,-10.496452,4.303247
174,2.0232558139534884,1974.0,81.20703125,-20.088266,2.682199
175,2.0348837209302326,2054.0,161.20703125,-29.28285,0.467928
176,2.046511627906977,1795.0,-97.79296875,-37.066143,-1.629478
177,2.058139534883721,1890.0,-2.79296875,-42.090782,-3.03067
178,2.0697674418604652,1618.0,-274.79296875,-43.894497,-3.459232
179,2.0813953488372094,1702.0,-190.79296875,-41.967747,-3.007225
180,2.0930232558139537,1512.0,-380.79296875,-36.695126,-2.048317
181,2.1046511627906974,1558.0,-334.79296875,-28.416006,-1.09461
182,2.1162790697674416,1502.0,-390.79296875,-17.898439,-0.566837
183,2.1279069767441863,1493.0,-399.79296875,-5.828357,-0.644759
184,2.1395348837209305,1607.0,-285.79296875,7.18568,-1.221854
185,2.1511627906976742,1550.0,-342.79296875,20.358997,-1.946106
186,2.1627906976744184,1801.0,-91.79296875,33.201984,-2.429958
187,2.174418604651163,1707.0,-185.79296875,44.709606,-2.336594
188,2.186046511627907,2015.0,122.20703125,54.307644,-1.597057
189,2.197674418604651,1910.0,17.20703125,60.813473,-0.355633
190,2.2093023255813953,2183.0,290.20703125,63.675175,1.03294
191,2.22093023255814,2111.0,218.20703125,62.044628,2.206352
192,2.2325581395348837,2236.0,343.20703125,55.794804,2.921867
193,2.244186046511628,2223.0,330.20703125,44.955471,3.146976
194,2.255813953488372,2163.0,270.20703125,30.003061,3.036375
195,2.267441860465116,2218.0,325.20703125,11.848857,2.80771
196,2.2790697674418605,1980.0,87.20703125,-8.642219,2.620042
197,2.2906976744186047,2082.0,189.20703125,-29.955275,2.493837
198,2.302325581395349,1744.0,-148.79296875,-51.007072,2.270676
199,2.3139534883720927,1859.0,-33.79296875,-69.936798,1.733795
200,2.3255813953488373,1523.0,-369.79296875,-85.439789,0.746819
201,2.3372093023255816,1627.0,-265.79296875,-95.582054,-0.658485
202,2.3488372093023258,1418.0,-474.79296875,-99.155602,-2.256668
203,2.3604651162790695,1456.0,-436.79296875,-94.952652,-3.691376
204,2.372093023255814,1439.0,-453.79296875,-82.629143,-4.618034
205,2.3837209302325584,1410.0,-482.79296875,-62.56179,-4.76461
206,2.395348837209302,1611.0,-281.79296875,-35.844818,-4.124126
207,2.4069767441860463,1511.0,-381.79296875,-4.680221,-2.856531
208,2.4186046511627906,1850.0,-42.79296875,28.706043,-1.293716
209,2.430232558139535,1731.0,-161.79296875,61.214558,0.215412
210,2.441860465116279,2108.0,215.20703125,90.488258,1.359299
211,2.453488372093023,1985.0,92.20703125,113.778358,1.942993
212,2.4651162790697674,2263.0,370.20703125,129.472504,1.941299
213,2.4767441860465116,2204.0,311.20703125,136.009674,1.482101
214,2.488372093023256,2288.0,395.20703125,132.734558,0.799957
215,2.5,2298.0,405.20703125,119.384392,0.180702
216,2.511627906976744,2166.0,273.20703125,96.209488,-0.139587
217,2.5232558139534884,2245.0,352.20703125,64.329666,-0.068748
218,2.5348837209302326,1935.0,42.20703125,25.161329,0.331388
219,2.546511627906977,2064.0,171.20703125,-18.49972,0.839663
220,2.5581395348837206,1682.0,-210.79296875,-63.757336,1.167049
221,2.5697674418604652,1808.0,-84.79296875,-106.427032,1.124908
222,2.5813953488372094,1489.0,-403.79296875,-142.778061,0.704514
223,2.5930232558139537,1582.0,-310.79296875,-168.837631,0.101364
224,2.6046511627906974,1435.0,-457.79296875,-181.884125,-0.38298
225,2.6162790697674416,1446.0,-446.79296875,-180.185013,-0.456009
226,2.6279069767441863,1514.0,-378.79296875,-163.455521,-0.012436
227,2.6395348837209305,1459.0,-433.79296875,-132.920471,0.791687
228,2.6511627906976742,1707.0,-185.79296875,-90.624565,1.571449
229,2.6627906976744184,1599.0,-293.79296875,-39.87849,1.900295
230,2.674418604651163,1936.0,43.20703125,15.995872,1.497847
231,2.686046511627907,1819.0,-73.79296875,72.709381,0.345306
232,2.697674418604651,2114.0,221.20703125,126.285202,-1.265015
233,2.7093023255813953,2019.0,126.20703125,172.142365,-2.88327
234,2.72093023255814,2195.0,302.20703125,206.276245,-4.017609
235,2.7325581395348837,2163.0,270.20703125,224.972443,-4.407074
236,2.744186046511628,2155.0,262.20703125,225.663406,-3.976288
237,2.755813953488372,2185.0,292.20703125,207.338196,-2.932343
238,2.767441860465116,2019.0,126.20703125,170.56424,-1.525284
239,2.7790697674418605,2096.0,203.20703125,118.019508,-0.042236
240,2.7906976744186047,1856.0,-36.79296875,53.522114,1.318806
241,2.802325581395349,1936.0,43.20703125,-17.525589,2.432501
242,2.8139534883720927,1709.0,-183.79296875,-89.494263,3.220627
243,2.8255813953488373,1779.0,-113.79296875,-156.199799,3.670609
244,2.8372093023255816,1652.0,-240.79296875,-212.028259,3.72934
245,2.8488372093023253,1671.0,-221.79296875,-251.841721,3.437256
246,2.8604651162790695,1671.0,-221.79296875,-271.594269,2.872284
247,2.872093023255814,1650.0,-242.79296875,-268.849396,2.146515
248,2.8837209302325584,1745.0,-147.79296875,-242.800247,1.356735
249,2.895348837209302,1707.0,-185.79296875,-195.052841,0.504364
250,2.9069767441860463,1843.0,-49.79296875,-128.984009,-0.486618
251,2.918604651162791,1797.0,-95.79296875,-50.173733,-1.701107
252,2.930232558139535,1938.0,45.20703125,34.823227,-3.159874
253,2.941860465116279,1921.0,28.20703125,118.530548,-4.722626
254,2.953488372093023,1951.0,58.20703125,193.684799,-6.034531
255,2.9651162790697674,1947.0,54.20703125,253.7323,-6.662537
256,2.9767441860465116,1923.0,30.20703125,293.265686,-6.221069
257,2.988372093023256,1939.0,46.20703125,308.657959,-4.610535
258,3.0,1884.0,-8.79296875,297.950684,-2.051453
259,3.011627906976744,1904.0,11.20703125,261.543762,0.929901
260,3.0232558139534884,1863.0,-29.79296875,201.759659,3.707947
261,3.0348837209302326,1869.0,-23.79296875,123.302536,5.769005
262,3.046511627906977,1861.0,-31.79296875,32.51886,6.886463
263,3.0581395348837206,1856.0,-36.79296875,-62.714138,7.157581
264,3.0697674418604652,1890.0,-2.79296875,-153.983475,6.860245
265,3.0813953488372094,1873.0,-19.79296875,-233.037338,6.266296
266,3.0930232558139537,1933.0,40.20703125,-292.569885,5.472626
267,3.1046511627906974,1905.0,12.20703125,-327.10556,4.343475
268,3.1162790697674416,1951.0,58.20703125,-333.185059,2.645477
269,3.1279069767441863,1939.0,46.20703125,-310.074951,0.19043
270,3.1395348837209305,1943.0,50.20703125,-259.38208,-2.947205
271,3.1511627906976742,1952.0,59.20703125,-185.414185,-6.393311
272,3.1627906976744184,1904.0,11.20703125,-94.437805,-9.533302
273,3.174418604651163,1926.0,33.20703125,5.454515,-11.706988
274,3.186046511627907,1849.0,-43.79296875,105.326118,-12.418777
275,3.197674418604651,1876.0,-16.79296875,196.051041,-11.480865
276,3.2093023255813953,1802.0,-90.79296875,269.284821,-9.073212
277,3.22093023255814,1825.0,-67.79296875,318.3508,-5.60788
278,3.2325581395348837,1781.0,-111.79296875,338.779694,-1.598907
279,3.244186046511628,1781.0,-111.79296875,328.911621,2.488312
280,3.255813953488372,1792.0,-100.79296875,289.709137,6.306122
281,3.2674418604651163,1778.0,-114.79296875,224.919189,9.5914
282,3.2790697674418605,1840.0,-52.79296875,140.328537,12.092377
283,3.2906976744186047,1815.0,-77.79296875,43.657814,13.52936
284,3.302325581395349,1902.0,9.20703125,-56.421169,13.624722
285,3.3139534883720927,1867.0,-25.79296875,-150.574661,12.219147
286,3.3255813953488373,1958.0,65.20703125,-230.021912,9.346741
287,3.3372093023255816,1931.0,38.20703125,-287.110718,5.330231
288,3.3488372093023253,1984.0,91.20703125,-316.471222,0.72287
289,3.3604651162790695,1973.0,80.20703125,-315.589264,-3.818024
290,3.372093023255814,1996.0,103.20703125,-285.169281,-7.743011
291,3.3837209302325584,1990.0,97.20703125,-229.108841,-10.67041
292,3.395348837209302,1954.0,61.20703125,-153.626129,-12.467758
293,3.4069767441860463,1981.0,88.20703125,-66.729889,-13.134583
294,3.418604651162791,1899.0,6.20703125,23.190046,-12.748503
295,3.430232558139535,1939.0,46.20703125,107.742203,-11.326546
296,3.441860465116279,1835.0,-57.79296875,179.663193,-8.862686
297,3.453488372093023,1867.0,-25.79296875,232.764435,-5.417725
298,3.4651162790697674,1767.0,-125.79296875,262.713165,-1.22998
299,3.4767441860465116,1794.0,-98.79296875,267.082642,3.216614
300,3.488372093023256,1721.0,-171.79296875,245.893936,7.286026
301,3.5,1744.0,-148.79296875,201.839371,10.332047
302,3.511627906976744,1717.0,-175.79296875,139.96608,11.928619
303,3.5232558139534884,1715.0,-177.79296875,67.536362,12.015495
304,3.5348837209302326,1744.0,-148.79296875,-7.520103,10.864735
305,3.546511627906977,1727.0,-165.79296875,-77.094025,8.925041
306,3.5581395348837206,1803.0,-89.79296875,-134.724258,6.583527
307,3.5697674418604652,1771.0,-121.79296875,-175.505905,4.02002
308,3.5813953488372094,1879.0,-13.79296875,-196.985153,1.17186
309,3.5930232558139537,1840.0,-52.79296875,-198.382736,-2.067734
310,3.6046511627906974,1950.0,57.20703125,-180.662628,-5.635483
311,3.616279069767442,1918.0,25.20703125,-146.136337,-9.13118
312,3.6279069767441863,1989.0,96.20703125,-98.395248,-11.883408
313,3.63953488372093,1974.0,81.20703125,-42.613472,-13.119255
314,3.6511627906976742,1996.0,103.20703125,15.101645,-12.338827
315,3.6627906976744184,2000.0,107.20703125,67.59697,-9.519089
316,3.674418604651163,1942.0,49.20703125,108.517769,-5.206192
317,3.686046511627907,1973.0,80.20703125,132.686371,-0.302475
318,3.697674418604651,1851.0,-41.79296875,137.998398,4.223419
319,3.7093023255813953,1900.0,7.20703125,125.15567,7.65242
320,3.72093023255814,1744.0,-148.79296875,97.934914,9.691277
321,3.7325581395348837,1793.0,-99.79296875,61.854664,10.39286
322,3.744186046511628,1663.0,-229.79296875,22.905584,9.999682
323,3.755813953488372,1700.0,-192.79296875,-13.416161,8.718918
324,3.7674418604651163,1632.0,-260.79296875,-43.331127,6.626751
325,3.7790697674418605,1634.0,-258.79296875,-64.201691,3.784485
326,3.7906976744186047,1676.0,-216.79296875,-75.190666,0.332664
327,3.802325581395349,1654.0,-238.79296875,-75.943275,-3.31823
328,3.8139534883720927,1776.0,-116.79296875,-67.333748,-6.594063
329,3.8255813953488373,1722.0,-170.79296875,-50.532959,-8.794655
330,3.8372093023255816,1898.0,5.20703125,-27.847727,-9.477623
331,3.8488372093023253,1839.0,-53.79296875,-2.152615,-8.539655
332,3.8604651162790695,1997.0,104.20703125,23.100021,-6.380819
333,3.872093023255814,1954.0,61.20703125,44.380779,-3.642437
334,3.8837209302325584,2035.0,142.20703125,58.997047,-1.063995
335,3.895348837209302,2025.0,132.20703125,65.054916,0.888092
336,3.9069767441860463,2009.0,116.20703125,62.442333,2.078007
337,3.9186046511627906,2032.0,139.20703125,51.758583,2.660786
338,3.930232558139535,1919.0,26.20703125,34.981483,2.954742
339,3.941860465116279,1968.0,75.20703125,14.07928,3.177485
340,3.9534883720930227,1808.0,-84.79296875,-8.383865,3.461497
341,3.9651162790697674,1863.0,-29.79296875,-30.203405,3.688231
342,3.9767441860465116,1721.0,-171.79296875,-49.060558,3.789577
343,3.9883720930232562,1759.0,-133.79296875,-62.935329,3.644207
344,4.0,1697.0,-195.79296875,-70.298759,3.325844
345,4.011627906976744,1701.0,-191.79296875,-70.159164,2.875145
346,4.023255813953488,1745.0,-147.79296875,-62.734928,2.392963
347,4.034883720930233,1712.0,-180.79296875,-48.874981,1.817848
348,4.046511627906977,1843.0,-49.79296875,-30.634109,1.033844
349,4.058139534883721,1790.0,-102.79296875,-10.019268,-0.07759
350,4.069767441860465,1958.0,65.20703125,10.604837,-1.612591
351,4.081395348837209,1904.0,11.20703125,29.676317,-3.415625
352,4.093023255813954,2033.0,140.20703125,45.897976,-5.299171
353,4.104651162790698,2000.0,107.20703125,58.677261,-6.819939
354,4.116279069767442,2032.0,139.20703125,67.564613,-7.749466
355,4.127906976744186,2043.0,150.20703125,72.143547,-7.791573
356,4.1395348837209305,1968.0,75.20703125,72.023201,-7.023079
357,4.151162790697675,2010.0,117.20703125,66.674004,-5.490768
358,4.162790697674419,1852.0,-40.79296875,56.061436,-3.487801
359,4.174418604651162,1907.0,14.20703125,40.356407,-1.2043
360,4.186046511627907,1746.0,-146.79296875,20.683018,1.14797
361,4.1976744186046515,1799.0,-93.79296875,-1.567467,3.402108
362,4.209302325581395,1687.0,-205.79296875,-24.336658,5.456926
363,4.22093023255814,1711.0,-181.79296875,-45.745617,7.140835
364,4.232558139534883,1708.0,-184.79296875,-63.909264,8.473526
365,4.2441860465116275,1683.0,-209.79296875,-77.499352,9.27858
366,4.2558139534883725,1795.0,-97.79296875,-85.554512,9.670311
367,4.267441860465116,1743.0,-149.79296875,-87.575058,9.496292
368,4.279069767441861,1921.0,28.20703125,-83.427803,8.850227
369,4.290697674418605,1856.0,-36.79296875,-73.176247,7.556984
370,4.3023255813953485,2041.0,148.20703125,-57.242901,5.636841
371,4.313953488372094,1984.0,91.20703125,-36.265797,2.954819
372,4.325581395348837,2106.0,213.20703125,-11.396916,-0.447245
373,4.337209302325581,2093.0,200.20703125,15.905263,-4.420129
374,4.348837209302326,2098.0,205.20703125,43.652252,-8.700756
375,4.3604651162790695,2115.0,222.20703125,69.682053,-12.753395
376,4.372093023255814,2014.0,121.20703125,91.653152,-16.138885
377,4.383720930232558,2064.0,171.20703125,107.437843,-18.179512
378,4.395348837209302,1870.0,-22.79296875,115.145874,-18.646957
379,4.406976744186047,1948.0,55.20703125,113.55426,-17.16333
380,4.4186046511627906,1733.0,-159.79296875,101.964874,-14.074699
381,4.430232558139535,1797.0,-95.79296875,80.627464,-9.571053
382,4.44186046511628,1641.0,-251.79296875,50.588364,-4.342766
383,4.453488372093023,1680.0,-212.79296875,14.006348,1.12895
384,4.465116279069767,1629.0,-263.79296875,-26.195032,6.306177
385,4.476744186046512,1626.0,-266.79296875,-66.264549,10.880936
386,4.488372093023256,1695.0,-197.79296875,-102.084961,14.81488
387,4.5,1653.0,-239.79296875,-129.673019,18.024567
388,4.511627906976744,1825.0,-67.79296875,-145.557129,20.687775
389,4.523255813953488,1764.0,-128.79296875,-147.630112,22.509857
390,4.534883720930232,1975.0,82.20703125,-135.00058,23.42218
391,4.546511627906977,1903.0,10.20703125,-108.752548,22.796265
392,4.558139534883721,2112.0,219.20703125,-71.087723,20.469795
393,4.569767441860465,2044.0,151.20703125,-25.826496,16.0242
394,4.5813953488372094,2181.0,288.20703125,22.853327,9.763999
395,4.593023255813954,2151.0,258.20703125,70.10244,2.034401
396,4.604651162790698,2170.0,277.20703125,111.457771,-6.351555
397,4.616279069767442,2183.0,290.20703125,142.786346,-14.549606
398,4.627906976744185,2081.0,188.20703125,160.796463,-21.868973
399,4.6395348837209305,2135.0,242.20703125,163.46344,-27.610458
400,4.651162790697675,1933.0,40.20703125,149.87204,-31.665588
401,4.662790697674418,2006.0,113.20703125,121.105049,-33.675255
402,4.674418604651163,1770.0,-122.79296875,79.354301,-33.915642
403,4.686046511627906,1851.0,-41.79296875,28.838781,-32.159325
404,4.6976744186046515,1639.0,-253.79296875,-25.7022,-28.728052
405,4.709302325581396,1697.0,-195.79296875,-78.413963,-23.456066
406,4.720930232558139,1584.0,-308.79296875,-123.958603,-16.597031
407,4.732558139534884,1601.0,-291.79296875,-157.348587,-8.208588
408,4.744186046511628,1633.0,-259.79296875,-174.975113,1.483536
409,4.755813953488372,1600.0,-292.79296875,-174.85733,12.053146
410,4.767441860465117,1763.0,-129.79296875,-156.606384,23.204803
411,4.77906976744186,1686.0,-206.79296875,-122.049271,34.083084
412,4.790697674418604,1946.0,53.20703125,-74.195747,44.171547
413,4.802325581395349,1850.0,-42.79296875,-18.116421,52.20882
414,4.813953488372093,2134.0,241.20703125,40.813206,57.491043
415,4.825581395348837,2045.0,152.20703125,96.077408,58.754429
416,4.837209302325581,2250.0,357.20703125,142.047714,55.550903
417,4.848837209302325,2207.0,314.20703125,173.487656,47.442474
418,4.86046511627907,2276.0,383.20703125,187.047501,34.743866
419,4.872093023255814,2285.0,392.20703125,181.141006,18.200607
420,4.883720930232558,2178.0,285.20703125,156.331863,-1.112137
421,4.895348837209303,2241.0,348.20703125,115.430122,-21.576073
422,4.906976744186046,1975.0,82.20703125,62.522682,-41.907936
423,4.9186046511627906,2088.0,195.20703125,3.47936,-60.217442
424,4.930232558139535,1744.0,-148.79296875,-56.068241,-75.433517
425,4.941860465116279,1859.0,-33.79296875,-109.773903,-85.928268
426,4.953488372093023,1547.0,-345.79296875,-152.832687,-91.015678
427,4.965116279069767,1641.0,-251.79296875,-180.834549,-89.71756
428,4.976744186046512,1467.0,-425.79296875,-191.540115,-81.914215
429,4.988372093023256,1491.0,-401.79296875,-183.884201,-67.58857
430,5.0,1523.0,-369.79296875,-158.768356,-47.269981
431,5.011627906976744,1481.0,-411.79296875,-118.615181,-22.006966
432,5.023255813953488,1719.0,-173.79296875,-66.989197,7.021141
433,5.034883720930233,1614.0,-278.79296875,-8.908277,37.75322
434,5.046511627906977,1968.0,75.20703125,50.632072,68.394844
435,5.058139534883721,1840.0,-52.79296875,105.725548,96.176605
436,5.069767441860465,2211.0,318.20703125,151.652817,118.93103
437,5.081395348837209,2101.0,208.20703125,183.648224,133.890411
438,5.093023255813954,2347.0,454.20703125,199.016113,139.293274
439,5.104651162790698,2293.0,400.20703125,195.977753,133.604492
440,5.116279069767441,2338.0,445.20703125,175.018143,116.509689
441,5.127906976744186,2360.0,467.20703125,138.097855,88.681152
442,5.1395348837209305,2182.0,289.20703125,88.699577,51.716625
443,5.151162790697675,2275.0,382.20703125,31.659048,8.459957
444,5.162790697674419,1937.0,44.20703125,-28.047876,-38.056759
445,5.174418604651162,2066.0,173.20703125,-84.719284,-83.774414
446,5.186046511627907,1694.0,-198.79296875,-133.896957,-125.243637
447,5.1976744186046515,1811.0,-81.79296875,-171.099075,-158.503784
448,5.209302325581395,1520.0,-372.79296875,-193.863037,-180.754059
449,5.22093023255814,1597.0,-295.79296875,-200.221527,-189.381409
450,5.232558139534883,1487.0,-405.79296875,-190.274124,-183.216858
451,5.2441860465116275,1488.0,-404.79296875,-164.953888,-162.015289
452,5.2558139534883725,1587.0,-305.79296875,-126.621658,-126.831001
453,5.267441860465116,1517.0,-375.79296875,-78.559082,-80.046532
454,5.279069767441861,1783.0,-109.79296875,-24.436987,-24.779655
455,5.290697674418605,1679.0,-213.79296875,31.303917,34.621895
456,5.3023255813953485,2000.0,107.20703125,84.8965,93.870735
457,5.313953488372094,1894.0,1.20703125,132.117294,147.967316
458,5.325581395348837,2167.0,274.20703125,170.041443,192.649857
459,5.337209302325581,2096.0,203.20703125,195.564529,223.648575
460,5.348837209302326,2227.0,334.20703125,207.035233,237.964005
461,5.3604651162790695,2219.0,326.20703125,203.06543,233.50235
462,5.372093023255814,2192.0,299.20703125,183.600067,209.741608
463,5.383720930232558,2223.0,330.20703125,149.47699,167.831665
464,5.395348837209302,2065.0,172.20703125,102.664986,110.43985
465,5.406976744186046,2132.0,239.20703125,46.504513,42.009438
466,5.4186046511627906,1901.0,8.20703125,-15.092689,-32.189137
467,5.430232558139535,1985.0,92.20703125,-76.995842,-105.812347
468,5.44186046511628,1776.0,-116.79296875,-134.508163,-172.848358
469,5.453488372093023,1836.0,-56.79296875,-182.542953,-227.378448
470,5.465116279069767,1696.0,-196.79296875,-217.376587,-264.788544
471,5.476744186046512,1728.0,-164.79296875,-235.789536,-281.567108
472,5.488372093023256,1687.0,-205.79296875,-236.263443,-275.987579
473,5.5,1682.0,-210.79296875,-218.320786,-248.004532
474,5.511627906976744,1740.0,-152.79296875,-182.872635,-199.29805
475,5.523255813953488,1703.0,-189.79296875,-132.144104,-133.350082
476,5.534883720930232,1824.0,-68.79296875,-69.229042,-54.886997
477,5.546511627906977,1776.0,-116.79296875,1.348248,29.951851
478,5.558139534883721,1917.0,24.20703125,74.709747,114.599327
479,5.569767441860465,1872.0,-20.79296875,144.833084,191.98822
480,5.5813953488372094,1995.0,102.20703125,206.069412,255.662064
481,5.593023255813954,1955.0,62.20703125,252.55719,299.843292
482,5.604651162790698,2032.0,139.20703125,279.754822,320.33844
483,5.616279069767442,2014.0,121.20703125,284.228638,314.717804
484,5.627906976744185,2052.0,159.20703125,264.572388,282.692566
485,5.6395348837209305,2043.0,150.20703125,221.488464,226.292999
486,5.651162790697675,2028.0,135.20703125,157.758789,149.640366
487,5.662790697674418,2042.0,149.20703125,78.447937,58.946632
488,5.674418604651163,1991.0,98.20703125,-10.088734,-38.361443
489,5.686046511627907,2009.0,116.20703125,-100.002571,-133.877365
490,5.697674418604651,1935.0,42.20703125,-183.464066,-219.397858
491,5.709302325581396,1964.0,71.20703125,-252.597549,-287.300476
492,5.720930232558139,1872.0,-20.79296875,-301.010529,-331.615295
493,5.732558139534884,1904.0,11.20703125,-323.78952,-348.263672
494,5.744186046511628,1824.0,-68.79296875,-318.447388,-335.578613
495,5.755813953488372,1846.0,-46.79296875,-284.990326,-294.419159
496,5.767441860465117,1805.0,-87.79296875,-225.892181,-227.971512
497,5.77906976744186,1801.0,-91.79296875,-146.205429,-141.784821
498,5.790697674418604,1800.0,-92.79296875,-52.634403,-42.976387
499,5.802325581395349,1797.0,-95.79296875,46.378727,59.877594
500,5.813953488372093,1840.0,-52.79296875,142.113098,157.952011
501,5.825581395348837,1811.0,-81.79296875,225.624954,242.472229
502,5.837209302325582,1897.0,4.20703125,289.33139,306.044037
503,5.848837209302325,1854.0,-38.79296875,327.166565,342.992706
504,5.86046511627907,1967.0,74.20703125,335.691101,350.203339
505,5.872093023255814,1932.0,39.20703125,314.141754,327.237701
506,5.883720930232558,2035.0,142.20703125,264.632812,276.347931
507,5.895348837209303,1997.0,104.20703125,191.988495,202.356216
508,5.906976744186046,2042.0,149.20703125,102.94352,111.870491
509,5.9186046511627906,2052.0,159.20703125,5.969152,13.169048
510,5.930232558139535,2013.0,120.20703125,-90.257774,-85.220909
511,5.941860465116279,2032.0,139.20703125,-176.83226,-174.502945
512,5.953488372093023,1957.0,64.20703125,-246.239182,-247.185867
513,5.965116279069767,1987.0,94.20703125,-292.311584,-297.097107
514,5.976744186046512,1891.0,-1.79296875,-311.389252,-320.501434
515,5.988372093023256,1921.0,28.20703125,-302.25235,-316.036987
516,6.0,1846.0,-46.79296875,-266.407501,-284.906464
517,6.011627906976744,1867.0,-25.79296875,-207.951904,-230.708984
518,6.023255813953488,1829.0,-63.79296875,-132.811356,-158.664047
519,6.034883720930233,1834.0,-58.79296875,-48.568722,-75.582832
520,6.046511627906977,1841.0,-51.79296875,36.961197,11.422028
521,6.058139534883721,1834.0,-58.79296875,115.73851,94.647568
522,6.069767441860465,1893.0,0.20703125,181.07991,167.324753
523,6.081395348837209,1863.0,-29.79296875,227.361618,223.183899
524,6.093023255813954,1943.0,50.20703125,251.341812,257.967316
525,6.104651162790698,1919.0,26.20703125,251.747971,269.167358
526,6.116279069767441,2000.0,107.20703125,229.845322,256.809387
527,6.127906976744186,1973.0,80.20703125,189.004501,223.245178
528,6.1395348837209305,2031.0,138.20703125,134.266022,172.717865
529,6.151162790697675,2019.0,126.20703125,71.898499,111.074341
530,6.162790697674419,2034.0,141.20703125,8.09805,44.291019
531,6.174418604651162,2034.0,141.20703125,-51.090939,-21.392128
532,6.186046511627907,2018.0,125.20703125,-101.200134,-81.080109
533,6.1976744186046515,2029.0,136.20703125,-138.747528,-130.420181
534,6.209302325581395,1979.0,86.20703125,-162.205597,-166.772202
535,6.22093023255814,2000.0,107.20703125,-170.981827,-188.179184
536,6.232558139534883,1936.0,43.20703125,-165.914398,-194.118378
537,6.2441860465116275,1959.0,66.20703125,-148.534515,-184.971252
538,6.2558139534883725,1895.0,2.20703125,-121.17067,-162.233459
539,6.267441860465116,1913.0,20.20703125,-86.815834,-128.594482
540,6.279069767441861,1855.0,-37.79296875,-48.678707,-87.269669
541,6.290697674418605,1872.0,-20.79296875,-10.41597,-42.39415
542,6.3023255813953485,1837.0,-55.79296875,24.937729,2.398073
543,6.313953488372094,1840.0,-52.79296875,54.490437,43.312737
544,6.325581395348837,1837.0,-55.79296875,76.759636,77.922188
545,6.337209302325581,1829.0,-63.79296875,90.828735,104.179916
546,6.348837209302326,1859.0,-33.79296875,97.156647,121.382462
547,6.3604651162790695,1845.0,-47.79296875,96.601578,129.285507
548,6.372093023255814,1899.0,6.20703125,90.586067,128.387039
549,6.383720930232558,1875.0,-17.79296875,80.506065,119.593338
550,6.395348837209302,1937.0,44.20703125,67.466263,103.893303
551,6.406976744186046,1920.0,27.20703125,52.517075,82.808388
552,6.4186046511627906,1983.0,90.20703125,36.059658,57.493462
553,6.430232558139535,1963.0,70.20703125,18.84877,29.815622
554,6.44186046511628,2006.0,113.20703125,1.112478,1.127934
555,6.453488372093023,1994.0,101.20703125,-16.248507,-26.519245
556,6.465116279069767,2005.0,112.20703125,-32.719078,-51.637981
557,6.476744186046512,2003.0,110.20703125,-47.252422,-72.417976
558,6.488372093023256,1981.0,88.20703125,-59.1842,-87.691277
559,6.5,1997.0,104.20703125,-67.86274,-96.677505
560,6.511627906976744,1945.0,52.20703125,-72.902214,-99.154625
561,6.523255813953488,1957.0,64.20703125,-74.300446,-95.681908
562,6.534883720930233,1886.0,-6.79296875,-71.812698,-86.748596
563,6.546511627906977,1909.0,16.20703125,-65.603806,-73.429184
564,6.558139534883721,1840.0,-52.79296875,-55.196289,-56.050964
565,6.569767441860465,1859.0,-33.79296875,-40.665039,-35.375145
566,6.5813953488372094,1828.0,-64.79296875,-21.720789,-11.543617
567,6.593023255813954,1834.0,-58.79296875,0.823393,14.395936
568,6.604651162790698,1840.0,-52.79296875,25.744583,41.150406
569,6.616279069767442,1831.0,-61.79296875,50.63308,66.36541
570,6.627906976744185,1877.0,-15.79296875,72.576767,87.249649
571,6.6395348837209305,1858.0,-34.79296875,88.625259,101.095612
572,6.651162790697675,1943.0,50.20703125,96.204216,105.644531
573,6.662790697674418,1915.0,22.20703125,94.277153,100.309258
574,6.674418604651163,1993.0,100.20703125,82.813271,85.501869
575,6.686046511627907,1968.0,75.20703125,63.729507,63.552616
576,6.697674418604651,2018.0,125.20703125,39.346397,36.999619
577,6.709302325581396,2007.0,114.20703125,12.900374,9.121759
578,6.720930232558139,2010.0,117.20703125,-13.061077,-17.688633
579,6.732558139534884,2024.0,131.20703125,-36.170208,-41.284687
580,6.744186046511628,1990.0,97.20703125,-54.994202,-60.40789
581,6.755813953488372,2005.0,112.20703125,-68.624626,-74.20311
582,6.767441860465117,1947.0,54.20703125,-76.468536,-81.979858
583,6.77906976744186,1970.0,77.20703125,-78.475632,-83.52906
584,6.790697674418604,1905.0,12.20703125,-74.469345,-78.557495
585,6.802325581395349,1926.0,33.20703125,-65.044411,-67.71212
586,6.813953488372093,1884.0,-8.79296875,-50.724178,-51.725872
587,6.825581395348837,1891.0,-1.79296875,-32.997307,-32.454773
588,6.837209302325582,1876.0,-16.79296875,-13.293482,-11.635766
589,6.848837209302325,1881.0,-11.79296875,6.388356,8.52684
590,6.86046511627907,1890.0,-2.79296875,24.3265,26.364607
591,6.872093023255814,1881.0,-11.79296875,39.019718,40.595501
592,6.883720930232558,1920.0,27.20703125,49.465282,50.55304
593,6.895348837209303,1905.0,12.20703125,55.353893,56.197136
594,6.906976744186046,1953.0,60.20703125,56.705688,57.628288
595,6.9186046511627906,1936.0,43.20703125,54.231251,55.453907
596,6.930232558139535,1962.0,69.20703125,48.511505,49.971424
597,6.941860465116279,1967.0,74.20703125,40.574493,41.958405
598,6.953488372093023,1974.0,81.20703125,31.003279,31.827513
599,6.965116279069767,1979.0,86.20703125,20.586447,20.458105
600,6.976744186046512,1975.0,82.20703125,9.71776,8.482096
601,6.988372093023256,1975.0,82.20703125,-1.122241,-3.224348
602,7.0,1961.0,68.20703125,-11.591665,-14.000163
603,7.011627906976744,1969.0,76.20703125,-21.359722,-23.325659
604,7.023255813953488,1943.0,50.20703125,-30.012815,-30.829214
605,7.034883720930233,1956.0,63.20703125,-37.250496,-36.448551
606,7.046511627906977,1934.0,41.20703125,-42.577923,-40.020206
607,7.058139534883721,1937.0,44.20703125,-45.715874,-41.637798
608,7.069767441860465,1922.0,29.20703125,-46.190392,-41.067268
609,7.081395348837209,1930.0,37.20703125,-43.854431,-38.336517
610,7.093023255813954,1919.0,26.20703125,-38.538559,-33.291523
611,7.104651162790698,1920.0,27.20703125,-30.49975,-26.18228
612,7.116279069767441,1919.0,26.20703125,-20.133753,-17.319042
613,7.127906976744186,1917.0,24.20703125,-8.184854,-7.370409
614,7.1395348837209305,1910.0,17.20703125,4.524025,2.977962
615,7.151162790697675,1909.0,16.20703125,17.123009,13.052497
616,7.162790697674419,1905.0,12.20703125,28.786734,22.278736
617,7.174418604651162,1907.0,14.20703125,38.888443,30.362799
618,7.186046511627907,1909.0,16.20703125,46.805573,36.967312
619,7.1976744186046515,1908.0,15.20703125,52.076305,41.892136
620,7.209302325581395,1909.0,16.20703125,54.112217,44.639618
621,7.22093023255814,1908.0,15.20703125,52.516289,44.806847
622,7.232558139534884,1918.0,25.20703125,46.865116,41.808186
623,7.2441860465116275,1910.0,17.20703125,37.176994,35.439247
624,7.2558139534883725,1921.0,28.20703125,23.77972,25.75758
625,7.267441860465116,1919.0,26.20703125,7.588813,13.396983
626,7.27906976744186,1930.0,37.20703125,-10.094184,-0.638598
627,7.290697674418605,1925.0,32.20703125,-27.685507,-15.106571
628,7.3023255813953485,1936.0,43.20703125,-43.501678,-28.670162
629,7.313953488372094,1932.0,39.20703125,-56.04137,-40.209839
630,7.325581395348837,1936.0,43.20703125,-63.980385,-48.696648
631,7.337209302325581,1933.0,40.20703125,-66.522469,-53.500046
632,7.348837209302326,1931.0,38.20703125,-63.150124,-54.043041
633,7.3604651162790695,1939.0,46.20703125,-54.069469,-50.210495
634,7.372093023255814,1914.0,21.20703125,-39.87719,-42.043056
635,7.383720930232559,1919.0,26.20703125,-21.908058,-30.150257
636,7.395348837209302,1898.0,5.20703125,-1.835187,-15.447922
637,7.406976744186046,1901.0,8.20703125,18.241671,0.639891
638,7.4186046511627906,1880.0,-12.79296875,36.251244,16.514759
639,7.430232558139535,1892.0,-0.79296875,50.460533,30.666206
640,7.44186046511628,1869.0,-23.79296875,59.538837,41.724564
641,7.453488372093023,1873.0,-19.79296875,62.959202,48.894833
642,7.465116279069767,1862.0,-30.79296875,60.658218,51.706326
643,7.476744186046512,1863.0,-29.79296875,53.277367,50.269798
644,7.488372093023256,1861.0,-31.79296875,41.638298,44.86573
645,7.5,1859.0,-33.79296875,26.972855,36.163506
646,7.511627906976744,1871.0,-21.79296875,10.54159,24.89666
647,7.523255813953488,1869.0,-23.79296875,-6.200051,12.044536
648,7.534883720930233,1882.0,-10.79296875,-21.809633,-1.36363
649,7.546511627906977,1879.0,-13.79296875,-34.909451,-14.208935
650,7.558139534883721,1915.0,22.20703125,-44.293449,-25.396366
651,7.569767441860464,1903.0,10.20703125,-49.254936,-34.060905
652,7.5813953488372094,1936.0,43.20703125,-49.404541,-39.470554
653,7.593023255813954,1927.0,34.20703125,-45.088978,-41.37233
654,7.604651162790698,1958.0,65.20703125,-36.921078,-39.719013
655,7.616279069767442,1966.0,73.20703125,-26.057941,-34.938965
656,7.627906976744185,1963.0,70.20703125,-13.68364,-27.632458
657,7.6395348837209305,1963.0,70.20703125,-1.136339,-18.680239
658,7.651162790697675,1953.0,60.20703125,10.450853,-8.983309
659,7.662790697674418,1957.0,64.20703125,20.09359,0.550295
660,7.674418604651163,1931.0,38.20703125,27.068953,9.149763
661,7.686046511627907,1939.0,46.20703125,31.000835,16.261658
662,7.697674418604651,1894.0,1.20703125,31.732344,21.527763
663,7.709302325581396,1907.0,14.20703125,29.545937,24.851097
664,7.720930232558139,1862.0,-30.79296875,24.805885,26.174393
665,7.732558139534884,1872.0,-20.79296875,18.272739,25.628132
666,7.744186046511628,1839.0,-53.79296875,10.654034,23.314919
667,7.755813953488372,1849.0,-43.79296875,2.909088,19.541147
668,7.767441860465117,1842.0,-50.79296875,-4.181648,14.671509
669,7.77906976744186,1839.0,-53.79296875,-9.818389,9.267549
670,7.790697674418604,1859.0,-33.79296875,-13.502556,3.921345
671,7.802325581395349,1846.0,-46.79296875,-14.97893,-0.801206
672,7.813953488372093,1897.0,4.20703125,-14.330976,-4.534158
673,7.825581395348837,1859.0,-33.79296875,-12.045197,-7.241669
674,7.837209302325581,1938.0,45.20703125,-8.694265,-9.080742
675,7.848837209302326,1917.0,24.20703125,-5.117968,-10.457399
676,7.86046511627907,1981.0,88.20703125,-1.874943,-11.654757
677,7.872093023255814,1963.0,70.20703125,0.503655,-12.848881
678,7.883720930232558,2002.0,109.20703125,1.972891,-13.870938
679,7.895348837209302,1997.0,104.20703125,2.542182,-14.417577
680,7.9069767441860455,2002.0,109.20703125,2.512447,-14.101667
681,7.918604651162791,2001.0,108.20703125,2.065626,-12.701986
682,7.930232558139535,1985.0,92.20703125,1.400635,-10.203621
683,7.941860465116279,1998.0,105.20703125,0.520265,-6.904195
684,7.953488372093023,1942.0,49.20703125,-0.6334,-3.258979
685,7.9651162790697665,1958.0,65.20703125,-2.05228,0.273596
686,7.9767441860465125,1901.0,8.20703125,-3.692307,3.364027
687,7.988372093023257,1921.0,28.20703125,-5.237627,5.890238
688,8.0,1857.0,-35.79296875,-6.397316,7.908491
689,8.011627906976743,1874.0,-18.79296875,-6.655177,9.625558
690,8.023255813953488,1826.0,-66.79296875,-5.801038,11.186965
691,8.034883720930232,1839.0,-53.79296875,-3.661461,12.656199
692,8.046511627906977,1818.0,-74.79296875,-0.545559,13.876931
693,8.058139534883722,1815.0,-77.79296875,3.157116,14.604662
694,8.069767441860465,1830.0,-62.79296875,6.797383,14.484907
695,8.081395348837209,1828.0,-64.79296875,9.82839,13.234859
696,8.093023255813954,1877.0,-15.79296875,11.862217,10.700978
697,8.104651162790699,1850.0,-42.79296875,12.696089,6.936247
698,8.116279069767442,1930.0,37.20703125,12.50352,2.248651
699,8.127906976744185,1904.0,11.20703125,11.403001,-2.912624
700,8.13953488372093,1981.0,88.20703125,9.778852,-7.94687
701,8.151162790697674,1945.0,52.20703125,7.677997,-12.32032
702,8.162790697674417,2005.0,112.20703125,5.34663,-15.517185
703,8.174418604651164,1991.0,98.20703125,2.659556,-17.298813
704,8.186046511627907,2015.0,122.20703125,-0.324518,-17.583696
705,8.19767441860465,2014.0,121.20703125,-3.705111,-16.549698
706,8.209302325581396,1998.0,105.20703125,-7.41762,-14.488581
707,8.220930232558139,2009.0,116.20703125,-11.331755,-11.764266
708,8.232558139534884,1951.0,58.20703125,-15.277228,-8.695681
709,8.24418604651163,1979.0,86.20703125,-18.816412,-5.472359
710,8.255813953488373,1886.0,-6.79296875,-21.621077,-2.182016
711,8.267441860465116,1921.0,28.20703125,-23.032953,1.217772
712,8.279069767441861,1818.0,-74.79296875,-22.710308,4.728788
713,8.290697674418604,1851.0,-41.79296875,-20.132524,8.34672
714,8.30232558139535,1763.0,-129.79296875,-15.344822,11.874588
715,8.313953488372093,1789.0,-103.79296875,-8.456343,15.057549
716,8.325581395348838,1744.0,-148.79296875,-0.123312,17.530388
717,8.337209302325581,1758.0,-134.79296875,8.89409,18.987648
718,8.348837209302324,1763.0,-129.79296875,17.655994,19.164925
719,8.36046511627907,1746.0,-146.79296875,25.275671,17.973446
720,8.372093023255815,1837.0,-55.79296875,31.125433,15.426413
721,8.383720930232558,1802.0,-90.79296875,34.558136,11.578201
722,8.395348837209303,1916.0,23.20703125,35.3913,6.571663
723,8.406976744186046,1869.0,-23.79296875,33.331562,0.613926
724,8.41860465116279,2000.0,107.20703125,28.624756,-5.901451
725,8.430232558139535,1968.0,75.20703125,21.433735,-12.444214
726,8.44186046511628,2061.0,168.20703125,12.425098,-18.312613
727,8.453488372093023,2033.0,140.20703125,2.289863,-22.758533
728,8.465116279069766,2064.0,171.20703125,-8.04405,-25.155531
729,8.476744186046512,2067.0,174.20703125,-17.758163,-25.211952
730,8.488372093023255,2007.0,114.20703125,-26.251101,-23.040754
731,8.5,2038.0,145.20703125,-33.034962,-19.110706
732,8.511627906976745,1916.0,23.20703125,-37.995144,-14.06089
733,8.523255813953488,1967.0,74.20703125,-40.790314,-8.457333
734,8.534883720930232,1808.0,-84.79296875,-41.327812,-2.652317
735,8.546511627906977,1862.0,-30.79296875,-39.064827,3.311264
736,8.558139534883722,1722.0,-170.79296875,-33.812435,9.478901
737,8.569767441860465,1762.0,-130.79296875,-25.324135,15.81002
738,8.58139534883721,1687.0,-205.79296875,-14.050287,21.926252
739,8.593023255813954,1702.0,-190.79296875,-0.818929,27.120634
740,8.604651162790697,1721.0,-171.79296875,12.991535,30.441545
741,8.61627906976744,1697.0,-195.79296875,25.784634,31.023769
742,8.627906976744187,1805.0,-87.79296875,36.242523,28.370445
743,8.63953488372093,1747.0,-145.79296875,43.30011,22.560698
744,8.651162790697674,1922.0,29.20703125,46.770988,14.256676
745,8.662790697674419,1861.0,-31.79296875,46.692005,4.502762
746,8.674418604651162,2041.0,148.20703125,43.777138,-5.511879
747,8.686046511627907,1974.0,81.20703125,38.483768,-14.746956
748,8.697674418604652,2095.0,202.20703125,31.465683,-22.386162
749,8.709302325581396,2077.0,184.20703125,22.936962,-27.933273
750,8.720930232558139,2096.0,203.20703125,13.090558,-31.14043
751,8.732558139534884,2099.0,206.20703125,2.061659,-31.941889
752,8.744186046511627,2030.0,137.20703125,-9.880793,-30.340311
753,8.755813953488373,2066.0,173.20703125,-22.108664,-26.505169
754,8.767441860465116,1927.0,34.20703125,-33.885159,-20.668694
755,8.779069767441861,1981.0,88.20703125,-44.024639,-13.21036
756,8.790697674418604,1814.0,-78.79296875,-51.569828,-4.58762
757,8.802325581395348,1872.0,-20.79296875,-55.430489,4.630783
758,8.813953488372094,1743.0,-149.79296875,-55.150581,13.812469
759,8.825581395348838,1773.0,-119.79296875,-50.540565,22.211464
760,8.837209302325581,1715.0,-177.79296875,-42.102211,29.016678
761,8.848837209302326,1717.0,-175.79296875,-30.661346,33.418869
762,8.86046511627907,1795.0,-97.79296875,-17.270157,34.718357
763,8.872093023255813,1754.0,-138.79296875,-3.077036,32.549866
764,8.88372093023256,1891.0,-1.79296875,11.138783,26.989161
765,8.895348837209303,1834.0,-58.79296875,24.655243,18.694878
766,8.906976744186046,1986.0,93.20703125,37.217686,8.756493
767,8.91860465116279,1940.0,47.20703125,48.360409,-1.47921
768,8.930232558139535,2058.0,165.20703125,57.693848,-10.781021
769,8.941860465116278,2025.0,132.20703125,64.408195,-18.221344
770,8.953488372093023,2081.0,188.20703125,67.623634,-23.354721
771,8.965116279069768,2078.0,185.20703125,66.377007,-26.166763
772,8.976744186046512,2039.0,146.20703125,59.971542,-26.881157
773,8.988372093023255,2063.0,170.20703125,48.301849,-25.78228
774,9.0,1983.0,90.20703125,31.777052,-23.054197
775,9.011627906976745,2013.0,120.20703125,11.549635,-18.874458
776,9.023255813953488,1891.0,-1.79296875,-10.949927,-13.37756
777,9.034883720930234,1935.0,42.20703125,-33.8577,-6.86861
778,9.046511627906977,1835.0,-57.79296875,-55.473465,0.157951
779,9.05813953488372,1864.0,-28.79296875,-74.026672,7.01973
780,9.069767441860463,1807.0,-85.79296875,-87.982834,13.031754
781,9.08139534883721,1814.0,-78.79296875,-95.957405,17.601723
782,9.093023255813954,1812.0,-80.79296875,-96.833138,20.382423
783,9.104651162790697,1805.0,-87.79296875,-89.965401,21.293007
784,9.116279069767442,1851.0,-41.79296875,-75.214996,20.447861
785,9.127906976744185,1834.0,-58.79296875,-53.265324,18.152767
786,9.13953488372093,1894.0,1.20703125,-25.490829,14.685204
787,9.151162790697676,1874.0,-18.79296875,5.935986,10.428616
788,9.162790697674419,1945.0,52.20703125,38.45245,5.707294
789,9.174418604651162,1922.0,29.20703125,69.17012,0.906998
790,9.186046511627907,1970.0,77.20703125,95.32476,-3.635017
791,9.19767441860465,1961.0,68.20703125,114.421356,-7.619171
792,9.209302325581396,1977.0,84.20703125,124.453545,-10.855583
793,9.220930232558139,1977.0,84.20703125,124.164528,-13.254051
794,9.232558139534884,1958.0,65.20703125,113.081886,-14.765953
795,9.244186046511627,1968.0,75.20703125,91.828796,-15.361099
796,9.25581395348837,1931.0,38.20703125,61.939022,-14.932278
797,9.267441860465118,1942.0,49.20703125,25.970524,-13.40369
798,9.279069767441861,1898.0,5.20703125,-12.961291,-10.714893
799,9.290697674418604,1916.0,23.20703125,-51.409382,-7.045704
800,9.30232558139535,1877.0,-15.79296875,-86.104317,-2.75219
801,9.313953488372093,1891.0,-1.79296875,-114.205093,1.559677
802,9.325581395348836,1866.0,-26.79296875,-133.420624,5.317749
803,9.337209302325583,1869.0,-23.79296875,-142.182724,8.052017
804,9.348837209302326,1852.0,-40.79296875,-139.417938,9.666534
805,9.36046511627907,1856.0,-36.79296875,-124.831261,10.387596
806,9.372093023255813,1860.0,-32.79296875,-98.878067,10.603851
807,9.383720930232558,1856.0,-36.79296875,-63.200836,10.662315
808,9.395348837209303,1872.0,-20.79296875,-20.572775,10.59342
809,9.406976744186046,1855.0,-37.79296875,25.046873,10.154491
810,9.418604651162791,1879.0,-13.79296875,69.085274,8.855495
811,9.430232558139535,1872.0,-20.79296875,106.939926,6.319427
812,9.441860465116278,1891.0,-1.79296875,134.785187,2.455139
813,9.453488372093023,1886.0,-6.79296875,150.163925,-2.264908
814,9.465116279069768,1909.0,16.20703125,152.090546,-7.034317
815,9.476744186046512,1904.0,11.20703125,141.005569,-10.881973
816,9.488372093023257,1927.0,34.20703125,118.248787,-13.032417
817,9.5,1920.0,27.20703125,85.812973,-13.178497
818,9.511627906976743,1935.0,42.20703125,46.006351,-11.493973
819,9.523255813953487,1934.0,41.20703125,1.666614,-8.577615
820,9.534883720930234,1935.0,42.20703125,-43.827263,-5.110069
821,9.546511627906977,1936.0,43.20703125,-86.377205,-1.722015
822,9.55813953488372,1917.0,24.20703125,-121.568848,1.239563
823,9.569767441860465,1927.0,34.20703125,-145.234085,3.593765
824,9.581395348837209,1893.0,0.20703125,-154.348206,5.33139
825,9.593023255813954,1906.0,13.20703125,-147.720306,6.438538
826,9.604651162790699,1870.0,-22.79296875,-126.325706,6.905418
827,9.616279069767442,1875.0,-17.79296875,-93.198074,6.704292
828,9.627906976744185,1835.0,-57.79296875,-52.607998,5.888126
829,9.63953488372093,1850.0,-42.79296875,-9.35321,4.648364
830,9.651162790697674,1820.0,-72.79296875,32.193794,3.181904
831,9.662790697674419,1823.0,-69.79296875,68.405586,1.736305
832,9.674418604651162,1821.0,-71.79296875,96.731308,0.391998
833,9.686046511627907,1819.0,-73.79296875,115.436729,-0.821495
834,9.69767441860465,1841.0,-51.79296875,123.590393,-2.043961
835,9.709302325581394,1818.0,-74.79296875,120.892044,-3.325081
836,9.72093023255814,1871.0,-21.79296875,107.850098,-4.615807
837,9.732558139534884,1859.0,-33.79296875,85.808647,-5.703743
838,9.744186046511627,1913.0,20.20703125,56.990929,-6.248775
839,9.755813953488373,1892.0,-0.79296875,24.408943,-5.935936
840,9.767441860465116,1925.0,32.20703125,-8.626181,-4.537844
841,9.77906976744186,1915.0,22.20703125,-38.774277,-2.109673
842,9.790697674418606,1922.0,29.20703125,-63.395775,1.087822
843,9.80232558139535,1927.0,34.20703125,-80.549416,4.51384
844,9.813953488372093,1905.0,12.20703125,-89.460312,7.539825
845,9.825581395348838,1915.0,22.20703125,-90.092384,9.50396
846,9.837209302325581,1869.0,-23.79296875,-83.285011,9.90976
847,9.848837209302326,1883.0,-9.79296875,-70.245766,8.545082
848,9.86046511627907,1837.0,-55.79296875,-52.559349,5.542854
849,9.872093023255815,1854.0,-38.79296875,-31.974295,1.425722
850,9.883720930232558,1810.0,-82.79296875,-10.216804,-3.002074
851,9.895348837209301,1819.0,-73.79296875,10.887314,-6.796824
852,9.906976744186046,1805.0,-87.79296875,29.766548,-9.239643
853,9.918604651162791,1806.0,-86.79296875,44.822811,-9.959698
854,9.930232558139535,1811.0,-81.79296875,55.013222,-9.120598
855,9.94186046511628,1806.0,-86.79296875,59.5513,-7.209061
856,9.953488372093023,1840.0,-52.79296875,58.455135,-4.915096
857,9.965116279069766,1826.0,-66.79296875,52.206654,-2.77647
858,9.976744186046512,1872.0,-20.79296875,42.019497,-0.995346
859,9.988372093023257,1855.0,-37.79296875,29.45203,0.578934
860,10.0,1895.0,2.20703125,16.154049,2.280508
861,10.011627906976743,1886.0,-6.79296875,3.683255,4.329246
862,10.023255813953488,1904.0,11.20703125,-7.006905,6.685689
863,10.034883720930232,1904.0,11.20703125,-15.238769,8.91859
864,10.046511627906977,1901.0,8.20703125,-21.076164,10.439938
865,10.058139534883722,1905.0,12.20703125,-24.566721,10.688551
866,10.069767441860465,1885.0,-7.79296875,-26.140293,9.4617
867,10.081395348837209,1894.0,1.20703125,-25.961662,6.932327
868,10.093023255813954,1856.0,-36.79296875,-24.364405,3.628038
869,10.104651162790699,1871.0,-21.79296875,-21.587673,0.168341
870,10.116279069767442,1840.0,-52.79296875,-18.010323,-2.976753
871,10.127906976744187,1855.0,-37.79296875,-14.177648,-5.583343
872,10.13953488372093,1834.0,-58.79296875,-10.492438,-7.686708
873,10.151162790697674,1833.0,-59.79296875,-7.464697,-9.383837
874,10.162790697674417,1837.0,-55.79296875,-5.014084,-10.663182
875,10.174418604651164,1831.0,-61.79296875,-3.110895,-11.335258
876,10.186046511627907,1846.0,-46.79296875,-1.149061,-11.078955
877,10.19767441860465,1840.0,-52.79296875,1.165174,-9.636052
878,10.209302325581396,1863.0,-29.79296875,4.228706,-6.980246
879,10.220930232558139,1853.0,-39.79296875,7.990695,-3.362941
880,10.232558139534882,1872.0,-20.79296875,12.191927,0.689557
881,10.24418604651163,1867.0,-25.79296875,16.382181,4.548186
882,10.255813953488373,1879.0,-13.79296875,19.959349,7.704414
883,10.267441860465116,1877.0,-15.79296875,22.571342,9.84547
884,10.279069767441861,1873.0,-19.79296875,23.750696,10.952532
885,10.290697674418604,1877.0,-15.79296875,23.476858,11.174808
886,10.30232558139535,1871.0,-21.79296875,21.513567,10.757055
887,10.313953488372093,1872.0,-20.79296875,18.013453,9.864424
888,10.325581395348838,1850.0,-42.79296875,12.936026,8.615234
889,10.337209302325581,1857.0,-35.79296875,6.53148,7.004049
890,10.348837209302324,1847.0,-45.79296875,-0.990282,4.976938
891,10.36046511627907,1843.0,-49.79296875,-9.297922,2.443434
892,10.372093023255815,1838.0,-54.79296875,-17.785887,-0.597612
893,10.383720930232558,1840.0,-52.79296875,-25.911798,-4.07843
894,10.395348837209303,1840.0,-52.79296875,-32.739918,-7.795042
895,10.406976744186046,1835.0,-57.79296875,-37.53474,-11.380663
896,10.41860465116279,1859.0,-33.79296875,-39.263485,-14.331049
897,10.430232558139537,1843.0,-49.79296875,-37.381393,-16.101007
898,10.44186046511628,1856.0,-36.79296875,-31.453196,-16.211254
899,10.453488372093023,1850.0,-42.79296875,-21.80233,-14.416495
900,10.465116279069766,1856.0,-36.79296875,-9.250618,-10.83053
901,10.476744186046512,1855.0,-37.79296875,4.81317,-5.896736
902,10.488372093023255,1858.0,-34.79296875,18.635448,-0.350952
903,10.5,1861.0,-31.79296875,30.610981,5.005686
904,10.511627906976745,1850.0,-42.79296875,39.321358,9.519386
905,10.523255813953488,1851.0,-41.79296875,44.104622,12.774879
906,10.534883720930232,1841.0,-51.79296875,44.640942,14.661501
907,10.546511627906977,1845.0,-47.79296875,41.323101,15.25967
908,10.558139534883722,1831.0,-61.79296875,34.619324,14.77272
909,10.569767441860465,1839.0,-53.79296875,25.306103,13.357392
910,10.58139534883721,1821.0,-71.79296875,14.068125,11.136608
911,10.593023255813954,1825.0,-67.79296875,1.731139,8.197217
912,10.604651162790697,1821.0,-71.79296875,-10.799273,4.672237
913,10.61627906976744,1824.0,-68.79296875,-22.529655,0.784962
914,10.627906976744187,1830.0,-62.79296875,-32.329945,-3.167936
915,10.63953488372093,1827.0,-65.79296875,-39.265999,-6.828815
916,10.651162790697674,1845.0,-47.79296875,-42.534946,-9.935833
917,10.662790697674419,1831.0,-61.79296875,-41.895958,-12.287239
918,10.674418604651162,1850.0,-42.79296875,-37.383011,-13.78713
919,10.686046511627907,1841.0,-51.79296875,-29.597294,-14.379899
920,10.697674418604652,1862.0,-30.79296875,-19.302906,-14.005914
921,10.709302325581396,1857.0,-35.79296875,-7.529654,-12.595382
922,10.720930232558139,1863.0,-29.79296875,4.678711,-10.090096
923,10.732558139534884,1866.0,-26.79296875,16.263227,-6.545927
924,10.744186046511627,1860.0,-32.79296875,26.164873,-2.199369
925,10.755813953488373,1863.0,-29.79296875,33.497078,2.519611
926,10.767441860465116,1845.0,-47.79296875,37.491108,7.059326
927,10.779069767441861,1849.0,-43.79296875,37.809036,10.861561
928,10.790697674418604,1838.0,-54.79296875,34.424721,13.506042
929,10.802325581395348,1840.0,-52.79296875,27.861481,14.771123
930,10.813953488372093,1824.0,-68.79296875,18.91556,14.665624
931,10.825581395348838,1827.0,-65.79296875,8.695395,13.360608
932,10.837209302325581,1818.0,-74.79296875,-1.722632,11.081982
933,10.848837209302326,1821.0,-71.79296875,-11.328992,8.06158
934,10.86046511627907,1818.0,-74.79296875,-19.360073,4.490326
935,10.872093023255813,1815.0,-77.79296875,-25.252363,0.611029
936,10.88372093023256,1829.0,-63.79296875,-28.62211,-3.272253
937,10.895348837209303,1823.0,-69.79296875,-29.312393,-6.78236
938,10.906976744186046,1840.0,-52.79296875,-27.289419,-9.508923
939,10.91860465116279,1829.0,-63.79296875,-22.833879,-11.148032
940,10.930232558139535,1856.0,-36.79296875,-16.377489,-11.552421
941,10.941860465116278,1849.0,-43.79296875,-8.669364,-10.827912
942,10.953488372093023,1872.0,-20.79296875,-0.516432,-9.278126
943,10.965116279069768,1875.0,-17.79296875,7.196317,-7.295248
944,10.976744186046512,1882.0,-10.79296875,13.771776,-5.208542
945,10.988372093023255,1877.0,-15.79296875,18.680752,-3.196331
946,11.0,1883.0,-9.79296875,21.681938,-1.221748
947,11.011627906976745,1877.0,-15.79296875,22.657846,0.800962
948,11.023255813953488,1872.0,-20.79296875,21.63261,2.960045
949,11.034883720930234,1879.0,-13.79296875,18.689655,5.170615
950,11.046511627906977,1872.0,-20.79296875,13.979241,7.157632
951,11.05813953488372,1872.0,-20.79296875,7.836708,8.538277
952,11.069767441860463,1865.0,-27.79296875,0.780066,8.961022
953,11.08139534883721,1868.0,-24.79296875,-6.369396,8.296724
954,11.093023255813954,1871.0,-21.79296875,-12.715039,6.676616
955,11.104651162790697,1862.0,-30.79296875,-17.336025,4.502708
956,11.116279069767442,1858.0,-34.79296875,-19.618641,2.283073
957,11.127906976744185,1857.0,-35.79296875,-19.319054,0.456301
958,11.13953488372093,1859.0,-33.79296875,-16.74544,-0.797027
959,11.151162790697676,1861.0,-31.79296875,-12.518122,-1.536302
960,11.162790697674419,1867.0,-25.79296875,-7.478299,-2.043859
961,11.174418604651162,1862.0,-30.79296875,-2.377108,-2.621095
962,11.186046511627907,1874.0,-18.79296875,2.300143,-3.394618
963,11.19767441860465,1871.0,-21.79296875,6.318016,-4.288938
964,11.209302325581396,1886.0,-6.79296875,9.709569,-4.99421
965,11.220930232558139,1882.0,-10.79296875,12.422106,-5.238407
966,11.232558139534884,1904.0,11.20703125,14.41638,-4.789707
967,11.244186046511627,1895.0,2.20703125,15.354978,-3.747434
968,11.25581395348837,1908.0,15.20703125,14.956539,-2.347441
969,11.267441860465118,1905.0,12.20703125,12.910345,-0.988235
970,11.279069767441861,1910.0,17.20703125,9.258163,0.059097
971,11.290697674418604,1910.0,17.20703125,4.348156,0.714384
972,11.30232558139535,1895.0,2.20703125,-1.154427,1.109352
973,11.313953488372093,1909.0,16.20703125,-6.398414,1.556467
974,11.325581395348836,1893.0,0.20703125,-10.708976,2.227423
975,11.337209302325583,1907.0,14.20703125,-13.58025,3.163677
976,11.348837209302326,1889.0,-3.79296875,-14.971561,4.073296
977,11.36046511627907,1895.0,2.20703125,-14.983358,4.613707
978,11.372093023255815,1878.0,-14.79296875,-13.94652,4.411434
979,11.383720930232558,1886.0,-6.79296875,-12.02354,3.398222
980,11.395348837209301,1872.0,-20.79296875,-9.367229,1.732931
981,11.406976744186046,1875.0,-17.79296875,-5.95474,-0.141829
982,11.418604651162791,1865.0,-27.79296875,-1.828886,-1.736006
983,11.430232558139535,1869.0,-23.79296875,2.84764,-2.678782
984,11.441860465116278,1857.0,-35.79296875,7.684763,-2.86207
985,11.453488372093023,1861.0,-31.79296875,12.094037,-2.444313
986,11.465116279069768,1865.0,-27.79296875,15.473477,-1.711005
987,11.476744186046512,1861.0,-31.79296875,17.239159,-1.008175
988,11.488372093023257,1872.0,-20.79296875,17.156033,-0.485847
989,11.5,1869.0,-23.79296875,15.200627,-0.203413
990,11.511627906976743,1885.0,-7.79296875,11.749688,-0.01881
991,11.523255813953488,1879.0,-13.79296875,7.309493,0.197956
992,11.534883720930234,1900.0,7.20703125,2.534417,0.581738
993,11.546511627906977,1890.0,-2.79296875,-2.02351,1.128026
994,11.55813953488372,1904.0,11.20703125,-5.936548,1.762001
995,11.569767441860465,1901.0,8.20703125,-8.99623,2.312244
996,11.581395348837209,1904.0,11.20703125,-11.220302,2.54901
997,11.593023255813954,1903.0,10.20703125,-12.711507,2.292249
998,11.604651162790699,1901.0,8.20703125,-13.654277,1.36151
999,11.616279069767442,1903.0,10.20703125,-14.044957,-0.214732
1000,11.627906976744185,1891.0,-1.79296875,-13.768309,-2.288571
1001,11.63953488372093,1897.0,4.20703125,-12.467461,-4.42248
1002,11.651162790697674,1882.0,-10.79296875,-9.83758,-6.118546
1003,11.662790697674419,1888.0,-4.79296875,-5.735044,-6.870878
1004,11.674418604651164,1872.0,-20.79296875,-0.427449,-6.396622
1005,11.686046511627907,1877.0,-15.79296875,5.373642,-4.753888
1006,11.69767441860465,1858.0,-34.79296875,10.636389,-2.332855
1007,11.709302325581394,1872.0,-20.79296875,14.318881,0.263204
1008,11.72093023255814,1869.0,-23.79296875,15.733222,2.503391
1009,11.732558139534884,1865.0,-27.79296875,14.76866,4.065253
1010,11.744186046511627,1871.0,-21.79296875,12.00758,5.049108
1011,11.755813953488373,1870.0,-22.79296875,8.420299,5.758994
1012,11.767441860465116,1885.0,-7.79296875,5.057781,6.593325
1013,11.77906976744186,1876.0,-16.79296875,2.594434,7.679528
1014,11.790697674418606,1898.0,5.20703125,1.185848,8.827815
1015,11.80232558139535,1885.0,-7.79296875,0.451229,9.499345
1016,11.813953488372093,1914.0,21.20703125,-0.18732,9.095307
1017,11.825581395348838,1905.0,12.20703125,-1.248002,7.203158
1018,11.837209302325581,1920.0,27.20703125,-2.904219,3.763504
1019,11.848837209302326,1924.0,31.20703125,-4.941002,-0.813214
1020,11.86046511627907,1925.0,32.20703125,-6.923647,-5.869823
1021,11.872093023255815,1925.0,32.20703125,-8.420667,-10.654425
1022,11.883720930232558,1920.0,27.20703125,-9.204997,-14.562206
1023,11.895348837209301,1923.0,30.20703125,-9.271185,-17.173977
1024,11.906976744186046,1906.0,13.20703125,-8.765498,-18.242584
1025,11.918604651162791,1916.0,23.20703125,-7.801237,-17.609413
1026,11.930232558139535,1894.0,1.20703125,-6.360751,-15.131472
1027,11.94186046511628,1902.0,9.20703125,-4.340391,-10.805173
1028,11.953488372093023,1886.0,-6.79296875,-1.692445,-4.840265
1029,11.965116279069766,1887.0,-5.79296875,1.431783,2.207782
1030,11.976744186046512,1874.0,-18.79296875,4.607489,9.446832
1031,11.988372093023257,1877.0,-15.79296875,7.255992,15.808672
1032,12.0,1872.0,-20.79296875,8.836061,20.328142
1033,12.011627906976743,1872.0,-20.79296875,9.110402,22.394846
1034,12.023255813953488,1879.0,-13.79296875,8.228494,21.913588
1035,12.034883720930232,1870.0,-22.79296875,6.684554,19.246618
1036,12.046511627906977,1894.0,1.20703125,5.117335,15.059738
1037,12.058139534883722,1885.0,-7.79296875,4.001579,10.030381
1038,12.069767441860465,1921.0,28.20703125,3.510113,4.695132
1039,12.081395348837209,1906.0,13.20703125,3.429652,-0.633535
1040,12.093023255813954,1941.0,48.20703125,3.370235,-5.767889
1041,12.104651162790697,1930.0,37.20703125,2.897146,-10.558535
1042,12.116279069767442,1950.0,57.20703125,1.806639,-14.752085
1043,12.127906976744187,1942.0,49.20703125,0.108294,-18.01272
1044,12.13953488372093,1953.0,60.20703125,-1.955501,-19.976387
1045,12.151162790697674,1957.0,64.20703125,-4.125109,-20.394627
1046,12.162790697674417,1935.0,42.20703125,-6.171665,-19.177435
1047,12.174418604651164,1940.0,47.20703125,-7.966111,-16.427376
1048,12.186046511627907,1902.0,9.20703125,-9.428186,-12.360598
1049,12.19767441860465,1919.0,26.20703125,-10.412231,-7.249627
1050,12.209302325581396,1868.0,-24.79296875,-10.740391,-1.407776
1051,12.220930232558139,1886.0,-6.79296875,-10.124507,4.83637
1052,12.232558139534882,1839.0,-53.79296875,-8.437022,11.022662
1053,12.24418604651163,1854.0,-38.79296875,-5.655759,16.62347
1054,12.255813953488373,1834.0,-58.79296875,-2.105536,20.977146
1055,12.267441860465116,1837.0,-55.79296875,1.73541,23.48954
1056,12.279069767441861,1840.0,-52.79296875,5.273834,23.708328
1057,12.290697674418604,1837.0,-55.79296875,8.057698,21.507767
1058,12.30232558139535,1867.0,-25.79296875,9.896301,17.132202
1059,12.313953488372093,1843.0,-49.79296875,10.835046,11.121748
1060,12.325581395348838,1894.0,1.20703125,11.158585,4.272229
1061,12.337209302325581,1883.0,-9.79296875,11.079718,-2.653495
1062,12.348837209302324,1917.0,24.20703125,10.725673,-8.970407
1063,12.36046511627907,1912.0,19.20703125,9.976995,-14.195307
1064,12.372093023255815,1937.0,44.20703125,8.625669,-18.042391
1065,12.383720930232558,1935.0,42.20703125,6.429587,-20.385891
1066,12.395348837209303,1937.0,44.20703125,3.376328,-21.162743
1067,12.406976744186046,1938.0,45.20703125,-0.31591,-20.341688
1068,12.41860465116279,1925.0,32.20703125,-4.174464,-17.915443
1069,12.430232558139537,1936.0,43.20703125,-7.665546,-13.951064
1070,12.44186046511628,1905.0,12.20703125,-10.353387,-8.64467
1071,12.453488372093023,1913.0,20.20703125,-12.030954,-2.371085
1072,12.465116279069766,1872.0,-20.79296875,-12.787824,4.294168
1073,12.476744186046512,1888.0,-4.79296875,-12.834226,10.661201
1074,12.488372093023255,1852.0,-40.79296875,-12.462894,15.954275
1075,12.5,1863.0,-29.79296875,-11.770176,19.504736
1076,12.511627906976745,1841.0,-51.79296875,-10.676155,20.847454
1077,12.523255813953488,1843.0,-49.79296875,-8.899051,19.829201
1078,12.534883720930232,1851.0,-41.79296875,-6.15881,16.643494
1079,12.546511627906977,1847.0,-45.79296875,-2.333595,11.778789
1080,12.558139534883722,1871.0,-21.79296875,2.411741,5.954312
1081,12.569767441860465,1857.0,-35.79296875,7.55369,-0.077123
1082,12.58139534883721,1893.0,0.20703125,12.404284,-5.56991
1083,12.593023255813954,1891.0,-1.79296875,16.201567,-9.971569
1084,12.604651162790697,1914.0,21.20703125,18.431004,-12.909889
1085,12.61627906976744,1904.0,11.20703125,18.862902,-14.233191
1086,12.627906976744187,1931.0,38.20703125,17.679918,-13.946253
1087,12.63953488372093,1923.0,30.20703125,15.273857,-12.225567
1088,12.651162790697674,1937.0,44.20703125,12.159266,-9.33695
1089,12.662790697674419,1925.0,32.20703125,8.707647,-5.652527
1090,12.674418604651162,1934.0,41.20703125,5.111497,-1.591451
1091,12.686046511627906,1930.0,37.20703125,1.293152,2.32361
1092,12.697674418604652,1921.0,28.20703125,-2.908529,5.61005
1093,12.709302325581396,1919.0,26.20703125,-7.605204,7.833474
1094,12.720930232558139,1893.0,0.20703125,-12.677132,8.75251
1095,12.732558139534884,1916.0,23.20703125,-17.686943,8.33885
1096,12.744186046511627,1875.0,-17.79296875,-21.991707,6.793901
1097,12.755813953488373,1883.0,-9.79296875,-24.823235,4.504414
1098,12.767441860465116,1872.0,-20.79296875,-25.567295,1.921257
1099,12.779069767441861,1872.0,-20.79296875,-23.913994,-0.589741
1100,12.790697674418604,1872.0,-20.79296875,-19.933414,-2.783394
1101,12.802325581395348,1872.0,-20.79296875,-14.016647,-4.549733
1102,12.813953488372093,1882.0,-10.79296875,-6.765721,-5.881164
1103,12.825581395348838,1875.0,-17.79296875,1.213865,-6.6936
1104,12.837209302325581,1904.0,11.20703125,9.38066,-6.841846
1105,12.848837209302326,1892.0,-0.79296875,17.249454,-6.083817
1106,12.86046511627907,1920.0,27.20703125,24.340803,-4.232908
1107,12.872093023255813,1911.0,18.20703125,30.05537,-1.273771
1108,12.88372093023256,1931.0,38.20703125,33.696621,2.475155
1109,12.895348837209303,1931.0,38.20703125,34.561092,6.428947
1110,12.906976744186046,1936.0,43.20703125,32.132149,9.80257
1111,12.918604651162791,1936.0,43.20703125,26.320507,11.882229
1112,12.930232558139535,1932.0,39.20703125,17.561136,12.212166
1113,12.941860465116278,1935.0,42.20703125,6.828776,10.744315
1114,12.953488372093023,1925.0,32.20703125,-4.622183,7.77984
1115,12.965116279069768,1936.0,43.20703125,-15.469581,3.842801
1116,12.976744186046512,1918.0,25.20703125,-24.649874,-0.507236
1117,12.988372093023255,1919.0,26.20703125,-31.455259,-4.832712
1118,13.0,1898.0,5.20703125,-35.552998,-8.797112
1119,13.011627906976745,1897.0,4.20703125,-36.85535,-12.152514
1120,13.023255813953488,1887.0,-5.79296875,-35.384239,-14.60173
1121,13.034883720930234,1887.0,-5.79296875,-31.234192,-15.820807
1122,13.046511627906977,1879.0,-13.79296875,-24.556208,-15.466753
1123,13.05813953488372,1891.0,-1.79296875,-15.709817,-13.347694
1124,13.069767441860465,1891.0,-1.79296875,-5.331099,-9.56353
1125,13.08139534883721,1887.0,-5.79296875,5.648409,-4.516545
1126,13.093023255813954,1904.0,11.20703125,16.150398,1.13666
1127,13.104651162790697,1895.0,2.20703125,25.089725,6.665079
1128,13.116279069767442,1907.0,14.20703125,31.645964,11.459311
1129,13.127906976744185,1906.0,13.20703125,35.34985,15.155025
1130,13.13953488372093,1915.0,22.20703125,36.096272,17.579842
1131,13.151162790697676,1913.0,20.20703125,34.071217,18.690956
1132,13.162790697674419,1915.0,22.20703125,29.58884,18.43252
1133,13.174418604651162,1920.0,27.20703125,23.041409,16.686443
1134,13.186046511627907,1907.0,14.20703125,14.80146,13.30005
1135,13.19767441860465,1911.0,18.20703125,5.368952,8.25425
1136,13.209302325581396,1905.0,12.20703125,-4.679714,1.795558
1137,13.22093023255814,1909.0,16.20703125,-14.55024,-5.48939
1138,13.232558139534884,1904.0,11.20703125,-23.346302,-12.69804
1139,13.244186046511627,1904.0,11.20703125,-30.159227,-18.825626
1140,13.25581395348837,1904.0,11.20703125,-34.217449,-22.934078
1141,13.267441860465116,1905.0,12.20703125,-35.060867,-24.41114
1142,13.279069767441861,1904.0,11.20703125,-32.600483,-23.044773
1143,13.290697674418604,1904.0,11.20703125,-27.209742,-19.082985
1144,13.30232558139535,1904.0,11.20703125,-19.587263,-13.127297
1145,13.313953488372093,1904.0,11.20703125,-10.73198,-6.032181
1146,13.325581395348836,1906.0,13.20703125,-1.654992,1.257784
1147,13.337209302325583,1901.0,8.20703125,6.698417,7.889366
1148,13.348837209302326,1902.0,9.20703125,13.684364,13.205588
1149,13.36046511627907,1905.0,12.20703125,18.989361,16.863857
1150,13.372093023255815,1897.0,4.20703125,22.593512,18.799715
1151,13.383720930232558,1903.0,10.20703125,24.674536,19.181047
1152,13.395348837209301,1894.0,1.20703125,25.390192,18.27199
1153,13.406976744186046,1897.0,4.20703125,24.816883,16.289104
1154,13.418604651162791,1888.0,-4.79296875,22.829769,13.353086
1155,13.430232558139535,1887.0,-5.79296875,19.299711,9.49464
1156,13.441860465116278,1889.0,-3.79296875,14.153235,4.786775
1157,13.453488372093023,1887.0,-5.79296875,7.608367,-0.571239
1158,13.465116279069768,1891.0,-1.79296875,0.178788,-6.156273
1159,13.476744186046512,1887.0,-5.79296875,-7.367794,-11.381484
1160,13.488372093023257,1898.0,5.20703125,-14.205568,-15.638885
1161,13.5,1893.0,0.20703125,-19.647558,-18.450813
1162,13.511627906976743,1904.0,11.20703125,-23.251469,-19.583057
1163,13.523255813953488,1902.0,9.20703125,-24.862982,-19.029032
1164,13.534883720930234,1909.0,16.20703125,-24.475908,-16.940777
1165,13.546511627906977,1909.0,16.20703125,-22.210993,-13.486934
1166,13.55813953488372,1911.0,18.20703125,-18.178385,-8.838727
1167,13.569767441860465,1911.0,18.20703125,-12.643487,-3.214601
1168,13.581395348837209,1916.0,23.20703125,-5.995015,2.998055
1169,13.593023255813954,1915.0,22.20703125,1.048835,9.124673
1170,13.604651162790699,1920.0,27.20703125,7.669859,14.331923
1171,13.616279069767442,1910.0,17.20703125,13.009676,17.749739
1172,13.627906976744185,1907.0,14.20703125,16.55184,18.885164
1173,13.63953488372093,1911.0,18.20703125,18.202085,17.730705
1174,13.651162790697674,1914.0,21.20703125,18.315399,14.902199
1175,13.662790697674419,1904.0,11.20703125,17.469757,11.277666
1176,13.674418604651164,1901.0,8.20703125,16.115244,7.72543
1177,13.686046511627907,1902.0,9.20703125,14.391359,4.649724
1178,13.69767441860465,1899.0,6.20703125,11.964124,1.901706
1179,13.709302325581394,1894.0,1.20703125,8.404689,-1.024173
1180,13.72093023255814,1891.0,-1.79296875,3.369616,-4.65786
1181,13.732558139534884,1897.0,4.20703125,-2.880748,-9.03776
1182,13.744186046511627,1904.0,11.20703125,-9.577368,-13.658434
1183,13.755813953488373,1905.0,12.20703125,-15.476813,-17.439144
1184,13.767441860465116,1910.0,17.20703125,-19.372303,-19.287512
1185,13.77906976744186,1904.0,11.20703125,-20.498793,-18.46797
1186,13.790697674418606,1909.0,16.20703125,-18.783283,-15.021914
1187,13.80232558139535,1920.0,27.20703125,-14.868667,-9.708902
1188,13.813953488372093,1915.0,22.20703125,-9.740297,-3.716881
1189,13.825581395348838,1917.0,24.20703125,-4.446115,1.784126
1190,13.837209302325581,1915.0,22.20703125,0.38216,6.125092
1191,13.848837209302324,1919.0,26.20703125,4.458423,9.189798
1192,13.86046511627907,1907.0,14.20703125,7.814881,11.285273
1193,13.872093023255815,1910.0,17.20703125,10.482178,12.780006
1194,13.883720930232558,1902.0,9.20703125,12.342257,13.824013
1195,13.895348837209301,1904.0,11.20703125,13.077333,14.187569
1196,13.906976744186046,1892.0,-0.79296875,12.324412,13.439502
1197,13.918604651162791,1901.0,8.20703125,9.969679,11.227856
1198,13.930232558139535,1891.0,-1.79296875,6.241712,7.556832
1199,13.94186046511628,1898.0,5.20703125,1.847161,2.932995
1200,13.953488372093023,1890.0,-2.79296875,-2.371427,-1.824556
1201,13.965116279069766,1887.0,-5.79296875,-5.575029,-5.8395
1202,13.976744186046512,1900.0,7.20703125,-7.340384,-8.553557
1203,13.988372093023257,1890.0,-2.79296875,-7.654543,-9.851192
1204,14.0,1909.0,16.20703125,-6.915126,-10.076302
1205,14.011627906976743,1893.0,0.20703125,-5.659794,-9.748134
1206,14.023255813953488,1924.0,31.20703125,-4.308459,-9.302244
1207,14.034883720930232,1920.0,27.20703125,-3.069345,-8.886967
1208,14.046511627906977,1938.0,45.20703125,-1.834377,-8.316169
1209,14.058139534883722,1935.0,42.20703125,-0.429383,-7.236818
1210,14.069767441860465,1943.0,50.20703125,1.319867,-5.331225
1211,14.081395348837209,1949.0,56.20703125,3.293713,-2.576821
1212,14.093023255813954,1936.0,43.20703125,5.173462,0.741807
1213,14.104651162790697,1940.0,47.20703125,6.475976,4.112639
1214,14.116279069767442,1922.0,29.20703125,6.770943,6.976542
1215,14.127906976744187,1926.0,33.20703125,5.83217,8.917202
1216,14.13953488372093,1894.0,1.20703125,3.768493,9.808023
1217,14.151162790697674,1901.0,8.20703125,1.002183,9.787755
1218,14.162790697674417,1875.0,-17.79296875,-1.897773,9.143217
1219,14.174418604651164,1887.0,-5.79296875,-4.366528,8.139311
1220,14.186046511627907,1867.0,-25.79296875,-6.0422,6.916105
1221,14.19767441860465,1872.0,-20.79296875,-6.773668,5.462487
1222,14.209302325581396,1871.0,-21.79296875,-6.657055,3.678576
1223,14.220930232558139,1863.0,-29.79296875,-5.881608,1.496734
1224,14.232558139534882,1885.0,-7.79296875,-4.666635,-1.044684
1225,14.24418604651163,1877.0,-15.79296875,-3.130339,-3.721132
1226,14.255813953488373,1906.0,13.20703125,-1.365497,-6.261952
1227,14.267441860465116,1899.0,6.20703125,0.536286,-8.383343
1228,14.279069767441861,1935.0,42.20703125,2.468848,-9.855852
1229,14.290697674418604,1918.0,25.20703125,4.202758,-10.59479
1230,14.30232558139535,1950.0,57.20703125,5.564919,-10.542076
1231,14.313953488372093,1939.0,46.20703125,6.372298,-9.708656
1232,14.325581395348838,1936.0,43.20703125,6.625294,-8.066183
1233,14.337209302325581,1947.0,54.20703125,6.415425,-5.622281
1234,14.348837209302324,1919.0,26.20703125,5.902713,-2.472601
1235,14.36046511627907,1936.0,43.20703125,5.188306,1.12968
1236,14.372093023255815,1897.0,4.20703125,4.215714,4.727712
1237,14.383720930232558,1907.0,14.20703125,2.825762,7.810728
1238,14.395348837209303,1872.0,-20.79296875,0.805188,9.883117
1239,14.406976744186046,1887.0,-5.79296875,-1.872421,10.709636
1240,14.41860465116279,1853.0,-39.79296875,-5.036954,10.30195
1241,14.430232558139535,1862.0,-30.79296875,-8.180836,8.982552
1242,14.44186046511628,1857.0,-35.79296875,-10.697057,7.148538
1243,14.453488372093023,1856.0,-36.79296875,-12.010917,5.140759
1244,14.465116279069768,1882.0,-10.79296875,-11.813816,3.118671
1245,14.476744186046512,1869.0,-23.79296875,-10.157654,1.043145
1246,14.488372093023255,1908.0,15.20703125,-7.362587,-1.138009
1247,14.5,1894.0,1.20703125,-3.933934,-3.430592
1248,14.511627906976745,1937.0,44.20703125,-0.289469,-5.587553
1249,14.523255813953488,1922.0,29.20703125,3.237935,-7.272657
1250,14.534883720930232,1960.0,67.20703125,6.518748,-8.071645
1251,14.546511627906977,1951.0,58.20703125,9.405214,-7.812347
1252,14.55813953488372,1958.0,65.20703125,11.712488,-6.627312
1253,14.569767441860465,1964.0,71.20703125,13.172434,-4.883375
1254,14.58139534883721,1936.0,43.20703125,13.467772,-3.099717
1255,14.593023255813954,1952.0,59.20703125,12.436359,-1.615664
1256,14.604651162790697,1894.0,1.20703125,10.108924,-0.550761
1257,14.616279069767442,1921.0,28.20703125,6.862512,0.33726
1258,14.627906976744187,1870.0,-22.79296875,3.147129,1.31509
1259,14.63953488372093,1883.0,-9.79296875,-0.517567,2.614536
1260,14.651162790697674,1849.0,-43.79296875,-3.862244,4.130511
1261,14.662790697674419,1851.0,-41.79296875,-6.824214,5.47079
1262,14.674418604651162,1841.0,-51.79296875,-9.560772,6.078363
1263,14.686046511627906,1838.0,-54.79296875,-12.212073,5.499682
1264,14.697674418604652,1859.0,-33.79296875,-14.754934,3.624014
1265,14.709302325581396,1846.0,-46.79296875,-16.900108,0.732262
1266,14.720930232558139,1898.0,5.20703125,-18.042416,-2.450132
1267,14.732558139534884,1877.0,-15.79296875,-17.560547,-5.128943
1268,14.744186046511627,1934.0,41.20703125,-14.86538,-6.510726
1269,14.755813953488373,1916.0,23.20703125,-9.819285,-6.199224
1270,14.767441860465118,1957.0,64.20703125,-2.664048,-4.133825
1271,14.779069767441861,1947.0,54.20703125,5.802212,-0.705268
1272,14.790697674418604,1952.0,59.20703125,14.464337,3.382568
1273,14.802325581395348,1959.0,66.20703125,22.042593,7.28445
1274,14.813953488372093,1927.0,34.20703125,27.325405,10.104946
1275,14.825581395348838,1945.0,52.20703125,29.500301,11.21287
1276,14.837209302325581,1894.0,1.20703125,28.188437,10.234411
1277,14.848837209302326,1911.0,18.20703125,23.669518,7.318935
1278,14.86046511627907,1867.0,-25.79296875,16.624475,2.966519
1279,14.872093023255813,1878.0,-14.79296875,8.115595,-1.978291
1280,14.88372093023256,1840.0,-52.79296875,-0.856288,-6.682099
1281,14.895348837209303,1858.0,-34.79296875,-9.388129,-10.449786
1282,14.906976744186046,1856.0,-36.79296875,-16.949394,-12.968207
1283,14.918604651162791,1847.0,-45.79296875,-23.22971,-14.267394
1284,14.930232558139535,1875.0,-17.79296875,-27.986887,-14.513195
1285,14.941860465116278,1863.0,-29.79296875,-30.944061,-13.890646
1286,14.953488372093023,1901.0,8.20703125,-31.602077,-12.332146
1287,14.965116279069768,1890.0,-2.79296875,-29.4851,-9.649265
1288,14.976744186046512,1922.0,29.20703125,-24.222378,-5.596268
1289,14.988372093023255,1919.0,26.20703125,-15.95565,-0.186714
1290,15.0,1931.0,38.20703125,-5.352856,6.186641
1291,15.011627906976745,1936.0,43.20703125,6.356011,12.75223
1292,15.023255813953488,1930.0,37.20703125,17.69445,18.512903
1293,15.034883720930234,1934.0,41.20703125,27.270933,22.613697
1294,15.046511627906977,1923.0,30.20703125,34.063969,24.472366
1295,15.05813953488372,1930.0,37.20703125,37.564861,23.955065
1296,15.069767441860465,1909.0,16.20703125,37.662399,21.193893
1297,15.08139534883721,1920.0,27.20703125,34.535252,16.499861
1298,15.093023255813954,1901.0,8.20703125,28.42495,10.145348
1299,15.104651162790697,1904.0,11.20703125,19.667324,2.412971
1300,15.116279069767442,1889.0,-3.79296875,8.743286,-6.272018
1301,15.127906976744185,1894.0,1.20703125,-3.56138,-15.256901
1302,15.139534883720929,1883.0,-9.79296875,-16.135025,-23.551331
1303,15.151162790697676,1890.0,-2.79296875,-27.585592,-30.038841
1304,15.162790697674419,1879.0,-13.79296875,-36.540794,-33.68853
1305,15.174418604651162,1884.0,-8.79296875,-41.925308,-33.937263
1306,15.186046511627907,1875.0,-17.79296875,-43.206512,-30.760544
1307,15.19767441860465,1875.0,-17.79296875,-40.391247,-24.648552
1308,15.209302325581396,1874.0,-18.79296875,-33.925873,-16.349791
1309,15.22093023255814,1868.0,-24.79296875,-24.487207,-6.606213
1310,15.232558139534884,1872.0,-20.79296875,-12.815009,3.969148
1311,15.244186046511627,1872.0,-20.79296875,0.30476,14.867434
1312,15.25581395348837,1886.0,-6.79296875,13.973475,25.414982
1313,15.267441860465116,1877.0,-15.79296875,27.027508,34.645767
1314,15.279069767441861,1890.0,-2.79296875,38.121193,41.291355
1315,15.290697674418604,1882.0,-10.79296875,45.815578,44.060333
1316,15.30232558139535,1890.0,-2.79296875,48.965412,42.062023
1317,15.313953488372093,1888.0,-4.79296875,47.001553,35.216434
1318,15.325581395348836,1904.0,11.20703125,40.108162,24.341257
1319,15.337209302325583,1893.0,0.20703125,29.1462,10.938257
1320,15.348837209302326,1903.0,10.20703125,15.46196,-3.218344
1321,15.36046511627907,1899.0,6.20703125,0.52951,-16.606525
1322,15.372093023255815,1901.0,8.20703125,-14.300673,-28.207102
1323,15.383720930232558,1901.0,8.20703125,-27.874834,-37.505722
1324,15.395348837209301,1891.0,-1.79296875,-39.214073,-44.181126
1325,15.406976744186046,1899.0,6.20703125,-47.355347,-47.816761
1326,15.418604651162791,1873.0,-19.79296875,-51.421249,-47.770676
1327,15.430232558139535,1883.0,-9.79296875,-50.597393,-43.277023
1328,15.441860465116278,1869.0,-23.79296875,-44.520996,-33.918842
1329,15.453488372093023,1870.0,-22.79296875,-33.416779,-19.989922
1330,15.465116279069768,1859.0,-33.79296875,-18.315588,-2.768156
1331,15.476744186046512,1866.0,-26.79296875,-0.935028,15.615139
1332,15.488372093023257,1862.0,-30.79296875,16.593494,32.614449
1333,15.5,1859.0,-33.79296875,32.083637,45.829266
1334,15.511627906976743,1872.0,-20.79296875,43.758774,53.567047
1335,15.523255813953488,1869.0,-23.79296875,50.375061,55.035526
1336,15.534883720930234,1881.0,-11.79296875,51.481125,50.448299
1337,15.546511627906977,1872.0,-20.79296875,47.227592,40.73634
1338,15.55813953488372,1882.0,-10.79296875,38.365238,27.306499
1339,15.569767441860465,1881.0,-11.79296875,25.995857,11.786003
1340,15.581395348837209,1888.0,-4.79296875,11.506786,-4.172848
1341,15.593023255813954,1888.0,-4.79296875,-3.568845,-18.964754
1342,15.604651162790699,1885.0,-7.79296875,-17.69997,-31.200401
1343,15.616279069767442,1887.0,-5.79296875,-29.440046,-39.768917
1344,15.627906976744185,1883.0,-9.79296875,-37.648762,-44.016514
1345,15.63953488372093,1885.0,-7.79296875,-41.54113,-43.751251
1346,15.651162790697674,1872.0,-20.79296875,-40.903961,-39.328522
1347,15.662790697674417,1876.0,-16.79296875,-35.990562,-31.453873
1348,15.674418604651162,1870.0,-22.79296875,-27.630007,-21.131058
1349,15.686046511627906,1872.0,-20.79296875,-16.98765,-9.467178
1350,15.697674418604652,1866.0,-26.79296875,-5.508071,2.389267
1351,15.709302325581396,1870.0,-22.79296875,5.386291,13.329859
1352,15.72093023255814,1869.0,-23.79296875,14.474234,22.370914
1353,15.732558139534884,1871.0,-21.79296875,20.907352,28.684547
1354,15.744186046511627,1859.0,-33.79296875,24.358631,31.785013
1355,15.755813953488373,1866.0,-26.79296875,24.944948,31.552925
1356,15.767441860465116,1871.0,-21.79296875,23.159075,28.281481
1357,15.77906976744186,1872.0,-20.79296875,19.596113,22.555407
1358,15.790697674418604,1875.0,-17.79296875,14.925726,15.180326
1359,15.802325581395348,1873.0,-19.79296875,9.660073,7.000029
1360,15.813953488372091,1877.0,-15.79296875,4.310536,-1.135433
1361,15.82558139534884,1895.0,2.20703125,-0.666709,-8.430134
1362,15.837209302325583,1882.0,-10.79296875,-4.847509,-14.227693
1363,15.848837209302326,1879.0,-13.79296875,-7.775987,-17.910688
1364,15.86046511627907,1887.0,-5.79296875,-9.212193,-19.161285
1365,15.872093023255815,1885.0,-7.79296875,-9.149486,-17.95433
1366,15.883720930232558,1892.0,-0.79296875,-7.990645,-14.766583
1367,15.895348837209301,1889.0,-3.79296875,-6.351473,-10.408561
1368,15.906976744186046,1894.0,1.20703125,-4.953188,-5.908541
1369,15.91860465116279,1895.0,2.20703125,-4.243852,-2.125693
1370,15.930232558139533,1904.0,11.20703125,-4.331973,0.427506
1371,15.941860465116278,1898.0,5.20703125,-4.891163,1.735762
1372,15.953488372093025,1894.0,1.20703125,-5.355226,2.22247
1373,15.965116279069768,1901.0,8.20703125,-5.210305,2.424074
1374,15.976744186046513,1886.0,-6.79296875,-4.210563,2.779589
1375,15.988372093023257,1891.0,-1.79296875,-2.535506,3.362528
1376,16.0,1873.0,-19.79296875,-0.610539,3.997077
1377,16.011627906976745,1882.0,-10.79296875,1.045061,4.34515
1378,16.023255813953487,1872.0,-20.79296875,2.160623,4.237583
1379,16.03488372093023,1872.0,-20.79296875,2.742259,3.715237
1380,16.046511627906977,1870.0,-22.79296875,3.147926,3.116392
1381,16.05813953488372,1873.0,-19.79296875,3.790012,2.843078
1382,16.069767441860463,1882.0,-10.79296875,4.946341,3.128747
1383,16.081395348837212,1873.0,-19.79296875,6.592974,3.942904
1384,16.093023255813954,1884.0,-8.79296875,8.353005,4.889822
1385,16.1046511627907,1872.0,-20.79296875,9.708176,5.490614
1386,16.116279069767444,1891.0,-1.79296875,10.070927,5.22736
1387,16.127906976744185,1885.0,-7.79296875,9.121252,3.884562
1388,16.13953488372093,1889.0,-3.79296875,6.75849,1.468354
1389,16.151162790697676,1891.0,-1.79296875,3.249442,-1.692312
1390,16.162790697674417,1904.0,11.20703125,-0.961644,-5.136959
1391,16.174418604651162,1899.0,6.20703125,-5.290683,-8.366837
1392,16.186046511627907,1904.0,11.20703125,-9.120264,-10.872957
1393,16.19767441860465,1903.0,10.20703125,-11.925842,-12.265191
1394,16.209302325581397,1901.0,8.20703125,-13.29636,-12.227639
1395,16.220930232558143,1903.0,10.20703125,-13.124501,-10.727476
1396,16.232558139534884,1888.0,-4.79296875,-11.493085,-7.878073
1397,16.24418604651163,1892.0,-0.79296875,-8.812899,-4.134752
1398,16.25581395348837,1874.0,-18.79296875,-5.556036,-0.039691
1399,16.267441860465116,1882.0,-10.79296875,-2.244095,3.789084
1400,16.27906976744186,1863.0,-29.79296875,0.79148,6.910913
1401,16.290697674418603,1872.0,-20.79296875,3.420584,9.140433
1402,16.302325581395348,1860.0,-32.79296875,5.64353,10.471245
1403,16.313953488372093,1867.0,-25.79296875,7.544705,11.076486
1404,16.325581395348834,1863.0,-29.79296875,9.014818,10.97087
1405,16.337209302325583,1856.0,-36.79296875,9.880049,10.145228
1406,16.348837209302328,1862.0,-30.79296875,9.802501,8.394478
1407,16.36046511627907,1854.0,-38.79296875,8.611937,5.648718
1408,16.372093023255815,1869.0,-23.79296875,6.350095,2.022937
1409,16.38372093023256,1863.0,-29.79296875,3.434792,-2.00837
1410,16.3953488372093,1875.0,-17.79296875,0.473821,-5.762345
1411,16.406976744186046,1872.0,-20.79296875,-1.887814,-8.511707
1412,16.41860465116279,1878.0,-14.79296875,-3.246995,-9.765355
1413,16.430232558139533,1878.0,-14.79296875,-3.648964,-9.507336
1414,16.441860465116278,1887.0,-5.79296875,-3.443169,-8.103516
1415,16.453488372093023,1885.0,-7.79296875,-3.214195,-6.231734
1416,16.46511627906977,1899.0,6.20703125,-3.32761,-4.444522
1417,16.476744186046513,1893.0,0.20703125,-3.896455,-3.096297
1418,16.48837209302326,1897.0,4.20703125,-4.581549,-2.089596
1419,16.5,1899.0,6.20703125,-4.882293,-1.115778
1420,16.511627906976745,1886.0,-6.79296875,-4.371664,0.161541
1421,16.52325581395349,1889.0,-3.79296875,-2.932899,1.897645
1422,16.53488372093023,1879.0,-13.79296875,-0.918185,3.870322
1423,16.546511627906977,1885.0,-7.79296875,1.040406,5.631648
1424,16.558139534883722,1875.0,-17.79296875,2.222346,6.602474
1425,16.569767441860463,1875.0,-17.79296875,2.225793,6.443169
1426,16.58139534883721,1867.0,-25.79296875,1.061329,5.085572
1427,16.59302325581395,1872.0,-20.79296875,-0.729187,2.920719
1428,16.6046511627907,1872.0,-20.79296875,-2.372608,0.541013
1429,16.616279069767444,1874.0,-18.79296875,-3.081892,-1.37587
1430,16.627906976744185,1873.0,-19.79296875,-2.404187,-2.34264
1431,16.63953488372093,1870.0,-22.79296875,-0.325708,-2.186376
1432,16.651162790697676,1878.0,-14.79296875,2.695105,-1.088511
1433,16.662790697674417,1872.0,-20.79296875,5.90877,0.486463
1434,16.674418604651162,1887.0,-5.79296875,8.503774,1.968409
1435,16.686046511627907,1885.0,-7.79296875,9.828523,2.815998
1436,16.69767441860465,1895.0,2.20703125,9.556465,2.716315
1437,16.709302325581394,1886.0,-6.79296875,7.718658,1.619254
1438,16.72093023255814,1903.0,10.20703125,4.707602,-0.196806
1439,16.732558139534884,1899.0,6.20703125,1.084031,-2.306374
1440,16.74418604651163,1903.0,10.20703125,-2.490252,-4.173283
1441,16.755813953488374,1904.0,11.20703125,-5.445617,-5.356058
1442,16.767441860465116,1899.0,6.20703125,-7.376908,-5.588968
1443,16.77906976744186,1903.0,10.20703125,-8.163345,-4.872586
1444,16.790697674418606,1901.0,8.20703125,-7.939207,-3.447644
1445,16.802325581395348,1901.0,8.20703125,-7.074111,-1.726677
1446,16.813953488372093,1898.0,5.20703125,-6.013245,-0.170645
1447,16.825581395348838,1900.0,7.20703125,-5.147079,0.865477
1448,16.83720930232558,1895.0,2.20703125,-4.630178,1.234877
1449,16.848837209302324,1894.0,1.20703125,-4.359611,1.035755
1450,16.86046511627907,1891.0,-1.79296875,-3.965369,0.598668
1451,16.872093023255815,1893.0,0.20703125,-2.98662,0.352171
1452,16.88372093023256,1893.0,0.20703125,-1.073029,0.667769
1453,16.8953488372093,1895.0,2.20703125,1.829548,1.697196
1454,16.906976744186046,1901.0,8.20703125,5.358812,3.283867
1455,16.91860465116279,1894.0,1.20703125,8.841818,4.981162
1456,16.930232558139533,1904.0,11.20703125,11.445785,6.175872
1457,16.941860465116278,1898.0,5.20703125,12.503691,6.331342
1458,16.953488372093023,1894.0,1.20703125,11.722262,5.190148
1459,16.965116279069765,1899.0,6.20703125,9.321489,2.920317
1460,16.97674418604651,1902.0,9.20703125,5.900278,0.04537
1461,16.98837209302326,1898.0,5.20703125,2.254998,-2.710356
1462,17.0,1895.0,2.20703125,-0.919348,-4.682258
1463,17.011627906976745,1899.0,6.20703125,-3.246706,-5.511533
1464,17.02325581395349,1901.0,8.20703125,-4.707695,-5.21753
1465,17.03488372093023,1893.0,0.20703125,-5.580804,-4.190982
1466,17.046511627906977,1900.0,7.20703125,-6.171205,-2.911111
1467,17.058139534883722,1898.0,5.20703125,-6.707927,-1.808771
1468,17.069767441860463,1904.0,11.20703125,-7.172065,-1.067259
1469,17.08139534883721,1904.0,11.20703125,-7.394757,-0.652283
1470,17.093023255813954,1905.0,12.20703125,-7.155757,-0.39397
1471,17.104651162790695,1905.0,12.20703125,-6.35017,-0.166771
1472,17.116279069767444,1904.0,11.20703125,-5.060397,0.013774
1473,17.12790697674419,1904.0,11.20703125,-3.496655,0.020844
1474,17.13953488372093,1905.0,12.20703125,-1.887942,-0.291631
1475,17.151162790697676,1904.0,11.20703125,-0.331225,-0.881223
1476,17.16279069767442,1904.0,11.20703125,1.224795,-1.508885
1477,17.174418604651162,1907.0,14.20703125,2.954801,-1.740422
1478,17.186046511627907,1903.0,10.20703125,4.965326,-1.179108
1479,17.19767441860465,1904.0,11.20703125,7.180712,0.356806
1480,17.209302325581394,1904.0,11.20703125,9.242097,2.635574
1481,17.22093023255814,1903.0,10.20703125,10.612074,5.075646
1482,17.23255813953488,1904.0,11.20703125,10.756719,6.925863
1483,17.24418604651163,1903.0,10.20703125,9.388701,7.55556
1484,17.255813953488374,1907.0,14.20703125,6.597764,6.698305
1485,17.267441860465116,1906.0,13.20703125,2.887783,4.565129
1486,17.27906976744186,1904.0,11.20703125,-0.9771,1.779266
1487,17.290697674418606,1905.0,12.20703125,-4.233207,-0.889807
1488,17.302325581395348,1903.0,10.20703125,-6.366428,-2.827625
1489,17.313953488372093,1904.0,11.20703125,-7.261568,-3.814634
1490,17.325581395348838,1899.0,6.20703125,-7.19397,-4.037498
1491,17.33720930232558,1907.0,14.20703125,-6.610668,-3.922562
1492,17.348837209302324,1888.0,-4.79296875,-6.004174,-3.973852
1493,17.36046511627907,1889.0,-3.79296875,-5.621177,-4.428428
1494,17.372093023255815,1888.0,-4.79296875,-5.407249,-5.187011
1495,17.38372093023256,1895.0,2.20703125,-5.070548,-5.822744
1496,17.395348837209305,1894.0,1.20703125,-4.242779,-5.820754
1497,17.406976744186046,1889.0,-3.79296875,-2.69241,-4.788171
1498,17.41860465116279,1899.0,6.20703125,-0.437742,-2.676449
1499,17.430232558139537,1892.0,-0.79296875,2.177691,0.178862
1500,17.441860465116278,1901.0,8.20703125,4.665145,3.185267
1501,17.453488372093023,1897.0,4.20703125,6.507384,5.697578
1502,17.46511627906977,1904.0,11.20703125,7.388609,7.252831
1503,17.47674418604651,1903.0,10.20703125,7.29494,7.740141
1504,17.488372093023255,1904.0,11.20703125,6.452097,7.316148
1505,17.5,1905.0,12.20703125,5.23779,6.320757
1506,17.511627906976745,1901.0,8.20703125,3.935998,5.01952
1507,17.52325581395349,1902.0,9.20703125,2.689472,3.523638
1508,17.53488372093023,1890.0,-2.79296875,1.413385,1.753222
1509,17.546511627906977,1898.0,5.20703125,-0.038346,-0.413488
1510,17.558139534883722,1872.0,-20.79296875,-1.785327,-2.978398
1511,17.569767441860463,1881.0,-11.79296875,-3.698745,-5.647522
1512,17.58139534883721,1858.0,-34.79296875,-5.458572,-7.882524
1513,17.593023255813954,1866.0,-26.79296875,-6.612628,-9.046588
1514,17.604651162790695,1851.0,-41.79296875,-6.788448,-8.662775
1515,17.61627906976744,1854.0,-38.79296875,-5.868107,-6.655336
1516,17.62790697674419,1851.0,-41.79296875,-4.030502,-3.403118
1517,17.63953488372093,1847.0,-45.79296875,-1.732283,0.362305
1518,17.651162790697676,1856.0,-36.79296875,0.499095,3.777844
1519,17.66279069767442,1863.0,-29.79296875,2.220058,6.169335
1520,17.674418604651162,1877.0,-15.79296875,3.24486,7.20994
1521,17.686046511627907,1871.0,-21.79296875,3.590426,6.977625
1522,17.697674418604652,1903.0,10.20703125,3.472816,5.824344
1523,17.709302325581394,1891.0,-1.79296875,3.060468,4.167007
1524,17.72093023255814,1911.0,18.20703125,2.492897,2.344632
1525,17.732558139534884,1904.0,11.20703125,1.791968,0.533939
1526,17.744186046511626,1897.0,4.20703125,0.947162,-1.217833
1527,17.755813953488374,1914.0,21.20703125,0.049905,-2.844762
1528,17.76744186046512,1881.0,-11.79296875,-0.79881,-4.252984
1529,17.77906976744186,1891.0,-1.79296875,-1.33535,-5.210649
1530,17.790697674418606,1854.0,-38.79296875,-1.441051,-5.51295
1531,17.802325581395348,1868.0,-24.79296875,-1.040329,-5.016346
1532,17.813953488372093,1835.0,-57.79296875,-0.347523,-3.805571
1533,17.825581395348838,1841.0,-51.79296875,0.364922,-2.115231
1534,17.83720930232558,1822.0,-70.79296875,0.759349,-0.305215
1535,17.848837209302324,1825.0,-67.79296875,0.647767,1.289958
1536,17.86046511627907,1823.0,-69.79296875,0.056766,2.488997
1537,17.87209302325581,1819.0,-73.79296875,-0.807954,3.261447
1538,17.883720930232556,1840.0,-52.79296875,-1.592467,3.730216
1539,17.895348837209305,1834.0,-58.79296875,-2.054506,4.018264
1540,17.906976744186046,1874.0,-18.79296875,-2.038172,4.162013
1541,17.91860465116279,1859.0,-33.79296875,-1.66525,4.061199
1542,17.930232558139537,1912.0,19.20703125,-1.083276,3.540861
1543,17.941860465116278,1898.0,5.20703125,-0.547359,2.435641
1544,17.953488372093023,1931.0,38.20703125,-0.101663,0.764055
1545,17.96511627906977,1920.0,27.20703125,0.288217,-1.266294
1546,17.97674418604651,1930.0,37.20703125,0.845279,-3.19659
1547,17.988372093023255,1935.0,42.20703125,1.745917,-4.55041
1548,18.0,1918.0,25.20703125,3.019372,-4.933206
1549,18.01162790697674,1922.0,29.20703125,4.506011,-4.229728
1550,18.02325581395349,1891.0,-1.79296875,5.768402,-2.659231
1551,18.034883720930235,1905.0,12.20703125,6.347983,-0.698556
1552,18.046511627906977,1859.0,-33.79296875,5.775405,1.055092
1553,18.058139534883722,1873.0,-19.79296875,3.947447,2.164672
1554,18.069767441860467,1839.0,-53.79296875,1.013678,2.4225
1555,18.08139534883721,1846.0,-46.79296875,-2.484438,1.963517
1556,18.093023255813954,1823.0,-69.79296875,-5.901978,1.109892
1557,18.104651162790695,1831.0,-61.79296875,-8.574347,0.263738
1558,18.11627906976744,1831.0,-61.79296875,-10.090946,-0.331579
1559,18.127906976744185,1825.0,-67.79296875,-10.346338,-0.643147
1560,18.139534883720927,1850.0,-42.79296875,-9.486846,-0.829713
1561,18.151162790697676,1840.0,-52.79296875,-7.858939,-1.126739
1562,18.16279069767442,1875.0,-17.79296875,-5.714039,-1.641147
1563,18.174418604651162,1864.0,-28.79296875,-3.257375,-2.300577
1564,18.186046511627907,1904.0,11.20703125,-0.447877,-2.797012
1565,18.197674418604652,1890.0,-2.79296875,2.723298,-2.786288
1566,18.209302325581394,1917.0,24.20703125,6.278669,-1.984982
1567,18.22093023255814,1911.0,18.20703125,9.963897,-0.395728
1568,18.232558139534884,1921.0,28.20703125,13.373592,1.763596
1569,18.244186046511626,1920.0,27.20703125,15.920145,4.038411
1570,18.25581395348837,1901.0,8.20703125,17.029568,5.955019
1571,18.267441860465116,1910.0,17.20703125,16.335405,7.154167
1572,18.27906976744186,1874.0,-18.79296875,13.688388,7.445285
1573,18.290697674418606,1888.0,-4.79296875,9.314368,6.834366
1574,18.30232558139535,1851.0,-41.79296875,3.594481,5.410532
1575,18.313953488372093,1863.0,-29.79296875,-2.885392,3.32191
1576,18.325581395348838,1840.0,-52.79296875,-9.565493,0.690695
1577,18.337209302325583,1845.0,-47.79296875,-15.838649,-2.313019
1578,18.348837209302324,1840.0,-52.79296875,-21.143604,-5.449775
1579,18.36046511627907,1833.0,-59.79296875,-24.911448,-8.372879
1580,18.372093023255815,1840.0,-52.79296875,-26.587513,-10.640059
1581,18.383720930232556,1834.0,-58.79296875,-25.719868,-11.824995
1582,18.3953488372093,1854.0,-38.79296875,-22.032207,-11.635287
1583,18.406976744186046,1843.0,-49.79296875,-15.60957,-10.008883
1584,18.41860465116279,1872.0,-20.79296875,-6.873877,-7.115331
1585,18.430232558139537,1866.0,-26.79296875,3.278004,-3.351546
1586,18.441860465116278,1889.0,-3.79296875,13.716131,0.809489
1587,18.453488372093023,1882.0,-10.79296875,23.133036,4.894377
1588,18.46511627906977,1893.0,0.20703125,30.347326,8.491198
1589,18.47674418604651,1895.0,2.20703125,34.468735,11.289633
1590,18.488372093023255,1893.0,0.20703125,35.055176,13.040405
1591,18.5,1897.0,4.20703125,32.144051,13.557192
1592,18.51162790697674,1879.0,-13.79296875,26.163456,12.728247
1593,18.523255813953487,1887.0,-5.79296875,17.859291,10.598381
1594,18.534883720930235,1862.0,-30.79296875,8.056023,7.379668
1595,18.546511627906977,1872.0,-20.79296875,-2.408569,3.438433
1596,18.558139534883722,1840.0,-52.79296875,-12.809656,-0.756886
1597,18.569767441860467,1855.0,-37.79296875,-22.429258,-4.714596
1598,18.58139534883721,1840.0,-52.79296875,-30.594166,-8.049732
1599,18.593023255813954,1845.0,-47.79296875,-36.555317,-10.528238
1600,18.6046511627907,1840.0,-52.79296875,-39.565918,-12.053791
1601,18.61627906976744,1840.0,-52.79296875,-38.973801,-12.608139
1602,18.627906976744185,1845.0,-47.79296875,-34.428387,-12.185711
1603,18.63953488372093,1845.0,-47.79296875,-26.079777,-10.765189
1604,18.651162790697672,1856.0,-36.79296875,-14.661988,-8.369095
1605,18.66279069767442,1855.0,-37.79296875,-1.47278,-5.112594
1606,18.674418604651166,1867.0,-25.79296875,11.877719,-1.285254
1607,18.686046511627907,1859.0,-33.79296875,23.756994,2.681213
1608,18.697674418604652,1872.0,-20.79296875,32.86816,6.267548
1609,18.709302325581397,1871.0,-21.79296875,38.422222,9.026924
1610,18.72093023255814,1879.0,-13.79296875,40.220634,10.68413
1611,18.732558139534884,1873.0,-19.79296875,38.506145,11.20425
1612,18.744186046511626,1881.0,-11.79296875,33.802887,10.761028
1613,18.75581395348837,1875.0,-17.79296875,26.68154,9.596451
1614,18.767441860465116,1883.0,-9.79296875,17.716928,7.953855
1615,18.779069767441857,1881.0,-11.79296875,7.45866,5.935975
1616,18.790697674418606,1878.0,-14.79296875,-3.458388,3.565801
1617,18.80232558139535,1881.0,-11.79296875,-14.234836,0.850421
1618,18.813953488372093,1885.0,-7.79296875,-23.936886,-2.087923
1619,18.825581395348838,1874.0,-18.79296875,-31.612093,-5.033079
1620,18.837209302325583,1877.0,-15.79296875,-36.463753,-7.625721
1621,18.848837209302324,1885.0,-7.79296875,-38.011314,-9.493389
1622,18.86046511627907,1872.0,-20.79296875,-36.245525,-10.409103
1623,18.872093023255815,1872.0,-20.79296875,-31.489246,-10.276693
1624,18.883720930232556,1868.0,-24.79296875,-24.314819,-9.183345
1625,18.8953488372093,1872.0,-20.79296875,-15.350247,-7.290805
1626,18.906976744186046,1866.0,-26.79296875,-5.225738,-4.806386
1627,18.91860465116279,1872.0,-20.79296875,5.430497,-1.933543
1628,18.930232558139537,1853.0,-39.79296875,15.90383,1.091929
1629,18.94186046511628,1859.0,-33.79296875,25.332291,4.005634
1630,18.953488372093023,1854.0,-38.79296875,32.706741,6.440258
1631,18.96511627906977,1855.0,-37.79296875,37.026943,8.030752
1632,18.976744186046513,1856.0,-36.79296875,37.573006,8.498014
1633,18.988372093023255,1856.0,-36.79296875,34.14558,7.812243
1634,19.0,1866.0,-26.79296875,27.216822,6.235271
1635,19.011627906976745,1858.0,-34.79296875,17.839882,4.256399
1636,19.023255813953487,1882.0,-10.79296875,7.432702,2.448333
1637,19.03488372093023,1873.0,-19.79296875,-2.643261,1.199226
1638,19.046511627906973,1895.0,2.20703125,-11.345581,0.598373
1639,19.058139534883722,1895.0,2.20703125,-18.130213,0.412136
1640,19.069767441860467,1904.0,11.20703125,-22.932564,0.192135
1641,19.08139534883721,1904.0,11.20703125,-25.903496,-0.439777
1642,19.093023255813954,1904.0,11.20703125,-27.241434,-1.644781
1643,19.1046511627907,1906.0,13.20703125,-26.957535,-3.243084
1644,19.11627906976744,1901.0,8.20703125,-24.945751,-4.83493
1645,19.127906976744185,1905.0,12.20703125,-21.052677,-5.94972
1646,19.13953488372093,1888.0,-4.79296875,-15.31716,-6.300769
1647,19.151162790697672,1898.0,5.20703125,-8.060652,-5.83048
1648,19.162790697674417,1882.0,-10.79296875,0.045478,-4.759315
1649,19.174418604651162,1883.0,-9.79296875,8.143522,-3.364861
1650,19.186046511627907,1872.0,-20.79296875,15.346424,-1.88521
1651,19.197674418604652,1872.0,-20.79296875,20.888287,-0.420952
1652,19.209302325581397,1868.0,-24.79296875,24.302071,1.05711
1653,19.22093023255814,1870.0,-22.79296875,25.342012,2.561733
1654,19.232558139534884,1873.0,-19.79296875,24.030706,4.003262
1655,19.24418604651163,1870.0,-22.79296875,20.554363,5.148889
1656,19.25581395348837,1881.0,-11.79296875,15.26642,5.694545
1657,19.267441860465116,1878.0,-14.79296875,8.730902,5.441512
1658,19.27906976744186,1897.0,4.20703125,1.638682,4.396637
1659,19.290697674418603,1891.0,-1.79296875,-5.180324,2.835676
1660,19.302325581395348,1911.0,18.20703125,-10.942166,1.20839
1661,19.313953488372096,1904.0,11.20703125,-14.998223,-0.030564
1662,19.325581395348838,1905.0,12.20703125,-17.0336,-0.619894
1663,19.337209302325583,1898.0,5.20703125,-17.050077,-0.563425
1664,19.348837209302324,1913.0,20.20703125,-15.364995,-0.1166
1665,19.36046511627907,1919.0,26.20703125,-12.478074,0.333434
1666,19.372093023255815,1905.0,12.20703125,-8.927835,0.458386
1667,19.383720930232556,1913.0,20.20703125,-5.163317,0.142947
1668,19.3953488372093,1900.0,7.20703125,-1.513327,-0.552451
1669,19.406976744186046,1904.0,11.20703125,1.752883,-1.409648
1670,19.418604651162788,1893.0,0.20703125,4.45062,-2.227784
1671,19.430232558139533,1894.0,1.20703125,6.339379,-2.902805
1672,19.44186046511628,1883.0,-9.79296875,7.298892,-3.426212
1673,19.453488372093023,1890.0,-2.79296875,7.252382,-3.85265
1674,19.46511627906977,1875.0,-17.79296875,6.318264,-4.199206
1675,19.476744186046513,1877.0,-15.79296875,4.764688,-4.378273
1676,19.488372093023255,1875.0,-17.79296875,2.971267,-4.2095
1677,19.5,1877.0,-15.79296875,1.337838,-3.508563
1678,19.511627906976745,1875.0,-17.79296875,0.12026,-2.17289
1679,19.523255813953487,1872.0,-20.79296875,-0.552086,-0.293723
1680,19.53488372093023,1877.0,-15.79296875,-0.759052,1.876861
1681,19.546511627906977,1881.0,-11.79296875,-0.60014,3.980929
1682,19.55813953488372,1888.0,-4.79296875,-0.255441,5.661362
1683,19.569767441860467,1883.0,-9.79296875,0.228636,6.694435
1684,19.581395348837212,1895.0,2.20703125,0.837477,7.05438
1685,19.593023255813954,1890.0,-2.79296875,1.605467,6.849369
1686,19.6046511627907,1899.0,6.20703125,2.493371,6.262081
1687,19.616279069767444,1899.0,6.20703125,3.364004,5.450084
1688,19.627906976744185,1904.0,11.20703125,3.977,4.453369
1689,19.63953488372093,1902.0,9.20703125,4.00263,3.213005
1690,19.651162790697676,1904.0,11.20703125,3.212052,1.615832
1691,19.662790697674417,1906.0,13.20703125,1.462047,-0.393906
1692,19.674418604651162,1910.0,17.20703125,-1.11618,-2.774413
1693,19.686046511627904,1905.0,12.20703125,-4.255354,-5.331892
1694,19.697674418604652,1921.0,28.20703125,-7.434041,-7.732702
1695,19.709302325581397,1907.0,14.20703125,-10.167843,-9.632895
1696,19.72093023255814,1910.0,17.20703125,-11.919768,-10.677206
1697,19.732558139534884,1918.0,25.20703125,-12.319399,-10.634169
1698,19.74418604651163,1908.0,15.20703125,-11.181445,-9.410502
1699,19.75581395348837,1921.0,28.20703125,-8.510593,-7.065932
1700,19.767441860465116,1904.0,11.20703125,-4.614335,-3.84655
1701,19.77906976744186,1904.0,11.20703125,0.080738,-0.136054
1702,19.790697674418603,1903.0,10.20703125,4.923903,3.584592
1703,19.802325581395348,1904.0,11.20703125,9.294724,6.794766
1704,19.813953488372093,1898.0,5.20703125,12.57677,9.057083
1705,19.825581395348838,1902.0,9.20703125,14.425433,10.126336
1706,19.837209302325583,1900.0,7.20703125,14.712913,10.029461
1707,19.848837209302328,1897.0,4.20703125,13.609797,9.045631
1708,19.86046511627907,1902.0,9.20703125,11.467858,7.62046
1709,19.872093023255815,1899.0,6.20703125,8.655991,6.152677
1710,19.88372093023256,1905.0,12.20703125,5.48399,4.83871
1711,19.8953488372093,1903.0,10.20703125,2.069869,3.602847
1712,19.906976744186046,1904.0,11.20703125,-1.531747,2.115987
1713,19.91860465116279,1909.0,16.20703125,-5.307363,0.045197
1714,19.930232558139533,1924.0,31.20703125,-9.040028,-2.764894
1715,19.941860465116278,1919.0,26.20703125,-12.360904,-6.082842
1716,19.953488372093023,1930.0,37.20703125,-14.667088,-9.299711
1717,19.96511627906977,1926.0,33.20703125,-15.420811,-11.623421
1718,19.976744186046513,1931.0,38.20703125,-14.28695,-12.379645
1719,19.988372093023255,1927.0,34.20703125,-11.361965,-11.302434
1720,20.0,1925.0,32.20703125,-7.18781,-8.641624
1721,20.011627906976745,1925.0,32.20703125,-2.585339,-5.10146
1722,20.023255813953487,1923.0,30.20703125,1.561605,-1.529791
1723,20.03488372093023,1924.0,31.20703125,4.673861,1.391566
1724,20.046511627906977,1910.0,17.20703125,6.54148,3.412493
1725,20.05813953488372,1919.0,26.20703125,7.447865,4.731837
1726,20.069767441860463,1901.0,8.20703125,7.797596,5.749851
1727,20.081395348837212,1910.0,17.20703125,8.043056,6.862991
1728,20.093023255813954,1904.0,11.20703125,8.31528,8.130855
1729,20.1046511627907,1903.0,10.20703125,8.468957,9.263184
1730,20.116279069767444,1897.0,4.20703125,8.148129,9.730872
1731,20.127906976744185,1903.0,10.20703125,7.03609,9.081813
1732,20.13953488372093,1899.0,6.20703125,5.040105,7.118482
1733,20.151162790697676,1899.0,6.20703125,2.382054,4.105342
1734,20.162790697674417,1899.0,6.20703125,-0.463799,0.589484
1735,20.174418604651162,1902.0,9.20703125,-2.991882,-2.751327
1736,20.186046511627907,1905.0,12.20703125,-4.830775,-5.437686
1737,20.19767441860465,1903.0,10.20703125,-5.906824,-7.292212
1738,20.209302325581397,1915.0,22.20703125,-6.343017,-8.42086
1739,20.220930232558143,1911.0,18.20703125,-6.394783,-9.06306
1740,20.232558139534884,1918.0,25.20703125,-6.214603,-9.340256
1741,20.24418604651163,1916.0,23.20703125,-5.830015,-9.206625
1742,20.255813953488374,1921.0,28.20703125,-5.103276,-8.387106
1743,20.267441860465116,1922.0,29.20703125,-3.910317,-6.648489
1744,20.27906976744186,1919.0,26.20703125,-2.233457,-3.878842
1745,20.290697674418603,1919.0,26.20703125,-0.252645,-0.295714
1746,20.302325581395348,1911.0,18.20703125,1.678571,3.629821
1747,20.313953488372093,1913.0,20.20703125,3.188148,7.273231
1748,20.325581395348834,1902.0,9.20703125,4.01029,10.077681
1749,20.33720930232558,1911.0,18.20703125,4.081308,11.672935
1750,20.348837209302328,1895.0,2.20703125,3.507271,11.905709
1751,20.36046511627907,1899.0,6.20703125,2.557775,10.863058
1752,20.372093023255815,1893.0,0.20703125,1.461215,8.689835
1753,20.38372093023256,1889.0,-3.79296875,0.405348,5.621857
1754,20.3953488372093,1886.0,-6.79296875,-0.490012,1.937973
1755,20.406976744186046,1887.0,-5.79296875,-1.104635,-1.95643
1756,20.41860465116279,1891.0,-1.79296875,-1.316276,-5.566319
1757,20.430232558139533,1890.0,-2.79296875,-0.985545,-8.336959
1758,20.441860465116278,1894.0,1.20703125,-0.084635,-9.851437
1759,20.453488372093023,1890.0,-2.79296875,1.260179,-9.940845
1760,20.465116279069765,1904.0,11.20703125,2.729584,-8.785061
1761,20.476744186046513,1903.0,10.20703125,3.859698,-6.871971
1762,20.48837209302326,1916.0,23.20703125,4.249592,-4.765431
1763,20.5,1905.0,12.20703125,3.690293,-2.920964
1764,20.511627906976745,1920.0,27.20703125,2.357764,-1.418598
1765,20.52325581395349,1909.0,16.20703125,0.637696,-0.085247
1766,20.53488372093023,1908.0,15.20703125,-0.915444,1.481593
1767,20.546511627906977,1909.0,16.20703125,-1.945867,3.524236
1768,20.558139534883722,1905.0,12.20703125,-2.387929,5.987073
1769,20.569767441860463,1905.0,12.20703125,-2.524265,8.40592
1770,20.58139534883721,1889.0,-3.79296875,-2.803478,10.07516
1771,20.59302325581395,1903.0,10.20703125,-3.547769,10.354948
1772,20.6046511627907,1891.0,-1.79296875,-4.794918,8.91061
1773,20.616279069767444,1901.0,8.20703125,-6.149521,5.947845
1774,20.627906976744185,1890.0,-2.79296875,-7.002889,2.073859
1775,20.63953488372093,1893.0,0.20703125,-6.725511,-1.83813
1776,20.651162790697676,1891.0,-1.79296875,-5.052498,-5.061349
1777,20.662790697674417,1882.0,-10.79296875,-2.156199,-7.165351
1778,20.674418604651162,1897.0,4.20703125,1.357462,-8.111263
1779,20.686046511627907,1890.0,-2.79296875,4.676253,-8.180378
1780,20.69767441860465,1900.0,7.20703125,7.109275,-7.71395
1781,20.709302325581394,1899.0,6.20703125,8.299664,-6.957316
1782,20.72093023255814,1910.0,17.20703125,8.309092,-5.943774
1783,20.732558139534884,1901.0,8.20703125,7.477733,-4.569783
1784,20.74418604651163,1921.0,28.20703125,6.267097,-2.682443
1785,20.755813953488374,1920.0,27.20703125,4.966818,-0.287762
1786,20.767441860465116,1930.0,37.20703125,3.69585,2.436233
1787,20.77906976744186,1923.0,30.20703125,2.359627,5.120969
1788,20.790697674418606,1929.0,36.20703125,0.883624,7.376492
1789,20.802325581395348,1929.0,36.20703125,-0.761811,8.860738
1790,20.813953488372093,1920.0,27.20703125,-2.424875,9.40399
1791,20.825581395348838,1930.0,37.20703125,-3.868775,9.019971
1792,20.83720930232558,1910.0,17.20703125,-4.910991,7.795727
1793,20.848837209302324,1921.0,28.20703125,-5.484308,5.906342
1794,20.860465116279073,1913.0,20.20703125,-5.699944,3.504351
1795,20.872093023255815,1914.0,21.20703125,-5.735548,0.761777
1796,20.88372093023256,1917.0,24.20703125,-5.770837,-2.177792
1797,20.8953488372093,1918.0,25.20703125,-5.808167,-5.089941
1798,20.906976744186046,1919.0,26.20703125,-5.690348,-7.734723
1799,20.91860465116279,1915.0,22.20703125,-5.12674,-9.81427
1800,20.930232558139533,1920.0,27.20703125,-3.866438,-11.053123
1801,20.941860465116278,1915.0,22.20703125,-1.831459,-11.257135
1802,20.953488372093023,1918.0,25.20703125,0.798634,-10.327384
1803,20.965116279069765,1918.0,25.20703125,3.651212,-8.295856
1804,20.97674418604651,1916.0,23.20703125,6.238276,-5.321281
1805,20.98837209302326,1919.0,26.20703125,8.158494,-1.656804
1806,21.0,1929.0,36.20703125,9.187353,2.369756
1807,21.011627906976745,1920.0,27.20703125,9.29843,6.344532
1808,21.02325581395349,1934.0,41.20703125,8.648693,9.855423
1809,21.03488372093023,1932.0,39.20703125,7.41733,12.468792
1810,21.046511627906977,1937.0,44.20703125,5.778068,13.846306
1811,21.058139534883722,1935.0,42.20703125,3.829082,13.780542
1812,21.069767441860463,1933.0,40.20703125,1.640938,12.250834
1813,21.08139534883721,1935.0,42.20703125,-0.730234,9.416821
1814,21.093023255813954,1927.0,34.20703125,-3.170902,5.599787
1815,21.104651162790695,1930.0,37.20703125,-5.525496,1.211088
1816,21.116279069767444,1917.0,24.20703125,-7.617007,-3.330415
1817,21.12790697674419,1920.0,27.20703125,-9.264414,-7.599779
1818,21.13953488372093,1914.0,21.20703125,-10.322711,-11.241035
1819,21.151162790697676,1917.0,24.20703125,-10.660834,-13.913031
1820,21.16279069767442,1911.0,18.20703125,-10.159558,-15.333271
1821,21.174418604651162,1909.0,16.20703125,-8.697823,-15.251087
1822,21.186046511627907,1904.0,11.20703125,-6.20725,-13.536051
1823,21.19767441860465,1907.0,14.20703125,-2.77518,-10.256295
1824,21.209302325581394,1902.0,9.20703125,1.314224,-5.710851
1825,21.22093023255814,1904.0,11.20703125,5.513896,-0.466029
1826,21.23255813953488,1903.0,10.20703125,9.12305,4.746031
1827,21.24418604651163,1901.0,8.20703125,11.486812,9.206972
1828,21.255813953488374,1903.0,10.20703125,12.167027,12.346601
1829,21.267441860465116,1901.0,8.20703125,11.158223,13.911909
1830,21.27906976744186,1906.0,13.20703125,8.851228,13.972661
1831,21.290697674418606,1905.0,12.20703125,5.925297,12.829998
1832,21.302325581395348,1918.0,25.20703125,3.111081,10.905101
1833,21.313953488372093,1904.0,11.20703125,0.902327,8.51862
1834,21.325581395348838,1908.0,15.20703125,-0.553643,5.858933
1835,21.33720930232558,1915.0,22.20703125,-1.465429,2.950557
1836,21.348837209302324,1914.0,21.20703125,-2.247522,-0.260077
1837,21.36046511627907,1922.0,29.20703125,-3.272163,-3.753533
1838,21.372093023255815,1920.0,27.20703125,-4.686121,-7.367696
1839,21.38372093023256,1922.0,29.20703125,-6.34432,-10.746948
1840,21.395348837209305,1916.0,23.20703125,-7.879282,-13.451189
1841,21.406976744186046,1917.0,24.20703125,-8.866839,-15.023773
1842,21.41860465116279,1914.0,21.20703125,-9.00307,-15.157856
1843,21.430232558139537,1918.0,25.20703125,-8.180072,-13.707529
1844,21.441860465116278,1919.0,26.20703125,-6.462889,-10.739971
1845,21.453488372093023,1910.0,17.20703125,-4.055501,-6.512775
1846,21.46511627906977,1902.0,9.20703125,-1.159155,-1.41324
1847,21.47674418604651,1907.0,14.20703125,2.015262,4.046054
1848,21.488372093023255,1897.0,4.20703125,5.213759,9.240026
1849,21.5,1897.0,4.20703125,8.103537,13.492491
1850,21.511627906976745,1890.0,-2.79296875,10.241466,16.180843
1851,21.52325581395349,1893.0,0.20703125,11.179089,16.857597
1852,21.53488372093023,1893.0,0.20703125,10.588695,15.408193
1853,21.546511627906977,1894.0,1.20703125,8.45771,12.099
1854,21.558139534883722,1900.0,7.20703125,5.137479,7.562492
1855,21.569767441860463,1898.0,5.20703125,1.343749,2.629508
1856,21.58139534883721,1908.0,15.20703125,-2.088207,-1.886912
1857,21.593023255813954,1902.0,9.20703125,-4.43815,-5.403581
1858,21.604651162790695,1910.0,17.20703125,-5.339698,-7.672069
1859,21.61627906976744,1904.0,11.20703125,-4.907613,-8.807979
1860,21.627906976744185,1906.0,13.20703125,-3.652828,-9.14124
1861,21.63953488372093,1911.0,18.20703125,-2.264043,-9.008316
1862,21.651162790697676,1897.0,4.20703125,-1.381748,-8.66254
1863,21.66279069767442,1905.0,12.20703125,-1.330476,-8.114076
1864,21.674418604651162,1906.0,13.20703125,-2.09015,-7.269268
1865,21.686046511627907,1906.0,13.20703125,-3.321438,-5.957902
1866,21.697674418604652,1894.0,1.20703125,-4.527009,-4.101179
1867,21.709302325581394,1898.0,5.20703125,-5.219472,-1.729643
1868,21.72093023255814,1895.0,2.20703125,-5.063244,0.987256
1869,21.732558139534884,1900.0,7.20703125,-3.956867,3.781212
1870,21.744186046511626,1888.0,-4.79296875,-2.025612,6.364736
1871,21.75581395348837,1890.0,-2.79296875,0.440652,8.467393
1872,21.76744186046512,1890.0,-2.79296875,3.03791,9.870188
1873,21.77906976744186,1887.0,-5.79296875,5.322698,10.363934
1874,21.790697674418606,1883.0,-9.79296875,6.886258,9.79454
1875,21.80232558139535,1885.0,-7.79296875,7.452533,8.081205
1876,21.813953488372093,1885.0,-7.79296875,6.92124,5.289596
1877,21.825581395348838,1885.0,-7.79296875,5.446794,1.707764
1878,21.83720930232558,1888.0,-4.79296875,3.380168,-2.17309
1879,21.848837209302324,1887.0,-5.79296875,1.225727,-5.679324
1880,21.86046511627907,1892.0,-0.79296875,-0.55683,-8.164983
1881,21.87209302325581,1888.0,-4.79296875,-1.66496,-9.1605
1882,21.883720930232556,1891.0,-1.79296875,-2.050275,-8.553438
1883,21.895348837209305,1893.0,0.20703125,-1.917965,-6.618502
1884,21.906976744186046,1894.0,1.20703125,-1.614303,-3.958783
1885,21.91860465116279,1895.0,2.20703125,-1.460716,-1.27
1886,21.930232558139537,1890.0,-2.79296875,-1.613242,0.867791
1887,21.941860465116278,1891.0,-1.79296875,-2.010448,2.175094
1888,21.953488372093023,1890.0,-2.79296875,-2.429434,2.708776
1889,21.96511627906977,1891.0,-1.79296875,-2.63934,2.74585
1890,21.97674418604651,1879.0,-13.79296875,-2.50981,2.621762
1891,21.988372093023255,1885.0,-7.79296875,-2.092785,2.531584
1892,22.0,1877.0,-15.79296875,-1.58575,2.452944
1893,22.01162790697674,1882.0,-10.79296875,-1.231784,2.16866
1894,22.02325581395349,1873.0,-19.79296875,-1.144123,1.463485
1895,22.034883720930235,1878.0,-14.79296875,-1.249039,0.271762
1896,22.046511627906977,1875.0,-17.79296875,-1.31808,-1.21439
1897,22.058139534883722,1875.0,-17.79296875,-1.066596,-2.592019
1898,22.069767441860467,1869.0,-23.79296875,-0.334084,-3.404449
1899,22.08139534883721,1871.0,-21.79296875,0.849327,-3.342495
1900,22.093023255813954,1882.0,-10.79296875,2.212291,-2.420308
1901,22.1046511627907,1878.0,-14.79296875,3.416713,-0.931276
1902,22.11627906976744,1893.0,0.20703125,4.191124,0.671838
1903,22.127906976744185,1878.0,-14.79296875,4.459986,1.991157
1904,22.139534883720927,1890.0,-2.79296875,4.374361,2.863034
1905,22.151162790697676,1886.0,-6.79296875,4.166307,3.373286
1906,22.16279069767442,1891.0,-1.79296875,4.012702,3.745824
1907,22.174418604651162,1889.0,-3.79296875,3.846319,4.105964
1908,22.186046511627907,1890.0,-2.79296875,3.416593,4.384619
1909,22.197674418604652,1889.0,-3.79296875,2.347166,4.247161
1910,22.209302325581394,1888.0,-4.79296875,0.404162,3.277984
1911,22.22093023255814,1888.0,-4.79296875,-2.345734,1.217863
1912,22.232558139534884,1888.0,-4.79296875,-5.432184,-1.790798
1913,22.244186046511626,1886.0,-6.79296875,-8.151021,-5.191107
1914,22.25581395348837,1875.0,-17.79296875,-9.746178,-8.115993
1915,22.267441860465116,1876.0,-16.79296875,-9.731483,-9.71065
1916,22.27906976744186,1871.0,-21.79296875,-8.067771,-9.467083
1917,22.290697674418606,1872.0,-20.79296875,-5.194622,-7.436629
1918,22.30232558139535,1867.0,-25.79296875,-1.842743,-4.185634
1919,22.313953488372093,1869.0,-23.79296875,1.242521,-0.568327
1920,22.325581395348838,1858.0,-34.79296875,3.504648,2.572175
1921,22.337209302325583,1869.0,-23.79296875,4.797009,4.75368
1922,22.348837209302324,1869.0,-23.79296875,5.223563,5.841769
1923,22.36046511627907,1861.0,-31.79296875,5.098737,6.062657
1924,22.372093023255815,1874.0,-18.79296875,4.735222,5.778363
1925,22.383720930232556,1872.0,-20.79296875,4.302592,5.261038
1926,22.3953488372093,1886.0,-6.79296875,3.854271,4.629512
1927,22.40697674418605,1882.0,-10.79296875,3.338677,3.851973
1928,22.41860465116279,1889.0,-3.79296875,2.733275,2.879095
1929,22.430232558139537,1886.0,-6.79296875,2.042617,1.722133
1930,22.441860465116278,1893.0,0.20703125,1.337225,0.536734
1931,22.453488372093023,1891.0,-1.79296875,0.645121,-0.514978
1932,22.46511627906977,1885.0,-7.79296875,-0.055057,-1.31994
1933,22.47674418604651,1893.0,0.20703125,-0.830144,-1.903551
1934,22.488372093023255,1890.0,-2.79296875,-1.77005,-2.451773
1935,22.5,1893.0,0.20703125,-2.874084,-3.164266
1936,22.51162790697674,1885.0,-7.79296875,-4.007542,-4.126573
1937,22.523255813953487,1887.0,-5.79296875,-4.947951,-5.218387
1938,22.534883720930235,1885.0,-7.79296875,-5.44217,-6.105426
1939,22.546511627906977,1886.0,-6.79296875,-5.344607,-6.393721
1940,22.558139534883722,1891.0,-1.79296875,-4.66364,-5.775127
1941,22.569767441860467,1874.0,-18.79296875,-3.578683,-4.212129
1942,22.58139534883721,1882.0,-10.79296875,-2.296555,-1.911515
1943,22.593023255813954,1871.0,-21.79296875,-0.993267,0.693496
1944,22.6046511627907,1886.0,-6.79296875,0.287855,3.165507
1945,22.61627906976744,1872.0,-20.79296875,1.579605,5.131365
1946,22.627906976744185,1890.0,-2.79296875,2.939707,6.433089
1947,22.63953488372093,1893.0,0.20703125,4.31054,7.037533
1948,22.651162790697672,1895.0,2.20703125,5.49126,7.017931
1949,22.66279069767442,1891.0,-1.79296875,6.206415,6.454937
1950,22.674418604651166,1906.0,13.20703125,6.23393,5.444227
1951,22.686046511627907,1904.0,11.20703125,5.507013,4.067573
1952,22.697674418604652,1905.0,12.20703125,4.195899,2.460928
1953,22.709302325581397,1904.0,11.20703125,2.642322,0.830992
1954,22.72093023255814,1906.0,13.20703125,1.183589,-0.633353
1955,22.732558139534884,1905.0,12.20703125,-0.003997,-1.804538
1956,22.74418604651163,1904.0,11.20703125,-0.981285,-2.727331
1957,22.75581395348837,1905.0,12.20703125,-1.98184,-3.570264
1958,22.767441860465116,1901.0,8.20703125,-3.229264,-4.561596
1959,22.779069767441857,1904.0,11.20703125,-4.745801,-5.789281
1960,22.790697674418603,1903.0,10.20703125,-6.26296,-7.128416
1961,22.80232558139535,1900.0,7.20703125,-7.312696,-8.218236
1962,22.813953488372093,1891.0,-1.79296875,-7.404387,-8.548182
1963,22.825581395348838,1894.0,1.20703125,-6.320405,-7.713361
1964,22.837209302325583,1888.0,-4.79296875,-4.246132,-5.586629
1965,22.848837209302324,1890.0,-2.79296875,-1.699367,-2.405982
1966,22.86046511627907,1889.0,-3.79296875,0.648689,1.288122
1967,22.872093023255815,1887.0,-5.79296875,2.296345,4.838356
1968,22.883720930232556,1882.0,-10.79296875,3.095405,7.688446
1969,22.8953488372093,1888.0,-4.79296875,3.30517,9.558176
1970,22.906976744186046,1887.0,-5.79296875,3.381045,10.412097
1971,22.918604651162788,1887.0,-5.79296875,3.741651,10.398148
1972,22.930232558139537,1892.0,-0.79296875,4.520718,9.674957
1973,22.94186046511628,1896.0,3.20703125,5.502692,8.333912
1974,22.953488372093023,1885.0,-7.79296875,6.232368,6.370209
1975,22.96511627906977,1891.0,-1.79296875,6.268145,3.800683
1976,22.976744186046513,1884.0,-8.79296875,5.361915,0.721708
1977,22.988372093023255,1887.0,-5.79296875,3.627579,-2.553397
1978,23.0,1884.0,-8.79296875,1.409168,-5.62392
1979,23.011627906976745,1888.0,-4.79296875,-0.85201,-8.069324
1980,23.023255813953487,1891.0,-1.79296875,-2.847568,-9.651836
1981,23.03488372093023,1890.0,-2.79296875,-4.4718,-10.343868
1982,23.046511627906977,1898.0,5.20703125,-5.780452,-10.308258
1983,23.058139534883722,1894.0,1.20703125,-6.875207,-9.784103
1984,23.069767441860467,1904.0,11.20703125,-7.713969,-8.870591
1985,23.08139534883721,1899.0,6.20703125,-8.117618,-7.524551
1986,23.093023255813954,1904.0,11.20703125,-7.767438,-5.508584
1987,23.1046511627907,1904.0,11.20703125,-6.437795,-2.628328
1988,23.11627906976744,1905.0,12.20703125,-4.105863,1.148157
1989,23.127906976744185,1904.0,11.20703125,-1.071496,5.4988
1990,23.13953488372093,1904.0,11.20703125,2.122436,9.79669
1991,23.151162790697672,1907.0,14.20703125,4.870886,13.259972
1992,23.162790697674417,1903.0,10.20703125,6.659963,15.136501
1993,23.174418604651162,1904.0,11.20703125,7.290774,15.001312
1994,23.186046511627907,1899.0,6.20703125,6.884003,12.860359
1995,23.197674418604652,1903.0,10.20703125,5.831163,9.163795
1996,23.209302325581397,1897.0,4.20703125,4.583793,4.622174
1997,23.22093023255814,1899.0,6.20703125,3.545823,0.050635
1998,23.232558139534884,1885.0,-7.79296875,2.89439,-3.885406
1999,23.24418604651163,1890.0,-2.79296875,2.606475,-6.760756
2000,23.25581395348837,1881.0,-11.79296875,2.409917,-8.509252
2001,23.267441860465116,1885.0,-7.79296875,1.964404,-9.320476
2002,23.27906976744186,1881.0,-11.79296875,0.953055,-9.533291
2003,23.290697674418603,1877.0,-15.79296875,-0.769883,-9.476459
2004,23.302325581395348,1887.0,-5.79296875,-3.092948,-9.318727
2005,23.313953488372096,1886.0,-6.79296875,-5.650764,-9.011622
2006,23.325581395348838,1887.0,-5.79296875,-7.877603,-8.281027
2007,23.337209302325583,1887.0,-5.79296875,-9.173458,-6.749382
2008,23.348837209302328,1890.0,-2.79296875,-9.085389,-4.113991
2009,23.36046511627907,1903.0,10.20703125,-7.486403,-0.337959
2010,23.372093023255815,1904.0,11.20703125,-4.651845,4.229512
2011,23.383720930232556,1899.0,6.20703125,-1.19898,8.876591
2012,23.3953488372093,1905.0,12.20703125,2.121357,12.717743
2013,23.406976744186046,1904.0,11.20703125,4.634483,14.925213
2014,23.418604651162788,1903.0,10.20703125,5.96341,14.999067
2015,23.430232558139533,1904.0,11.20703125,6.117306,12.937397
2016,23.44186046511628,1893.0,0.20703125,5.407797,9.209925
2017,23.453488372093023,1901.0,8.20703125,4.322519,4.617934
2018,23.46511627906977,1898.0,5.20703125,3.270061,0.003179
2019,23.476744186046513,1888.0,-4.79296875,2.476023,-3.963127
2020,23.488372093023255,1872.0,-20.79296875,1.919408,-6.938619
2021,23.5,1877.0,-15.79296875,1.471025,-8.843952
2022,23.511627906976745,1866.0,-26.79296875,0.92991,-9.837345
2023,23.523255813953487,1868.0,-24.79296875,0.211624,-10.073637
2024,23.53488372093023,1869.0,-23.79296875,-0.686767,-9.679632
2025,23.546511627906977,1869.0,-23.79296875,-1.671949,-8.682266
2026,23.55813953488372,1872.0,-20.79296875,-2.632324,-7.083404
2027,23.569767441860467,1867.0,-25.79296875,-3.471538,-4.927105
2028,23.581395348837212,1878.0,-14.79296875,-4.09394,-2.350718
2029,23.593023255813954,1875.0,-17.79296875,-4.399421,0.412185
2030,23.6046511627907,1895.0,2.20703125,-4.20047,3.126634
2031,23.616279069767444,1889.0,-3.79296875,-3.362502,5.533742
2032,23.627906976744185,1905.0,12.20703125,-1.768847,7.502524
2033,23.63953488372093,1899.0,6.20703125,0.431489,8.885715
2034,23.651162790697676,1904.0,11.20703125,2.898813,9.607765
2035,23.662790697674417,1904.0,11.20703125,5.072545,9.568529
2036,23.674418604651162,1898.0,5.20703125,6.368625,8.673635
2037,23.686046511627904,1907.0,14.20703125,6.382626,6.879766
2038,23.697674418604652,1882.0,-10.79296875,5.018394,4.211523
2039,23.709302325581397,1892.0,-0.79296875,2.616062,0.907373
2040,23.72093023255814,1872.0,-20.79296875,-0.239673,-2.682366
2041,23.732558139534884,1879.0,-13.79296875,-2.834085,-6.051173
2042,23.74418604651163,1858.0,-34.79296875,-4.625768,-8.696906
2043,23.75581395348837,1863.0,-29.79296875,-5.323705,-10.174122
2044,23.767441860465116,1849.0,-43.79296875,-5.016117,-10.283953
2045,23.77906976744186,1853.0,-39.79296875,-4.002542,-9.063908
2046,23.790697674418603,1855.0,-37.79296875,-2.70598,-6.81704
2047,23.802325581395348,1855.0,-37.79296875,-1.489432,-4.031941
