muestra,tiempo_ms,adc,adc_centrado,adc_filtrado,residual
0,0.0,1815.0,-83.21533203125,-0.050709,-0.075759
1,0.011627906976744186,1807.0,-91.21533203125,-0.08093,-0.123496
2,0.023255813953488372,1806.0,-92.21533203125,-0.074181,-0.109166
3,0.03488372093023256,1807.0,-91.21533203125,-0.033974,-0.044423
4,0.046511627906976744,1822.0,-76.21533203125,0.028224,0.041341
5,0.058139534883720936,1819.0,-79.21533203125,0.072645,0.102674
6,0.06976744186046512,1839.0,-59.21533203125,0.098522,0.126935
7,0.0813953488372093,1836.0,-62.21533203125,0.094111,0.120071
8,0.09302325581395349,1846.0,-52.21533203125,0.096005,0.121811
9,0.10465116279069767,1843.0,-55.21533203125,0.130497,0.186825
10,0.11627906976744187,1859.0,-39.21533203125,0.230152,0.336916
11,0.12790697674418605,1859.0,-39.21533203125,0.36674,0.549192
12,0.13953488372093023,1866.0,-32.21533203125,0.493661,0.733769
13,0.1511627906976744,1866.0,-32.21533203125,0.543924,0.816192
14,0.1627906976744186,1881.0,-17.21533203125,0.491218,0.747369
15,0.1744186046511628,1874.0,-24.21533203125,0.335389,0.545731
16,0.18604651162790697,1890.0,-8.21533203125,0.158035,0.320091
17,0.19767441860465115,1887.0,-11.21533203125,0.023251,0.16751
18,0.20930232558139533,1893.0,-5.21533203125,-0.024089,0.144113
19,0.22093023255813954,1888.0,-10.21533203125,-0.026117,0.178728
20,0.23255813953488375,1889.0,-9.21533203125,-0.07393,0.12832
21,0.2441860465116279,1889.0,-9.21533203125,-0.266961,-0.151653
22,0.2558139534883721,1891.0,-7.21533203125,-0.632263,-0.687072
23,0.2674418604651163,1887.0,-11.21533203125,-1.090127,-1.359738
24,0.27906976744186046,1879.0,-19.21533203125,-1.47141,-1.908731
25,0.29069767441860467,1886.0,-12.21533203125,-1.595127,-2.096092
26,0.3023255813953488,1874.0,-24.21533203125,-1.409667,-1.848927
27,0.313953488372093,1883.0,-15.21533203125,-0.991217,-1.309311
28,0.3255813953488372,1886.0,-12.21533203125,-0.548631,-0.775936
29,0.3372093023255814,1886.0,-12.21533203125,-0.276674,-0.524624
30,0.3488372093023256,1888.0,-10.21533203125,-0.220203,-0.583578
31,0.3604651162790698,1888.0,-10.21533203125,-0.22765,-0.71328
32,0.37209302325581395,1890.0,-8.21533203125,-0.022778,-0.485346
33,0.38372093023255816,1894.0,-4.21533203125,0.61538,0.402101
34,0.3953488372093023,1878.0,-20.21533203125,1.665562,1.909082
35,0.4069767441860465,1879.0,-19.21533203125,2.854047,3.605255
36,0.41860465116279066,1883.0,-15.21533203125,3.737412,4.847646
37,0.43023255813953487,1883.0,-15.21533203125,3.949728,5.138545
38,0.4418604651162791,1871.0,-27.21533203125,3.427849,4.434667
39,0.4534883720930233,1874.0,-24.21533203125,2.492526,3.236155
40,0.4651162790697675,1878.0,-20.21533203125,1.644938,2.282373
41,0.4767441860465116,1873.0,-25.21533203125,1.251524,2.0608
42,0.4883720930232558,1872.0,-26.21533203125,1.28779,2.463518
43,0.5,1874.0,-24.21533203125,1.287414,2.739885
44,0.5116279069767442,1875.0,-23.21533203125,0.595006,1.921094
45,0.5232558139534884,1872.0,-26.21533203125,-1.203442,-0.575493
46,0.5348837209302326,1878.0,-20.21533203125,-3.92099,-4.415169
47,0.5465116279069767,1875.0,-23.21533203125,-6.765365,-8.409475
48,0.5581395348837209,1874.0,-24.21533203125,-8.682315,-11.038292
49,0.5697674418604651,1875.0,-23.21533203125,-8.947344,-11.344554
50,0.5813953488372093,1877.0,-21.21533203125,-7.629776,-9.543627
51,0.5930232558139535,1879.0,-19.21533203125,-5.618399,-7.019622
52,0.6046511627906976,1878.0,-20.21533203125,-4.122376,-5.515857
53,0.6162790697674418,1877.0,-21.21533203125,-3.871809,-5.984726
54,0.627906976744186,1870.0,-28.21533203125,-4.4906,-7.677008
55,0.6395348837209301,1871.0,-27.21533203125,-4.44708,-8.236244
56,0.6511627906976744,1872.0,-26.21533203125,-1.779123,-4.744582
57,0.6627906976744186,1871.0,-27.21533203125,4.734086,4.477008
58,0.6744186046511628,1871.0,-27.21533203125,14.532149,18.462557
59,0.686046511627907,1872.0,-26.21533203125,24.983622,33.269653
60,0.6976744186046512,1859.0,-39.21533203125,32.144295,43.218506
61,0.7093023255813954,1866.0,-32.21533203125,32.383068,43.25658
62,0.7209302325581396,1869.0,-29.21533203125,24.05751,31.36841
63,0.7325581395348838,1865.0,-33.21533203125,8.539726,9.845811
64,0.7441860465116279,1866.0,-32.21533203125,-10.023497,-15.207772
65,0.7558139534883721,1863.0,-35.21533203125,-26.208105,-36.193768
66,0.7674418604651163,1866.0,-32.21533203125,-35.385849,-46.969292
67,0.7790697674418604,1869.0,-29.21533203125,-35.494747,-45.228149
68,0.7906976744186046,1858.0,-40.21533203125,-27.691599,-33.168163
69,0.8023255813953488,1865.0,-33.21533203125,-15.60468,-16.210611
70,0.813953488372093,1862.0,-36.21533203125,-3.6898,-0.539185
71,0.8255813953488372,1857.0,-41.21533203125,4.637177,9.486954
72,0.8372093023255813,1866.0,-32.21533203125,8.165981,12.741002
73,0.8488372093023255,1867.0,-31.21533203125,7.901009,11.102797
74,0.8604651162790697,1856.0,-42.21533203125,6.120742,7.914822
75,0.872093023255814,1865.0,-33.21533203125,5.044196,6.089144
76,0.8837209302325582,1863.0,-35.21533203125,5.73061,6.712368
77,0.8953488372093024,1867.0,-31.21533203125,7.827425,8.941229
78,0.9069767441860466,1853.0,-45.21533203125,10.03609,10.871105
79,0.9186046511627908,1861.0,-37.21533203125,11.041906,10.912392
80,0.930232558139535,1855.0,-43.21533203125,10.200756,8.661592
81,0.9418604651162791,1859.0,-39.21533203125,7.806042,5.04218
82,0.9534883720930232,1856.0,-42.21533203125,4.730406,1.551556
83,0.9651162790697674,1851.0,-47.21533203125,1.838905,-0.665198
84,0.9767441860465116,1865.0,-33.21533203125,-0.482018,-1.486485
85,0.9883720930232557,1851.0,-47.21533203125,-2.457157,-1.779535
86,1.0,1861.0,-37.21533203125,-4.533783,-2.717792
87,1.0116279069767442,1861.0,-37.21533203125,-6.96405,-4.940328
88,1.0232558139534884,1872.0,-26.21533203125,-9.445708,-8.084487
89,1.0348837209302326,1870.0,-28.21533203125,-11.198704,-10.878277
90,1.0465116279069768,1882.0,-16.21533203125,-11.317138,-11.843929
91,1.0581395348837208,1878.0,-20.21533203125,-9.315109,-10.090341
92,1.0697674418604652,1885.0,-13.21533203125,-5.419435,-5.843716
93,1.0813953488372092,1886.0,-12.21533203125,-0.577694,-0.356692
94,1.0930232558139534,1886.0,-12.21533203125,3.924468,4.650802
95,1.1046511627906976,1891.0,-7.21533203125,6.979818,7.774231
96,1.1162790697674418,1876.0,-22.21533203125,8.047411,8.468889
97,1.127906976744186,1877.0,-21.21533203125,7.316702,7.164603
98,1.1395348837209303,1859.0,-39.21533203125,5.467432,4.914026
99,1.1511627906976745,1871.0,-27.21533203125,3.358593,2.790166
100,1.1627906976744187,1834.0,-64.21533203125,1.586302,1.420783
101,1.1744186046511629,1847.0,-51.21533203125,0.429631,0.819426
102,1.186046511627907,1809.0,-89.21533203125,-0.256875,0.551458
103,1.197674418604651,1825.0,-73.21533203125,-0.713297,0.083381
104,1.2093023255813953,1786.0,-112.21533203125,-1.215568,-0.869226
105,1.2209302325581395,1795.0,-103.21533203125,-1.793274,-2.18697
106,1.2325581395348837,1767.0,-131.21533203125,-2.356207,-3.444408
107,1.244186046511628,1774.0,-124.21533203125,-2.671826,-4.12788
108,1.255813953488372,1774.0,-124.21533203125,-2.568776,-3.909479
109,1.2674418604651163,1775.0,-123.21533203125,-1.989263,-2.771472
110,1.2790697674418603,1800.0,-98.21533203125,-1.003756,-1.03633
111,1.2906976744186047,1785.0,-113.21533203125,0.164949,0.820841
112,1.3023255813953487,1840.0,-58.21533203125,1.332385,2.30003
113,1.3139534883720931,1819.0,-79.21533203125,2.240528,3.092444
114,1.3255813953488371,1890.0,-8.21533203125,2.828041,3.109497
115,1.3372093023255816,1856.0,-42.21533203125,2.987872,2.51137
116,1.3488372093023255,1921.0,22.78466796875,2.837331,1.593644
117,1.36046511627907,1905.0,6.78466796875,2.404892,0.698974
118,1.372093023255814,1948.0,49.78466796875,1.814754,0.026256
119,1.383720930232558,1940.0,41.78466796875,1.079466,-0.334974
120,1.3953488372093024,1957.0,58.78466796875,0.233378,-0.475186
121,1.4069767441860463,1958.0,59.78466796875,-0.722199,-0.527138
122,1.4186046511627908,1929.0,30.78466796875,-1.755253,-0.61761
123,1.4302325581395348,1949.0,50.78466796875,-2.713612,-0.762037
124,1.4418604651162792,1873.0,-25.21533203125,-3.496573,-0.878943
125,1.4534883720930232,1917.0,18.78466796875,-3.858208,-0.834774
126,1.4651162790697676,1799.0,-99.21533203125,-3.834196,-0.562703
127,1.4767441860465116,1830.0,-68.21533203125,-3.369576,-0.092871
128,1.4883720930232558,1711.0,-187.21533203125,-2.744361,0.421933
129,1.5,1745.0,-153.21533203125,-2.017016,0.859144
130,1.5116279069767442,1651.0,-247.21533203125,-1.509786,0.964646
131,1.5232558139534884,1677.0,-221.21533203125,-1.169882,0.671896
132,1.5348837209302326,1627.0,-271.21533203125,-0.894645,0.099463
133,1.5465116279069768,1633.0,-265.21533203125,-0.372169,-0.511131
134,1.5581395348837208,1657.0,-241.21533203125,0.690308,-0.910439
135,1.5697674418604652,1634.0,-264.21533203125,2.353416,-0.9709
136,1.5813953488372092,1739.0,-159.21533203125,4.589022,-0.681041
137,1.5930232558139534,1698.0,-200.21533203125,6.919412,-0.172744
138,1.6046511627906976,1849.0,-49.21533203125,9.003179,0.386066
139,1.6162790697674418,1793.0,-105.21533203125,10.227083,0.863478
140,1.627906976744186,1968.0,69.78466796875,10.480176,1.200382
141,1.6395348837209303,1907.0,8.78466796875,9.526832,1.394194
142,1.6511627906976745,2039.0,140.78466796875,7.642637,1.442956
143,1.6627906976744187,2000.0,101.78466796875,4.934467,1.330677
144,1.6744186046511627,2067.0,168.78466796875,1.744588,1.044595
145,1.686046511627907,2073.0,174.78466796875,-1.785838,0.559264
146,1.697674418604651,2013.0,114.78466796875,-5.526939,-0.087003
147,1.7093023255813955,2057.0,158.78466796875,-9.236761,-0.731211
148,1.7209302325581395,1902.0,3.78466796875,-12.800925,-1.199359
149,1.7325581395348837,1967.0,68.78466796875,-15.724015,-1.294898
150,1.744186046511628,1744.0,-154.21533203125,-17.801958,-0.947384
151,1.755813953488372,1827.0,-71.21533203125,-18.433992,-0.193079
152,1.7674418604651163,1593.0,-305.21533203125,-17.587954,0.784578
153,1.7790697674418603,1658.0,-240.21533203125,-15.009935,1.732607
154,1.7906976744186047,1491.0,-407.21533203125,-11.080749,2.392999
155,1.8023255813953487,1533.0,-365.21533203125,-6.035498,2.559903
156,1.8139534883720931,1481.0,-417.21533203125,-0.447134,2.138524
157,1.8255813953488371,1470.0,-428.21533203125,5.260069,1.119384
158,1.8372093023255816,1559.0,-339.21533203125,10.817639,-0.281233
159,1.8488372093023255,1503.0,-395.21533203125,15.919695,-1.825655
160,1.86046511627907,1717.0,-181.21533203125,20.638281,-3.106619
161,1.872093023255814,1632.0,-266.21533203125,24.619942,-3.809486
162,1.8837209302325582,1907.0,8.78466796875,27.860418,-3.650604
163,1.8953488372093024,1813.0,-85.21533203125,29.691185,-2.59737
164,1.9069767441860463,2070.0,171.78466796875,29.812889,-0.880919
165,1.9186046511627908,1991.0,92.78466796875,27.462231,1.061132
166,1.9302325581395348,2160.0,261.78466796875,22.494015,2.678354
167,1.9418604651162792,2128.0,229.78466796875,14.799651,3.538098
168,1.9534883720930232,2144.0,245.78466796875,4.864857,3.419537
169,1.9651162790697676,2167.0,268.78466796875,-6.444147,2.478395
170,1.9767441860465114,2005.0,106.78466796875,-18.119579,1.128412
171,1.9883720930232558,2096.0,197.78466796875,-28.795242,-0.03931
172,2.0,1794.0,-104.21533203125,-37.712566,-0.621208
173,2.011627906976744,1907.0,8.78466796875,-43.842804,-0.436127
174,2.0232558139534884,1584.0,-314.21533203125,-47.131454,0.334953
175,2.0348837209302326,1680.0,-218.21533203125,-47.258606,1.211205
176,2.046511627906977,1403.0,-495.21533203125,-44.673,1.68922
177,2.058139534883721,1481.0,-417.21533203125,-39.382046,1.383598
178,2.0697674418604652,1358.0,-540.21533203125,-31.742851,0.23962
179,2.0813953488372094,1363.0,-535.21533203125,-21.772522,-1.508394
180,2.0930232558139537,1456.0,-442.21533203125,-9.469918,-3.300565
181,2.1046511627906974,1391.0,-507.21533203125,4.90598,-4.603969
182,2.1162790697674416,1663.0,-235.21533203125,21.164009,-4.902647
183,2.1279069767441863,1552.0,-346.21533203125,38.170582,-4.050755
184,2.1395348837209305,1915.0,16.78466796875,54.901184,-2.108551
185,2.1511627906976742,1788.0,-110.21533203125,69.266914,0.543755
186,2.1627906976744184,2151.0,252.78466796875,79.744987,3.434853
187,2.174418604651163,2032.0,133.78466796875,84.323685,6.02655
188,2.186046511627907,2270.0,371.78466796875,82.123985,7.878273
189,2.197674418604651,2224.0,325.78466796875,72.563995,8.675179
190,2.2093023255813953,2234.0,335.78466796875,56.085732,8.190109
191,2.22093023255814,2267.0,368.78466796875,33.827354,6.40045
192,2.2325581395348837,2062.0,163.78466796875,7.273853,3.38889
193,2.244186046511628,2160.0,261.78466796875,-21.383383,-0.542257
194,2.255813953488372,1776.0,-122.21533203125,-50.311424,-4.934258
195,2.267441860465116,1927.0,28.78466796875,-76.875252,-9.064491
196,2.2790697674418605,1515.0,-383.21533203125,-99.232582,-12.213593
197,2.2906976744186047,1645.0,-253.21533203125,-114.910744,-13.683052
198,2.302325581395349,1339.0,-559.21533203125,-122.54187,-13.122276
199,2.3139534883720927,1411.0,-487.21533203125,-120.776695,-10.564903
200,2.3255813953488373,1301.0,-597.21533203125,-109.478188,-6.49511
201,2.3372093023255816,1295.0,-603.21533203125,-89.168999,-1.736115
202,2.3488372093023258,1442.0,-456.21533203125,-61.081764,2.877728
203,2.3604651162790695,1357.0,-541.21533203125,-27.259571,6.666325
204,2.372093023255814,1711.0,-187.21533203125,10.386004,9.361751
205,2.3837209302325584,1555.0,-343.21533203125,49.128414,11.045643
206,2.395348837209302,1983.0,84.78466796875,86.882324,12.129585
207,2.4069767441860463,1842.0,-56.21533203125,120.601158,12.971008
208,2.4186046511627906,2203.0,304.78466796875,147.819031,13.668762
209,2.430232558139535,2099.0,200.78466796875,165.396927,13.966003
210,2.441860465116279,2281.0,382.78466796875,171.038681,13.276047
211,2.453488372093023,2267.0,368.78466796875,162.887482,11.003525
212,2.4651162790697674,2210.0,311.78466796875,140.418915,6.718872
213,2.4767441860465116,2258.0,359.78466796875,104.699715,0.513908
214,2.488372093023256,1997.0,98.78466796875,58.053509,-6.963314
215,2.5,2123.0,224.78466796875,4.490192,-14.5993
216,2.511627906976744,1730.0,-168.21533203125,-51.842678,-21.160437
217,2.5232558139534884,1863.0,-35.21533203125,-105.842857,-25.506042
218,2.5348837209302326,1499.0,-399.21533203125,-153.356949,-26.932426
219,2.546511627906977,1609.0,-289.21533203125,-190.125015,-25.253708
220,2.5581395348837206,1386.0,-512.21533203125,-213.219635,-20.777954
221,2.5697674418604652,1428.0,-470.21533203125,-220.227463,-14.192963
222,2.5813953488372094,1419.0,-479.21533203125,-210.025131,-6.310684
223,2.5930232558139537,1374.0,-524.21533203125,-182.709991,1.995148
224,2.6046511627906974,1579.0,-319.21533203125,-139.549179,10.033218
225,2.6162790697674416,1485.0,-413.21533203125,-83.571327,17.150864
226,2.6279069767441863,1791.0,-107.21533203125,-18.581211,22.845695
227,2.6395348837209305,1685.0,-213.21533203125,50.147266,26.682941
228,2.6511627906976742,1994.0,95.78466796875,117.436974,28.361885
229,2.6627906976744184,1903.0,4.78466796875,177.623032,27.755402
230,2.674418604651163,2116.0,217.78466796875,225.942566,24.937622
231,2.686046511627907,2080.0,181.78466796875,258.100067,20.206512
232,2.697674418604651,2135.0,236.78466796875,270.989777,13.986542
233,2.7093023255813953,2134.0,235.78466796875,262.684906,6.773682
234,2.72093023255814,2039.0,140.78466796875,232.576233,-0.971893
235,2.7325581395348837,2098.0,199.78466796875,181.935455,-8.859131
236,2.744186046511628,1893.0,-5.21533203125,113.53656,-16.550583
237,2.755813953488372,1973.0,74.78466796875,32.475853,-23.613342
238,2.767441860465116,1756.0,-142.21533203125,-54.885101,-29.444508
239,2.7790697674418605,1818.0,-80.21533203125,-140.656479,-33.28553
240,2.7906976744186047,1649.0,-249.21533203125,-216.969727,-34.319
241,2.802325581395349,1693.0,-205.21533203125,-276.394775,-31.938766
242,2.8139534883720927,1623.0,-275.21533203125,-313.205017,-26.01712
243,2.8255813953488373,1627.0,-271.21533203125,-323.856689,-17.062012
244,2.8372093023255816,1666.0,-232.21533203125,-307.153015,-6.166443
245,2.8488372093023253,1641.0,-257.21533203125,-264.483276,5.221985
246,2.8604651162790695,1749.0,-149.21533203125,-199.03212,15.665604
247,2.872093023255814,1708.0,-190.21533203125,-115.962875,24.124374
248,2.8837209302325584,1829.0,-69.21533203125,-21.468061,30.055059
249,2.895348837209302,1785.0,-113.21533203125,76.961655,33.420753
250,2.9069767441860463,1904.0,5.78466796875,171.443283,34.390656
251,2.918604651162791,1861.0,-37.21533203125,253.723602,33.138794
252,2.930232558139535,1927.0,28.78466796875,316.238617,29.643707
253,2.941860465116279,1921.0,22.78466796875,352.784515,23.806732
254,2.953488372093023,1926.0,27.78466796875,359.257935,15.665131
255,2.9651162790697674,1930.0,31.78466796875,334.527649,5.630402
256,2.9767441860465116,1906.0,7.78466796875,280.207733,-5.415009
257,2.988372093023256,1923.0,24.78466796875,200.955887,-16.235107
258,3.0,1886.0,-12.21533203125,103.404739,-25.538666
259,3.011627906976744,1902.0,3.78466796875,-3.973456,-32.291306
260,3.0232558139534884,1863.0,-35.21533203125,-112.118248,-35.932236
261,3.0348837209302326,1883.0,-15.21533203125,-211.598999,-36.344681
262,3.046511627906977,1837.0,-61.21533203125,-293.689392,-33.74585
263,3.0581395348837206,1845.0,-53.21533203125,-350.782379,-28.399261
264,3.0697674418604652,1802.0,-96.21533203125,-377.283081,-20.574097
265,3.0813953488372094,1821.0,-77.21533203125,-370.345673,-10.626465
266,3.0930232558139537,1771.0,-127.21533203125,-330.234711,0.803375
267,3.1046511627906974,1779.0,-119.21533203125,-260.699158,12.631683
268,3.1162790697674416,1747.0,-151.21533203125,-168.239456,23.379318
269,3.1279069767441863,1755.0,-143.21533203125,-61.762451,31.455406
270,3.1395348837209305,1749.0,-149.21533203125,49.04211,35.633011
271,3.1511627906976742,1747.0,-151.21533203125,154.201736,35.43261
272,3.1627906976744184,1793.0,-105.21533203125,244.924927,31.301392
273,3.174418604651163,1769.0,-129.21533203125,313.641418,24.360657
274,3.186046511627907,1831.0,-67.21533203125,354.888885,16.035767
275,3.197674418604651,1809.0,-89.21533203125,365.242218,7.561432
276,3.2093023255813953,1890.0,-8.21533203125,343.700592,-0.422882
277,3.22093023255814,1867.0,-31.21533203125,292.003418,-7.70047
278,3.2325581395348837,1941.0,42.78466796875,214.52832,-14.320526
279,3.244186046511628,1920.0,21.78466796875,118.499504,-20.125053
280,3.255813953488372,1965.0,66.78466796875,12.86597,-24.656559
281,3.2674418604651163,1963.0,64.78466796875,-92.010635,-27.124054
282,3.2790697674418605,1941.0,42.78466796875,-186.34227,-26.846115
283,3.2906976744186047,1962.0,63.78466796875,-261.255066,-23.511124
284,3.302325581395349,1904.0,5.78466796875,-310.518921,-17.48999
285,3.3139534883720927,1929.0,30.78466796875,-330.334503,-9.723755
286,3.3255813953488373,1843.0,-55.21533203125,-320.017548,-1.400177
287,3.3372093023255816,1865.0,-33.21533203125,-281.499512,6.34198
288,3.3488372093023253,1791.0,-107.21533203125,-219.087753,12.823822
289,3.3604651162790695,1808.0,-90.21533203125,-139.248215,17.670502
290,3.372093023255814,1759.0,-139.21533203125,-49.626999,20.798538
291,3.3837209302325584,1772.0,-126.21533203125,40.945839,22.059237
292,3.395348837209302,1766.0,-132.21533203125,124.130676,21.244507
293,3.4069767441860463,1765.0,-133.21533203125,192.055603,18.150787
294,3.418604651162791,1789.0,-109.21533203125,239.18396,12.855469
295,3.430232558139535,1775.0,-123.21533203125,261.977203,5.955475
296,3.441860465116279,1838.0,-60.21533203125,259.983093,-1.425659
297,3.453488372093023,1815.0,-83.21533203125,234.966263,-7.932571
298,3.4651162790697674,1873.0,-25.21533203125,190.84758,-12.420425
299,3.4767441860465116,1856.0,-42.21533203125,132.947723,-14.330872
300,3.488372093023256,1899.0,0.78466796875,67.115921,-13.932251
301,3.5,1891.0,-7.21533203125,-0.188871,-11.993538
302,3.511627906976744,1899.0,0.78466796875,-63.24094,-9.49017
303,3.5232558139534884,1903.0,4.78466796875,-116.332817,-7.060455
304,3.5348837209302326,1879.0,-19.21533203125,-155.425446,-4.785583
305,3.546511627906977,1893.0,-5.21533203125,-177.365082,-2.354446
306,3.5581395348837206,1842.0,-56.21533203125,-181.445297,0.590195
307,3.5697674418604652,1871.0,-27.21533203125,-168.466309,4.02739
308,3.5813953488372094,1808.0,-90.21533203125,-141.410629,7.404404
309,3.5930232558139537,1823.0,-75.21533203125,-104.451675,9.708237
310,3.6046511627906974,1778.0,-120.21533203125,-62.316402,10.08424
311,3.616279069767442,1790.0,-108.21533203125,-19.911606,8.094736
312,3.6279069767441863,1769.0,-129.21533203125,18.979876,4.244061
313,3.63953488372093,1767.0,-131.21533203125,51.008305,-0.367081
314,3.6511627906976742,1765.0,-133.21533203125,74.599792,-4.278519
315,3.6627906976744184,1762.0,-136.21533203125,88.527473,-6.408516
316,3.674418604651163,1781.0,-117.21533203125,93.209465,-6.328651
317,3.686046511627907,1768.0,-130.21533203125,89.274811,-4.477341
318,3.697674418604651,1810.0,-88.21533203125,78.617142,-1.778633
319,3.7093023255813953,1796.0,-102.21533203125,63.406265,0.788719
320,3.72093023255814,1845.0,-53.21533203125,46.223137,2.606079
321,3.7325581395348837,1833.0,-65.21533203125,29.650436,3.641659
322,3.744186046511628,1885.0,-13.21533203125,15.416344,4.235276
323,3.755813953488372,1867.0,-31.21533203125,4.803256,4.811664
324,3.7674418604651163,1919.0,20.78466796875,-2.574321,5.461901
325,3.7790697674418605,1911.0,12.78466796875,-7.284325,5.921715
326,3.7906976744186047,1945.0,46.78466796875,-11.063869,5.595261
327,3.802325581395349,1930.0,31.78466796875,-14.955595,3.957838
328,3.8139534883720927,1936.0,37.78466796875,-20.016556,0.866711
329,3.8255813953488373,1938.0,39.78466796875,-26.194246,-3.28319
330,3.8372093023255816,1925.0,26.78466796875,-32.957302,-7.604284
331,3.8488372093023253,1935.0,36.78466796875,-39.363205,-11.077793
332,3.8604651162790695,1889.0,-9.21533203125,-44.164825,-12.834564
333,3.872093023255814,1910.0,11.78466796875,-46.721687,-12.494926
334,3.8837209302325584,1854.0,-44.21533203125,-46.179401,-10.17979
335,3.895348837209302,1875.0,-23.21533203125,-42.714485,-6.505714
336,3.9069767441860463,1830.0,-68.21533203125,-36.040245,-2.251591
337,3.9186046511627906,1841.0,-57.21533203125,-26.684473,1.851501
338,3.930232558139535,1823.0,-75.21533203125,-14.644628,5.296718
339,3.941860465116279,1825.0,-73.21533203125,-0.553373,7.841612
340,3.9534883720930227,1838.0,-60.21533203125,15.042297,9.46734
341,3.9651162790697674,1824.0,-74.21533203125,31.120945,10.274059
342,3.9767441860465116,1873.0,-25.21533203125,46.245819,10.423687
343,3.9883720930232562,1854.0,-44.21533203125,58.919922,9.964832
344,4.0,1917.0,18.78466796875,67.21817,8.950645
345,4.011627906976744,1894.0,-4.21533203125,70.019882,7.341862
346,4.023255813953488,1961.0,62.78466796875,66.168968,5.159039
347,4.034883720930233,1936.0,37.78466796875,55.920029,2.396416
348,4.046511627906977,1991.0,92.78466796875,39.854069,-0.767475
349,4.058139534883721,1969.0,70.78466796875,19.809017,-4.138996
350,4.069767441860465,1995.0,96.78466796875,-2.164981,-7.30217
351,4.081395348837209,1993.0,94.78466796875,-23.658632,-9.893845
352,4.093023255813954,1977.0,78.78466796875,-42.426262,-11.535612
353,4.104651162790698,1991.0,92.78466796875,-56.863544,-12.040966
354,4.116279069767442,1953.0,54.78466796875,-65.665359,-11.395714
355,4.127906976744186,1968.0,69.78466796875,-68.626869,-9.744411
356,4.1395348837209305,1927.0,28.78466796875,-65.647537,-7.417385
357,4.151162790697675,1946.0,47.78466796875,-57.610489,-4.666935
358,4.162790697674419,1909.0,10.78466796875,-45.242493,-1.809818
359,4.174418604651162,1923.0,24.78466796875,-29.91975,1.041218
360,4.186046511627907,1909.0,10.78466796875,-12.82705,3.701026
361,4.1976744186046515,1910.0,11.78466796875,4.57295,6.106908
362,4.209302325581395,1920.0,21.78466796875,20.922487,8.081123
363,4.22093023255814,1917.0,18.78466796875,34.987637,9.44088
364,4.232558139534883,1945.0,46.78466796875,45.611881,10.026814
365,4.2441860465116275,1936.0,37.78466796875,52.22567,9.749115
366,4.2558139534883725,1962.0,63.78466796875,54.323521,8.719116
367,4.267441860465116,1952.0,53.78466796875,52.185005,7.071991
368,4.279069767441861,1977.0,78.78466796875,46.110203,5.171841
369,4.290697674418605,1969.0,70.78466796875,37.009388,3.1889
370,4.3023255813953485,1991.0,92.78466796875,25.720329,1.368784
371,4.313953488372094,1994.0,95.78466796875,13.372194,-0.312469
372,4.325581395348837,2005.0,106.78466796875,0.981317,-1.805712
373,4.337209302325581,2003.0,104.78466796875,-10.519236,-3.216631
374,4.348837209302326,1994.0,95.78466796875,-20.30019,-4.521709
375,4.3604651162790695,2002.0,103.78466796875,-27.914827,-5.694355
376,4.372093023255814,1986.0,87.78466796875,-33.043213,-6.714489
377,4.383720930232558,1984.0,85.78466796875,-35.844807,-7.546238
378,4.395348837209302,1977.0,78.78466796875,-36.467232,-8.30435
379,4.406976744186047,1979.0,80.78466796875,-35.363716,-8.966942
380,4.4186046511627906,1965.0,66.78466796875,-32.725292,-9.618225
381,4.430232558139535,1975.0,76.78466796875,-28.775541,-9.954773
382,4.44186046511628,1967.0,68.78466796875,-23.510662,-9.746408
383,4.453488372093023,1966.0,67.78466796875,-16.920027,-8.502637
384,4.465116279069767,1975.0,76.78466796875,-9.072776,-5.9909
385,4.476744186046512,1967.0,68.78466796875,-0.244221,-2.170999
386,4.488372093023256,1978.0,79.78466796875,9.017587,2.562618
387,4.5,1979.0,80.78466796875,18.021872,7.50703
388,4.511627906976744,1995.0,96.78466796875,25.967016,11.871872
389,4.523255813953488,1984.0,85.78466796875,32.206547,14.921204
390,4.534883720930232,2004.0,105.78466796875,36.274818,16.434967
391,4.546511627906977,1997.0,98.78466796875,37.996006,16.449299
392,4.558139534883721,2005.0,106.78466796875,37.318489,15.512268
393,4.569767441860465,2002.0,103.78466796875,34.328007,14.038918
394,4.5813953488372094,2000.0,101.78466796875,29.055075,12.446215
395,4.593023255813954,2011.0,112.78466796875,21.65745,10.637427
396,4.604651162790698,2000.0,101.78466796875,12.286843,8.302681
397,4.616279069767442,2005.0,106.78466796875,1.412848,4.931918
398,4.627906976744185,1983.0,84.78466796875,-10.288687,0.193802
399,4.6395348837209305,1997.0,98.78466796875,-21.792336,-5.798409
400,4.651162790697675,1975.0,76.78466796875,-32.000141,-12.602493
401,4.662790697674418,1979.0,80.78466796875,-39.855587,-19.258192
402,4.674418604651163,1962.0,63.78466796875,-44.485481,-24.885563
403,4.686046511627906,1969.0,70.78466796875,-45.446442,-28.504419
404,4.6976744186046515,1966.0,67.78466796875,-42.573578,-29.753136
405,4.709302325581396,1963.0,64.78466796875,-36.159431,-28.355907
406,4.720930232558139,1979.0,80.78466796875,-26.608866,-24.602375
407,4.732558139534884,1973.0,74.78466796875,-14.736502,-18.787685
408,4.744186046511628,1997.0,98.78466796875,-1.411565,-11.439634
409,4.755813953488372,1995.0,96.78466796875,12.134996,-3.069377
410,4.767441860465117,2027.0,128.78466796875,24.663887,5.796736
411,4.77906976744186,2019.0,120.78466796875,34.890781,14.520933
412,4.790697674418604,2035.0,136.78466796875,41.764061,22.603016
413,4.802325581395349,2032.0,133.78466796875,44.71067,29.405331
414,4.813953488372093,2036.0,137.78466796875,43.572258,34.620613
415,4.825581395348837,2033.0,134.78466796875,38.784451,37.766197
416,4.837209302325581,2015.0,116.78466796875,30.933559,38.690804
417,4.848837209302325,2027.0,128.78466796875,20.914137,37.008793
418,4.86046511627907,1984.0,85.78466796875,9.445717,32.572392
419,4.872093023255814,2003.0,104.78466796875,-2.547079,25.252588
420,4.883720930232558,1959.0,60.78466796875,-14.239993,15.233274
421,4.895348837209303,1979.0,80.78466796875,-24.531561,3.183884
422,4.906976744186046,1939.0,40.78466796875,-32.35804,-9.942802
423,4.9186046511627906,1951.0,52.78466796875,-36.735435,-22.699364
424,4.930232558139535,1934.0,35.78466796875,-37.132191,-33.944481
425,4.941860465116279,1933.0,34.78466796875,-33.740551,-42.567974
426,4.953488372093023,1955.0,56.78466796875,-27.337757,-48.268654
427,4.965116279069767,1949.0,50.78466796875,-19.330919,-50.938255
428,4.976744186046512,1979.0,80.78466796875,-11.019943,-50.927662
429,4.988372093023256,1971.0,72.78466796875,-3.462501,-48.246773
430,5.0,2021.0,122.78466796875,3.065287,-42.738049
431,5.011627906976744,2009.0,110.78466796875,8.722631,-33.917305
432,5.023255813953488,2053.0,154.78466796875,13.989519,-21.343904
433,5.034883720930233,2034.0,135.78466796875,19.061571,-5.202362
434,5.046511627906977,2055.0,156.78466796875,23.640795,13.680861
435,5.058139534883721,2046.0,147.78466796875,26.935946,33.385761
436,5.069767441860465,2027.0,128.78466796875,27.871943,51.714241
437,5.081395348837209,2041.0,142.78466796875,25.811287,66.252304
438,5.093023255813954,2000.0,101.78466796875,20.613609,75.372589
439,5.104651162790698,2015.0,116.78466796875,13.106582,78.103615
440,5.116279069767441,1958.0,59.78466796875,4.506945,74.487457
441,5.127906976744186,1975.0,76.78466796875,-3.695291,65.036049
442,5.1395348837209305,1926.0,27.78466796875,-10.501433,50.547485
443,5.151162790697675,1945.0,46.78466796875,-15.411231,31.879581
444,5.162790697674419,1920.0,21.78466796875,-18.558746,9.860666
445,5.174418604651162,1924.0,25.78466796875,-20.309181,-14.246651
446,5.186046511627907,1939.0,40.78466796875,-20.930908,-38.903847
447,5.1976744186046515,1929.0,30.78466796875,-20.50679,-61.894676
448,5.209302325581395,1967.0,68.78466796875,-18.74728,-80.955917
449,5.22093023255814,1951.0,52.78466796875,-15.499515,-93.845978
450,5.232558139534883,2000.0,101.78466796875,-10.680696,-99.110817
451,5.2441860465116275,1987.0,88.78466796875,-4.771607,-96.098633
452,5.2558139534883725,2032.0,133.78466796875,1.606759,-85.111778
453,5.267441860465116,2011.0,112.78466796875,7.557922,-67.181557
454,5.279069767441861,2055.0,156.78466796875,12.552882,-43.659225
455,5.290697674418605,2042.0,143.78466796875,16.245522,-16.256271
456,5.3023255813953485,2043.0,144.78466796875,18.722456,13.362959
457,5.313953488372094,2044.0,145.78466796875,20.143356,43.097832
458,5.325581395348837,2018.0,119.78466796875,20.573864,70.821213
459,5.337209302325581,2027.0,128.78466796875,19.905561,94.009102
460,5.348837209302326,1984.0,85.78466796875,17.747105,110.425827
461,5.3604651162790695,1999.0,100.78466796875,13.828447,118.117096
462,5.372093023255814,1941.0,42.78466796875,7.920338,116.000771
463,5.383720930232558,1962.0,63.78466796875,0.39772,103.923378
464,5.395348837209302,1927.0,28.78466796875,-8.150477,82.688683
465,5.406976744186046,1931.0,32.78466796875,-16.662903,53.961655
466,5.4186046511627906,1929.0,30.78466796875,-24.097893,19.97422
467,5.430232558139535,1933.0,34.78466796875,-29.449492,-16.534431
468,5.44186046511628,1938.0,39.78466796875,-31.992687,-52.624199
469,5.453488372093023,1933.0,34.78466796875,-31.310984,-85.125946
470,5.465116279069767,1970.0,71.78466796875,-27.251036,-111.044762
471,5.476744186046512,1949.0,50.78466796875,-20.132479,-127.80336
472,5.488372093023256,1991.0,92.78466796875,-10.445906,-133.627441
473,5.5,1981.0,82.78466796875,0.77931,-127.906998
474,5.511627906976744,2008.0,109.78466796875,12.408557,-111.218925
475,5.523255813953488,2000.0,101.78466796875,22.991865,-85.324432
476,5.534883720930232,2017.0,118.78466796875,31.337051,-52.635132
477,5.546511627906977,2010.0,111.78466796875,36.418663,-16.06739
478,5.558139534883721,2010.0,111.78466796875,37.838291,21.637537
479,5.569767441860465,2011.0,112.78466796875,35.630772,57.687431
480,5.5813953488372094,1989.0,90.78466796875,30.281092,89.651268
481,5.593023255813954,2005.0,106.78466796875,22.514238,115.126175
482,5.604651162790698,1975.0,76.78466796875,12.9644,131.970123
483,5.616279069767442,1987.0,88.78466796875,2.282293,138.360977
484,5.627906976744185,1959.0,60.78466796875,-9.086527,133.163681
485,5.6395348837209305,1965.0,66.78466796875,-20.495695,116.26532
486,5.651162790697675,1956.0,57.78466796875,-31.1889,88.715561
487,5.662790697674418,1956.0,57.78466796875,-40.0205,52.891533
488,5.674418604651163,1958.0,59.78466796875,-45.743004,12.040089
489,5.686046511627907,1954.0,55.78466796875,-47.146866,-29.867096
490,5.697674418604651,1955.0,56.78466796875,-43.481705,-68.939758
491,5.709302325581396,1963.0,64.78466796875,-34.725315,-101.493362
492,5.720930232558139,1947.0,48.78466796875,-21.709944,-124.778168
493,5.732558139534884,1953.0,54.78466796875,-5.996338,-136.846283
494,5.744186046511628,1938.0,39.78466796875,10.460265,-136.962128
495,5.755813953488372,1942.0,43.78466796875,25.672989,-125.406219
496,5.767441860465117,1923.0,24.78466796875,38.021286,-103.512161
497,5.77906976744186,1939.0,40.78466796875,46.420189,-73.472656
498,5.790697674418604,1929.0,30.78466796875,50.350933,-38.058956
499,5.802325581395349,1930.0,31.78466796875,49.725437,-0.472713
500,5.813953488372093,1938.0,39.78466796875,44.78772,36.208004
501,5.825581395348837,1936.0,37.78466796875,35.958668,68.930588
502,5.837209302325582,1971.0,72.78466796875,23.912062,95.293419
503,5.848837209302325,1953.0,54.78466796875,9.521076,113.225952
504,5.86046511627907,1985.0,86.78466796875,-5.968335,121.543602
505,5.872093023255814,1970.0,71.78466796875,-21.076618,119.717072
506,5.883720930232558,2009.0,110.78466796875,-34.179569,108.152191
507,5.895348837209303,1999.0,100.78466796875,-43.879578,88.064545
508,5.906976744186046,2015.0,116.78466796875,-49.170677,61.333862
509,5.9186046511627906,2007.0,108.78466796875,-49.676922,30.511326
510,5.930232558139535,1988.0,89.78466796875,-45.670994,-1.881969
511,5.941860465116279,2000.0,101.78466796875,-37.858616,-33.074345
512,5.953488372093023,1941.0,42.78466796875,-27.296825,-60.944073
513,5.965116279069767,1969.0,70.78466796875,-14.971179,-83.389999
514,5.976744186046512,1894.0,-4.21533203125,-1.884873,-99.013023
515,5.988372093023256,1913.0,14.78466796875,11.185512,-106.542076
516,6.0,1863.0,-35.21533203125,23.401577,-105.351913
517,6.011627906976744,1881.0,-17.21533203125,33.94632,-95.318909
518,6.023255813953488,1840.0,-58.21533203125,41.859222,-77.188248
519,6.034883720930233,1847.0,-51.21533203125,46.221989,-52.707005
520,6.046511627906977,1854.0,-44.21533203125,46.321594,-24.302292
521,6.058139534883721,1840.0,-58.21533203125,41.831398,4.843189
522,6.069767441860465,1893.0,-5.21533203125,33.10989,31.88484
523,6.081395348837209,1862.0,-36.21533203125,21.046675,54.195671
524,6.093023255813954,1949.0,50.78466796875,7.183787,70.475739
525,6.104651162790698,1918.0,19.78466796875,-6.829381,80.075302
526,6.116279069767441,2000.0,101.78466796875,-19.285101,83.39814
527,6.127906976744186,1968.0,69.78466796875,-28.97485,80.966599
528,6.1395348837209305,2035.0,136.78466796875,-35.119213,73.469818
529,6.151162790697675,2017.0,118.78466796875,-37.568146,61.446121
530,6.162790697674419,2031.0,132.78466796875,-36.563847,45.386349
531,6.174418604651162,2032.0,133.78466796875,-32.606049,26.23344
532,6.186046511627907,1987.0,88.78466796875,-26.350239,5.133425
533,6.1976744186046515,2016.0,117.78466796875,-18.365093,-15.944155
534,6.209302325581395,1917.0,18.78466796875,-9.390948,-35.262268
535,6.22093023255814,1955.0,56.78466796875,-0.058321,-50.893917
536,6.232558139534883,1830.0,-68.21533203125,8.733679,-61.932037
537,6.2441860465116275,1882.0,-16.21533203125,16.250996,-67.860031
538,6.2558139534883725,1775.0,-123.21533203125,21.641457,-69.067497
539,6.267441860465116,1796.0,-102.21533203125,24.455164,-66.021599
540,6.279069767441861,1750.0,-148.21533203125,24.515625,-59.184158
541,6.290697674418605,1761.0,-137.21533203125,22.0755,-48.89373
542,6.3023255813953485,1776.0,-122.21533203125,17.681961,-35.255867
543,6.313953488372094,1760.0,-138.21533203125,11.994525,-18.881718
544,6.325581395348837,1830.0,-68.21533203125,5.771501,-0.528278
545,6.337209302325581,1802.0,-96.21533203125,-0.426394,18.109089
546,6.348837209302326,1908.0,9.78466796875,-5.971498,35.430977
547,6.3604651162790695,1872.0,-26.21533203125,-10.377177,49.598888
548,6.372093023255814,1985.0,86.78466796875,-13.009253,59.651764
549,6.383720930232558,1946.0,47.78466796875,-13.400048,65.124077
550,6.395348837209302,2030.0,131.78466796875,-11.192952,66.320038
551,6.406976744186046,2011.0,112.78466796875,-6.54709,63.744003
552,6.4186046511627906,2027.0,128.78466796875,-0.196885,57.654839
553,6.430232558139535,2037.0,138.78466796875,6.584568,48.200108
554,6.44186046511628,1979.0,80.78466796875,12.145658,34.967731
555,6.453488372093023,2006.0,107.78466796875,15.062413,18.139597
556,6.465116279069767,1899.0,0.78466796875,14.366061,-1.94089
557,6.476744186046512,1936.0,37.78466796875,10.09669,-23.613342
558,6.488372093023256,1815.0,-83.21533203125,2.991544,-44.954868
559,6.5,1850.0,-48.21533203125,-5.479785,-63.348934
560,6.511627906976744,1745.0,-153.21533203125,-13.840495,-76.738281
561,6.523255813953488,1778.0,-120.21533203125,-20.787519,-83.568733
562,6.534883720930233,1728.0,-170.21533203125,-25.606501,-83.267227
563,6.546511627906977,1731.0,-167.21533203125,-28.035757,-76.09832
564,6.558139534883721,1747.0,-151.21533203125,-28.038635,-62.65963
565,6.569767441860465,1733.0,-165.21533203125,-25.600492,-44.072052
566,6.5813953488372094,1809.0,-89.21533203125,-20.506542,-21.327011
567,6.593023255813954,1782.0,-116.21533203125,-12.568727,3.945235
568,6.604651162790698,1903.0,4.78466796875,-1.744388,30.075415
569,6.616279069767442,1857.0,-41.21533203125,11.312512,54.568691
570,6.627906976744185,1979.0,80.78466796875,25.357073,75.048607
571,6.6395348837209305,1930.0,31.78466796875,38.402138,89.05365
572,6.651162790697675,2013.0,114.78466796875,48.385197,95.029839
573,6.662790697674418,1992.0,93.78466796875,53.495026,92.408279
574,6.674418604651163,1999.0,100.78466796875,52.768238,81.692932
575,6.686046511627907,2011.0,112.78466796875,46.244049,64.446274
576,6.697674418604651,1951.0,52.78466796875,34.826744,42.435104
577,6.709302325581396,1987.0,88.78466796875,20.017832,17.784407
578,6.720930232558139,1889.0,-9.21533203125,3.334302,-7.973573
579,6.732558139534884,1915.0,16.78466796875,-13.805024,-33.14938
580,6.744186046511628,1811.0,-87.21533203125,-30.345863,-56.469631
581,6.755813953488372,1839.0,-59.21533203125,-45.285007,-76.253296
582,6.767441860465117,1766.0,-132.21533203125,-57.657261,-90.914566
583,6.77906976744186,1795.0,-103.21533203125,-66.299088,-98.78466
584,6.790697674418604,1750.0,-148.21533203125,-70.018997,-98.631927
585,6.802325581395349,1750.0,-148.21533203125,-67.784935,-90.004799
586,6.813953488372093,1779.0,-119.21533203125,-59.104332,-73.293365
587,6.825581395348837,1760.0,-138.21533203125,-44.311256,-50.082348
588,6.837209302325582,1846.0,-52.21533203125,-24.525076,-22.419191
589,6.848837209302325,1807.0,-91.21533203125,-1.640614,6.924875
590,6.86046511627907,1906.0,7.78466796875,22.208349,35.516491
591,6.872093023255814,1873.0,-25.21533203125,44.788685,60.922672
592,6.883720930232558,1951.0,52.78466796875,64.18119,81.428787
593,6.895348837209303,1936.0,37.78466796875,78.768906,95.652771
594,6.906976744186046,1975.0,76.78466796875,87.318489,102.789131
595,6.9186046511627906,1969.0,70.78466796875,88.877319,102.385353
596,6.930232558139535,1968.0,69.78466796875,82.888542,94.331238
597,6.941860465116279,1974.0,75.78466796875,69.312225,79.010521
598,6.953488372093023,1935.0,36.78466796875,48.788216,57.091454
599,6.965116279069767,1955.0,56.78466796875,22.839853,29.995949
600,6.976744186046512,1892.0,-6.21533203125,-6.217361,-0.491887
601,6.988372093023256,1919.0,20.78466796875,-35.459339,-31.815351
602,7.0,1847.0,-51.21533203125,-61.873539,-61.313797
603,7.011627906976744,1871.0,-27.21533203125,-82.727982,-86.085014
604,7.023255813953488,1837.0,-61.21533203125,-96.122124,-103.78833
605,7.034883720930233,1831.0,-67.21533203125,-101.11219,-112.757439
606,7.046511627906977,1819.0,-79.21533203125,-97.677147,-112.300308
607,7.058139534883721,1824.0,-74.21533203125,-86.505836,-102.744667
608,7.069767441860465,1831.0,-67.21533203125,-68.708931,-85.103104
609,7.081395348837209,1825.0,-73.21533203125,-45.587879,-61.008408
610,7.093023255813954,1856.0,-42.21533203125,-18.590378,-32.171658
611,7.104651162790698,1843.0,-55.21533203125,10.619746,-0.613258
612,7.116279069767441,1876.0,-22.21533203125,40.03495,31.676378
613,7.127906976744186,1877.0,-21.21533203125,67.267113,62.304329
614,7.1395348837209305,1904.0,5.78466796875,89.688301,88.777451
615,7.151162790697675,1894.0,-4.21533203125,104.791893,108.473579
616,7.162790697674419,1931.0,32.78466796875,110.71405,119.239609
617,7.174418604651162,1911.0,12.78466796875,106.539185,119.659851
618,7.186046511627907,1936.0,37.78466796875,92.659065,109.538986
619,7.1976744186046515,1936.0,37.78466796875,70.557938,89.965057
620,7.209302325581395,1936.0,37.78466796875,42.561241,62.921909
621,7.22093023255814,1939.0,40.78466796875,11.399183,31.155298
622,7.232558139534884,1931.0,32.78466796875,-20.260357,-2.695457
623,7.2441860465116275,1930.0,31.78466796875,-49.960361,-35.976036
624,7.2558139534883725,1925.0,26.78466796875,-75.588097,-66.50428
625,7.267441860465116,1922.0,23.78466796875,-95.259583,-92.115364
626,7.27906976744186,1915.0,16.78466796875,-107.38179,-110.896431
627,7.290697674418605,1913.0,14.78466796875,-110.664505,-120.980934
628,7.3023255813953485,1879.0,-19.21533203125,-104.460411,-121.011696
629,7.313953488372094,1901.0,2.78466796875,-88.93103,-110.424744
630,7.325581395348837,1863.0,-35.21533203125,-65.358963,-89.803375
631,7.337209302325581,1878.0,-20.21533203125,-35.984573,-61.048706
632,7.348837209302326,1853.0,-45.21533203125,-3.759557,-26.951523
633,7.3604651162790695,1857.0,-41.21533203125,28.094536,8.977905
634,7.372093023255814,1850.0,-48.21533203125,56.635658,43.412231
635,7.383720930232559,1849.0,-49.21533203125,79.463402,73.285492
636,7.395348837209302,1860.0,-38.21533203125,95.015541,96.411995
637,7.406976744186046,1857.0,-41.21533203125,102.396194,111.172729
638,7.4186046511627906,1893.0,-5.21533203125,101.403908,116.686905
639,7.430232558139535,1872.0,-26.21533203125,92.283195,112.595062
640,7.44186046511628,1907.0,8.78466796875,75.824127,99.186081
641,7.453488372093023,1915.0,16.78466796875,53.351223,77.55587
642,7.465116279069767,1939.0,40.78466796875,26.638187,49.438187
643,7.476744186046512,1925.0,26.78466796875,-1.985453,17.43619
644,7.488372093023256,1952.0,53.78466796875,-30.013994,-15.553467
645,7.5,1941.0,42.78466796875,-54.911655,-46.434879
646,7.511627906976744,1951.0,52.78466796875,-74.52739,-72.572235
647,7.523255813953488,1955.0,56.78466796875,-87.208199,-91.785309
648,7.534883720930233,1937.0,38.78466796875,-92.084305,-102.754707
649,7.546511627906977,1943.0,44.78466796875,-88.939323,-104.814972
650,7.558139534883721,1909.0,10.78466796875,-78.265984,-98.001869
651,7.569767441860464,1920.0,21.78466796875,-61.180828,-83.066963
652,7.5813953488372094,1877.0,-21.21533203125,-39.312473,-61.334473
653,7.593023255813954,1895.0,-3.21533203125,-14.798988,-34.933777
654,7.604651162790698,1857.0,-41.21533203125,10.032998,-6.321803
655,7.616279069767442,1867.0,-31.21533203125,32.749077,21.612013
656,7.627906976744185,1851.0,-47.21533203125,51.310429,46.336712
657,7.6395348837209305,1840.0,-58.21533203125,64.123466,65.613594
658,7.651162790697675,1856.0,-42.21533203125,70.495552,78.217125
659,7.662790697674418,1843.0,-55.21533203125,70.39109,83.560722
660,7.674418604651163,1869.0,-29.21533203125,64.504601,81.915176
661,7.686046511627907,1862.0,-36.21533203125,53.936131,73.987915
662,7.697674418604651,1906.0,7.78466796875,39.966019,60.786709
663,7.709302325581396,1885.0,-13.21533203125,23.986572,43.572483
664,7.720930232558139,1921.0,22.78466796875,7.264139,23.681078
665,7.732558139534884,1909.0,10.78466796875,-8.838843,2.834084
666,7.744186046511628,1940.0,41.78466796875,-23.200626,-17.3146
667,7.755813953488372,1933.0,34.78466796875,-34.647453,-34.873646
668,7.767441860465117,1936.0,37.78466796875,-42.422058,-48.454514
669,7.77906976744186,1943.0,44.78466796875,-46.017067,-56.972183
670,7.790697674418604,1941.0,42.78466796875,-45.491787,-60.190907
671,7.802325581395349,1940.0,41.78466796875,-41.325188,-58.413643
672,7.813953488372093,1917.0,18.78466796875,-34.339596,-52.469025
673,7.825581395348837,1932.0,33.78466796875,-25.579594,-43.398872
674,7.837209302325581,1901.0,2.78466796875,-16.016996,-32.200684
675,7.848837209302326,1911.0,12.78466796875,-6.594385,-19.849781
676,7.86046511627907,1877.0,-21.21533203125,2.073877,-7.045059
677,7.872093023255814,1887.0,-11.21533203125,9.41716,5.380174
678,7.883720930232558,1852.0,-46.21533203125,15.176088,16.797604
679,7.895348837209302,1865.0,-33.21533203125,19.104115,26.401197
680,7.9069767441860455,1840.0,-58.21533203125,21.201063,33.643833
681,7.918604651162791,1852.0,-46.21533203125,21.587906,38.089943
682,7.930232558139535,1845.0,-53.21533203125,20.537762,39.623379
683,7.941860465116279,1837.0,-61.21533203125,18.512468,38.448555
684,7.953488372093023,1879.0,-19.21533203125,15.950896,34.911564
685,7.9651162790697665,1865.0,-33.21533203125,13.331551,29.556276
686,7.9767441860465125,1898.0,-0.21533203125,10.888824,22.777596
687,7.988372093023257,1887.0,-11.21533203125,8.846837,15.164536
688,8.0,1919.0,20.78466796875,7.104844,7.069659
689,8.011627906976743,1904.0,5.78466796875,5.572706,-0.937124
690,8.023255813953488,1935.0,36.78466796875,3.936745,-8.527294
691,8.034883720930232,1922.0,23.78466796875,1.935705,-15.247575
692,8.046511627906977,1949.0,50.78466796875,-0.704092,-20.892769
693,8.058139534883722,1932.0,33.78466796875,-4.187327,-25.342411
694,8.069767441860465,1937.0,38.78466796875,-8.449119,-28.52092
695,8.081395348837209,1936.0,37.78466796875,-13.274336,-30.437038
696,8.093023255813954,1910.0,11.78466796875,-18.054953,-30.854279
697,8.104651162790699,1925.0,26.78466796875,-22.125765,-29.631496
698,8.116279069767442,1877.0,-21.21533203125,-24.640991,-26.377836
699,8.127906976744185,1897.0,-1.21533203125,-25.072262,-21.096727
700,8.13953488372093,1857.0,-41.21533203125,-23.08255,-13.80441
701,8.151162790697674,1863.0,-35.21533203125,-18.883261,-5.149295
702,8.162790697674417,1843.0,-55.21533203125,-12.920274,4.180375
703,8.174418604651164,1853.0,-45.21533203125,-5.884424,13.221102
704,8.186046511627907,1853.0,-45.21533203125,1.51036,21.153751
705,8.19767441860465,1852.0,-46.21533203125,8.738031,27.387388
706,8.209302325581396,1872.0,-26.21533203125,15.32552,31.504351
707,8.220930232558139,1858.0,-40.21533203125,21.029964,33.412502
708,8.232558139534884,1898.0,-0.21533203125,25.501972,32.972294
709,8.24418604651163,1879.0,-19.21533203125,28.455748,30.268185
710,8.255813953488373,1921.0,22.78466796875,29.495743,25.28994
711,8.267441860465116,1911.0,12.78466796875,28.39739,18.383808
712,8.279069767441861,1936.0,37.78466796875,25.049763,9.93096
713,8.290697674418604,1935.0,36.78466796875,19.675493,0.722897
714,8.30232558139535,1942.0,43.78466796875,12.665359,-8.494197
715,8.313953488372093,1934.0,35.78466796875,4.546297,-16.932199
716,8.325581395348838,1931.0,32.78466796875,-4.034795,-23.950306
717,8.337209302325581,1937.0,38.78466796875,-12.543337,-29.189013
718,8.348837209302324,1904.0,5.78466796875,-20.313873,-32.307896
719,8.36046511627907,1921.0,22.78466796875,-26.779545,-33.170757
720,8.372093023255815,1872.0,-26.21533203125,-31.244392,-31.513281
721,8.383720930232558,1883.0,-15.21533203125,-33.158474,-27.287397
722,8.395348837209303,1854.0,-44.21533203125,-32.115505,-20.523413
723,8.406976744186046,1859.0,-39.21533203125,-28.134579,-11.72123
724,8.41860465116279,1847.0,-51.21533203125,-21.654446,-1.709484
725,8.430232558139535,1846.0,-52.21533203125,-13.518943,8.36604
726,8.44186046511628,1857.0,-41.21533203125,-4.76965,17.306339
727,8.453488372093023,1842.0,-56.21533203125,3.622427,24.159945
728,8.465116279069766,1872.0,-26.21533203125,10.929902,28.308704
729,8.476744186046512,1865.0,-33.21533203125,16.818521,29.676399
730,8.488372093023255,1904.0,5.78466796875,21.181053,28.361443
731,8.5,1881.0,-17.21533203125,24.119402,24.80121
732,8.511627906976745,1920.0,21.78466796875,25.698404,19.388962
733,8.523255813953488,1910.0,11.78466796875,25.96055,12.714231
734,8.534883720930232,1919.0,20.78466796875,24.905361,5.420668
735,8.546511627906977,1927.0,28.78466796875,22.566126,-1.653704
736,8.558139534883722,1920.0,21.78466796875,19.012041,-7.698679
737,8.569767441860465,1921.0,22.78466796875,14.383255,-12.067633
738,8.58139534883721,1908.0,9.78466796875,8.803999,-14.523453
739,8.593023255813954,1920.0,21.78466796875,2.347453,-15.37612
740,8.604651162790697,1889.0,-9.21533203125,-4.892164,-15.282728
741,8.61627906976744,1898.0,-0.21533203125,-12.678339,-14.997974
742,8.627906976744187,1875.0,-23.21533203125,-20.474268,-14.901193
743,8.63953488372093,1883.0,-15.21533203125,-27.389603,-14.843626
744,8.651162790697674,1872.0,-26.21533203125,-32.302929,-14.131733
745,8.662790697674419,1864.0,-34.21533203125,-34.214905,-11.981571
746,8.674418604651162,1876.0,-22.21533203125,-32.486824,-7.865246
747,8.686046511627907,1871.0,-27.21533203125,-27.294397,-2.03021
748,8.697674418604652,1871.0,-27.21533203125,-19.483137,4.521957
749,8.709302325581396,1872.0,-26.21533203125,-10.390216,10.435494
750,8.720930232558139,1881.0,-17.21533203125,-1.377779,14.376506
751,8.732558139534884,1879.0,-19.21533203125,6.595999,15.752055
752,8.744186046511627,1895.0,-3.21533203125,13.212528,14.75846
753,8.755813953488373,1888.0,-10.21533203125,18.679859,12.366808
754,8.767441860465116,1901.0,2.78466796875,23.438301,9.744258
755,8.779069767441861,1900.0,1.78466796875,27.689964,7.799562
756,8.790697674418604,1906.0,7.78466796875,31.141205,6.756332
757,8.802325581395348,1904.0,5.78466796875,33.009048,6.226131
758,8.813953488372094,1904.0,5.78466796875,32.24292,5.407175
759,8.825581395348838,1904.0,5.78466796875,28.115776,3.641087
760,8.837209302325581,1902.0,3.78466796875,20.461538,0.663416
761,8.848837209302326,1905.0,6.78466796875,9.995665,-3.204488
762,8.86046511627907,1901.0,2.78466796875,-1.946548,-7.244907
763,8.872093023255813,1893.0,-5.21533203125,-13.691539,-10.638388
764,8.88372093023256,1894.0,-4.21533203125,-23.704828,-12.737686
765,8.895348837209303,1888.0,-10.21533203125,-30.949009,-13.287857
766,8.906976744186046,1886.0,-12.21533203125,-34.972401,-12.350367
767,8.91860465116279,1885.0,-13.21533203125,-35.888088,-10.257423
768,8.930232558139535,1883.0,-15.21533203125,-34.04475,-7.381805
769,8.941860465116278,1878.0,-20.21533203125,-29.945164,-4.161646
770,8.953488372093023,1878.0,-20.21533203125,-23.957943,-0.98974
771,8.965116279069768,1881.0,-17.21533203125,-16.401369,1.788937
772,8.976744186046512,1892.0,-6.21533203125,-7.561512,3.889899
773,8.988372093023255,1882.0,-16.21533203125,2.073417,5.137568
774,9.0,1909.0,10.78466796875,11.919024,5.626707
775,9.011627906976745,1904.0,5.78466796875,21.124706,5.601759
776,9.023255813953488,1916.0,17.78466796875,28.821411,5.492788
777,9.034883720930234,1909.0,10.78466796875,34.200256,5.674332
778,9.046511627906977,1905.0,6.78466796875,36.6455,6.327009
779,9.05813953488372,1909.0,10.78466796875,35.888813,7.298929
780,9.069767441860463,1904.0,5.78466796875,31.91411,8.144285
781,9.08139534883721,1914.0,15.78466796875,25.09547,8.321394
782,9.093023255813954,1899.0,0.78466796875,15.952995,7.378942
783,9.104651162790697,1904.0,5.78466796875,5.328094,5.215238
784,9.116279069767442,1887.0,-11.21533203125,-5.885046,2.086779
785,9.127906976744185,1888.0,-10.21533203125,-16.612217,-1.448713
786,9.13953488372093,1880.0,-18.21533203125,-25.802216,-4.722866
787,9.151162790697676,1883.0,-15.21533203125,-32.502373,-7.256657
788,9.162790697674419,1871.0,-27.21533203125,-35.968952,-8.78805
789,9.174418604651162,1883.0,-15.21533203125,-35.840115,-9.396187
790,9.186046511627907,1853.0,-45.21533203125,-32.19128,-9.341913
791,9.19767441860465,1862.0,-36.21533203125,-25.540714,-8.910683
792,9.209302325581396,1856.0,-42.21533203125,-16.715162,-8.237872
793,9.220930232558139,1856.0,-42.21533203125,-6.808395,-7.334841
794,9.232558139534884,1858.0,-40.21533203125,3.143982,-6.056366
795,9.244186046511627,1860.0,-38.21533203125,12.179336,-4.241399
796,9.25581395348837,1863.0,-35.21533203125,19.616539,-1.841736
797,9.267441860465118,1872.0,-26.21533203125,24.977703,1.03149
798,9.279069767441861,1873.0,-25.21533203125,27.976488,4.031542
799,9.290697674418604,1874.0,-24.21533203125,28.501987,6.774096
800,9.30232558139535,1871.0,-27.21533203125,26.581678,8.895296
801,9.313953488372093,1878.0,-20.21533203125,22.436775,10.211838
802,9.325581395348836,1874.0,-24.21533203125,16.430462,10.708784
803,9.337209302325583,1875.0,-23.21533203125,9.207918,10.555593
804,9.348837209302326,1870.0,-28.21533203125,1.509526,9.954021
805,9.36046511627907,1873.0,-25.21533203125,-5.795649,9.05273
806,9.372093023255813,1858.0,-40.21533203125,-12.000935,7.859451
807,9.383720930232558,1858.0,-40.21533203125,-16.52454,6.276222
808,9.395348837209303,1860.0,-38.21533203125,-19.150349,4.137108
809,9.406976744186046,1857.0,-41.21533203125,-19.895359,1.343534
810,9.418604651162791,1867.0,-31.21533203125,-19.032885,-2.07324
811,9.430232558139535,1857.0,-41.21533203125,-16.92168,-5.916907
812,9.441860465116278,1860.0,-38.21533203125,-13.901295,-9.836299
813,9.453488372093023,1856.0,-42.21533203125,-10.288466,-13.426329
814,9.465116279069768,1866.0,-32.21533203125,-6.228531,-16.209719
815,9.476744186046512,1871.0,-27.21533203125,-1.922606,-17.780354
816,9.488372093023257,1877.0,-21.21533203125,2.45959,-17.824726
817,9.5,1872.0,-26.21533203125,6.59561,-16.144339
818,9.511627906976743,1882.0,-16.21533203125,10.168636,-12.704271
819,9.523255813953487,1879.0,-19.21533203125,12.764768,-7.692765
820,9.534883720930234,1887.0,-11.21533203125,14.145933,-1.535973
821,9.546511627906977,1882.0,-16.21533203125,14.192573,5.116845
822,9.55813953488372,1883.0,-15.21533203125,13.09709,11.543561
823,9.569767441860465,1895.0,-3.21533203125,11.199335,16.99584
824,9.581395348837209,1882.0,-16.21533203125,8.89712,20.921265
825,9.593023255813954,1884.0,-14.21533203125,6.537062,22.966686
826,9.604651162790699,1873.0,-25.21533203125,4.184258,23.041449
827,9.616279069767442,1872.0,-26.21533203125,1.764285,21.210533
828,9.627906976744185,1874.0,-24.21533203125,-1.020253,17.632845
829,9.63953488372093,1878.0,-20.21533203125,-4.307839,12.489107
830,9.651162790697674,1868.0,-30.21533203125,-8.061245,6.051935
831,9.662790697674419,1868.0,-30.21533203125,-11.819575,-1.27124
832,9.674418604651162,1863.0,-35.21533203125,-14.882729,-8.85111
833,9.686046511627907,1870.0,-28.21533203125,-16.43869,-15.848985
834,9.69767441860465,1858.0,-40.21533203125,-15.917397,-21.368412
835,9.709302325581394,1863.0,-35.21533203125,-13.188432,-24.62402
836,9.72093023255814,1859.0,-39.21533203125,-8.633085,-25.170479
837,9.732558139534884,1859.0,-39.21533203125,-3.112362,-23.045061
838,9.744186046511627,1869.0,-29.21533203125,2.422513,-18.703165
839,9.755813953488373,1863.0,-35.21533203125,7.033065,-12.936066
840,9.767441860465116,1867.0,-31.21533203125,10.215912,-6.578253
841,9.77906976744186,1852.0,-46.21533203125,11.796329,-0.337628
842,9.790697674418606,1869.0,-29.21533203125,12.01407,5.324358
843,9.80232558139535,1872.0,-26.21533203125,11.224716,10.153239
844,9.813953488372093,1878.0,-20.21533203125,9.821899,14.037536
845,9.825581395348838,1872.0,-26.21533203125,8.085742,16.853134
846,9.837209302325581,1881.0,-17.21533203125,6.202853,18.518715
847,9.848837209302326,1872.0,-26.21533203125,4.288829,18.909225
848,9.86046511627907,1863.0,-35.21533203125,2.35874,17.991924
849,9.872093023255815,1870.0,-28.21533203125,0.480534,15.845153
850,9.883720930232558,1866.0,-32.21533203125,-1.436478,12.64447
851,9.895348837209301,1871.0,-27.21533203125,-3.437194,8.617949
852,9.906976744186046,1851.0,-47.21533203125,-5.626582,4.012659
853,9.918604651162791,1854.0,-44.21533203125,-7.933839,-0.910127
854,9.930232558139535,1849.0,-49.21533203125,-10.14501,-5.901228
855,9.94186046511628,1858.0,-40.21533203125,-11.8345,-10.621591
856,9.953488372093023,1844.0,-54.21533203125,-12.467764,-14.663608
857,9.965116279069766,1850.0,-48.21533203125,-11.602333,-17.526779
858,9.976744186046512,1842.0,-56.21533203125,-9.033486,-18.78993
859,9.988372093023257,1854.0,-44.21533203125,-4.993119,-18.143904
860,10.0,1840.0,-58.21533203125,-0.059639,-15.646436
861,10.011627906976743,1846.0,-52.21533203125,4.900568,-11.632607
862,10.023255813953488,1839.0,-59.21533203125,9.088121,-6.718307
863,10.034883720930232,1851.0,-47.21533203125,11.915251,-1.55405
864,10.046511627906977,1851.0,-47.21533203125,13.138491,3.208722
865,10.058139534883722,1854.0,-44.21533203125,12.865918,7.153506
866,10.069767441860465,1857.0,-41.21533203125,11.387289,10.050601
867,10.081395348837209,1851.0,-47.21533203125,9.048605,11.805414
868,10.093023255813954,1857.0,-41.21533203125,6.131786,12.458937
869,10.104651162790699,1862.0,-36.21533203125,2.895853,12.106406
870,10.116279069767442,1856.0,-42.21533203125,-0.475069,10.912448
871,10.127906976744187,1858.0,-40.21533203125,-3.683151,9.129935
872,10.13953488372093,1861.0,-37.21533203125,-6.428661,7.096659
873,10.151162790697674,1860.0,-38.21533203125,-8.394615,5.130656
874,10.162790697674417,1862.0,-36.21533203125,-9.388646,3.462387
875,10.174418604651164,1869.0,-29.21533203125,-9.415087,2.094599
876,10.186046511627907,1853.0,-45.21533203125,-8.646437,0.821512
877,10.19767441860465,1859.0,-39.21533203125,-7.326283,-0.621228
878,10.209302325581396,1847.0,-51.21533203125,-5.694632,-2.54355
879,10.220930232558139,1846.0,-52.21533203125,-3.863982,-4.942199
880,10.232558139534882,1840.0,-58.21533203125,-1.836367,-7.592881
881,10.24418604651163,1844.0,-54.21533203125,0.397852,-9.956628
882,10.255813953488373,1839.0,-59.21533203125,2.772804,-11.491826
883,10.267441860465116,1845.0,-53.21533203125,5.048791,-11.758356
884,10.279069767441861,1834.0,-64.21533203125,6.865446,-10.685156
885,10.290697674418604,1845.0,-53.21533203125,7.873855,-8.482642
886,10.30232558139535,1840.0,-58.21533203125,7.860496,-5.660856
887,10.313953488372093,1838.0,-60.21533203125,6.874957,-2.743142
888,10.325581395348838,1840.0,-58.21533203125,5.220839,-0.089039
889,10.337209302325581,1839.0,-59.21533203125,3.335677,2.172766
890,10.348837209302324,1850.0,-48.21533203125,1.630912,4.176988
891,10.36046511627907,1842.0,-56.21533203125,0.333234,6.103431
892,10.372093023255815,1854.0,-44.21533203125,-0.525187,8.119194
893,10.383720930232558,1854.0,-44.21533203125,-1.109982,10.158688
894,10.395348837209303,1847.0,-51.21533203125,-1.616387,11.967276
895,10.406976744186046,1851.0,-47.21533203125,-2.166515,13.180373
896,10.41860465116279,1851.0,-47.21533203125,-2.775283,13.38557
897,10.430232558139537,1861.0,-37.21533203125,-3.359152,12.333336
898,10.44186046511628,1854.0,-44.21533203125,-3.837217,9.908439
899,10.453488372093023,1854.0,-44.21533203125,-4.16266,6.286954
900,10.465116279069766,1849.0,-49.21533203125,-4.350439,1.766189
901,10.476744186046512,1842.0,-56.21533203125,-4.425232,-3.154843
902,10.488372093023255,1834.0,-64.21533203125,-4.334448,-7.952757
903,10.5,1835.0,-63.21533203125,-3.973779,-12.089893
904,10.511627906976745,1824.0,-74.21533203125,-3.150408,-15.107551
905,10.523255813953488,1830.0,-68.21533203125,-1.723763,-16.674471
906,10.534883720930232,1822.0,-76.21533203125,0.303559,-16.645149
907,10.546511627906977,1823.0,-75.21533203125,2.719945,-15.086809
908,10.558139534883722,1830.0,-68.21533203125,5.117466,-12.235216
909,10.569767441860465,1824.0,-74.21533203125,7.003942,-8.493706
910,10.58139534883721,1834.0,-64.21533203125,7.959625,-4.292006
911,10.593023255813954,1826.0,-72.21533203125,7.77472,-0.06407
912,10.604651162790697,1841.0,-57.21533203125,6.510489,3.87399
913,10.61627906976744,1843.0,-55.21533203125,4.485443,7.302652
914,10.627906976744187,1853.0,-45.21533203125,2.161436,10.170558
915,10.63953488372093,1850.0,-48.21533203125,0.024796,12.499384
916,10.651162790697674,1861.0,-37.21533203125,-1.547595,14.369525
917,10.662790697674419,1862.0,-36.21533203125,-2.389144,15.797257
918,10.674418604651162,1867.0,-31.21533203125,-2.594373,16.637627
919,10.686046511627907,1866.0,-32.21533203125,-2.417513,16.625546
920,10.697674418604652,1862.0,-36.21533203125,-2.257626,15.338672
921,10.709302325581396,1862.0,-36.21533203125,-2.409053,12.46521
922,10.720930232558139,1854.0,-44.21533203125,-2.9878,7.896604
923,10.732558139534884,1855.0,-43.21533203125,-3.82704,1.939984
924,10.744186046511627,1840.0,-58.21533203125,-4.553948,-4.74265
925,10.755813953488373,1854.0,-44.21533203125,-4.703718,-11.190032
926,10.767441860465116,1835.0,-63.21533203125,-4.014951,-16.510204
927,10.779069767441861,1839.0,-59.21533203125,-2.504205,-20.0434
928,10.790697674418604,1830.0,-68.21533203125,-0.581963,-21.59922
929,10.802325581395348,1827.0,-71.21533203125,1.14187,-21.401125
930,10.813953488372093,1835.0,-63.21533203125,2.11386,-19.853489
931,10.825581395348838,1837.0,-61.21533203125,2.13,-17.325394
932,10.837209302325581,1843.0,-55.21533203125,1.466102,-13.876654
933,10.848837209302326,1840.0,-58.21533203125,0.779693,-9.34348
934,10.86046511627907,1862.0,-36.21533203125,0.809082,-3.462247
935,10.872093023255813,1858.0,-40.21533203125,1.955058,3.700159
936,10.88372093023256,1872.0,-26.21533203125,4.047153,11.634098
937,10.895348837209303,1869.0,-29.21533203125,6.336409,19.26841
938,10.906976744186046,1889.0,-9.21533203125,7.849754,25.348753
939,10.91860465116279,1890.0,-8.21533203125,7.769997,28.714418
940,10.930232558139535,1889.0,-9.21533203125,5.901621,28.807871
941,10.941860465116278,1884.0,-14.21533203125,2.72713,25.745726
942,10.953488372093023,1879.0,-19.21533203125,-0.7681,20.262054
943,10.965116279069768,1873.0,-25.21533203125,-3.571821,13.340193
944,10.976744186046512,1859.0,-39.21533203125,-5.067491,5.880632
945,10.988372093023255,1873.0,-25.21533203125,-5.252657,-1.498497
946,11.0,1855.0,-43.21533203125,-4.701057,-8.507492
947,11.011627906976745,1856.0,-42.21533203125,-4.156227,-14.940346
948,11.023255813953488,1839.0,-59.21533203125,-4.140652,-20.476227
949,11.034883720930234,1844.0,-54.21533203125,-4.685542,-24.583355
950,11.046511627906977,1834.0,-64.21533203125,-5.38315,-26.643919
951,11.05813953488372,1841.0,-57.21533203125,-5.643699,-26.217562
952,11.069767441860463,1837.0,-61.21533203125,-5.075603,-23.267868
953,11.08139534883721,1830.0,-68.21533203125,-3.646185,-18.256428
954,11.093023255813954,1842.0,-56.21533203125,-1.701922,-11.952004
955,11.104651162790697,1838.0,-60.21533203125,0.276985,-5.211809
956,11.116279069767442,1855.0,-43.21533203125,1.986843,1.397866
957,11.127906976744185,1848.0,-50.21533203125,3.429608,7.601111
958,11.13953488372093,1877.0,-21.21533203125,4.914683,13.436771
959,11.151162790697676,1869.0,-29.21533203125,6.710958,18.836233
960,11.162790697674419,1887.0,-11.21533203125,8.818717,23.488518
961,11.174418604651162,1883.0,-15.21533203125,10.779025,26.688831
962,11.186046511627907,1902.0,3.78466796875,11.839345,27.58604
963,11.19767441860465,1904.0,5.78466796875,11.265449,25.519817
964,11.209302325581396,1895.0,-3.21533203125,8.711377,20.377323
965,11.220930232558139,1897.0,-1.21533203125,4.496526,12.812972
966,11.232558139534884,1893.0,-5.21533203125,-0.51933,4.044991
967,11.244186046511627,1899.0,0.78466796875,-5.242856,-4.502336
968,11.25581395348837,1884.0,-14.21533203125,-8.79007,-11.665501
969,11.267441860465118,1883.0,-15.21533203125,-10.794311,-16.842892
970,11.279069767441861,1872.0,-26.21533203125,-11.459545,-20.057549
971,11.290697674418604,1881.0,-17.21533203125,-11.351462,-21.716379
972,11.30232558139535,1860.0,-38.21533203125,-11.010406,-22.244852
973,11.313953488372093,1870.0,-28.21533203125,-10.604806,-21.778374
974,11.325581395348836,1856.0,-42.21533203125,-9.905755,-20.097809
975,11.337209302325583,1857.0,-41.21533203125,-8.420673,-16.839563
976,11.348837209302326,1869.0,-29.21533203125,-5.707889,-11.733959
977,11.36046511627907,1862.0,-36.21533203125,-1.729469,-4.999732
978,11.372093023255815,1877.0,-21.21533203125,3.088757,2.66984
979,11.383720930232558,1872.0,-26.21533203125,7.957737,10.161613
980,11.395348837209301,1897.0,-1.21533203125,12.046384,16.368101
981,11.406976744186046,1882.0,-16.21533203125,14.733545,20.434586
982,11.418604651162791,1904.0,5.78466796875,15.816965,22.057606
983,11.430232558139535,1894.0,-4.21533203125,15.433469,21.445028
984,11.441860465116278,1911.0,12.78466796875,13.933243,19.164597
985,11.453488372093023,1911.0,12.78466796875,11.636627,15.885046
986,11.465116279069768,1920.0,21.78466796875,8.703376,12.104263
987,11.476744186046512,1918.0,19.78466796875,5.172995,8.095618
988,11.488372093023257,1917.0,18.78466796875,1.063697,3.843877
989,11.5,1929.0,30.78466796875,-3.437967,-0.638954
990,11.511627906976743,1908.0,9.78466796875,-8.027184,-5.398984
991,11.523255813953488,1919.0,20.78466796875,-12.19946,-10.198088
992,11.534883720930234,1892.0,-6.21533203125,-15.517557,-14.736652
993,11.546511627906977,1904.0,5.78466796875,-17.583027,-18.452038
994,11.55813953488372,1886.0,-12.21533203125,-18.225096,-20.831791
995,11.569767441860465,1886.0,-12.21533203125,-17.374722,-21.372932
996,11.581395348837209,1875.0,-23.21533203125,-15.049201,-19.740585
997,11.593023255813954,1875.0,-23.21533203125,-11.304908,-15.88632
998,11.604651162790699,1885.0,-13.21533203125,-6.271544,-10.07215
999,11.616279069767442,1882.0,-16.21533203125,-0.265764,-2.97114
1000,11.627906976744185,1893.0,-5.21533203125,6.143183,4.462628
1001,11.63953488372093,1882.0,-16.21533203125,12.127316,11.096081
1002,11.651162790697674,1904.0,5.78466796875,16.816589,15.958273
1003,11.662790697674419,1902.0,3.78466796875,19.457127,18.389004
1004,11.674418604651164,1916.0,17.78466796875,19.724125,18.316723
1005,11.686046511627907,1909.0,10.78466796875,17.805746,16.212368
1006,11.69767441860465,1922.0,23.78466796875,14.333097,12.92979
1007,11.709302325581394,1934.0,35.78466796875,10.158615,9.441129
1008,11.72093023255814,1931.0,32.78466796875,6.016634,6.458053
1009,11.732558139534884,1922.0,23.78466796875,2.347894,4.287438
1010,11.744186046511627,1926.0,27.78466796875,-0.778928,2.761732
1011,11.755813953488373,1923.0,24.78466796875,-3.564632,1.40835
1012,11.767441860465116,1915.0,16.78466796875,-6.283718,-0.347914
1013,11.77906976744186,1908.0,9.78466796875,-9.04988,-2.864775
1014,11.790697674418606,1917.0,18.78466796875,-11.76225,-6.189687
1015,11.80232558139535,1911.0,12.78466796875,-14.112967,-9.976658
1016,11.813953488372093,1905.0,6.78466796875,-15.710238,-13.609007
1017,11.825581395348838,1915.0,16.78466796875,-16.19875,-16.374426
1018,11.837209302325581,1904.0,5.78466796875,-15.377108,-17.62888
1019,11.848837209302326,1901.0,2.78466796875,-13.188052,-16.965094
1020,11.86046511627907,1905.0,6.78466796875,-9.694225,-14.225358
1021,11.872093023255815,1909.0,10.78466796875,-5.122903,-9.663849
1022,11.883720930232558,1909.0,10.78466796875,0.179038,-3.808702
1023,11.895348837209301,1904.0,5.78466796875,5.712357,2.543262
1024,11.906976744186046,1911.0,12.78466796875,10.855215,8.507156
1025,11.918604651162791,1918.0,19.78466796875,14.96093,13.280875
1026,11.930232558139535,1922.0,23.78466796875,17.495655,16.30254
1027,11.94186046511628,1920.0,21.78466796875,18.217871,17.404293
1028,11.953488372093023,1933.0,34.78466796875,17.2293,16.759623
1029,11.965116279069766,1929.0,30.78466796875,14.90893,14.812755
1030,11.976744186046512,1961.0,62.78466796875,11.796875,12.052287
1031,11.988372093023257,1943.0,44.78466796875,8.296475,8.82722
1032,12.0,1949.0,50.78466796875,4.64735,5.308588
1033,12.011627906976743,1951.0,52.78466796875,0.86922,1.566405
1034,12.023255813953488,1940.0,41.78466796875,-3.1318,-2.380214
1035,12.034883720930232,1937.0,38.78466796875,-7.308914,-6.29523
1036,12.046511627906977,1936.0,37.78466796875,-11.392302,-9.787469
1037,12.058139534883722,1936.0,37.78466796875,-14.861598,-12.340099
1038,12.069767441860465,1936.0,37.78466796875,-17.079342,-13.490284
1039,12.081395348837209,1933.0,34.78466796875,-17.562496,-13.072571
1040,12.093023255813954,1917.0,18.78466796875,-16.154652,-11.276546
1041,12.104651162790697,1920.0,21.78466796875,-13.137975,-8.627527
1042,12.116279069767442,1922.0,23.78466796875,-9.133817,-5.765662
1043,12.127906976744187,1920.0,21.78466796875,-4.909397,-3.273022
1044,12.13953488372093,1915.0,16.78466796875,-1.080602,-1.401198
1045,12.151162790697674,1913.0,14.78466796875,2.052467,-0.078349
1046,12.162790697674417,1913.0,14.78466796875,4.582939,1.05982
1047,12.174418604651164,1911.0,12.78466796875,6.85111,2.421189
1048,12.186046511627907,1910.0,11.78466796875,9.238283,4.289625
1049,12.19767441860465,1919.0,20.78466796875,11.917768,6.649178
1050,12.209302325581396,1916.0,17.78466796875,14.67275,9.14328
1051,12.220930232558139,1925.0,26.78466796875,16.940784,11.212177
1052,12.232558139534882,1934.0,35.78466796875,17.929466,12.230545
1053,12.24418604651163,1920.0,21.78466796875,16.917656,11.743274
1054,12.255813953488373,1932.0,33.78466796875,13.549911,9.623716
1055,12.267441860465116,1927.0,28.78466796875,8.041761,6.153395
1056,12.279069767441861,1927.0,28.78466796875,1.153921,1.942125
1057,12.290697674418604,1936.0,37.78466796875,-5.94698,-2.199055
1058,12.30232558139535,1923.0,24.78466796875,-12.082474,-5.546812
1059,12.313953488372093,1936.0,37.78466796875,-16.346058,-7.642329
1060,12.325581395348838,1926.0,27.78466796875,-18.38518,-8.461639
1061,12.337209302325581,1935.0,36.78466796875,-18.37389,-8.332844
1062,12.348837209302324,1919.0,20.78466796875,-16.864878,-7.788936
1063,12.36046511627907,1924.0,25.78466796875,-14.452499,-7.275709
1064,12.372093023255815,1909.0,10.78466796875,-11.506152,-6.902082
1065,12.383720930232558,1913.0,14.78466796875,-8.08588,-6.421065
1066,12.395348837209303,1911.0,12.78466796875,-4.051133,-5.349216
1067,12.406976744186046,1905.0,6.78466796875,0.648871,-3.291493
1068,12.41860465116279,1904.0,5.78466796875,5.793261,-0.197795
1069,12.430232558139537,1909.0,10.78466796875,10.755039,3.464854
1070,12.44186046511628,1905.0,6.78466796875,14.644716,6.801268
1071,12.453488372093023,1904.0,5.78466796875,16.644054,8.846575
1072,12.465116279069766,1904.0,5.78466796875,16.339746,8.970864
1073,12.476744186046512,1908.0,9.78466796875,13.921732,7.169567
1074,12.488372093023255,1917.0,18.78466796875,10.094712,4.106347
1075,12.5,1911.0,12.78466796875,5.857548,0.861996
1076,12.511627906976745,1917.0,18.78466796875,2.093525,-1.471801
1077,12.523255813953488,1927.0,28.78466796875,-0.676484,-2.242296
1078,12.534883720930232,1919.0,20.78466796875,-2.439665,-1.455712
1079,12.546511627906977,1922.0,23.78466796875,-3.474154,0.327796
1080,12.558139534883722,1926.0,27.78466796875,-4.191647,2.231606
1081,12.569767441860465,1925.0,26.78466796875,-4.88261,3.43608
1082,12.58139534883721,1919.0,20.78466796875,-5.648877,3.485658
1083,12.593023255813954,1926.0,27.78466796875,-6.445628,2.361808
1084,12.604651162790697,1925.0,26.78466796875,-7.172598,0.417108
1085,12.61627906976744,1925.0,26.78466796875,-7.775651,-1.840119
1086,12.627906976744187,1920.0,21.78466796875,-8.186378,-3.908354
1087,12.63953488372093,1925.0,26.78466796875,-8.308076,-5.445758
1088,12.651162790697674,1909.0,10.78466796875,-7.893951,-6.26081
1089,12.662790697674419,1922.0,23.78466796875,-6.622441,-6.300413
1090,12.674418604651162,1906.0,7.78466796875,-4.241993,-5.626281
1091,12.686046511627906,1921.0,22.78466796875,-0.745975,-4.356453
1092,12.697674418604652,1917.0,18.78466796875,3.47911,-2.673562
1093,12.709302325581396,1911.0,12.78466796875,7.698091,-0.814755
1094,12.720930232558139,1921.0,22.78466796875,11.017447,0.975251
1095,12.732558139534884,1919.0,20.78466796875,12.684878,2.451466
1096,12.744186046511627,1926.0,27.78466796875,12.373909,3.495898
1097,12.755813953488373,1923.0,24.78466796875,10.304853,4.075556
1098,12.767441860465116,1931.0,32.78466796875,7.134324,4.272455
1099,12.779069767441861,1925.0,26.78466796875,3.713722,4.212209
1100,12.790697674418604,1932.0,33.78466796875,0.79176,4.030533
1101,12.802325581395348,1927.0,28.78466796875,-1.187859,3.840419
1102,12.813953488372093,1938.0,39.78466796875,-2.204068,3.664444
1103,12.825581395348838,1936.0,37.78466796875,-2.541757,3.452122
1104,12.837209302325581,1941.0,42.78466796875,-2.654238,3.069152
1105,12.848837209302326,1936.0,37.78466796875,-2.971995,2.347988
1106,12.86046511627907,1946.0,47.78466796875,-3.709099,1.159163
1107,12.872093023255813,1938.0,39.78466796875,-4.884768,-0.544626
1108,12.88372093023256,1943.0,44.78466796875,-6.223511,-2.601639
1109,12.895348837209303,1941.0,42.78466796875,-7.331058,-4.665359
1110,12.906976744186046,1937.0,38.78466796875,-7.720551,-6.241467
1111,12.918604651162791,1945.0,46.78466796875,-7.0736,-6.898117
1112,12.930232558139535,1943.0,44.78466796875,-5.308915,-6.434033
1113,12.941860465116278,1947.0,48.78466796875,-2.716405,-5.034644
1114,12.953488372093023,1942.0,43.78466796875,0.148009,-3.207956
1115,12.965116279069768,1934.0,35.78466796875,2.612528,-1.646233
1116,12.976744186046512,1939.0,40.78466796875,4.18015,-0.826074
1117,12.988372093023255,1937.0,38.78466796875,4.692061,-0.851153
1118,13.0,1946.0,47.78466796875,4.418756,-1.305879
1119,13.011627906976745,1946.0,47.78466796875,3.942135,-1.475385
1120,13.023255813953488,1955.0,56.78466796875,3.819353,-0.667315
1121,13.034883720930234,1951.0,52.78466796875,4.351128,1.412116
1122,13.046511627906977,1958.0,59.78466796875,5.346599,4.45807
1123,13.05813953488372,1955.0,56.78466796875,6.260639,7.651576
1124,13.069767441860465,1962.0,63.78466796875,6.410405,10.003391
1125,13.08139534883721,1952.0,53.78466796875,5.339008,10.734877
1126,13.093023255813954,1955.0,56.78466796875,3.061255,9.628704
1127,13.104651162790697,1964.0,65.78466796875,0.065461,7.036861
1128,13.116279069767442,1967.0,68.78466796875,-2.893251,3.699712
1129,13.127906976744185,1966.0,67.78466796875,-5.153673,0.359452
1130,13.13953488372093,1974.0,75.78466796875,-6.372647,-2.501416
1131,13.151162790697676,1968.0,69.78466796875,-6.693793,-4.808962
1132,13.162790697674419,1970.0,71.78466796875,-6.487264,-6.723132
1133,13.174418604651162,1968.0,69.78466796875,-6.167165,-8.418114
1134,13.186046511627907,1967.0,68.78466796875,-5.882606,-9.852223
1135,13.19767441860465,1970.0,71.78466796875,-5.498812,-10.746315
1136,13.209302325581396,1971.0,72.78466796875,-4.684104,-10.693748
1137,13.22093023255814,1970.0,71.78466796875,-3.155679,-9.393813
1138,13.232558139534884,1973.0,74.78466796875,-0.916216,-6.85741
1139,13.244186046511627,1970.0,71.78466796875,1.659013,-3.478191
1140,13.25581395348837,1974.0,75.78466796875,3.996242,0.155617
1141,13.267441860465116,1975.0,76.78466796875,5.547662,3.453232
1142,13.279069767441861,1984.0,85.78466796875,6.049849,6.074346
1143,13.290697674418604,1983.0,84.78466796875,5.608526,7.918713
1144,13.30232558139535,1978.0,79.78466796875,4.670949,9.152414
1145,13.313953488372093,1975.0,76.78466796875,3.764524,9.943636
1146,13.325581395348836,1968.0,69.78466796875,3.227229,10.345617
1147,13.337209302325583,1981.0,82.78466796875,3.104142,10.228626
1148,13.348837209302326,1968.0,69.78466796875,3.060719,9.305547
1149,13.36046511627907,1970.0,71.78466796875,2.641278,7.32448
1150,13.372093023255815,1970.0,71.78466796875,1.484235,4.231593
1151,13.383720930232558,1972.0,73.78466796875,-0.456908,0.286883
1152,13.395348837209301,1968.0,69.78466796875,-2.855446,-3.995745
1153,13.406976744186046,1979.0,80.78466796875,-5.107147,-7.943788
1154,13.418604651162791,1978.0,79.78466796875,-6.573739,-10.945769
1155,13.430232558139535,1968.0,69.78466796875,-6.826575,-12.560568
1156,13.441860465116278,1974.0,75.78466796875,-5.813645,-12.658628
1157,13.453488372093023,1975.0,76.78466796875,-3.934061,-11.404438
1158,13.465116279069768,1990.0,91.78466796875,-1.821037,-9.187501
1159,13.476744186046512,1987.0,88.78466796875,-0.172039,-6.494501
1160,13.488372093023257,1989.0,90.78466796875,0.65916,-3.680442
1161,13.5,1983.0,84.78466796875,0.670927,-0.990095
1162,13.511627906976743,2000.0,101.78466796875,0.275162,1.536671
1163,13.523255813953488,1991.0,92.78466796875,0.015084,3.92815
1164,13.534883720930234,2000.0,101.78466796875,0.320271,6.18571
1165,13.546511627906977,1998.0,99.78466796875,1.250699,8.149288
1166,13.55813953488372,1997.0,98.78466796875,2.482713,9.556398
1167,13.569767441860465,2000.0,101.78466796875,3.470507,10.074013
1168,13.581395348837209,1985.0,86.78466796875,3.726591,9.500673
1169,13.593023255813954,1997.0,98.78466796875,3.141328,7.916289
1170,13.604651162790699,1971.0,72.78466796875,1.965825,5.619715
1171,13.616279069767442,1985.0,86.78466796875,0.805021,3.143249
1172,13.627906976744185,1969.0,70.78466796875,0.182691,0.926589
1173,13.63953488372093,1968.0,69.78466796875,0.300826,-0.828154
1174,13.651162790697674,1968.0,69.78466796875,0.855111,-2.27863
1175,13.662790697674419,1966.0,67.78466796875,1.18718,-3.806664
1176,13.674418604651164,1977.0,78.78466796875,0.660392,-5.749468
1177,13.686046511627907,1965.0,66.78466796875,-0.983343,-8.118735
1178,13.69767441860465,1987.0,88.78466796875,-3.349638,-10.453629
1179,13.709302325581394,1972.0,73.78466796875,-5.56731,-11.939878
1180,13.72093023255814,1984.0,85.78466796875,-6.620752,-11.748202
1181,13.732558139534884,1985.0,86.78466796875,-5.892799,-9.426801
1182,13.744186046511627,1997.0,98.78466796875,-3.454738,-5.209967
1183,13.755813953488373,1995.0,96.78466796875,-0.153488,-0.022887
1184,13.767441860465116,2001.0,102.78466796875,2.839769,4.854107
1185,13.77906976744186,2003.0,104.78466796875,4.493075,8.238241
1186,13.790697674418606,2002.0,103.78466796875,4.387791,9.489074
1187,13.80232558139535,2000.0,101.78466796875,2.896132,8.710881
1188,13.813953488372093,1997.0,98.78466796875,0.907019,6.624607
1189,13.825581395348838,2007.0,108.78466796875,-0.556295,4.233727
1190,13.837209302325581,1996.0,97.78466796875,-0.902378,2.383883
1191,13.848837209302324,1997.0,98.78466796875,-0.111773,1.485015
1192,13.86046511627907,1982.0,83.78466796875,1.22499,1.449252
1193,13.872093023255815,1989.0,90.78466796875,2.336695,1.852299
1194,13.883720930232558,1968.0,69.78466796875,2.543581,2.125472
1195,13.895348837209301,1974.0,75.78466796875,1.645014,1.894261
1196,13.906976744186046,1959.0,60.78466796875,-0.133801,0.957379
1197,13.918604651162791,1974.0,75.78466796875,-2.241955,-0.610107
1198,13.930232558139535,1967.0,68.78466796875,-4.114798,-2.652659
1199,13.94186046511628,1963.0,64.78466796875,-5.297294,-4.834021
1200,13.953488372093023,1971.0,72.78466796875,-5.548283,-6.802197
1201,13.965116279069766,1980.0,81.78466796875,-4.819453,-8.110643
1202,13.976744186046512,1981.0,82.78466796875,-3.201364,-8.399801
1203,13.988372093023257,1968.0,69.78466796875,-0.897196,-7.40795
1204,14.0,1981.0,82.78466796875,1.801495,-5.154366
1205,14.011627906976743,1975.0,76.78466796875,4.404927,-2.031167
1206,14.023255813953488,1987.0,88.78466796875,6.37007,1.275434
1207,14.034883720930232,1987.0,88.78466796875,7.218823,4.013857
1208,14.046511627906977,1975.0,76.78466796875,6.716346,5.602024
1209,14.058139534883722,1987.0,88.78466796875,5.048328,5.892763
1210,14.069767441860465,1973.0,74.78466796875,2.723937,5.19443
1211,14.081395348837209,1984.0,85.78466796875,0.439536,4.098577
1212,14.093023255813954,1967.0,68.78466796875,-1.292666,3.185608
1213,14.104651162790697,1968.0,69.78466796875,-2.266233,2.776951
1214,14.116279069767442,1946.0,47.78466796875,-2.703012,2.804739
1215,14.127906976744187,1954.0,55.78466796875,-3.013271,2.90293
1216,14.13953488372093,1945.0,46.78466796875,-3.604846,2.604268
1217,14.151162790697674,1949.0,50.78466796875,-4.556807,1.654117
1218,14.162790697674417,1947.0,48.78466796875,-5.645531,0.054619
1219,14.174418604651164,1949.0,50.78466796875,-6.382709,-1.875375
1220,14.186046511627907,1954.0,55.78466796875,-6.36298,-3.752002
1221,14.19767441860465,1947.0,48.78466796875,-5.418155,-5.241782
1222,14.209302325581396,1955.0,56.78466796875,-3.699999,-6.185392
1223,14.220930232558139,1947.0,48.78466796875,-1.602563,-6.600055
1224,14.232558139534882,1965.0,66.78466796875,0.545907,-6.491662
1225,14.24418604651163,1954.0,55.78466796875,2.558707,-5.835452
1226,14.255813953488373,1952.0,53.78466796875,4.508161,-4.508969
1227,14.267441860465116,1958.0,59.78466796875,6.518314,-2.434416
1228,14.279069767441861,1950.0,51.78466796875,8.560174,0.264491
1229,14.290697674418604,1957.0,58.78466796875,10.307381,3.196449
1230,14.30232558139535,1937.0,38.78466796875,11.170723,5.731555
1231,14.313953488372093,1957.0,58.78466796875,10.573764,7.254031
1232,14.325581395348838,1935.0,36.78466796875,8.197345,7.372845
1233,14.337209302325581,1947.0,48.78466796875,4.271824,6.139984
1234,14.348837209302324,1907.0,8.78466796875,-0.518483,4.001335
1235,14.36046511627907,1925.0,26.78466796875,-5.16612,1.682121
1236,14.372093023255815,1915.0,16.78466796875,-8.799309,-0.145007
1237,14.383720930232558,1922.0,23.78466796875,-10.933513,-1.111501
1238,14.395348837209303,1919.0,20.78466796875,-11.584222,-1.203728
1239,14.406976744186046,1917.0,18.78466796875,-11.123096,-0.716345
1240,14.41860465116279,1920.0,21.78466796875,-10.018399,-0.069058
1241,14.430232558139535,1915.0,16.78466796875,-8.56951,0.386514
1242,14.44186046511628,1933.0,34.78466796875,-6.807685,0.441262
1243,14.453488372093023,1924.0,25.78466796875,-4.62403,0.004545
1244,14.465116279069768,1938.0,39.78466796875,-1.914861,-0.910121
1245,14.476744186046512,1936.0,37.78466796875,1.17451,-2.295188
1246,14.488372093023255,1941.0,42.78466796875,4.292177,-4.045164
1247,14.5,1940.0,41.78466796875,6.961688,-5.920626
1248,14.511627906976745,1947.0,48.78466796875,8.84139,-7.459052
1249,14.523255813953488,1952.0,53.78466796875,9.837188,-8.092076
1250,14.534883720930232,1936.0,37.78466796875,10.125343,-7.312286
1251,14.546511627906977,1939.0,40.78466796875,9.995488,-4.928067
1252,14.55813953488372,1936.0,37.78466796875,9.600215,-1.25015
1253,14.569767441860465,1943.0,44.78466796875,8.800004,2.892901
1254,14.58139534883721,1936.0,37.78466796875,7.205521,6.434498
1255,14.593023255813954,1933.0,34.78466796875,4.400444,8.430468
1256,14.604651162790697,1936.0,37.78466796875,0.270899,8.499477
1257,14.616279069767442,1938.0,39.78466796875,-4.774512,6.923788
1258,14.627906976744187,1936.0,37.78466796875,-9.824286,4.593435
1259,14.63953488372093,1936.0,37.78466796875,-13.738535,2.536783
1260,14.651162790697674,1934.0,35.78466796875,-15.554199,1.518974
1261,14.662790697674419,1931.0,32.78466796875,-14.894855,1.656847
1262,14.674418604651162,1931.0,32.78466796875,-12.099223,2.428443
1263,14.686046511627906,1931.0,32.78466796875,-8.087571,2.934899
1264,14.697674418604652,1931.0,32.78466796875,-3.970127,2.357913
1265,14.709302325581396,1937.0,38.78466796875,-0.591294,0.39611
1266,14.720930232558139,1934.0,35.78466796875,1.748464,-2.609708
1267,14.732558139534884,1931.0,32.78466796875,3.326101,-5.787047
1268,14.744186046511627,1936.0,37.78466796875,4.754632,-8.134254
1269,14.755813953488373,1939.0,40.78466796875,6.563272,-8.935604
1270,14.767441860465118,1940.0,41.78466796875,8.885677,-8.06238
1271,14.779069767441861,1936.0,37.78466796875,11.319392,-5.966996
1272,14.790697674418604,1938.0,39.78466796875,13.092408,-3.417882
1273,14.802325581395348,1938.0,39.78466796875,13.356162,-1.204128
1274,14.813953488372093,1936.0,37.78466796875,11.5541,0.195329
1275,14.825581395348838,1937.0,38.78466796875,7.681747,0.68678
1276,14.837209302325581,1933.0,34.78466796875,2.295603,0.547728
1277,14.848837209302326,1935.0,36.78466796875,-3.592271,0.219558
1278,14.86046511627907,1925.0,26.78466796875,-8.894269,0.115677
1279,14.872093023255813,1933.0,34.78466796875,-12.680006,0.494666
1280,14.88372093023256,1926.0,27.78466796875,-14.450891,1.428866
1281,14.895348837209303,1931.0,32.78466796875,-14.161969,2.844729
1282,14.906976744186046,1925.0,26.78466796875,-12.211681,4.524155
1283,14.918604651162791,1923.0,24.78466796875,-9.216445,6.175159
1284,14.930232558139535,1936.0,37.78466796875,-5.837524,7.399735
1285,14.941860465116278,1934.0,35.78466796875,-2.647228,7.772217
1286,14.953488372093023,1943.0,44.78466796875,0.064478,6.952613
1287,14.965116279069768,1939.0,40.78466796875,2.256377,4.845734
1288,14.976744186046512,1946.0,47.78466796875,4.136919,1.728498
1289,14.988372093023255,1940.0,41.78466796875,5.941798,-1.793286
1290,15.0,1951.0,52.78466796875,7.820836,-4.926971
1291,15.011627906976745,1950.0,51.78466796875,9.633618,-7.011748
1292,15.023255813953488,1958.0,59.78466796875,11.021315,-7.719772
1293,15.034883720930234,1950.0,51.78466796875,11.421488,-7.24769
1294,15.046511627906977,1947.0,48.78466796875,10.370637,-6.127536
1295,15.05813953488372,1942.0,43.78466796875,7.689734,-5.020785
1296,15.069767441860465,1937.0,38.78466796875,3.640052,-4.359179
1297,15.08139534883721,1948.0,49.78466796875,-1.074552,-4.150198
1298,15.093023255813954,1923.0,24.78466796875,-5.599509,-4.054717
1299,15.104651162790697,1937.0,38.78466796875,-9.053092,-3.484847
1300,15.116279069767442,1926.0,27.78466796875,-10.993314,-2.098945
1301,15.127906976744185,1930.0,31.78466796875,-11.355527,0.096816
1302,15.139534883720929,1918.0,19.78466796875,-10.507368,2.658314
1303,15.151162790697676,1934.0,35.78466796875,-8.931836,4.948583
1304,15.162790697674419,1904.0,5.78466796875,-7.062297,6.408
1305,15.174418604651162,1913.0,14.78466796875,-5.027323,6.893039
1306,15.186046511627907,1904.0,5.78466796875,-2.737943,6.628448
1307,15.19767441860465,1904.0,5.78466796875,-0.068338,6.076552
1308,15.209302325581396,1906.0,7.78466796875,2.990173,5.599775
1309,15.22093023255814,1900.0,1.78466796875,6.09417,5.228196
1310,15.232558139534884,1905.0,6.78466796875,8.676706,4.589103
1311,15.244186046511627,1915.0,16.78466796875,10.090451,3.186388
1312,15.25581395348837,1920.0,21.78466796875,9.913717,0.627882
1313,15.267441860465116,1905.0,6.78466796875,8.128042,-2.954767
1314,15.279069767441861,1919.0,20.78466796875,5.2272,-6.900401
1315,15.290697674418604,1921.0,22.78466796875,1.984088,-10.184125
1316,15.30232558139535,1909.0,10.78466796875,-0.806253,-11.854236
1317,15.313953488372093,1907.0,8.78466796875,-2.590231,-11.378388
1318,15.325581395348836,1904.0,5.78466796875,-3.25413,-8.884789
1319,15.337209302325583,1907.0,8.78466796875,-3.059843,-5.120278
1320,15.348837209302326,1904.0,5.78466796875,-2.534682,-1.087702
1321,15.36046511627907,1904.0,5.78466796875,-2.174656,2.280749
1322,15.372093023255815,1901.0,2.78466796875,-2.302218,4.506747
1323,15.383720930232558,1899.0,0.78466796875,-2.909254,5.601845
1324,15.395348837209301,1902.0,3.78466796875,-3.773529,5.922597
1325,15.406976744186046,1898.0,-0.21533203125,-4.524523,5.89576
1326,15.418604651162791,1891.0,-7.21533203125,-4.849377,5.762528
1327,15.430232558139535,1900.0,1.78466796875,-4.521526,5.544153
1328,15.441860465116278,1902.0,3.78466796875,-3.532866,5.003233
1329,15.453488372093023,1891.0,-7.21533203125,-2.049724,3.913296
1330,15.465116279069768,1899.0,0.78466796875,-0.304675,2.177109
1331,15.476744186046512,1898.0,-0.21533203125,1.438573,-0.001069
1332,15.488372093023257,1907.0,8.78466796875,2.983431,-2.301032
1333,15.5,1907.0,8.78466796875,4.181002,-4.310933
1334,15.511627906976743,1911.0,12.78466796875,5.02069,-5.77636
1335,15.523255813953488,1905.0,6.78466796875,5.521666,-6.574631
1336,15.534883720930234,1919.0,20.78466796875,5.752671,-6.740073
1337,15.546511627906977,1922.0,23.78466796875,5.707654,-6.335787
1338,15.55813953488372,1917.0,18.78466796875,5.278741,-5.427361
1339,15.569767441860465,1922.0,23.78466796875,4.358568,-3.975963
1340,15.581395348837209,1917.0,18.78466796875,2.819283,-1.956209
1341,15.593023255813954,1919.0,20.78466796875,0.706852,0.564956
1342,15.604651162790699,1909.0,10.78466796875,-1.794886,3.331329
1343,15.616279069767442,1904.0,5.78466796875,-4.292487,5.872969
1344,15.627906976744185,1904.0,5.78466796875,-6.360868,7.654685
1345,15.63953488372093,1904.0,5.78466796875,-7.620004,8.192293
1346,15.651162790697674,1904.0,5.78466796875,-7.910002,7.29968
1347,15.662790697674417,1903.0,4.78466796875,-7.300489,5.132283
1348,15.674418604651162,1897.0,-1.21533203125,-6.050649,2.236619
1349,15.686046511627906,1895.0,-3.21533203125,-4.45788,-0.657332
1350,15.697674418604652,1892.0,-6.21533203125,-2.724081,-2.838063
1351,15.709302325581396,1887.0,-11.21533203125,-0.924087,-3.848441
1352,15.72093023255814,1894.0,-4.21533203125,0.997215,-3.644193
1353,15.732558139534884,1891.0,-7.21533203125,3.02113,-2.573979
1354,15.744186046511627,1899.0,0.78466796875,5.030896,-1.276242
1355,15.755813953488373,1894.0,-4.21533203125,6.675971,-0.404863
1356,15.767441860465116,1905.0,6.78466796875,7.529492,-0.470518
1357,15.77906976744186,1904.0,5.78466796875,7.257423,-1.572046
1358,15.790697674418604,1915.0,16.78466796875,5.817924,-3.430158
1359,15.802325581395348,1906.0,7.78466796875,3.566929,-5.41007
1360,15.813953488372091,1918.0,19.78466796875,1.152275,-6.771861
1361,15.82558139534884,1911.0,12.78466796875,-0.6773,-6.869395
1362,15.837209302325583,1922.0,23.78466796875,-1.43442,-5.378533
1363,15.848837209302326,1922.0,23.78466796875,-1.056944,-2.429456
1364,15.86046511627907,1914.0,15.78466796875,-0.065548,1.392667
1365,15.872093023255815,1909.0,10.78466796875,0.7646,5.21376
1366,15.883720930232558,1906.0,7.78466796875,0.638271,8.184955
1367,15.895348837209301,1913.0,14.78466796875,-0.855477,9.614453
1368,15.906976744186046,1904.0,5.78466796875,-3.576754,9.264183
1369,15.91860465116279,1904.0,5.78466796875,-6.802625,7.365585
1370,15.930232558139533,1905.0,6.78466796875,-9.476244,4.581208
1371,15.941860465116278,1904.0,5.78466796875,-10.609912,1.765119
1372,15.953488372093025,1904.0,5.78466796875,-9.590999,-0.311216
1373,15.965116279069768,1904.0,5.78466796875,-6.481044,-1.235183
1374,15.976744186046513,1904.0,5.78466796875,-1.95065,-1.106921
1375,15.988372093023257,1902.0,3.78466796875,2.898223,-0.453335
1376,16.0,1905.0,6.78466796875,6.922094,-0.082265
1377,16.011627906976745,1906.0,7.78466796875,9.271597,-0.675014
1378,16.023255813953487,1910.0,11.78466796875,9.65991,-2.546406
1379,16.03488372093023,1911.0,12.78466796875,8.400974,-5.392323
1380,16.046511627906977,1908.0,9.78466796875,6.202637,-8.462194
1381,16.05813953488372,1909.0,10.78466796875,3.918216,-10.748133
1382,16.069767441860463,1917.0,18.78466796875,2.197087,-11.391232
1383,16.081395348837212,1917.0,18.78466796875,1.28991,-10.011721
1384,16.093023255813954,1914.0,15.78466796875,1.006625,-6.815703
1385,16.1046511627907,1911.0,12.78466796875,0.881919,-2.557042
1386,16.116279069767444,1917.0,18.78466796875,0.444244,1.887637
1387,16.127906976744185,1917.0,18.78466796875,-0.566177,5.714926
1388,16.13953488372093,1915.0,16.78466796875,-2.07979,8.543619
1389,16.151162790697676,1922.0,23.78466796875,-3.747188,10.341614
1390,16.162790697674417,1914.0,15.78466796875,-5.156629,11.293239
1391,16.174418604651162,1912.0,13.78466796875,-6.013634,11.547022
1392,16.186046511627907,1915.0,16.78466796875,-6.268792,11.033817
1393,16.19767441860465,1917.0,18.78466796875,-6.086577,9.541148
1394,16.209302325581397,1909.0,10.78466796875,-5.68763,6.838402
1395,16.220930232558143,1913.0,14.78466796875,-5.127241,3.049496
1396,16.232558139534884,1906.0,7.78466796875,-4.261711,-1.351073
1397,16.24418604651163,1904.0,5.78466796875,-2.802533,-5.505441
1398,16.25581395348837,1904.0,5.78466796875,-0.532701,-8.593033
1399,16.267441860465116,1910.0,11.78466796875,2.460841,-10.093394
1400,16.27906976744186,1901.0,2.78466796875,5.673147,-10.109575
1401,16.290697674418603,1903.0,4.78466796875,8.323028,-9.244908
1402,16.302325581395348,1903.0,4.78466796875,9.642235,-8.305752
1403,16.313953488372093,1907.0,8.78466796875,9.232238,-7.861005
1404,16.325581395348834,1901.0,2.78466796875,7.26088,-7.881027
1405,16.337209302325583,1899.0,0.78466796875,4.447341,-7.760092
1406,16.348837209302328,1897.0,-1.21533203125,1.735118,-6.576911
1407,16.36046511627907,1906.0,7.78466796875,-0.095697,-3.641291
1408,16.372093023255815,1900.0,1.78466796875,-0.818565,1.075916
1409,16.38372093023256,1894.0,-4.21533203125,-0.760479,6.828578
1410,16.3953488372093,1904.0,5.78466796875,-0.63155,12.307885
1411,16.406976744186046,1902.0,3.78466796875,-1.130194,16.159744
1412,16.41860465116279,1907.0,8.78466796875,-2.56609,17.464262
1413,16.430232558139533,1904.0,5.78466796875,-4.717255,16.087749
1414,16.441860465116278,1907.0,8.78466796875,-6.895123,12.580606
1415,16.453488372093023,1904.0,5.78466796875,-8.328623,7.903141
1416,16.46511627906977,1896.0,-2.21533203125,-8.477702,2.960524
1417,16.476744186046513,1904.0,5.78466796875,-7.265482,-1.636268
1418,16.48837209302326,1901.0,2.78466796875,-5.052236,-5.672979
1419,16.5,1894.0,-4.21533203125,-2.423605,-9.122911
1420,16.511627906976745,1886.0,-12.21533203125,0.130022,-11.913036
1421,16.52325581395349,1895.0,-3.21533203125,2.365111,-13.79276
1422,16.53488372093023,1879.0,-19.21533203125,4.267521,-14.412058
1423,16.546511627906977,1879.0,-19.21533203125,5.920404,-13.523706
1424,16.558139534883722,1875.0,-23.21533203125,7.289865,-11.194345
1425,16.569767441860463,1882.0,-16.21533203125,8.155563,-7.869606
1426,16.58139534883721,1879.0,-19.21533203125,8.154325,-4.214795
1427,16.59302325581395,1872.0,-26.21533203125,7.052292,-0.825681
1428,16.6046511627907,1872.0,-26.21533203125,4.859922,2.005291
1429,16.616279069767444,1873.0,-25.21533203125,1.994516,4.396869
1430,16.627906976744185,1872.0,-26.21533203125,-0.90102,6.712157
1431,16.63953488372093,1877.0,-21.21533203125,-3.1516,9.260958
1432,16.651162790697676,1877.0,-21.21533203125,-4.380352,11.980427
1433,16.662790697674417,1874.0,-24.21533203125,-4.556527,14.411023
1434,16.674418604651162,1878.0,-20.21533203125,-4.055945,15.737195
1435,16.686046511627907,1873.0,-25.21533203125,-3.369897,15.221916
1436,16.69767441860465,1872.0,-26.21533203125,-2.88817,12.47612
1437,16.709302325581394,1881.0,-17.21533203125,-2.714909,7.73833
1438,16.72093023255814,1872.0,-26.21533203125,-2.686758,1.746315
1439,16.732558139534884,1873.0,-25.21533203125,-2.499647,-4.452202
1440,16.74418604651163,1857.0,-41.21533203125,-1.932142,-9.896328
1441,16.755813953488374,1866.0,-32.21533203125,-0.940148,-13.873759
1442,16.767441860465116,1858.0,-40.21533203125,0.267407,-16.129112
1443,16.77906976744186,1861.0,-37.21533203125,1.342294,-16.72625
1444,16.790697674418606,1853.0,-45.21533203125,1.99676,-15.911807
1445,16.802325581395348,1857.0,-41.21533203125,2.140241,-13.913633
1446,16.813953488372093,1856.0,-42.21533203125,1.858999,-10.956304
1447,16.825581395348838,1854.0,-44.21533203125,1.383148,-7.235608
1448,16.83720930232558,1857.0,-41.21533203125,0.952493,-2.971186
1449,16.848837209302324,1856.0,-42.21533203125,0.716102,1.539465
1450,16.86046511627907,1863.0,-35.21533203125,0.696766,5.968043
1451,16.872093023255815,1861.0,-37.21533203125,0.816321,9.950787
1452,16.88372093023256,1869.0,-29.21533203125,0.982275,13.202816
1453,16.8953488372093,1866.0,-32.21533203125,1.11191,15.453038
1454,16.906976744186046,1866.0,-32.21533203125,1.179069,16.512667
1455,16.91860465116279,1867.0,-31.21533203125,1.164754,16.19397
1456,16.930232558139533,1865.0,-33.21533203125,1.017313,14.353681
1457,16.941860465116278,1867.0,-31.21533203125,0.695062,10.9769
1458,16.953488372093023,1863.0,-35.21533203125,0.18157,6.262294
1459,16.965116279069765,1864.0,-34.21533203125,-0.478508,0.674372
1460,16.97674418604651,1859.0,-39.21533203125,-1.131821,-5.086011
1461,16.98837209302326,1859.0,-39.21533203125,-1.572051,-10.192929
1462,17.0,1869.0,-29.21533203125,-1.610033,-13.931759
1463,17.011627906976745,1864.0,-34.21533203125,-1.218526,-15.857155
1464,17.02325581395349,1865.0,-33.21533203125,-0.53234,-15.888834
1465,17.03488372093023,1861.0,-37.21533203125,0.131824,-14.280581
1466,17.046511627906977,1867.0,-31.21533203125,0.453764,-11.490957
1467,17.058139534883722,1871.0,-27.21533203125,0.214127,-7.993467
1468,17.069767441860463,1863.0,-35.21533203125,-0.603286,-4.221439
1469,17.08139534883721,1870.0,-28.21533203125,-1.73724,-0.436453
1470,17.093023255813954,1862.0,-36.21533203125,-2.800778,3.136058
1471,17.104651162790695,1866.0,-32.21533203125,-3.368437,6.318844
1472,17.116279069767444,1860.0,-38.21533203125,-3.190501,8.878871
1473,17.12790697674419,1870.0,-28.21533203125,-2.234758,10.557605
1474,17.13953488372093,1859.0,-39.21533203125,-0.715344,11.167102
1475,17.151162790697676,1867.0,-31.21533203125,1.051866,10.653025
1476,17.16279069767442,1857.0,-41.21533203125,2.718076,9.160357
1477,17.174418604651162,1861.0,-37.21533203125,4.048065,6.967702
1478,17.186046511627907,1855.0,-43.21533203125,4.903045,4.450212
1479,17.19767441860465,1857.0,-41.21533203125,5.253503,1.934147
1480,17.209302325581394,1847.0,-51.21533203125,5.096993,-0.38039
1481,17.22093023255814,1855.0,-43.21533203125,4.445431,-2.395785
1482,17.23255813953488,1853.0,-45.21533203125,3.312976,-4.128329
1483,17.24418604651163,1850.0,-48.21533203125,1.750942,-5.560084
1484,17.255813953488374,1869.0,-29.21533203125,-0.071255,-6.638103
1485,17.267441860465116,1867.0,-31.21533203125,-1.944832,-7.234983
1486,17.27906976744186,1861.0,-37.21533203125,-3.580387,-7.228646
1487,17.290697674418606,1860.0,-38.21533203125,-4.733557,-6.517044
1488,17.302325581395348,1872.0,-26.21533203125,-5.253092,-5.151424
1489,17.313953488372093,1869.0,-29.21533203125,-5.198997,-3.335017
1490,17.325581395348838,1872.0,-26.21533203125,-4.717393,-1.349806
1491,17.33720930232558,1866.0,-32.21533203125,-4.029552,0.49343
1492,17.348837209302324,1860.0,-38.21533203125,-3.26255,2.004436
1493,17.36046511627907,1868.0,-30.21533203125,-2.407171,3.123243
1494,17.372093023255815,1862.0,-36.21533203125,-1.370995,3.903601
1495,17.38372093023256,1857.0,-41.21533203125,-0.025731,4.402571
1496,17.395348837209305,1851.0,-47.21533203125,1.658593,4.678886
1497,17.406976744186046,1857.0,-41.21533203125,3.562887,4.69319
1498,17.41860465116279,1850.0,-48.21533203125,5.351341,4.354035
1499,17.430232558139537,1843.0,-55.21533203125,6.613506,3.566653
1500,17.441860465116278,1855.0,-43.21533203125,7.012136,2.359972
1501,17.453488372093023,1844.0,-54.21533203125,6.373079,0.876691
1502,17.46511627906977,1856.0,-42.21533203125,4.815386,-0.61485
1503,17.47674418604651,1853.0,-45.21533203125,2.652124,-1.830702
1504,17.488372093023255,1863.0,-35.21533203125,0.317895,-2.59357
1505,17.5,1863.0,-35.21533203125,-1.818262,-2.877365
1506,17.511627906976745,1873.0,-25.21533203125,-3.512899,-2.832256
1507,17.52325581395349,1872.0,-26.21533203125,-4.702224,-2.647307
1508,17.53488372093023,1872.0,-26.21533203125,-5.408403,-2.485199
1509,17.546511627906977,1885.0,-13.21533203125,-5.6518,-2.321178
1510,17.558139534883722,1878.0,-20.21533203125,-5.425771,-2.027191
1511,17.569767441860463,1881.0,-17.21533203125,-4.65097,-1.398985
1512,17.58139534883721,1867.0,-31.21533203125,-3.272458,-0.318871
1513,17.593023255813954,1872.0,-26.21533203125,-1.326296,1.118785
1514,17.604651162790695,1859.0,-39.21533203125,0.94703,2.592961
1515,17.61627906976744,1869.0,-29.21533203125,3.170732,3.626721
1516,17.62790697674419,1849.0,-49.21533203125,4.882261,3.802787
1517,17.63953488372093,1844.0,-54.21533203125,5.730357,2.920539
1518,17.651162790697676,1841.0,-57.21533203125,5.544887,1.144325
1519,17.66279069767442,1846.0,-52.21533203125,4.420402,-1.077375
1520,17.674418604651162,1840.0,-58.21533203125,2.627243,-3.142371
1521,17.686046511627907,1843.0,-55.21533203125,0.557792,-4.47463
1522,17.697674418604652,1843.0,-55.21533203125,-1.400916,-4.713569
1523,17.709302325581394,1840.0,-58.21533203125,-2.935788,-3.779207
1524,17.72093023255814,1844.0,-54.21533203125,-3.857514,-1.893381
1525,17.732558139534884,1841.0,-57.21533203125,-4.084539,0.568509
1526,17.744186046511626,1861.0,-37.21533203125,-3.629606,3.103294
1527,17.755813953488374,1856.0,-42.21533203125,-2.635223,5.251726
1528,17.76744186046512,1872.0,-26.21533203125,-1.302813,6.606145
1529,17.77906976744186,1861.0,-37.21533203125,0.085765,6.876629
1530,17.790697674418606,1869.0,-29.21533203125,1.261011,5.944652
1531,17.802325581395348,1871.0,-27.21533203125,2.026434,3.897891
1532,17.813953488372093,1870.0,-28.21533203125,2.340538,1.064525
1533,17.825581395348838,1871.0,-27.21533203125,2.350955,-2.024313
1534,17.83720930232558,1855.0,-43.21533203125,2.293082,-4.727863
1535,17.848837209302324,1862.0,-36.21533203125,2.410952,-6.47969
1536,17.86046511627907,1854.0,-44.21533203125,2.747927,-6.97046
1537,17.87209302325581,1853.0,-45.21533203125,3.140809,-6.225096
1538,17.883720930232556,1846.0,-52.21533203125,3.209113,-4.628926
1539,17.895348837209305,1849.0,-49.21533203125,2.535153,-2.758275
1540,17.906976744186046,1848.0,-50.21533203125,0.888646,-1.181981
1541,17.91860465116279,1859.0,-39.21533203125,-1.6214,-0.209247
1542,17.930232558139537,1858.0,-40.21533203125,-4.521498,0.131778
1543,17.941860465116278,1859.0,-39.21533203125,-7.097245,0.154479
1544,17.953488372093023,1855.0,-43.21533203125,-8.632938,0.295997
1545,17.96511627906977,1851.0,-47.21533203125,-8.666285,0.940984
1546,17.97674418604651,1857.0,-41.21533203125,-7.156836,2.222846
1547,17.988372093023255,1849.0,-49.21533203125,-4.470055,3.96728
1548,18.0,1856.0,-42.21533203125,-1.209509,5.766089
1549,18.01162790697674,1847.0,-51.21533203125,1.970095,7.064039
1550,18.02325581395349,1852.0,-46.21533203125,4.597344,7.398318
1551,18.034883720930235,1856.0,-42.21533203125,6.489609,6.554428
1552,18.046511627906977,1857.0,-41.21533203125,7.667833,4.609482
1553,18.058139534883722,1852.0,-46.21533203125,8.275456,1.922447
1554,18.069767441860467,1861.0,-37.21533203125,8.429894,-0.956659
1555,18.08139534883721,1857.0,-41.21533203125,8.127605,-3.484153
1556,18.093023255813954,1854.0,-44.21533203125,7.257323,-5.240528
1557,18.104651162790695,1852.0,-46.21533203125,5.667375,-6.075853
1558,18.11627906976744,1843.0,-55.21533203125,3.287449,-6.09182
1559,18.127906976744185,1859.0,-39.21533203125,0.242778,-5.564108
1560,18.139534883720927,1840.0,-58.21533203125,-3.196366,-4.86831
1561,18.151162790697676,1847.0,-51.21533203125,-6.566329,-4.223744
1562,18.16279069767442,1833.0,-65.21533203125,-9.401484,-3.721794
1563,18.174418604651162,1838.0,-60.21533203125,-11.29341,-3.22805
1564,18.186046511627907,1824.0,-74.21533203125,-12.009122,-2.545251
1565,18.197674418604652,1829.0,-69.21533203125,-11.482704,-1.454741
1566,18.209302325581394,1818.0,-80.21533203125,-9.831749,0.06801
1567,18.22093023255814,1823.0,-75.21533203125,-7.223853,1.939747
1568,18.232558139534884,1823.0,-75.21533203125,-3.900614,3.889761
1569,18.244186046511626,1807.0,-91.21533203125,-0.1067,5.62095
1570,18.25581395348837,1821.0,-77.21533203125,3.887055,6.882098
1571,18.267441860465116,1816.0,-82.21533203125,7.7432,7.527896
1572,18.27906976744186,1823.0,-75.21533203125,11.050284,7.513592
1573,18.290697674418606,1826.0,-72.21533203125,13.357666,6.866988
1574,18.30232558139535,1834.0,-64.21533203125,14.25266,5.613074
1575,18.313953488372093,1826.0,-72.21533203125,13.493809,3.796858
1576,18.325581395348838,1840.0,-58.21533203125,11.143208,1.543604
1577,18.337209302325583,1842.0,-56.21533203125,7.542511,-0.93608
1578,18.348837209302324,1840.0,-58.21533203125,3.282582,-3.308925
1579,18.36046511627907,1840.0,-58.21533203125,-0.970815,-5.189229
1580,18.372093023255815,1840.0,-58.21533203125,-4.648687,-6.258811
1581,18.383720930232556,1842.0,-56.21533203125,-7.4395,-6.408915
1582,18.3953488372093,1837.0,-61.21533203125,-9.298868,-5.785537
1583,18.406976744186046,1839.0,-59.21533203125,-10.374252,-4.743443
1584,18.41860465116279,1830.0,-68.21533203125,-10.863997,-3.716896
1585,18.430232558139537,1833.0,-65.21533203125,-10.844226,-3.002678
1586,18.441860465116278,1829.0,-69.21533203125,-10.246725,-2.667082
1587,18.453488372093023,1834.0,-64.21533203125,-8.8712,-2.499496
1588,18.46511627906977,1819.0,-79.21533203125,-6.560936,-2.162319
1589,18.47674418604651,1831.0,-67.21533203125,-3.276723,-1.316333
1590,18.488372093023255,1815.0,-83.21533203125,0.728483,0.135916
1591,18.5,1818.0,-80.21533203125,4.996683,2.062762
1592,18.51162790697674,1811.0,-87.21533203125,8.927192,4.120913
1593,18.523255813953487,1816.0,-82.21533203125,11.914117,5.894107
1594,18.534883720930235,1815.0,-83.21533203125,13.465532,7.007411
1595,18.546511627906977,1822.0,-76.21533203125,13.295393,7.276019
1596,18.558139534883722,1822.0,-76.21533203125,11.369309,6.671855
1597,18.569767441860467,1825.0,-73.21533203125,7.939377,5.371307
1598,18.58139534883721,1826.0,-72.21533203125,3.501018,3.583781
1599,18.593023255813954,1836.0,-62.21533203125,-1.196972,1.645923
1600,18.6046511627907,1832.0,-66.21533203125,-5.319963,-0.178535
1601,18.61627906976744,1825.0,-73.21533203125,-8.062755,-1.57777
1602,18.627906976744185,1831.0,-67.21533203125,-8.900883,-2.359972
1603,18.63953488372093,1830.0,-68.21533203125,-7.764968,-2.479038
1604,18.651162790697672,1840.0,-58.21533203125,-5.142332,-2.11269
1605,18.66279069767442,1840.0,-58.21533203125,-1.939979,-1.614487
1606,18.674418604651166,1840.0,-58.21533203125,0.772869,-1.395965
1607,18.686046511627907,1840.0,-58.21533203125,2.160369,-1.776697
1608,18.697674418604652,1842.0,-56.21533203125,1.889855,-2.800964
1609,18.709302325581397,1840.0,-58.21533203125,0.257867,-4.19691
1610,18.72093023255814,1837.0,-61.21533203125,-1.976268,-5.451029
1611,18.732558139534884,1838.0,-60.21533203125,-3.86989,-5.990906
1612,18.744186046511626,1825.0,-73.21533203125,-4.70588,-5.459117
1613,18.75581395348837,1824.0,-74.21533203125,-4.225525,-3.830858
1614,18.767441860465116,1821.0,-77.21533203125,-2.650599,-1.441995
1615,18.779069767441857,1820.0,-78.21533203125,-0.546309,1.164111
1616,18.790697674418606,1821.0,-77.21533203125,1.460069,3.396477
1617,18.80232558139535,1820.0,-78.21533203125,2.933842,4.886992
1618,18.813953488372093,1827.0,-71.21533203125,3.788878,5.54087
1619,18.825581395348838,1822.0,-76.21533203125,4.181114,5.512713
1620,18.837209302325583,1822.0,-76.21533203125,4.394635,5.076731
1621,18.848837209302324,1828.0,-70.21533203125,4.631173,4.480844
1622,18.86046511627907,1840.0,-58.21533203125,4.900261,3.873548
1623,18.872093023255815,1843.0,-55.21533203125,5.051048,3.304805
1624,18.883720930232556,1843.0,-55.21533203125,4.856921,2.772454
1625,18.8953488372093,1847.0,-51.21533203125,4.148725,2.264134
1626,18.906976744186046,1869.0,-29.21533203125,2.886425,1.793954
1627,18.91860465116279,1856.0,-42.21533203125,1.149689,1.29645
1628,18.930232558139537,1872.0,-26.21533203125,-0.852326,0.727426
1629,18.94186046511628,1863.0,-35.21533203125,-2.933248,-0.089876
1630,18.953488372093023,1872.0,-26.21533203125,-4.858469,-1.245073
1631,18.96511627906977,1872.0,-26.21533203125,-6.469527,-2.786758
1632,18.976744186046513,1857.0,-41.21533203125,-7.598845,-4.566212
1633,18.988372093023255,1864.0,-34.21533203125,-8.082579,-6.257921
1634,19.0,1854.0,-44.21533203125,-7.800027,-7.446698
1635,19.011627906976745,1859.0,-39.21533203125,-6.693929,-7.751362
1636,19.023255813953487,1843.0,-55.21533203125,-4.829479,-6.974075
1637,19.03488372093023,1847.0,-51.21533203125,-2.381057,-5.146873
1638,19.046511627906973,1837.0,-61.21533203125,0.331115,-2.589318
1639,19.058139534883722,1840.0,-58.21533203125,2.967104,0.256363
1640,19.069767441860467,1840.0,-58.21533203125,5.157454,2.865323
1641,19.08139534883721,1833.0,-65.21533203125,6.620751,4.800417
1642,19.093023255813954,1840.0,-58.21533203125,7.194195,5.786502
1643,19.1046511627907,1841.0,-57.21533203125,6.893752,5.784653
1644,19.11627906976744,1870.0,-28.21533203125,5.903168,5.003681
1645,19.127906976744185,1853.0,-45.21533203125,4.533323,3.809014
1646,19.13953488372093,1873.0,-25.21533203125,3.185883,2.720758
1647,19.151162790697672,1859.0,-39.21533203125,2.167868,2.124806
1648,19.162790697674417,1883.0,-15.21533203125,1.65935,2.272202
1649,19.174418604651162,1872.0,-26.21533203125,1.550674,3.01662
1650,19.186046511627907,1890.0,-8.21533203125,1.526127,3.934698
1651,19.197674418604652,1887.0,-11.21533203125,1.128394,4.347874
1652,19.209302325581397,1893.0,-5.21533203125,0.007937,3.696528
1653,19.22093023255814,1886.0,-12.21533203125,-1.923337,1.728757
1654,19.232558139534884,1886.0,-12.21533203125,-4.344199,-1.264713
1655,19.24418604651163,1887.0,-11.21533203125,-6.636294,-4.531676
1656,19.25581395348837,1871.0,-27.21533203125,-8.05561,-7.098106
1657,19.267441860465116,1878.0,-20.21533203125,-8.058058,-8.155906
1658,19.27906976744186,1862.0,-36.21533203125,-6.544259,-7.403311
1659,19.290697674418603,1872.0,-26.21533203125,-3.94088,-5.218065
1660,19.302325581395348,1857.0,-41.21533203125,-1.082645,-2.530375
1661,19.313953488372096,1867.0,-31.21533203125,1.152384,-0.386123
1662,19.325581395348838,1858.0,-40.21533203125,2.129591,0.423721
1663,19.337209302325583,1857.0,-41.21533203125,1.774408,-0.239401
1664,19.348837209302324,1862.0,-36.21533203125,0.540319,-1.845775
1665,19.36046511627907,1859.0,-39.21533203125,-0.740654,-3.396133
1666,19.372093023255815,1872.0,-26.21533203125,-1.215921,-3.869137
1667,19.383720930232556,1875.0,-23.21533203125,-0.366561,-2.659152
1668,19.3953488372093,1890.0,-8.21533203125,1.803789,0.18612
1669,19.406976744186046,1890.0,-8.21533203125,4.766138,3.991738
1670,19.418604651162788,1907.0,8.78466796875,7.689803,7.718899
1671,19.430232558139533,1907.0,8.78466796875,9.724145,10.388371
1672,19.44186046511628,1908.0,9.78466796875,10.284635,11.377669
1673,19.453488372093023,1909.0,10.78466796875,9.208758,10.604408
1674,19.46511627906977,1904.0,5.78466796875,6.743497,8.433719
1675,19.476744186046513,1905.0,6.78466796875,3.426276,5.479647
1676,19.488372093023255,1904.0,5.78466796875,-0.095745,2.339583
1677,19.5,1911.0,12.78466796875,-3.273636,-0.600233
1678,19.511627906976745,1899.0,0.78466796875,-5.760544,-3.187763
1679,19.523255813953487,1904.0,5.78466796875,-7.448894,-5.431483
1680,19.53488372093023,1899.0,0.78466796875,-8.445123,-7.379647
1681,19.546511627906977,1895.0,-3.21533203125,-8.955651,-8.99352
1682,19.55813953488372,1888.0,-10.21533203125,-9.177367,-10.109798
1683,19.569767441860467,1889.0,-9.21533203125,-9.196753,-10.502628
1684,19.581395348837212,1893.0,-5.21533203125,-8.911,-9.961299
1685,19.593023255813954,1885.0,-13.21533203125,-8.086164,-8.41041
1686,19.6046511627907,1889.0,-9.21533203125,-6.425379,-5.940207
1687,19.616279069767444,1891.0,-7.21533203125,-3.747763,-2.833899
1688,19.627906976744185,1891.0,-7.21533203125,-0.150418,0.500346
1689,19.63953488372093,1897.0,-1.21533203125,4.004678,3.68118
1690,19.651162790697676,1904.0,5.78466796875,8.063068,6.342485
1691,19.662790697674417,1900.0,1.78466796875,11.336818,8.303507
1692,19.674418604651162,1904.0,5.78466796875,13.297064,9.510498
1693,19.686046511627904,1902.0,3.78466796875,13.775128,10.070599
1694,19.697674418604652,1904.0,5.78466796875,12.948679,10.099392
1695,19.709302325581397,1909.0,10.78466796875,11.245769,9.726781
1696,19.72093023255814,1907.0,8.78466796875,9.05834,8.912551
1697,19.732558139534884,1910.0,11.78466796875,6.593443,7.562194
1698,19.74418604651163,1907.0,8.78466796875,3.791618,5.491982
1699,19.75581395348837,1911.0,12.78466796875,0.428015,2.606171
1700,19.767441860465116,1903.0,4.78466796875,-3.592681,-1.009414
1701,19.77906976744186,1907.0,8.78466796875,-8.033371,-5.003461
1702,19.790697674418603,1901.0,2.78466796875,-12.259991,-8.835374
1703,19.802325581395348,1913.0,14.78466796875,-15.387936,-11.85535
1704,19.813953488372093,1894.0,-4.21533203125,-16.648949,-13.568953
1705,19.825581395348838,1898.0,-0.21533203125,-15.703685,-13.747986
1706,19.837209302325583,1888.0,-10.21533203125,-12.828675,-12.528141
1707,19.848837209302328,1899.0,0.78466796875,-8.796138,-10.288258
1708,19.86046511627907,1890.0,-8.21533203125,-4.590988,-7.496011
1709,19.872093023255815,1887.0,-11.21533203125,-0.944028,-4.482537
1710,19.88372093023256,1891.0,-7.21533203125,1.922975,-1.329512
1711,19.8953488372093,1881.0,-17.21533203125,4.285685,2.05287
1712,19.906976744186046,1894.0,-4.21533203125,6.660753,5.774367
1713,19.91860465116279,1893.0,-5.21533203125,9.372646,9.696877
1714,19.930232558139533,1891.0,-7.21533203125,12.261983,13.328119
1715,19.941860465116278,1897.0,-1.21533203125,14.689967,15.929939
1716,19.953488372093023,1904.0,5.78466796875,15.779425,16.743631
1717,19.96511627906977,1898.0,-0.21533203125,14.880241,15.363872
1718,19.976744186046513,1903.0,4.78466796875,11.906045,11.94078
1719,19.988372093023255,1897.0,-1.21533203125,7.463367,7.23368
1720,20.0,1899.0,0.78466796875,2.564567,2.284647
1721,20.011627906976745,1893.0,-5.21533203125,-1.796671,-1.962279
1722,20.023255813953487,1898.0,-0.21533203125,-5.080688,-5.05699
1723,20.03488372093023,1902.0,3.78466796875,-7.366317,-7.153221
1724,20.046511627906977,1899.0,0.78466796875,-9.192746,-8.858615
1725,20.05813953488372,1891.0,-7.21533203125,-11.107342,-10.764891
1726,20.069767441860463,1892.0,-6.21533203125,-13.237842,-13.041291
1727,20.081395348837212,1887.0,-11.21533203125,-15.101571,-15.192827
1728,20.093023255813954,1890.0,-8.21533203125,-15.756878,-16.234241
1729,20.1046511627907,1890.0,-8.21533203125,-14.254808,-15.084634
1730,20.116279069767444,1887.0,-11.21533203125,-10.184341,-11.189207
1731,20.127906976744185,1891.0,-7.21533203125,-3.995372,-4.863836
1732,20.13953488372093,1887.0,-11.21533203125,3.065874,2.708272
1733,20.151162790697676,1888.0,-10.21533203125,9.376866,9.819989
1734,20.162790697674417,1885.0,-13.21533203125,13.555323,14.917143
1735,20.174418604651162,1888.0,-10.21533203125,14.954979,17.114525
1736,20.186046511627907,1885.0,-13.21533203125,13.837231,16.480797
1737,20.19767441860465,1895.0,-3.21533203125,11.183626,13.887007
1738,20.209302325581397,1882.0,-16.21533203125,8.184919,10.526884
1739,20.220930232558143,1887.0,-11.21533203125,5.774339,7.407076
1740,20.232558139534884,1887.0,-11.21533203125,4.258046,4.944927
1741,20.24418604651163,1885.0,-13.21533203125,3.344553,2.970738
1742,20.255813953488374,1891.0,-7.21533203125,2.391423,0.951057
1743,20.267441860465116,1887.0,-11.21533203125,0.808779,-1.566584
1744,20.27906976744186,1885.0,-13.21533203125,-1.610478,-4.655758
1745,20.290697674418603,1906.0,7.78466796875,-4.575424,-7.876751
1746,20.302325581395348,1893.0,-5.21533203125,-7.474304,-10.562321
1747,20.313953488372093,1893.0,-5.21533203125,-9.580958,-12.004599
1748,20.325581395348834,1894.0,-4.21533203125,-10.360909,-11.841347
1749,20.33720930232558,1886.0,-12.21533203125,-9.674646,-10.166031
1750,20.348837209302328,1882.0,-16.21533203125,-7.76588,-7.434156
1751,20.36046511627907,1874.0,-24.21533203125,-5.150959,-4.270802
1752,20.372093023255815,1883.0,-15.21533203125,-2.397546,-1.194574
1753,20.38372093023256,1883.0,-15.21533203125,0.002964,1.469656
1754,20.3953488372093,1885.0,-13.21533203125,1.771235,3.622746
1755,20.406976744186046,1879.0,-19.21533203125,2.847096,5.266574
1756,20.41860465116279,1882.0,-16.21533203125,3.40796,6.469109
1757,20.430232558139533,1881.0,-17.21533203125,3.666047,7.153789
1758,20.441860465116278,1888.0,-10.21533203125,3.863703,7.271841
1759,20.453488372093023,1878.0,-20.21533203125,4.097767,6.737507
1760,20.465116279069765,1889.0,-9.21533203125,4.380224,5.631442
1761,20.476744186046513,1883.0,-15.21533203125,4.592575,4.145725
1762,20.48837209302326,1891.0,-7.21533203125,4.572868,2.576579
1763,20.5,1879.0,-19.21533203125,4.211021,1.216096
1764,20.511627906976745,1890.0,-8.21533203125,3.511553,0.276995
1765,20.52325581395349,1881.0,-17.21533203125,2.578109,-0.215359
1766,20.53488372093023,1889.0,-9.21533203125,1.552187,-0.415611
1767,20.546511627906977,1887.0,-11.21533203125,0.531394,-0.597098
1768,20.558139534883722,1898.0,-0.21533203125,-0.497725,-1.061646
1769,20.569767441860463,1888.0,-10.21533203125,-1.652806,-2.017953
1770,20.58139534883721,1887.0,-11.21533203125,-3.021948,-3.460008
1771,20.59302325581395,1874.0,-24.21533203125,-4.592139,-5.157112
1772,20.6046511627907,1876.0,-22.21533203125,-6.106424,-6.661129
1773,20.616279069767444,1883.0,-15.21533203125,-7.161224,-7.488584
1774,20.627906976744185,1878.0,-20.21533203125,-7.284515,-7.201306
1775,20.63953488372093,1879.0,-19.21533203125,-6.232561,-5.688191
1776,20.651162790697676,1882.0,-16.21533203125,-4.058578,-3.105477
1777,20.662790697674417,1873.0,-25.21533203125,-1.241138,0.006837
1778,20.674418604651162,1879.0,-19.21533203125,1.593282,3.061764
1779,20.686046511627907,1875.0,-23.21533203125,3.785022,5.432302
1780,20.69767441860465,1890.0,-8.21533203125,4.995217,6.833748
1781,20.709302325581394,1884.0,-14.21533203125,5.208956,7.186112
1782,20.72093023255814,1893.0,-5.21533203125,4.759342,6.750701
1783,20.732558139534884,1882.0,-16.21533203125,4.050559,5.839369
1784,20.74418604651163,1890.0,-8.21533203125,3.411604,4.767961
1785,20.755813953488374,1895.0,-3.21533203125,2.935618,3.701823
1786,20.767441860465116,1895.0,-3.21533203125,2.47483,2.645803
1787,20.77906976744186,1898.0,-0.21533203125,1.849139,1.543086
1788,20.790697674418606,1902.0,3.78466796875,0.932246,0.29798
1789,20.802325581395348,1901.0,2.78466796875,-0.193542,-1.095055
1790,20.813953488372093,1904.0,5.78466796875,-1.329218,-2.628065
1791,20.825581395348838,1904.0,5.78466796875,-2.219703,-4.186828
1792,20.83720930232558,1901.0,2.78466796875,-2.71964,-5.636424
1793,20.848837209302324,1895.0,-3.21533203125,-2.825057,-6.760176
1794,20.860465116279073,1895.0,-3.21533203125,-2.620986,-7.288589
1795,20.872093023255815,1893.0,-5.21533203125,-2.237294,-6.944837
1796,20.88372093023256,1907.0,8.78466796875,-1.732662,-5.551459
1797,20.8953488372093,1903.0,4.78466796875,-1.168823,-3.184411
1798,20.906976744186046,1905.0,6.78466796875,-0.591351,-0.250221
1799,20.91860465116279,1908.0,9.78466796875,-0.145533,2.568793
1800,20.930232558139533,1907.0,8.78466796875,-0.012358,4.550773
1801,20.941860465116278,1919.0,20.78466796875,-0.327121,5.195611
1802,20.953488372093023,1910.0,11.78466796875,-1.063286,4.48939
1803,20.965116279069765,1919.0,20.78466796875,-1.896725,2.999264
1804,20.97674418604651,1906.0,7.78466796875,-2.33574,1.61265
1805,20.98837209302326,1914.0,15.78466796875,-1.855682,1.206425
1806,21.0,1915.0,16.78466796875,-0.232579,2.16864
1807,21.011627906976745,1910.0,11.78466796875,2.313513,4.219717
1808,21.02325581395349,1907.0,8.78466796875,5.083734,6.450469
1809,21.03488372093023,1906.0,7.78466796875,7.166719,7.738825
1810,21.046511627906977,1909.0,10.78466796875,7.773267,7.218124
1811,21.058139534883722,1904.0,5.78466796875,6.567677,4.654027
1812,21.069767441860463,1904.0,5.78466796875,3.823149,0.55699
1813,21.08139534883721,1904.0,5.78466796875,0.316682,-4.044638
1814,21.093023255813954,1909.0,10.78466796875,-2.961494,-8.001523
1815,21.104651162790695,1904.0,5.78466796875,-5.213725,-10.522655
1816,21.116279069767444,1904.0,5.78466796875,-6.048925,-11.286427
1817,21.12790697674419,1907.0,8.78466796875,-5.571086,-10.516255
1818,21.13953488372093,1906.0,7.78466796875,-4.260816,-8.697823
1819,21.151162790697676,1904.0,5.78466796875,-2.720459,-6.364819
1820,21.16279069767442,1907.0,8.78466796875,-1.436773,-3.851124
1821,21.174418604651162,1906.0,7.78466796875,-0.678504,-1.373433
1822,21.186046511627907,1913.0,14.78466796875,-0.439789,1.008267
1823,21.19767441860465,1914.0,15.78466796875,-0.543468,3.187686
1824,21.209302325581394,1918.0,19.78466796875,-0.717168,5.070773
1825,21.22093023255814,1911.0,12.78466796875,-0.693974,6.55647
1826,21.23255813953488,1918.0,19.78466796875,-0.270218,7.628481
1827,21.24418604651163,1917.0,18.78466796875,0.626977,8.346331
1828,21.255813953488374,1916.0,17.78466796875,1.913312,8.771234
1829,21.267441860465116,1920.0,21.78466796875,3.364955,8.899025
1830,21.27906976744186,1921.0,22.78466796875,4.620281,8.574289
1831,21.290697674418606,1923.0,24.78466796875,5.313703,7.547153
1832,21.302325581395348,1923.0,24.78466796875,5.15653,5.554671
1833,21.313953488372093,1920.0,21.78466796875,4.097124,2.574133
1834,21.325581395348838,1921.0,22.78466796875,2.29055,-1.182276
1835,21.33720930232558,1920.0,21.78466796875,0.106276,-5.194581
1836,21.348837209302324,1922.0,23.78466796875,-2.028634,-8.863282
1837,21.36046511627907,1920.0,21.78466796875,-3.716097,-11.62846
1838,21.372093023255815,1925.0,26.78466796875,-4.719583,-13.142757
1839,21.38372093023256,1923.0,24.78466796875,-4.995313,-13.309632
1840,21.395348837209305,1926.0,27.78466796875,-4.625593,-12.174834
1841,21.406976744186046,1933.0,34.78466796875,-3.809514,-9.904638
1842,21.41860465116279,1934.0,35.78466796875,-2.757766,-6.680466
1843,21.430232558139537,1935.0,36.78466796875,-1.675037,-2.76078
1844,21.441860465116278,1934.0,35.78466796875,-0.732615,1.45172
1845,21.453488372093023,1937.0,38.78466796875,-0.016465,5.436399
1846,21.46511627906977,1951.0,52.78466796875,0.510972,8.628359
1847,21.47674418604651,1951.0,52.78466796875,0.968942,10.575998
1848,21.488372093023255,1958.0,59.78466796875,1.579645,11.160281
1849,21.5,1952.0,53.78466796875,2.503197,10.61937
1850,21.511627906976745,1957.0,58.78466796875,3.75812,9.481482
1851,21.52325581395349,1953.0,54.78466796875,5.07341,8.242236
1852,21.53488372093023,1941.0,42.78466796875,5.952672,7.150036
1853,21.546511627906977,1954.0,55.78466796875,5.858117,6.074357
1854,21.558139534883722,1942.0,43.78466796875,4.399636,4.522375
1855,21.569767441860463,1952.0,53.78466796875,1.625773,2.000656
1856,21.58139534883721,1936.0,37.78466796875,-1.940168,-1.708897
1857,21.593023255813954,1942.0,43.78466796875,-5.386231,-6.266729
1858,21.604651162790695,1945.0,46.78466796875,-7.761813,-10.852999
1859,21.61627906976744,1943.0,44.78466796875,-8.430351,-14.426599
1860,21.627906976744185,1938.0,39.78466796875,-7.315342,-16.10899
1861,21.63953488372093,1939.0,40.78466796875,-4.88637,-15.491385
1862,21.651162790697676,1951.0,52.78466796875,-1.95771,-12.721278
1863,21.66279069767442,1951.0,52.78466796875,0.655945,-8.420889
1864,21.674418604651162,1950.0,51.78466796875,2.454722,-3.37531
1865,21.686046511627907,1951.0,52.78466796875,3.381704,1.684453
1866,21.697674418604652,1959.0,60.78466796875,3.697414,6.241042
1867,21.709302325581394,1962.0,63.78466796875,3.762174,9.959423
1868,21.72093023255814,1968.0,69.78466796875,3.759574,12.587619
1869,21.732558139534884,1965.0,66.78466796875,3.634818,13.884513
1870,21.744186046511626,1966.0,67.78466796875,3.184068,13.678819
1871,21.75581395348837,1968.0,69.78466796875,2.238159,11.936872
1872,21.76744186046512,1968.0,69.78466796875,0.86218,8.896269
1873,21.77906976744186,1973.0,74.78466796875,-0.620989,5.056765
1874,21.790697674418606,1969.0,70.78466796875,-1.786527,1.042325
1875,21.80232558139535,1965.0,66.78466796875,-2.268557,-2.531745
1876,21.813953488372093,1973.0,74.78466796875,-2.03428,-5.336894
1877,21.825581395348838,1975.0,76.78466796875,-1.405461,-7.345797
1878,21.83720930232558,1972.0,73.78466796875,-0.888159,-8.735629
1879,21.848837209302324,1970.0,71.78466796875,-0.911564,-9.676563
1880,21.86046511627907,1970.0,71.78466796875,-1.573793,-10.172335
1881,21.87209302325581,1968.0,69.78466796875,-2.590404,-10.006136
1882,21.883720930232556,1970.0,71.78466796875,-3.394628,-8.868879
1883,21.895348837209305,1978.0,79.78466796875,-3.457043,-6.582357
1884,21.906976744186046,1979.0,80.78466796875,-2.566285,-3.332922
1885,21.91860465116279,1981.0,82.78466796875,-0.955884,0.346817
1886,21.930232558139537,1984.0,85.78466796875,0.819461,3.736046
1887,21.941860465116278,1981.0,82.78466796875,2.145038,6.206939
1888,21.953488372093023,1984.0,85.78466796875,2.692358,7.493809
1889,21.96511627906977,1985.0,86.78466796875,2.522878,7.756611
1890,21.97674418604651,1987.0,88.78466796875,2.082579,7.445358
1891,21.988372093023255,2000.0,101.78466796875,1.894231,7.025568
1892,22.0,2000.0,101.78466796875,2.265421,6.691242
1893,22.01162790697674,2000.0,101.78466796875,3.071469,6.278433
1894,22.02325581395349,1995.0,96.78466796875,3.845953,5.406223
1895,22.034883720930235,1999.0,100.78466796875,3.988882,3.730788
1896,22.046511627906977,1991.0,92.78466796875,3.114074,1.192444
1897,22.058139534883722,2000.0,101.78466796875,1.273024,-1.841265
1898,22.069767441860467,1994.0,95.78466796875,-1.051416,-4.741951
1899,22.08139534883721,2000.0,101.78466796875,-3.178398,-6.865732
1900,22.093023255813954,2000.0,101.78466796875,-4.556326,-7.875882
1901,22.1046511627907,1999.0,100.78466796875,-5.031131,-7.848487
1902,22.11627906976744,2002.0,103.78466796875,-4.85586,-7.193773
1903,22.127906976744185,2007.0,108.78466796875,-4.497122,-6.373448
1904,22.139534883720927,2002.0,103.78466796875,-4.356278,-5.683188
1905,22.151162790697676,1998.0,99.78466796875,-4.482937,-5.056941
1906,22.16279069767442,1993.0,94.78466796875,-4.525054,-4.147093
1907,22.174418604651162,2006.0,107.78466796875,-3.930274,-2.572524
1908,22.186046511627907,1995.0,96.78466796875,-2.274748,-0.184586
1909,22.197674418604652,1998.0,99.78466796875,0.468595,2.792843
1910,22.209302325581394,2000.0,101.78466796875,3.841209,5.830243
1911,22.22093023255814,1996.0,97.78466796875,6.997223,8.235343
1912,22.232558139534884,2000.0,101.78466796875,9.089188,9.492395
1913,22.244186046511626,1997.0,98.78466796875,9.538708,9.373718
1914,22.25581395348837,2000.0,101.78466796875,8.306798,8.043259
1915,22.267441860465116,2001.0,102.78466796875,5.848346,5.912093
1916,22.27906976744186,2006.0,107.78466796875,2.897326,3.456336
1917,22.290697674418606,2007.0,108.78466796875,0.162914,1.057509
1918,22.30232558139535,2003.0,104.78466796875,-1.907836,-1.046743
1919,22.313953488372093,2001.0,102.78466796875,-3.229831,-2.757842
1920,22.325581395348838,2011.0,112.78466796875,-3.995927,-4.03491
1921,22.337209302325583,2005.0,106.78466796875,-4.529228,-4.885687
1922,22.348837209302324,2007.0,108.78466796875,-5.053512,-5.302105
1923,22.36046511627907,2002.0,103.78466796875,-5.607278,-5.301168
1924,22.372093023255815,2003.0,104.78466796875,-6.003679,-4.914442
1925,22.383720930232556,2000.0,101.78466796875,-5.959054,-4.200077
1926,22.3953488372093,1999.0,100.78466796875,-5.191923,-3.219218
1927,22.40697674418605,2000.0,101.78466796875,-3.610639,-2.037205
1928,22.41860465116279,2000.0,101.78466796875,-1.374722,-0.760054
1929,22.430232558139537,2003.0,104.78466796875,1.126543,0.429347
1930,22.441860465116278,1997.0,98.78466796875,3.358673,1.303741
1931,22.453488372093023,2000.0,101.78466796875,4.871672,1.656152
1932,22.46511627906977,2000.0,101.78466796875,5.39526,1.394223
1933,22.47674418604651,2000.0,101.78466796875,5.003351,0.657338
1934,22.488372093023255,1995.0,96.78466796875,4.024872,-0.180583
1935,22.5,1994.0,95.78466796875,2.95416,-0.617353
1936,22.51162790697674,1997.0,98.78466796875,2.204254,-0.237825
1937,22.523255813953487,2000.0,101.78466796875,1.908363,1.013599
1938,22.534883720930235,2001.0,102.78466796875,1.868478,2.767838
1939,22.546511627906977,1999.0,100.78466796875,1.669231,4.329437
1940,22.558139534883722,1997.0,98.78466796875,0.930131,5.003327
1941,22.569767441860467,2005.0,106.78466796875,-0.464989,4.404385
1942,22.58139534883721,2007.0,108.78466796875,-2.259843,2.707125
1943,22.593023255813954,2000.0,101.78466796875,-3.911141,0.532898
1944,22.6046511627907,1995.0,96.78466796875,-4.825326,-1.25728
1945,22.61627906976744,2000.0,101.78466796875,-4.687067,-2.075018
1946,22.627906976744185,1989.0,90.78466796875,-3.648719,-1.830712
1947,22.63953488372093,1996.0,97.78466796875,-2.22669,-0.9981
1948,22.651162790697672,1982.0,83.78466796875,-1.086767,-0.301289
1949,22.66279069767442,1978.0,79.78466796875,-0.645728,-0.374481
1950,22.674418604651166,1985.0,86.78466796875,-0.850006,-1.305503
1951,22.686046511627907,1981.0,82.78466796875,-1.228935,-2.715606
1952,22.697674418604652,1983.0,84.78466796875,-1.124648,-3.847116
1953,22.709302325581397,1986.0,87.78466796875,-0.114873,-4.093691
1954,22.72093023255814,1980.0,81.78466796875,1.710646,-3.287289
1955,22.732558139534884,1981.0,82.78466796875,3.721475,-1.83661
1956,22.74418604651163,1975.0,76.78466796875,5.037091,-0.49428
1957,22.75581395348837,1980.0,81.78466796875,4.968159,0.074837
1958,22.767441860465116,1983.0,84.78466796875,3.369807,-0.364944
1959,22.779069767441857,1982.0,83.78466796875,0.7706,-1.451436
1960,22.790697674418603,1989.0,90.78466796875,-1.843179,-2.412756
1961,22.80232558139535,1983.0,84.78466796875,-3.485877,-2.458874
1962,22.813953488372093,1990.0,91.78466796875,-3.584695,-1.20085
1963,22.825581395348838,1985.0,86.78466796875,-2.253865,1.14862
1964,22.837209302325583,1990.0,91.78466796875,-0.168017,3.880916
1965,22.848837209302324,1984.0,85.78466796875,1.741043,6.139783
1966,22.86046511627907,1973.0,74.78466796875,2.731814,7.281788
1967,22.872093023255815,1983.0,84.78466796875,2.544447,7.160909
1968,22.883720930232556,1955.0,56.78466796875,1.401531,6.051848
1969,22.8953488372093,1968.0,69.78466796875,-0.107222,4.475532
1970,22.906976744186046,1958.0,59.78466796875,-1.424761,2.846479
1971,22.918604651162788,1967.0,68.78466796875,-2.197389,1.321148
1972,22.930232558139537,1943.0,44.78466796875,-2.438315,-0.251217
1973,22.94186046511628,1954.0,55.78466796875,-2.345547,-2.072295
1974,22.953488372093023,1943.0,44.78466796875,-2.207375,-4.26653
1975,22.96511627906977,1946.0,47.78466796875,-2.162955,-6.645809
1976,22.976744186046513,1941.0,42.78466796875,-2.152186,-8.753927
1977,22.988372093023255,1937.0,38.78466796875,-1.983383,-10.00433
1978,23.0,1942.0,43.78466796875,-1.43927,-9.919081
1979,23.011627906976745,1942.0,43.78466796875,-0.453864,-8.332422
1980,23.023255813953487,1954.0,55.78466796875,0.87991,-5.442931
1981,23.03488372093023,1939.0,40.78466796875,2.285743,-1.780959
1982,23.046511627906977,1946.0,47.78466796875,3.437733,1.956965
1983,23.058139534883722,1943.0,44.78466796875,4.072778,5.129765
1984,23.069767441860467,1955.0,56.78466796875,4.043803,7.222479
1985,23.08139534883721,1949.0,50.78466796875,3.378786,8.022451
1986,23.093023255813954,1955.0,56.78466796875,2.241684,7.580195
1987,23.1046511627907,1947.0,48.78466796875,0.892952,6.223209
1988,23.11627906976744,1949.0,50.78466796875,-0.362014,4.448649
1989,23.127906976744185,1959.0,60.78466796875,-1.274655,2.773922
1990,23.13953488372093,1942.0,43.78466796875,-1.745706,1.564401
1991,23.151162790697672,1942.0,43.78466796875,-1.796612,0.950265
1992,23.162790697674417,1936.0,37.78466796875,-1.585402,0.786038
1993,23.174418604651162,1940.0,41.78466796875,-1.347257,0.701968
1994,23.186046511627907,1930.0,31.78466796875,-1.328508,0.279278
1995,23.197674418604652,1928.0,29.78466796875,-1.662014,-0.777973
1996,23.209302325581397,1923.0,24.78466796875,-2.319964,-2.475532
1997,23.22093023255814,1934.0,35.78466796875,-3.10808,-4.519823
1998,23.232558139534884,1926.0,27.78466796875,-3.747454,-6.419841
1999,23.24418604651163,1923.0,24.78466796875,-3.939931,-7.659867
2000,23.25581395348837,1935.0,36.78466796875,-3.45846,-7.849879
2001,23.267441860465116,1934.0,35.78466796875,-2.236317,-6.876892
2002,23.27906976744186,1938.0,39.78466796875,-0.362842,-4.865971
2003,23.290697674418603,1935.0,36.78466796875,1.922942,-2.143517
2004,23.302325581395348,1942.0,43.78466796875,4.270907,0.881832
2005,23.313953488372096,1936.0,37.78466796875,6.241763,3.759813
2006,23.325581395348838,1934.0,35.78466796875,7.43125,6.078868
2007,23.337209302325583,1935.0,36.78466796875,7.534285,7.489197
2008,23.348837209302328,1934.0,35.78466796875,6.433763,7.736879
2009,23.36046511627907,1936.0,37.78466796875,4.282806,6.755114
2010,23.372093023255815,1935.0,36.78466796875,1.506201,4.7528
2011,23.383720930232556,1930.0,31.78466796875,-1.292804,2.202631
2012,23.3953488372093,1920.0,21.78466796875,-3.50595,-0.245334
2013,23.406976744186046,1922.0,23.78466796875,-4.707394,-1.964992
2014,23.418604651162788,1929.0,30.78466796875,-4.845598,-2.615317
2015,23.430232558139533,1922.0,23.78466796875,-4.269194,-2.315431
2016,23.44186046511628,1911.0,12.78466796875,-3.556379,-1.599763
2017,23.453488372093023,1923.0,24.78466796875,-3.256224,-1.160129
2018,23.46511627906977,1917.0,18.78466796875,-3.651855,-1.570375
2019,23.476744186046513,1920.0,21.78466796875,-4.563664,-2.919473
2020,23.488372093023255,1921.0,22.78466796875,-5.427474,-4.743847
2021,23.5,1920.0,21.78466796875,-5.504537,-6.161671
2022,23.511627906976745,1916.0,17.78466796875,-4.249573,-6.278698
2023,23.523255813953487,1921.0,22.78466796875,-1.575538,-4.621381
2024,23.53488372093023,1911.0,12.78466796875,2.015351,-1.428255
2025,23.546511627906977,1915.0,16.78466796875,5.647658,2.437467
2026,23.55813953488372,1913.0,14.78466796875,8.33835,5.762011
2027,23.569767441860467,1915.0,16.78466796875,9.434811,7.514044
2028,23.581395348837212,1913.0,14.78466796875,8.803032,7.227281
2029,23.593023255813954,1919.0,20.78466796875,6.880092,5.194745
2030,23.6046511627907,1904.0,5.78466796875,4.406496,2.275946
2031,23.616279069767444,1909.0,10.78466796875,2.133546,-0.46528
2032,23.627906976744185,1905.0,6.78466796875,0.480062,-2.231345
2033,23.63953488372093,1909.0,10.78466796875,-0.547346,-2.737254
2034,23.651162790697676,1907.0,8.78466796875,-1.293447,-2.268756
2035,23.662790697674417,1911.0,12.78466796875,-2.174367,-1.405884
2036,23.674418604651162,1906.0,7.78466796875,-3.443163,-0.738827
2037,23.686046511627904,1910.0,11.78466796875,-4.976808,-0.510158
2038,23.697674418604652,1895.0,-3.21533203125,-6.410267,-0.675794
2039,23.709302325581397,1906.0,7.78466796875,-7.246636,-0.906544
2040,23.72093023255814,1902.0,3.78466796875,-7.166798,-0.938953
2041,23.732558139534884,1904.0,5.78466796875,-6.154412,-0.686036
2042,23.74418604651163,1901.0,2.78466796875,-4.491404,-0.314906
2043,23.75581395348837,1901.0,2.78466796875,-2.609726,-0.120709
2044,23.767441860465116,1903.0,4.78466796875,-0.871256,-0.329208
2045,23.77906976744186,1904.0,5.78466796875,0.575236,-0.935535
2046,23.790697674418603,1894.0,-4.21533203125,1.818506,-1.670992
2047,23.802325581395348,1905.0,6.78466796875,3.089755,-2.115864
