muestra,tiempo_ms,adc,adc_centrado,adc_filtrado,residual
0,0.0,1975.0,81.45556640625,0.049637,0.024587
1,0.011627906976744186,1991.0,97.45556640625,0.084196,0.04163
2,0.023255813953488372,1995.0,101.45556640625,0.081919,0.046934
3,0.03488372093023256,1983.0,89.45556640625,0.035806,0.025357
4,0.046511627906976744,2003.0,109.45556640625,-0.01148,0.001637
5,0.058139534883720936,1996.0,102.45556640625,-0.05537,-0.025342
6,0.06976744186046512,2014.0,120.45556640625,-0.065121,-0.036707
7,0.0813953488372093,2002.0,108.45556640625,-0.069632,-0.043672
8,0.09302325581395349,2034.0,140.45556640625,-0.066026,-0.04022
9,0.10465116279069767,2023.0,129.45556640625,-0.119714,-0.063386
10,0.11627906976744187,2037.0,143.45556640625,-0.229607,-0.122843
11,0.12790697674418605,2029.0,135.45556640625,-0.392481,-0.210029
12,0.13953488372093023,2044.0,150.45556640625,-0.540215,-0.300106
13,0.1511627906976744,2035.0,141.45556640625,-0.629701,-0.357433
14,0.1627906976744186,2038.0,144.45556640625,-0.617956,-0.361805
15,0.1744186046511628,2041.0,147.45556640625,-0.521725,-0.311382
16,0.18604651162790697,2042.0,148.45556640625,-0.405509,-0.243454
17,0.19767441860465115,2039.0,145.45556640625,-0.342966,-0.198707
18,0.20930232558139533,2037.0,143.45556640625,-0.360657,-0.192456
19,0.22093023255813954,2034.0,140.45556640625,-0.412668,-0.207823
20,0.23255813953488375,2035.0,141.45556640625,-0.391997,-0.189747
21,0.2441860465116279,2032.0,138.45556640625,-0.200831,-0.085523
22,0.2558139534883721,2026.0,132.45556640625,0.183773,0.128964
23,0.2674418604651163,2035.0,141.45556640625,0.683956,0.414345
24,0.27906976744186046,2023.0,129.45556640625,1.114056,0.676735
25,0.29069767441860467,2026.0,132.45556640625,1.323729,0.822764
26,0.3023255813953488,2029.0,135.45556640625,1.260076,0.820817
27,0.313953488372093,2030.0,136.45556640625,1.019083,0.700989
28,0.3255813953488372,2037.0,143.45556640625,0.80018,0.572874
29,0.3372093023255814,2032.0,138.45556640625,0.761618,0.513668
30,0.3488372093023256,2032.0,138.45556640625,0.919664,0.556289
31,0.3604651162790698,2038.0,144.45556640625,1.096144,0.610514
32,0.37209302325581395,2032.0,138.45556640625,0.993522,0.530955
33,0.38372093023255816,2047.0,153.45556640625,0.409372,0.196093
34,0.3953488372093023,2031.0,137.45556640625,-0.659158,-0.415637
35,0.4069767441860465,2032.0,138.45556640625,-1.905217,-1.15401
36,0.41860465116279066,2032.0,138.45556640625,-2.89513,-1.784897
37,0.43023255813953487,2032.0,138.45556640625,-3.299197,-2.11038
38,0.4418604651162791,2028.0,134.45556640625,-3.102365,-2.095547
39,0.4534883720930233,2026.0,132.45556640625,-2.626575,-1.882946
40,0.4651162790697675,2021.0,127.45556640625,-2.346249,-1.708814
41,0.4767441860465116,2023.0,129.45556640625,-2.560216,-1.750939
42,0.4883720930232558,2017.0,123.45556640625,-3.159324,-1.983595
43,0.5,2010.0,116.45556640625,-3.604366,-2.151895
44,0.5116279069767442,2013.0,119.45556640625,-3.205628,-1.87954
45,0.5232558139534884,2023.0,129.45556640625,-1.564165,-0.936216
46,0.5348837209302326,2005.0,111.45556640625,1.088292,0.594112
47,0.5465116279069767,2017.0,123.45556640625,3.971846,2.327735
48,0.5581395348837209,2007.0,113.45556640625,6.070477,3.714499
49,0.5697674418604651,2015.0,121.45556640625,6.769431,4.372221
50,0.5813953488372093,2017.0,123.45556640625,6.2213,4.307449
51,0.5930232558139535,2017.0,123.45556640625,5.328954,3.927732
52,0.6046511627906976,2017.0,123.45556640625,5.207847,3.814366
53,0.6162790697674418,2010.0,116.45556640625,6.402942,4.290025
54,0.627906976744186,2019.0,125.45556640625,8.344388,5.157979
55,0.6395348837209301,2010.0,116.45556640625,9.35343,5.564265
56,0.6511627906976744,2002.0,108.45556640625,7.434382,4.468923
57,0.6627906976744186,2010.0,116.45556640625,1.417518,1.160441
58,0.6744186046511628,1990.0,96.45556640625,-8.132168,-4.20176
59,0.686046511627907,1997.0,103.45556640625,-18.659567,-10.373535
60,0.6976744186046512,1968.0,74.45556640625,-26.508125,-15.433912
61,0.7093023255813954,1985.0,91.45556640625,-28.331871,-17.458359
62,0.7209302325581396,1977.0,83.45556640625,-22.743956,-15.433056
63,0.7325581395348838,1977.0,83.45556640625,-11.042809,-9.736724
64,0.7441860465116279,1965.0,71.45556640625,3.12657,-2.057705
65,0.7558139534883721,1968.0,74.45556640625,15.235283,5.249621
66,0.7674418604651163,1959.0,65.45556640625,21.673857,10.090413
67,0.7790697674418604,1966.0,72.45556640625,21.196247,11.462847
68,0.7906976744186046,1959.0,65.45556640625,15.212026,9.73546
69,0.8023255813953488,1967.0,73.45556640625,6.98134,6.37541
70,0.813953488372093,1959.0,65.45556640625,0.003359,3.153974
71,0.8255813953488372,1958.0,64.45556640625,-3.458284,1.391492
72,0.8372093023255813,1965.0,71.45556640625,-3.154956,1.420065
73,0.8488372093023255,1958.0,64.45556640625,-0.603859,2.597929
74,0.8604651162790697,1962.0,68.45556640625,1.990015,3.784094
75,0.872093023255814,1959.0,65.45556640625,2.9194,3.964349
76,0.8837209302325582,1963.0,69.45556640625,1.762057,2.743815
77,0.8953488372093024,1968.0,74.45556640625,-0.643547,0.470257
78,0.9069767441860466,1959.0,65.45556640625,-2.873364,-2.038349
79,0.9186046511627908,1967.0,73.45556640625,-3.773816,-3.903331
80,0.930232558139535,1956.0,62.45556640625,-3.115852,-4.655016
81,0.9418604651162791,1959.0,65.45556640625,-1.580058,-4.34392
82,0.9534883720930232,1951.0,57.45556640625,-0.312793,-3.491644
83,0.9651162790697674,1952.0,58.45556640625,-0.214633,-2.718736
84,0.9767441860465116,1951.0,57.45556640625,-1.479589,-2.484056
85,0.9883720930232557,1950.0,56.45556640625,-3.536083,-2.85846
86,1.0,1959.0,65.45556640625,-5.399834,-3.583843
87,1.0116279069767442,1956.0,62.45556640625,-6.221062,-4.19734
88,1.0232558139534884,1963.0,69.45556640625,-5.646378,-4.285156
89,1.0348837209302326,1955.0,61.45556640625,-3.93031,-3.609883
90,1.0465116279069768,1975.0,81.45556640625,-1.664607,-2.191398
91,1.0581395348837208,1969.0,75.45556640625,0.507105,-0.268127
92,1.0697674418604652,1987.0,93.45556640625,2.238659,1.814378
93,1.0813953488372092,1983.0,89.45556640625,3.480689,3.701691
94,1.0930232558139534,1975.0,81.45556640625,4.400271,5.126606
95,1.1046511627906976,1979.0,85.45556640625,5.173208,5.967621
96,1.1162790697674418,1962.0,68.45556640625,5.803179,6.224658
97,1.127906976744186,1969.0,75.45556640625,6.165346,6.013247
98,1.1395348837209303,1936.0,42.45556640625,6.03265,5.479243
99,1.1511627906976745,1955.0,61.45556640625,5.318081,4.749655
100,1.1627906976744187,1904.0,10.45556640625,4.000342,3.834823
101,1.1744186046511629,1920.0,26.45556640625,2.295073,2.684869
102,1.186046511627907,1874.0,-19.54443359375,0.387491,1.195823
103,1.197674418604651,1898.0,4.45556640625,-1.467327,-0.67065
104,1.2093023255813953,1851.0,-42.54443359375,-3.181103,-2.834761
105,1.2209302325581395,1856.0,-37.54443359375,-4.634977,-5.028674
106,1.2325581395348837,1835.0,-58.54443359375,-5.790562,-6.878763
107,1.244186046511628,1839.0,-54.54443359375,-6.572555,-8.028608
108,1.255813953488372,1838.0,-55.54443359375,-6.922645,-8.263349
109,1.2674418604651163,1835.0,-58.54443359375,-6.784599,-7.566808
110,1.2790697674418603,1856.0,-37.54443359375,-6.097193,-6.129767
111,1.2906976744186047,1855.0,-38.54443359375,-4.847668,-4.191777
112,1.3023255813953487,1889.0,-4.54443359375,-3.006409,-2.038764
113,1.3139534883720931,1872.0,-21.54443359375,-0.655181,0.196735
114,1.3255813953488371,1925.0,31.45556640625,2.109472,2.390928
115,1.3372093023255816,1904.0,10.45556640625,4.944271,4.467768
116,1.3488372093023255,1968.0,74.45556640625,7.478652,6.234965
117,1.36046511627907,1954.0,60.45556640625,9.166739,7.460821
118,1.372093023255814,1999.0,105.45556640625,9.648747,7.86025
119,1.383720930232558,1989.0,95.45556640625,8.725081,7.310641
120,1.3953488372093024,2001.0,107.45556640625,6.576419,5.867855
121,1.4069767441860463,2007.0,113.45556640625,3.647256,3.842318
122,1.4186046511627908,1984.0,90.45556640625,0.497917,1.63556
123,1.4302325581395348,1994.0,100.45556640625,-2.332275,-0.3807
124,1.4418604651162792,1926.0,32.45556640625,-4.590889,-1.973258
125,1.4534883720930232,1948.0,54.45556640625,-6.145607,-3.122172
126,1.4651162790697676,1839.0,-54.54443359375,-7.173106,-3.901613
127,1.4767441860465116,1883.0,-10.54443359375,-7.666245,-4.389541
128,1.4883720930232558,1757.0,-136.54443359375,-7.766379,-4.600086
129,1.5,1804.0,-89.54443359375,-7.34056,-4.4644
130,1.5116279069767442,1696.0,-197.54443359375,-6.373749,-3.899317
131,1.5232558139534884,1719.0,-174.54443359375,-4.78317,-2.941392
132,1.5348837209302326,1662.0,-231.54443359375,-2.79159,-1.797482
133,1.5465116279069768,1677.0,-216.54443359375,-0.650126,-0.789088
134,1.5581395348837208,1696.0,-197.54443359375,1.413821,-0.186926
135,1.5697674418604652,1670.0,-223.54443359375,3.263339,-0.060977
136,1.5813953488372092,1770.0,-123.54443359375,5.108898,-0.161165
137,1.5930232558139534,1728.0,-165.54443359375,7.002264,-0.089891
138,1.6046511627906976,1885.0,-8.54443359375,9.193875,0.576763
139,1.6162790697674418,1821.0,-72.54443359375,11.319936,1.95633
140,1.627906976744186,1998.0,104.45556640625,13.077108,3.797315
141,1.6395348837209303,1940.0,46.45556640625,13.630512,5.497874
142,1.6511627906976745,2077.0,183.45556640625,12.582906,6.383225
143,1.6627906976744187,2033.0,139.45556640625,9.589016,5.985226
144,1.6744186046511627,2099.0,205.45556640625,4.980052,4.28006
145,1.686046511627907,2096.0,202.45556640625,-0.658952,1.686149
146,1.697674418604651,2063.0,169.45556640625,-6.553348,-1.113411
147,1.7093023255813955,2095.0,201.45556640625,-11.956175,-3.450624
148,1.7209302325581395,1936.0,42.45556640625,-16.53125,-4.929684
149,1.7325581395348837,2000.0,106.45556640625,-19.872015,-5.442898
150,1.744186046511628,1786.0,-107.54443359375,-22.012165,-5.157591
151,1.755813953488372,1857.0,-36.54443359375,-22.543749,-4.302835
152,1.7674418604651163,1623.0,-270.54443359375,-21.418953,-3.046421
153,1.7790697674418603,1705.0,-188.54443359375,-18.165659,-1.423117
154,1.7906976744186047,1524.0,-369.54443359375,-12.993638,0.480109
155,1.8023255813953487,1573.0,-320.54443359375,-6.145136,2.450265
156,1.8139534883720931,1489.0,-404.54443359375,1.491565,4.077223
157,1.8255813953488371,1502.0,-391.54443359375,8.996749,4.856064
158,1.8372093023255816,1584.0,-309.54443359375,15.547974,4.449101
159,1.8488372093023255,1525.0,-368.54443359375,20.534204,2.788855
160,1.86046511627907,1729.0,-164.54443359375,24.082687,0.337788
161,1.872093023255814,1648.0,-245.54443359375,26.258623,-2.170805
162,1.8837209302325582,1914.0,20.45556640625,27.57696,-3.934063
163,1.8953488372093024,1821.0,-72.54443359375,27.839033,-4.449522
164,1.9069767441860463,2091.0,197.45556640625,26.969912,-3.723896
165,1.9186046511627908,2011.0,117.45556640625,24.173971,-2.227127
166,1.9302325581395348,2181.0,287.45556640625,19.168268,-0.647392
167,1.9418604651162792,2149.0,255.45556640625,11.752024,0.490471
168,1.9534883720930232,2166.0,272.45556640625,2.4682,1.02288
169,1.9651162790697676,2192.0,298.45556640625,-7.689139,1.233402
170,1.9767441860465114,2037.0,143.45556640625,-17.682325,1.565666
171,1.9883720930232558,2113.0,219.45556640625,-26.355944,2.399988
172,2.0,1827.0,-66.54443359375,-33.418018,3.67334
173,2.011627906976744,1936.0,42.45556640625,-38.514832,4.891846
174,2.0232558139534884,1598.0,-295.54443359375,-42.149887,5.316521
175,2.0348837209302326,1708.0,-185.54443359375,-44.103634,4.366177
176,2.046511627906977,1421.0,-472.54443359375,-44.473423,1.888798
177,2.058139534883721,1495.0,-398.54443359375,-42.379337,-1.613693
178,2.0697674418604652,1362.0,-531.54443359375,-37.154736,-5.172264
179,2.0813953488372094,1379.0,-514.54443359375,-27.992043,-7.727915
180,2.0930232558139537,1453.0,-440.54443359375,-14.67909,-8.509736
181,2.1046511627906974,1391.0,-502.54443359375,2.084262,-7.425686
182,2.1162790697674416,1643.0,-250.54443359375,21.127354,-4.939302
183,2.1279069767441863,1546.0,-347.54443359375,40.234669,-1.986668
184,2.1395348837209305,1904.0,10.45556640625,57.621582,0.611847
185,2.1511627906976742,1773.0,-120.54443359375,71.070793,2.347633
186,2.1627906976744184,2128.0,234.45556640625,79.592705,3.28257
187,2.174418604651163,2015.0,121.45556640625,82.1866,3.889465
188,2.186046511627907,2256.0,362.45556640625,78.938179,4.692467
189,2.197674418604651,2192.0,298.45556640625,69.842293,5.953476
190,2.2093023255813953,2237.0,343.45556640625,55.294846,7.399223
191,2.22093023255814,2268.0,374.45556640625,35.760067,8.333162
192,2.2325581395348837,2087.0,193.45556640625,11.763522,7.878559
193,2.244186046511628,2178.0,284.45556640625,-15.384918,5.456207
194,2.255813953488372,1813.0,-80.54443359375,-44.292183,1.084984
195,2.267441860465116,1947.0,53.45556640625,-72.226219,-4.415459
196,2.2790697674418605,1535.0,-358.54443359375,-96.790092,-9.771103
197,2.2906976744186047,1679.0,-214.54443359375,-114.783752,-13.556061
198,2.302325581395349,1349.0,-544.54443359375,-124.283936,-14.864342
199,2.3139534883720927,1436.0,-457.54443359375,-123.657753,-13.445961
200,2.3255813953488373,1298.0,-595.54443359375,-112.893188,-9.91011
201,2.3372093023255816,1311.0,-582.54443359375,-92.757317,-5.324432
202,2.3488372093023258,1418.0,-475.54443359375,-64.789932,-0.830441
203,2.3604651162790695,1334.0,-559.54443359375,-31.123682,2.802214
204,2.372093023255814,1655.0,-238.54443359375,6.419144,5.39489
205,2.3837209302325584,1520.0,-373.54443359375,45.331165,7.248394
206,2.395348837209302,1939.0,45.45556640625,83.652451,8.899712
207,2.4069767441860463,1805.0,-88.54443359375,118.332657,10.702507
208,2.4186046511627906,2172.0,278.45556640625,146.733002,12.582733
209,2.430232558139535,2069.0,175.45556640625,165.466232,14.035309
210,2.441860465116279,2275.0,381.45556640625,172.058807,14.296173
211,2.453488372093023,2239.0,345.45556640625,164.587509,12.703552
212,2.4651162790697674,2212.0,318.45556640625,142.679642,8.979599
213,2.4767441860465116,2263.0,369.45556640625,107.588478,3.402672
214,2.488372093023256,2011.0,117.45556640625,61.753033,-3.26379
215,2.5,2128.0,234.45556640625,9.157311,-9.932181
216,2.511627906976744,1754.0,-139.54443359375,-46.225113,-15.542871
217,2.5232558139534884,1884.0,-9.54443359375,-99.612328,-19.275513
218,2.5348837209302326,1508.0,-385.54443359375,-147.157181,-20.732658
219,2.546511627906977,1625.0,-268.54443359375,-184.790924,-19.919617
220,2.5581395348837206,1381.0,-512.54443359375,-209.63121,-17.189529
221,2.5697674418604652,1426.0,-467.54443359375,-219.124847,-13.090347
222,2.5813953488372094,1391.0,-502.54443359375,-211.891312,-8.176865
223,2.5930232558139537,1367.0,-526.54443359375,-187.629913,-2.924774
224,2.6046511627906974,1535.0,-358.54443359375,-147.229874,2.352524
225,2.6162790697674416,1451.0,-442.54443359375,-93.243935,7.478256
226,2.6279069767441863,1762.0,-131.54443359375,-29.110746,12.31616
227,2.6395348837209305,1646.0,-247.54443359375,40.097919,16.633595
228,2.6511627906976742,1968.0,74.45556640625,109.12455,20.049461
229,2.6627906976744184,1873.0,-20.54443359375,171.921509,22.053879
230,2.674418604651163,2100.0,206.45556640625,223.133621,22.128677
231,2.686046511627907,2042.0,148.45556640625,257.855896,19.962341
232,2.697674418604651,2121.0,227.45556640625,272.648193,15.644958
233,2.7093023255813953,2118.0,224.45556640625,265.595734,9.684509
234,2.72093023255814,2027.0,133.45556640625,236.44368,2.895554
235,2.7325581395348837,2077.0,183.45556640625,186.910034,-3.884552
236,2.744186046511628,1872.0,-21.54443359375,120.055275,-10.031868
237,2.755813953488372,1949.0,55.45556640625,40.837437,-15.251759
238,2.767441860465116,1718.0,-175.54443359375,-44.924011,-19.483418
239,2.7790697674418605,1792.0,-101.54443359375,-130.01152,-22.640572
240,2.7906976744186047,1607.0,-286.54443359375,-207.064026,-24.4133
241,2.802325581395349,1655.0,-238.54443359375,-268.583374,-24.127365
242,2.8139534883720927,1570.0,-323.54443359375,-308.320587,-21.13269
243,2.8255813953488373,1584.0,-309.54443359375,-321.900543,-15.105865
244,2.8372093023255816,1593.0,-300.54443359375,-307.574768,-6.588196
245,2.8488372093023253,1573.0,-320.54443359375,-266.644165,3.061096
246,2.8604651162790695,1670.0,-223.54443359375,-202.846268,11.851456
247,2.872093023255814,1627.0,-266.54443359375,-122.138405,17.948845
248,2.8837209302325584,1745.0,-148.54443359375,-31.215399,20.307722
249,2.895348837209302,1712.0,-181.54443359375,62.713127,19.172226
250,2.9069767441860463,1840.0,-53.54443359375,152.905655,15.853027
251,2.918604651162791,1794.0,-99.54443359375,232.759277,12.174469
252,2.930232558139535,1862.0,-31.54443359375,296.182404,9.587494
253,2.941860465116279,1856.0,-37.54443359375,337.501526,8.523743
254,2.953488372093023,1861.0,-32.54443359375,351.927094,8.33429
255,2.9651162790697674,1865.0,-28.54443359375,336.569733,7.672485
256,2.9767441860465116,1854.0,-39.54443359375,290.977661,5.354919
257,2.988372093023256,1854.0,-39.54443359375,218.214203,1.023209
258,3.0,1825.0,-68.54443359375,124.34552,-4.597885
259,3.011627906976744,1831.0,-62.54443359375,18.285944,-10.031906
260,3.0232558139534884,1799.0,-94.54443359375,-89.976967,-13.790955
261,3.0348837209302326,1823.0,-70.54443359375,-190.318161,-15.063843
262,3.046511627906977,1787.0,-106.54443359375,-274.046906,-14.103363
263,3.0581395348837206,1791.0,-102.54443359375,-334.289124,-11.906006
264,3.0697674418604652,1733.0,-160.54443359375,-366.36795,-9.658966
265,3.0813953488372094,1761.0,-132.54443359375,-367.763397,-8.044189
266,3.0930232558139537,1710.0,-183.54443359375,-337.998413,-6.960327
267,3.1046511627906974,1729.0,-164.54443359375,-278.976898,-5.646057
268,3.1162790697674416,1683.0,-210.54443359375,-194.860352,-3.241577
269,3.1279069767441863,1697.0,-196.54443359375,-92.598686,0.619171
270,3.1395348837209305,1668.0,-225.54443359375,18.877405,5.468307
271,3.1511627906976742,1674.0,-219.54443359375,128.963882,10.194756
272,3.1627906976744184,1705.0,-188.54443359375,227.141632,13.518097
273,3.174418604651163,1683.0,-210.54443359375,303.863464,14.582703
274,3.186046511627907,1747.0,-146.54443359375,352.237976,13.384857
275,3.197674418604651,1718.0,-175.54443359375,368.367493,10.686707
276,3.2093023255813953,1795.0,-98.54443359375,351.711639,7.588165
277,3.22093023255814,1773.0,-120.54443359375,304.730865,5.026978
278,3.2325581395348837,1845.0,-48.54443359375,232.131042,3.282196
279,3.244186046511628,1827.0,-66.54443359375,140.675461,2.050903
280,3.255813953488372,1868.0,-25.54443359375,38.171215,0.648685
281,3.2674418604651163,1860.0,-33.54443359375,-66.348442,-1.461861
282,3.2790697674418605,1842.0,-51.54443359375,-163.910217,-4.414062
283,3.2906976744186047,1857.0,-36.54443359375,-245.457809,-7.713867
284,3.302325581395349,1797.0,-96.54443359375,-303.605957,-10.577026
285,3.3139534883720927,1838.0,-55.54443359375,-332.767487,-12.156738
286,3.3255813953488373,1731.0,-162.54443359375,-330.628235,-12.010864
287,3.3372093023255816,1765.0,-128.54443359375,-297.960693,-10.119202
288,3.3488372093023253,1674.0,-219.54443359375,-238.77124,-6.859665
289,3.3604651162790695,1697.0,-196.54443359375,-159.808487,-2.889771
290,3.372093023255814,1645.0,-248.54443359375,-69.2854,1.140137
291,3.3837209302325584,1649.0,-244.54443359375,23.535736,4.649134
292,3.395348837209302,1643.0,-250.54443359375,110.12854,7.242371
293,3.4069767441860463,1642.0,-251.54443359375,182.551987,8.647171
294,3.418604651162791,1675.0,-218.54443359375,235.085907,8.757416
295,3.430232558139535,1652.0,-241.54443359375,263.637939,7.616211
296,3.441860465116279,1715.0,-178.54443359375,266.907471,5.498718
297,3.453488372093023,1696.0,-197.54443359375,245.759277,2.860443
298,3.4651162790697674,1757.0,-136.54443359375,203.54097,0.272964
299,3.4767441860465116,1736.0,-157.54443359375,145.601044,-1.677551
300,3.488372093023256,1783.0,-110.54443359375,78.451057,-2.597115
301,3.5,1769.0,-124.54443359375,9.460833,-2.343834
302,3.511627906976744,1778.0,-115.54443359375,-54.853348,-1.102577
303,3.5232558139534884,1782.0,-111.54443359375,-108.570946,0.701416
304,3.5348837209302326,1769.0,-124.54443359375,-148.137161,2.502701
305,3.546511627906977,1777.0,-116.54443359375,-171.284058,3.726578
306,3.5581395348837206,1738.0,-155.54443359375,-178.098053,3.937439
307,3.5697674418604652,1748.0,-145.54443359375,-169.594269,2.899429
308,3.5813953488372094,1691.0,-202.54443359375,-148.086121,0.728912
309,3.5930232558139537,1710.0,-183.54443359375,-116.344276,-2.184364
310,3.6046511627906974,1649.0,-244.54443359375,-77.537994,-5.137352
311,3.616279069767442,1667.0,-226.54443359375,-35.399151,-7.392809
312,3.6279069767441863,1636.0,-257.54443359375,6.455182,-8.280633
313,3.63953488372093,1647.0,-246.54443359375,43.849594,-7.525791
314,3.6511627906976742,1632.0,-261.54443359375,73.59742,-5.280891
315,3.6627906976744184,1625.0,-268.54443359375,92.757202,-2.178787
316,3.674418604651163,1638.0,-255.54443359375,100.509644,0.971527
317,3.686046511627907,1635.0,-258.54443359375,97.148613,3.396461
318,3.697674418604651,1669.0,-224.54443359375,85.088806,4.693031
319,3.7093023255813953,1650.0,-243.54443359375,67.49823,4.880684
320,3.72093023255814,1699.0,-194.54443359375,48.036369,4.419312
321,3.7325581395348837,1685.0,-208.54443359375,29.919724,3.910946
322,3.744186046511628,1725.0,-168.54443359375,15.003007,3.821939
323,3.755813953488372,1710.0,-183.54443359375,4.271131,4.279539
324,3.7674418604651163,1763.0,-130.54443359375,-3.02286,5.013361
325,3.7790697674418605,1743.0,-150.54443359375,-7.666842,5.539197
326,3.7906976744186047,1779.0,-114.54443359375,-11.30504,5.35409
327,3.802325581395349,1770.0,-123.54443359375,-14.682125,4.231308
328,3.8139534883720927,1786.0,-107.54443359375,-18.690807,2.192459
329,3.8255813953488373,1783.0,-110.54443359375,-23.370298,-0.459242
330,3.8372093023255816,1776.0,-117.54443359375,-28.680048,-3.32703
331,3.8488372093023253,1779.0,-114.54443359375,-34.303371,-6.01796
332,3.8604651162790695,1740.0,-153.54443359375,-39.565506,-8.235245
333,3.872093023255814,1751.0,-142.54443359375,-43.974121,-9.74736
334,3.8837209302325584,1707.0,-186.54443359375,-46.335251,-10.33564
335,3.895348837209302,1728.0,-165.54443359375,-46.030998,-9.822227
336,3.9069767441860463,1681.0,-212.54443359375,-41.879395,-8.09074
337,3.9186046511627906,1694.0,-199.54443359375,-33.723808,-5.187834
338,3.930232558139535,1673.0,-220.54443359375,-21.359221,-1.417875
339,3.941860465116279,1675.0,-218.54443359375,-5.752028,2.642956
340,3.9534883720930227,1681.0,-212.54443359375,11.911323,6.336366
341,3.9651162790697674,1664.0,-229.54443359375,29.861834,9.014948
342,3.9767441860465116,1712.0,-181.54443359375,46.218666,10.396534
343,3.9883720930232562,1699.0,-194.54443359375,59.42915,10.47406
344,4.0,1751.0,-142.54443359375,67.884323,9.616798
345,4.011627906976744,1728.0,-165.54443359375,70.940445,8.262424
346,4.023255813953488,1792.0,-101.54443359375,67.851761,6.841831
347,4.034883720930233,1773.0,-120.54443359375,58.973576,5.449963
348,4.046511627906977,1831.0,-62.54443359375,44.575188,3.953644
349,4.058139534883721,1815.0,-78.54443359375,25.940767,1.992754
350,4.069767441860465,1843.0,-50.54443359375,4.478878,-0.658311
351,4.081395348837209,1844.0,-49.54443359375,-17.777195,-4.012407
352,4.093023255813954,1836.0,-57.54443359375,-38.590885,-7.700235
353,4.104651162790698,1837.0,-56.54443359375,-55.856606,-11.034027
354,4.116279069767442,1806.0,-87.54443359375,-67.50946,-13.239815
355,4.127906976744186,1823.0,-70.54443359375,-72.543579,-13.661121
356,4.1395348837209305,1789.0,-104.54443359375,-70.32151,-12.091358
357,4.151162790697675,1792.0,-101.54443359375,-61.716496,-8.772942
358,4.162790697674419,1757.0,-136.54443359375,-47.876877,-4.444202
359,4.174418604651162,1761.0,-132.54443359375,-30.944921,0.016047
360,4.186046511627907,1755.0,-138.54443359375,-12.794909,3.733168
361,4.1976744186046515,1756.0,-137.54443359375,4.666922,6.20088
362,4.209302325581395,1759.0,-134.54443359375,20.181437,7.340073
363,4.22093023255814,1748.0,-145.54443359375,33.032429,7.485672
364,4.232558139534883,1779.0,-114.54443359375,42.786041,7.200974
365,4.2441860465116275,1767.0,-126.54443359375,49.418674,6.94212
366,4.2558139534883725,1795.0,-98.54443359375,52.58429,6.979885
367,4.267441860465116,1782.0,-111.54443359375,52.25716,7.144146
368,4.279069767441861,1807.0,-86.54443359375,48.101978,7.163616
369,4.290697674418605,1795.0,-98.54443359375,40.405693,6.585205
370,4.3023255813953485,1815.0,-78.54443359375,29.605219,5.253674
371,4.313953488372094,1814.0,-79.54443359375,16.837812,3.153149
372,4.325581395348837,1834.0,-59.54443359375,3.432867,0.645838
373,4.337209302325581,1828.0,-65.54443359375,-9.206654,-1.904049
374,4.348837209302326,1834.0,-59.54443359375,-19.900024,-4.121544
375,4.3604651162790695,1824.0,-69.54443359375,-28.055237,-5.834764
376,4.372093023255814,1837.0,-56.54443359375,-33.351105,-7.022381
377,4.383720930232558,1836.0,-57.54443359375,-36.06041,-7.761841
378,4.395348837209302,1828.0,-65.54443359375,-36.386272,-8.223391
379,4.406976744186047,1829.0,-64.54443359375,-34.749393,-8.352619
380,4.4186046511627906,1847.0,-46.54443359375,-31.294365,-8.187298
381,4.430232558139535,1839.0,-54.54443359375,-26.41885,-7.598082
382,4.44186046511628,1855.0,-38.54443359375,-20.434162,-6.669909
383,4.453488372093023,1840.0,-53.54443359375,-13.830228,-5.412838
384,4.465116279069767,1855.0,-38.54443359375,-7.041821,-3.959945
385,4.476744186046512,1851.0,-42.54443359375,-0.394494,-2.321272
386,4.488372093023256,1862.0,-31.54443359375,6.011304,-0.443664
387,4.5,1862.0,-31.54443359375,12.272844,1.758002
388,4.511627906976744,1870.0,-23.54443359375,18.484579,4.389435
389,4.523255813953488,1869.0,-24.54443359375,24.598173,7.31283
390,4.534883720930232,1867.0,-26.54443359375,30.169422,10.329571
391,4.546511627906977,1865.0,-28.54443359375,34.505882,12.959175
392,4.558139534883721,1854.0,-39.54443359375,36.684258,14.878036
393,4.569767441860465,1859.0,-34.54443359375,36.00248,15.71339
394,4.5813953488372094,1840.0,-53.54443359375,32.029358,15.420498
395,4.593023255813954,1841.0,-52.54443359375,25.032112,14.01209
396,4.604651162790698,1827.0,-66.54443359375,15.652562,11.6684
397,4.616279069767442,1830.0,-63.54443359375,4.957584,8.476654
398,4.627906976744185,1824.0,-69.54443359375,-6.03984,4.442649
399,4.6395348837209305,1821.0,-72.54443359375,-16.390953,-0.397026
400,4.651162790697675,1827.0,-66.54443359375,-25.426746,-6.029099
401,4.662790697674418,1823.0,-70.54443359375,-32.681534,-12.084139
402,4.674418604651163,1845.0,-48.54443359375,-37.715652,-18.115734
403,4.686046511627906,1834.0,-59.54443359375,-40.268848,-23.326826
404,4.6976744186046515,1872.0,-21.54443359375,-39.927658,-27.107216
405,4.709302325581396,1850.0,-43.54443359375,-36.595108,-28.791584
406,4.720930232558139,1915.0,21.45556640625,-30.126905,-28.120415
407,4.732558139534884,1893.0,-0.54443359375,-20.937599,-24.988785
408,4.744186046511628,1951.0,57.45556640625,-9.535123,-19.563192
409,4.755813953488372,1935.0,41.45556640625,3.038005,-12.166368
410,4.767441860465117,1968.0,74.45556640625,15.675397,-3.191754
411,4.77906976744186,1968.0,74.45556640625,27.097357,6.727509
412,4.790697674418604,1957.0,63.45556640625,36.088551,16.927505
413,4.802325581395349,1968.0,74.45556640625,41.77702,26.47168
414,4.813953488372093,1919.0,25.45556640625,43.475212,34.523567
415,4.825581395348837,1946.0,52.45556640625,41.199181,40.180927
416,4.837209302325581,1861.0,-32.54443359375,35.046146,42.803391
417,4.848837209302325,1892.0,-1.54443359375,25.823803,41.918457
418,4.86046511627907,1803.0,-90.54443359375,14.279029,37.405704
419,4.872093023255814,1831.0,-62.54443359375,1.65988,29.459547
420,4.883720930232558,1754.0,-139.54443359375,-10.902145,18.571121
421,4.895348837209303,1775.0,-118.54443359375,-22.025835,5.68961
422,4.906976744186046,1742.0,-151.54443359375,-30.509953,-8.094715
423,4.9186046511627906,1744.0,-149.54443359375,-35.354164,-21.318092
424,4.930232558139535,1777.0,-116.54443359375,-35.962582,-32.774872
425,4.941860465116279,1765.0,-128.54443359375,-32.538357,-41.36578
426,4.953488372093023,1844.0,-49.54443359375,-25.750242,-46.681137
427,4.965116279069767,1807.0,-86.54443359375,-17.046022,-48.653358
428,4.976744186046512,1938.0,44.45556640625,-7.738005,-47.645721
429,4.988372093023256,1882.0,-11.54443359375,0.723843,-44.060429
430,5.0,2004.0,110.45556640625,7.765395,-38.037941
431,5.011627906976744,1974.0,80.45556640625,13.111643,-29.528296
432,5.023255813953488,2054.0,160.45556640625,17.099316,-18.234108
433,5.034883720930233,2032.0,138.45556640625,19.9848,-4.279133
434,5.046511627906977,2041.0,147.45556640625,21.837698,11.877764
435,5.058139534883721,2062.0,168.45556640625,22.383497,28.833313
436,5.069767441860465,1982.0,88.45556640625,20.971769,44.814072
437,5.081395348837209,2013.0,119.45556640625,17.300734,57.741745
438,5.093023255813954,1887.0,-6.54443359375,11.24502,66.004005
439,5.104651162790698,1931.0,37.45556640625,3.654034,68.65107
440,5.116279069767441,1783.0,-110.54443359375,-4.487213,65.493301
441,5.127906976744186,1834.0,-59.54443359375,-11.685429,57.04591
442,5.1395348837209305,1725.0,-168.54443359375,-17.060726,43.988194
443,5.151162790697675,1746.0,-147.54443359375,-20.05839,27.232424
444,5.162790697674419,1725.0,-168.54443359375,-20.867748,7.551664
445,5.174418604651162,1699.0,-194.54443359375,-20.006056,-13.943525
446,5.186046511627907,1771.0,-122.54443359375,-17.87775,-35.850685
447,5.1976744186046515,1728.0,-165.54443359375,-14.787288,-56.175175
448,5.209302325581395,1868.0,-25.54443359375,-10.437597,-72.646233
449,5.22093023255814,1813.0,-80.54443359375,-4.767323,-83.113792
450,5.232558139534883,1974.0,80.45556640625,2.458543,-85.971581
451,5.2441860465116275,1921.0,27.45556640625,10.605377,-80.721649
452,5.2558139534883725,2064.0,170.45556640625,18.873577,-67.844955
453,5.267441860465116,2023.0,129.45556640625,25.778145,-48.961334
454,5.279069767441861,2100.0,206.45556640625,30.20645,-26.005659
455,5.290697674418605,2094.0,200.45556640625,31.249775,-1.252018
456,5.3023255813953485,2070.0,176.45556640625,28.786572,23.427074
457,5.313953488372094,2095.0,201.45556640625,23.341599,46.296074
458,5.325581395348837,1978.0,84.45556640625,15.749385,65.996735
459,5.337209302325581,2032.0,138.45556640625,7.12932,81.232857
460,5.348837209302326,1867.0,-26.54443359375,-1.903715,90.775009
461,5.3604651162790695,1919.0,25.45556640625,-10.731977,93.556671
462,5.372093023255814,1769.0,-124.54443359375,-19.377132,88.703293
463,5.383720930232558,1808.0,-85.54443359375,-27.563025,75.962631
464,5.395348837209302,1711.0,-182.54443359375,-35.131737,55.70742
465,5.406976744186046,1738.0,-155.54443359375,-41.277821,29.346737
466,5.4186046511627906,1727.0,-166.54443359375,-45.047543,-0.97543
467,5.430232558139535,1706.0,-187.54443359375,-45.244015,-32.328957
468,5.44186046511628,1794.0,-99.54443359375,-40.81464,-61.446152
469,5.453488372093023,1746.0,-147.54443359375,-31.419924,-85.234886
470,5.465116279069767,1892.0,-1.54443359375,-17.276045,-101.069771
471,5.476744186046512,1838.0,-55.54443359375,0.203916,-107.466965
472,5.488372093023256,1995.0,101.45556640625,19.33157,-103.849976
473,5.5,1951.0,57.45556640625,37.746918,-90.939392
474,5.511627906976744,2076.0,182.45556640625,53.579063,-70.048416
475,5.523255813953488,2041.0,147.45556640625,65.052155,-43.264145
476,5.534883720930232,2083.0,189.45556640625,71.262207,-12.709976
477,5.546511627906977,2081.0,187.45556640625,71.629745,19.143692
478,5.558139534883721,2023.0,129.45556640625,66.05043,49.849678
479,5.569767441860465,2064.0,170.45556640625,54.698086,76.754745
480,5.5813953488372094,1936.0,42.45556640625,37.868942,97.23912
481,5.593023255813954,1986.0,92.45556640625,16.500618,109.112556
482,5.604651162790698,1840.0,-53.54443359375,-8.159669,110.846054
483,5.616279069767442,1881.0,-12.54443359375,-33.89896,102.179733
484,5.627906976744185,1762.0,-131.54443359375,-58.293579,83.956635
485,5.6395348837209305,1793.0,-100.54443359375,-78.492615,58.268402
486,5.651162790697675,1750.0,-143.54443359375,-92.237823,27.666641
487,5.662790697674418,1752.0,-141.54443359375,-97.938461,-5.026428
488,5.674418604651163,1773.0,-120.54443359375,-95.087631,-37.304539
489,5.686046511627907,1761.0,-132.54443359375,-84.102509,-66.822739
490,5.697674418604651,1843.0,-50.54443359375,-65.953453,-91.411507
491,5.709302325581396,1811.0,-82.54443359375,-42.066322,-108.834373
492,5.720930232558139,1935.0,41.45556640625,-13.803101,-116.871323
493,5.732558139534884,1889.0,-4.54443359375,17.023531,-113.826416
494,5.744186046511628,1993.0,99.45556640625,48.533916,-98.888474
495,5.755813953488372,1957.0,63.45556640625,78.082047,-72.997162
496,5.767441860465117,2015.0,121.45556640625,102.816536,-38.716911
497,5.77906976744186,2007.0,113.45556640625,119.644981,-0.247864
498,5.790697674418604,1991.0,97.45556640625,126.077057,37.667168
499,5.802325581395349,2021.0,127.45556640625,120.702728,70.504578
500,5.813953488372093,1961.0,67.45556640625,103.519196,94.939476
501,5.825581395348837,1988.0,94.45556640625,76.112267,109.084183
502,5.837209302325582,1905.0,11.45556640625,41.143002,112.524353
503,5.848837209302325,1934.0,40.45556640625,2.079967,105.784843
504,5.86046511627907,1858.0,-35.54443359375,-37.569088,89.942856
505,5.872093023255814,1879.0,-14.54443359375,-74.361572,66.432114
506,5.883720930232558,1827.0,-66.54443359375,-105.311798,37.019958
507,5.895348837209303,1831.0,-62.54443359375,-127.791054,4.153069
508,5.906976744186046,1835.0,-58.54443359375,-139.767288,-29.262749
509,5.9186046511627906,1819.0,-74.54443359375,-139.944366,-59.756119
510,5.930232558139535,1856.0,-37.54443359375,-127.883751,-84.094727
511,5.941860465116279,1841.0,-52.54443359375,-104.3778,-99.593529
512,5.953488372093023,1891.0,-2.54443359375,-71.243774,-104.891022
513,5.965116279069767,1874.0,-19.54443359375,-31.406681,-99.8255
514,5.976744186046512,1915.0,21.45556640625,11.699244,-85.428909
515,5.988372093023256,1899.0,5.45556640625,54.289646,-63.437939
516,6.0,1937.0,43.45556640625,92.765274,-35.98822
517,6.011627906976744,1927.0,33.45556640625,123.762573,-5.502655
518,6.023255813953488,1958.0,64.45556640625,144.488449,25.440979
519,6.034883720930233,1943.0,49.45556640625,152.769089,53.840096
520,6.046511627906977,1947.0,53.45556640625,147.424118,76.800232
521,6.058139534883721,1955.0,61.45556640625,128.50975,91.521545
522,6.069767441860465,1937.0,43.45556640625,97.497528,96.272476
523,6.081395348837209,1942.0,48.45556640625,57.366268,90.515259
524,6.093023255813954,1929.0,35.45556640625,12.154587,75.446533
525,6.104651162790698,1936.0,42.45556640625,-33.522133,53.382553
526,6.116279069767441,1915.0,21.45556640625,-75.284843,27.398399
527,6.127906976744186,1920.0,26.45556640625,-109.477386,0.464066
528,6.1395348837209305,1895.0,1.45556640625,-133.597961,-25.008926
529,6.151162790697675,1906.0,12.45556640625,-146.219925,-47.205658
530,6.162790697674419,1882.0,-11.54443359375,-146.864929,-64.914734
531,6.174418604651162,1888.0,-5.54443359375,-135.704178,-76.864685
532,6.186046511627907,1861.0,-32.54443359375,-113.469696,-81.986031
533,6.1976744186046515,1870.0,-23.54443359375,-81.537048,-79.116112
534,6.209302325581395,1847.0,-46.54443359375,-42.069736,-67.941055
535,6.22093023255814,1859.0,-34.54443359375,1.772698,-49.062897
536,6.232558139534883,1856.0,-37.54443359375,46.083309,-24.582409
537,6.2441860465116275,1850.0,-43.54443359375,86.406914,2.295891
538,6.2558139534883725,1872.0,-21.54443359375,118.601357,27.892403
539,6.267441860465116,1863.0,-30.54443359375,139.249756,48.772995
540,6.279069767441861,1885.0,-8.54443359375,146.415253,62.715469
541,6.290697674418605,1881.0,-12.54443359375,139.717377,68.748146
542,6.3023255813953485,1918.0,24.45556640625,120.324043,67.386215
543,6.313953488372094,1898.0,4.45556640625,90.598579,59.722336
544,6.325581395348837,1936.0,42.45556640625,53.675877,47.376099
545,6.337209302325581,1931.0,37.45556640625,13.145811,31.681293
546,6.348837209302326,1943.0,49.45556640625,-27.431271,13.971203
547,6.3604651162790695,1938.0,44.45556640625,-64.480186,-4.50412
548,6.372093023255814,1931.0,37.45556640625,-94.902161,-22.241142
549,6.383720930232558,1936.0,42.45556640625,-115.966614,-37.44249
550,6.395348837209302,1902.0,8.45556640625,-125.913322,-48.40033
551,6.406976744186046,1923.0,29.45556640625,-123.857529,-53.566437
552,6.4186046511627906,1883.0,-10.54443359375,-110.295059,-52.443336
553,6.430232558139535,1894.0,0.45556640625,-86.905357,-45.289818
554,6.44186046511628,1866.0,-27.54443359375,-56.464817,-33.642742
555,6.453488372093023,1869.0,-24.54443359375,-22.506029,-19.428844
556,6.465116279069767,1854.0,-39.54443359375,11.35807,-4.948881
557,6.476744186046512,1854.0,-39.54443359375,41.681255,7.971222
558,6.488372093023256,1876.0,-17.54443359375,66.054909,18.108498
559,6.5,1853.0,-40.54443359375,82.773415,24.904266
560,6.511627906976744,1888.0,-5.54443359375,91.43824,28.540455
561,6.523255813953488,1875.0,-18.54443359375,92.179207,29.397995
562,6.534883720930233,1911.0,17.45556640625,85.831108,28.170383
563,6.546511627906977,1901.0,7.45556640625,73.293678,25.231113
564,6.558139534883721,1935.0,41.45556640625,55.654797,21.033802
565,6.569767441860465,1923.0,29.45556640625,34.186543,15.714981
566,6.5813953488372094,1942.0,48.45556640625,10.37635,9.555882
567,6.593023255813954,1936.0,42.45556640625,-13.715899,2.798062
568,6.604651162790698,1924.0,30.45556640625,-35.888351,-4.068548
569,6.616279069767442,1934.0,40.45556640625,-53.591923,-10.335743
570,6.627906976744185,1920.0,26.45556640625,-64.986259,-15.294727
571,6.6395348837209305,1929.0,35.45556640625,-68.822403,-18.170895
572,6.651162790697675,1899.0,5.45556640625,-65.285637,-18.640995
573,6.662790697674418,1904.0,10.45556640625,-55.563427,-16.650173
574,6.674418604651163,1883.0,-10.54443359375,-41.744675,-12.819977
575,6.686046511627907,1883.0,-10.54443359375,-26.238144,-8.035921
576,6.697674418604651,1872.0,-21.54443359375,-11.034002,-3.425643
577,6.709302325581396,1868.0,-25.54443359375,2.339531,0.106105
578,6.720930232558139,1878.0,-15.54443359375,13.363994,2.056119
579,6.732558139534884,1874.0,-19.54443359375,21.747412,2.403055
580,6.744186046511628,1888.0,-5.54443359375,27.74761,1.623842
581,6.755813953488372,1875.0,-18.54443359375,31.261803,0.293516
582,6.767441860465117,1903.0,9.45556640625,32.390976,-0.866325
583,6.77906976744186,1895.0,1.45556640625,30.972017,-1.513556
584,6.790697674418604,1895.0,1.45556640625,27.237612,-1.375315
585,6.802325581395349,1903.0,9.45556640625,21.758741,-0.461123
586,6.813953488372093,1899.0,5.45556640625,15.407271,1.218236
587,6.825581395348837,1904.0,10.45556640625,9.357635,3.586543
588,6.837209302325582,1899.0,5.45556640625,4.368693,6.474578
589,6.848837209302325,1894.0,0.45556640625,1.019332,9.584822
590,6.86046511627907,1886.0,-7.54443359375,-1.005379,12.302761
591,6.872093023255814,1893.0,-0.54443359375,-2.177007,13.95698
592,6.883720930232558,1889.0,-4.54443359375,-3.436578,13.811021
593,6.895348837209303,1876.0,-17.54443359375,-5.322331,11.561531
594,6.906976744186046,1877.0,-16.54443359375,-8.123819,7.346821
595,6.9186046511627906,1884.0,-9.54443359375,-11.556404,1.951628
596,6.930232558139535,1872.0,-21.54443359375,-15.045972,-3.603279
597,6.941860465116279,1879.0,-14.54443359375,-18.001276,-8.302983
598,6.953488372093023,1872.0,-21.54443359375,-19.832003,-11.528763
599,6.965116279069767,1871.0,-22.54443359375,-20.437151,-13.281055
600,6.976744186046512,1876.0,-17.54443359375,-19.668648,-13.943174
601,6.988372093023256,1872.0,-21.54443359375,-17.779812,-14.135824
602,7.0,1875.0,-18.54443359375,-14.673695,-14.113952
603,7.011627906976744,1879.0,-14.54443359375,-10.415697,-13.772733
604,7.023255813953488,1891.0,-2.54443359375,-4.798062,-12.464264
605,7.034883720930233,1884.0,-9.54443359375,2.070634,-9.574612
606,7.046511627906977,1889.0,-4.54443359375,9.883859,-4.7393
607,7.058139534883721,1888.0,-5.54443359375,17.943359,1.704529
608,7.069767441860465,1893.0,-0.54443359375,25.127405,8.733229
609,7.081395348837209,1889.0,-4.54443359375,30.399694,14.979165
610,7.093023255813954,1887.0,-6.54443359375,32.686172,19.104893
611,7.104651162790698,1893.0,-0.54443359375,31.646561,20.413555
612,7.116279069767441,1897.0,3.45556640625,27.245396,18.886824
613,7.127906976744186,1889.0,-4.54443359375,20.211935,15.249151
614,7.1395348837209305,1893.0,-0.54443359375,11.390803,10.479952
615,7.151162790697675,1890.0,-3.54443359375,1.828083,5.509772
616,7.162790697674419,1899.0,5.45556640625,-7.645332,0.880227
617,7.174418604651162,1899.0,5.45556640625,-16.411716,-3.291048
618,7.186046511627907,1894.0,0.45556640625,-23.95647,-7.07655
619,7.1976744186046515,1895.0,1.45556640625,-29.85644,-10.449318
620,7.209302325581395,1899.0,5.45556640625,-33.457367,-13.096699
621,7.22093023255814,1897.0,3.45556640625,-34.256844,-14.500729
622,7.232558139534884,1900.0,6.45556640625,-31.644861,-14.079962
623,7.2441860465116275,1895.0,1.45556640625,-25.636236,-11.65191
624,7.2558139534883725,1902.0,8.45556640625,-16.614775,-7.530957
625,7.267441860465116,1901.0,7.45556640625,-5.75796,-2.613743
626,7.27906976744186,1903.0,9.45556640625,5.4642,1.949563
627,7.290697674418605,1904.0,10.45556640625,15.494946,5.178518
628,7.3023255813953485,1904.0,10.45556640625,23.088779,6.537497
629,7.313953488372094,1904.0,10.45556640625,27.712381,6.218668
630,7.325581395348837,1892.0,-1.54443359375,29.331997,4.887589
631,7.337209302325581,1891.0,-2.54443359375,28.493649,3.429516
632,7.348837209302326,1876.0,-17.54443359375,25.66642,2.474453
633,7.3604651162790695,1885.0,-8.54443359375,21.332506,2.215876
634,7.372093023255814,1872.0,-21.54443359375,15.555024,2.331599
635,7.383720930232559,1874.0,-19.54443359375,8.44717,2.269258
636,7.395348837209302,1860.0,-33.54443359375,0.184332,1.580783
637,7.406976744186046,1878.0,-15.54443359375,-8.581717,0.194822
638,7.4186046511627906,1867.0,-26.54443359375,-16.788904,-1.50591
639,7.430232558139535,1862.0,-31.54443359375,-23.177185,-2.86532
640,7.44186046511628,1866.0,-27.54443359375,-26.569927,-3.207977
641,7.453488372093023,1865.0,-28.54443359375,-26.433414,-2.228767
642,7.465116279069767,1887.0,-6.54443359375,-22.881636,-0.081636
643,7.476744186046512,1872.0,-21.54443359375,-16.856436,2.565207
644,7.488372093023256,1903.0,9.45556640625,-9.550606,4.909922
645,7.5,1895.0,1.45556640625,-2.2859,6.190875
646,7.511627906976744,1911.0,17.45556640625,4.066781,6.021934
647,7.523255813953488,1909.0,15.45556640625,8.998178,4.421066
648,7.534883720930233,1920.0,26.45556640625,12.448505,1.778101
649,7.546511627906977,1919.0,25.45556640625,14.459386,-1.416263
650,7.558139534883721,1915.0,21.45556640625,15.085081,-4.650803
651,7.569767441860464,1918.0,24.45556640625,14.36299,-7.523147
652,7.5813953488372094,1901.0,7.45556640625,12.317396,-9.704605
653,7.593023255813954,1904.0,10.45556640625,9.203717,-10.931069
654,7.604651162790698,1882.0,-11.54443359375,5.454485,-10.900316
655,7.616279069767442,1894.0,0.45556640625,1.733249,-9.403815
656,7.627906976744185,1877.0,-16.54443359375,-1.425483,-6.399199
657,7.6395348837209305,1886.0,-7.54443359375,-3.667379,-2.177249
658,7.651162790697675,1872.0,-21.54443359375,-5.08044,2.64113
659,7.662790697674418,1882.0,-11.54443359375,-5.949954,7.219678
660,7.674418604651163,1883.0,-10.54443359375,-6.686925,10.723646
661,7.686046511627907,1873.0,-20.54443359375,-7.460184,12.591599
662,7.697674418604651,1904.0,10.45556640625,-8.115433,12.705257
663,7.709302325581396,1893.0,-0.54443359375,-8.23398,11.351931
664,7.720930232558139,1917.0,23.45556640625,-7.345824,9.071115
665,7.732558139534884,1911.0,17.45556640625,-5.229743,6.443183
666,7.744186046511628,1938.0,44.45556640625,-2.048003,3.838023
667,7.755813953488372,1938.0,44.45556640625,1.569072,1.342878
668,7.767441860465117,1937.0,43.45556640625,4.864158,-1.168296
669,7.77906976744186,1953.0,59.45556640625,7.155305,-3.799812
670,7.790697674418604,1937.0,43.45556640625,8.106091,-6.593028
671,7.802325581395349,1945.0,51.45556640625,7.77919,-9.309263
672,7.813953488372093,1929.0,35.45556640625,6.566759,-11.562672
673,7.825581395348837,1938.0,44.45556640625,4.895585,-12.923694
674,7.837209302325581,1925.0,31.45556640625,3.126361,-13.057328
675,7.848837209302326,1927.0,33.45556640625,1.425538,-11.829859
676,7.86046511627907,1894.0,0.45556640625,-0.183458,-9.302395
677,7.872093023255814,1904.0,10.45556640625,-1.660878,-5.697865
678,7.883720930232558,1886.0,-7.54443359375,-2.984982,-1.363466
679,7.895348837209302,1885.0,-8.54443359375,-4.028622,3.268461
680,7.9069767441860455,1881.0,-12.54443359375,-4.779723,7.663046
681,7.918604651162791,1879.0,-14.54443359375,-5.235026,11.267014
682,7.930232558139535,1884.0,-9.54443359375,-5.550652,13.534966
683,7.941860465116279,1878.0,-15.54443359375,-5.812052,14.124033
684,7.953488372093023,1901.0,7.45556640625,-5.971234,12.989433
685,7.9651162790697665,1890.0,-3.54443359375,-5.765635,10.459091
686,7.9767441860465125,1916.0,22.45556640625,-4.751349,7.137422
687,7.988372093023257,1910.0,16.45556640625,-2.594033,3.723665
688,8.0,1939.0,45.45556640625,0.826017,0.790832
689,8.011627906976743,1926.0,32.45556640625,5.027425,-1.482404
690,8.023255813953488,1963.0,69.45556640625,9.239694,-3.224345
691,8.034883720930232,1953.0,59.45556640625,12.382568,-4.800711
692,8.046511627906977,1968.0,74.45556640625,13.693805,-6.494872
693,8.058139534883722,1967.0,73.45556640625,12.827463,-8.327621
694,8.069767441860465,1967.0,73.45556640625,10.124547,-9.947255
695,8.081395348837209,1969.0,75.45556640625,6.325058,-10.837645
696,8.093023255813954,1953.0,59.45556640625,2.310945,-10.48838
697,8.104651162790699,1963.0,69.45556640625,-1.252947,-8.758678
698,8.116279069767442,1926.0,32.45556640625,-4.205975,-5.942819
699,8.127906976744185,1936.0,42.45556640625,-6.678738,-2.703203
700,8.13953488372093,1904.0,10.45556640625,-9.054765,0.223375
701,8.151162790697674,1909.0,15.45556640625,-11.477476,2.25649
702,8.162790697674417,1889.0,-4.54443359375,-13.845877,3.254772
703,8.174418604651164,1903.0,9.45556640625,-15.619131,3.486395
704,8.186046511627907,1899.0,5.45556640625,-16.143625,3.499765
705,8.19767441860465,1896.0,2.45556640625,-14.810717,3.83864
706,8.209302325581396,1913.0,19.45556640625,-11.332414,4.846417
707,8.220930232558139,1903.0,9.45556640625,-5.903268,6.47927
708,8.232558139534884,1936.0,42.45556640625,0.927021,8.397343
709,8.24418604651163,1933.0,39.45556640625,8.230317,10.042755
710,8.255813953488373,1973.0,79.45556640625,15.041711,10.835908
711,8.267441860465116,1962.0,68.45556640625,20.333525,10.319942
712,8.279069767441861,1999.0,105.45556640625,23.411854,8.293051
713,8.290697674418604,1983.0,89.45556640625,23.810375,4.857779
714,8.30232558139535,1995.0,101.45556640625,21.528345,0.36879
715,8.313953488372093,1997.0,103.45556640625,16.967144,-4.511353
716,8.325581395348838,1991.0,97.45556640625,10.841384,-9.074128
717,8.337209302325581,1985.0,91.45556640625,4.033404,-12.612271
718,8.348837209302324,1967.0,73.45556640625,-2.660931,-14.654954
719,8.36046511627907,1969.0,75.45556640625,-8.670293,-15.061506
720,8.372093023255815,1939.0,45.45556640625,-13.775426,-14.044313
721,8.383720930232558,1950.0,56.45556640625,-17.894003,-12.022926
722,8.395348837209303,1920.0,26.45556640625,-21.022135,-9.430042
723,8.406976744186046,1931.0,37.45556640625,-22.961031,-6.547682
724,8.41860465116279,1917.0,23.45556640625,-23.353952,-3.408991
725,8.430232558139535,1913.0,19.45556640625,-21.727892,0.157091
726,8.44186046511628,1942.0,48.45556640625,-17.802092,4.273899
727,8.453488372093023,1927.0,33.45556640625,-11.749334,8.788183
728,8.465116279069766,1968.0,74.45556640625,-4.198648,13.180153
729,8.476744186046512,1947.0,53.45556640625,3.752969,16.610846
730,8.488372093023255,2007.0,113.45556640625,11.039904,18.220293
731,8.5,1991.0,97.45556640625,16.73135,17.413158
732,8.511627906976745,2026.0,132.45556640625,20.468147,14.158704
733,8.523255813953488,2024.0,130.45556640625,22.298765,9.052445
734,8.534883720930232,2027.0,133.45556640625,22.595385,3.110691
735,8.546511627906977,2023.0,129.45556640625,21.692131,-2.527699
736,8.558139534883722,2000.0,106.45556640625,19.717272,-6.993448
737,8.569767441860465,2027.0,133.45556640625,16.604277,-9.846611
738,8.58139534883721,1989.0,95.45556640625,12.137073,-11.190379
739,8.593023255813954,2000.0,106.45556640625,6.332677,-11.390894
740,8.604651162790697,1958.0,64.45556640625,-0.531328,-10.921893
741,8.61627906976744,1971.0,77.45556640625,-7.740175,-10.059811
742,8.627906976744187,1934.0,40.45556640625,-14.4508,-8.877725
743,8.63953488372093,1947.0,53.45556640625,-19.820356,-7.27438
744,8.651162790697674,1925.0,31.45556640625,-23.327112,-5.155916
745,8.662790697674419,1933.0,39.45556640625,-24.784855,-2.551521
746,8.674418604651162,1927.0,33.45556640625,-24.340401,0.281178
747,8.686046511627907,1923.0,29.45556640625,-22.299082,2.965105
748,8.697674418604652,1949.0,55.45556640625,-18.965242,5.039852
749,8.709302325581396,1926.0,32.45556640625,-14.608854,6.216856
750,8.720930232558139,1968.0,74.45556640625,-9.315945,6.43834
751,8.732558139534884,1966.0,72.45556640625,-3.226516,5.92954
752,8.744186046511627,1995.0,101.45556640625,3.52691,5.072841
753,8.755813953488373,1984.0,90.45556640625,10.623136,4.310085
754,8.767441860465116,2002.0,108.45556640625,17.647055,3.953012
755,8.779069767441861,2000.0,106.45556640625,23.985641,4.09524
756,8.790697674418604,2003.0,109.45556640625,28.931137,4.546265
757,8.802325581395348,2002.0,108.45556640625,31.736198,4.953281
758,8.813953488372094,1991.0,97.45556640625,31.744534,4.908789
759,8.825581395348838,2000.0,106.45556640625,28.586361,4.111671
760,8.837209302325581,1966.0,72.45556640625,22.242928,2.444805
761,8.848837209302326,1989.0,95.45556640625,13.281071,0.080918
762,8.86046511627907,1947.0,53.45556640625,2.612054,-2.686306
763,8.872093023255813,1951.0,57.45556640625,-8.456965,-5.403814
764,8.88372093023256,1935.0,41.45556640625,-18.677486,-7.710344
765,8.895348837209303,1943.0,49.45556640625,-26.996798,-9.335646
766,8.906976744186046,1931.0,37.45556640625,-32.828209,-10.206175
767,8.91860465116279,1926.0,32.45556640625,-35.909077,-10.278412
768,8.930232558139535,1936.0,42.45556640625,-36.238567,-9.575623
769,8.941860465116278,1936.0,42.45556640625,-33.896965,-8.113447
770,8.953488372093023,1951.0,57.45556640625,-28.890553,-5.92235
771,8.965116279069768,1934.0,40.45556640625,-21.274588,-3.084282
772,8.976744186046512,1963.0,69.45556640625,-11.182604,0.268806
773,8.988372093023255,1958.0,64.45556640625,0.742114,3.806265
774,9.0,1995.0,101.45556640625,13.466611,7.174294
775,9.011627906976745,1979.0,85.45556640625,25.435774,9.912827
776,9.023255813953488,1995.0,101.45556640625,35.073463,11.744841
777,9.034883720930234,1997.0,103.45556640625,41.033566,12.507641
778,9.046511627906977,1993.0,99.45556640625,42.613255,12.294764
779,9.05813953488372,1990.0,96.45556640625,39.861217,11.271334
780,9.069767441860463,1979.0,85.45556640625,33.447906,9.678082
781,9.08139534883721,1980.0,86.45556640625,24.413496,7.63942
782,9.093023255813954,1951.0,57.45556640625,13.745318,5.171266
783,9.104651162790697,1968.0,74.45556640625,2.309995,2.197139
784,9.116279069767442,1939.0,45.45556640625,-9.350394,-1.378569
785,9.127906976744185,1947.0,53.45556640625,-20.644276,-5.480772
786,9.13953488372093,1936.0,42.45556640625,-30.904558,-9.825209
787,9.151162790697676,1933.0,39.45556640625,-39.144234,-13.898518
788,9.162790697674419,1926.0,32.45556640625,-44.233963,-17.053061
789,9.174418604651162,1921.0,27.45556640625,-45.101646,-18.657719
790,9.186046511627907,1922.0,28.45556640625,-41.110558,-18.26119
791,9.19767441860465,1919.0,25.45556640625,-32.397236,-15.767204
792,9.209302325581396,1930.0,36.45556640625,-19.849236,-11.371945
793,9.220930232558139,1927.0,33.45556640625,-5.109574,-5.63602
794,9.232558139534884,1937.0,43.45556640625,9.894746,0.694398
795,9.244186046511627,1939.0,45.45556640625,23.233475,6.81274
796,9.25581395348837,1952.0,58.45556640625,33.439705,11.98143
797,9.267441860465118,1952.0,58.45556640625,39.624477,15.678265
798,9.279069767441861,1954.0,60.45556640625,41.546177,17.601231
799,9.290697674418604,1951.0,57.45556640625,39.543007,17.815115
800,9.30232558139535,1943.0,49.45556640625,34.283604,16.597221
801,9.313953488372093,1949.0,55.45556640625,26.658323,14.433386
802,9.325581395348836,1929.0,35.45556640625,17.504314,11.782637
803,9.337209302325583,1936.0,42.45556640625,7.630259,8.977934
804,9.348837209302326,1915.0,21.45556640625,-2.364393,6.080101
805,9.36046511627907,1933.0,39.45556640625,-11.922712,2.925666
806,9.372093023255813,1905.0,11.45556640625,-20.658163,-0.797777
807,9.383720930232558,1913.0,19.45556640625,-28.037756,-5.236994
808,9.395348837209303,1901.0,7.45556640625,-33.507641,-10.220184
809,9.406976744186046,1892.0,-1.54443359375,-36.418015,-15.179121
810,9.418604651162791,1911.0,17.45556640625,-36.170124,-19.21048
811,9.430232558139535,1900.0,6.45556640625,-32.476196,-21.471424
812,9.441860465116278,1922.0,28.45556640625,-25.448978,-21.383984
813,9.453488372093023,1917.0,23.45556640625,-15.820295,-18.958157
814,9.465116279069768,1933.0,39.45556640625,-4.711971,-14.693157
815,9.476744186046512,1921.0,27.45556640625,6.439373,-9.418375
816,9.488372093023257,1953.0,59.45556640625,16.384943,-3.899374
817,9.5,1931.0,37.45556640625,24.12081,1.380861
818,9.511627906976743,1957.0,63.45556640625,29.255035,6.382128
819,9.523255813953487,1953.0,59.45556640625,31.694071,11.236538
820,9.534883720930234,1968.0,74.45556640625,31.677803,15.995897
821,9.546511627906977,1968.0,74.45556640625,29.400953,20.325226
822,9.55813953488372,1969.0,75.45556640625,25.035297,23.48177
823,9.569767441860465,1967.0,73.45556640625,18.732906,24.529411
824,9.581395348837209,1968.0,74.45556640625,10.800347,22.82449
825,9.593023255813954,1962.0,68.45556640625,1.842411,18.272036
826,9.604651162790699,1949.0,55.45556640625,-7.266363,11.590828
827,9.616279069767442,1960.0,66.45556640625,-15.439597,4.00665
828,9.627906976744185,1942.0,48.45556640625,-21.831511,-3.178411
829,9.63953488372093,1941.0,47.45556640625,-25.882315,-9.085369
830,9.651162790697674,1938.0,44.45556640625,-27.577312,-13.464132
831,9.662790697674419,1939.0,45.45556640625,-27.216084,-16.667747
832,9.674418604651162,1950.0,56.45556640625,-25.23893,-19.20731
833,9.686046511627907,1945.0,51.45556640625,-21.909296,-21.319592
834,9.69767441860465,1955.0,61.45556640625,-17.21283,-22.663845
835,9.709302325581394,1943.0,49.45556640625,-11.017627,-22.453213
836,9.72093023255814,1964.0,70.45556640625,-3.241812,-19.779205
837,9.732558139534884,1959.0,65.45556640625,5.684011,-14.248689
838,9.744186046511627,1972.0,78.45556640625,14.860121,-6.265556
839,9.755813953488373,1967.0,73.45556640625,22.874838,2.905706
840,9.767441860465116,1987.0,93.45556640625,28.3479,11.553736
841,9.77906976744186,1981.0,87.45556640625,30.187323,18.053366
842,9.790697674418606,1983.0,89.45556640625,28.156712,21.467001
843,9.80232558139535,1978.0,84.45556640625,22.817598,21.74612
844,9.813953488372093,1975.0,81.45556640625,15.433767,19.649403
845,9.825581395348838,1979.0,85.45556640625,7.521991,16.289385
846,9.837209302325581,1970.0,76.45556640625,0.356519,12.672381
847,9.848837209302326,1977.0,83.45556640625,-5.325716,9.294682
848,9.86046511627907,1963.0,69.45556640625,-9.497241,6.135943
849,9.872093023255815,1968.0,74.45556640625,-12.556129,2.808489
850,9.883720930232558,1956.0,62.45556640625,-15.128195,-1.047247
851,9.895348837209301,1956.0,62.45556640625,-17.54484,-5.489697
852,9.906976744186046,1955.0,61.45556640625,-19.753126,-10.113885
853,9.918604651162791,1943.0,49.45556640625,-21.190622,-14.16691
854,9.930232558139535,1958.0,64.45556640625,-21.033176,-16.789394
855,9.94186046511628,1963.0,69.45556640625,-18.594765,-17.381855
856,9.953488372093023,1968.0,74.45556640625,-13.573516,-15.76936
857,9.965116279069766,1971.0,77.45556640625,-6.39784,-12.322287
858,9.976744186046512,1973.0,79.45556640625,1.956922,-7.799522
859,9.988372093023257,1968.0,74.45556640625,10.043411,-3.107373
860,10.0,1995.0,101.45556640625,16.595182,1.008386
861,10.011627906976743,1983.0,89.45556640625,20.639946,4.106771
862,10.023255813953488,2009.0,115.45556640625,21.980295,6.173866
863,10.034883720930232,1998.0,104.45556640625,20.962196,7.492895
864,10.046511627906977,2016.0,122.45556640625,18.349251,8.419482
865,10.058139534883722,2010.0,116.45556640625,14.873714,9.161303
866,10.069767441860465,2012.0,118.45556640625,10.948727,9.612039
867,10.081395348837209,2014.0,120.45556640625,6.689295,9.446104
868,10.093023255813954,1993.0,99.45556640625,1.891082,8.218233
869,10.104651162790699,2004.0,110.45556640625,-3.465995,5.744558
870,10.116279069767442,1977.0,83.45556640625,-9.183874,2.203643
871,10.127906976744187,1985.0,91.45556640625,-14.505877,-1.692792
872,10.13953488372093,1967.0,73.45556640625,-18.524624,-4.999304
873,10.151162790697674,1972.0,78.45556640625,-20.327911,-6.80264
874,10.162790697674417,1968.0,74.45556640625,-19.539694,-6.688661
875,10.174418604651164,1968.0,74.45556640625,-16.418724,-4.909039
876,10.186046511627907,1971.0,77.45556640625,-11.834628,-2.366679
877,10.19767441860465,1969.0,75.45556640625,-6.942836,-0.237781
878,10.209302325581396,1990.0,96.45556640625,-2.632275,0.518806
879,10.220930232558139,1968.0,74.45556640625,0.622258,-0.455958
880,10.232558139534882,1981.0,87.45556640625,3.110301,-2.646214
881,10.24418604651163,1968.0,74.45556640625,5.433053,-4.921427
882,10.255813953488373,1994.0,100.45556640625,8.265943,-5.998688
883,10.267441860465116,1977.0,83.45556640625,11.731684,-5.075464
884,10.279069767441861,1999.0,105.45556640625,15.394048,-2.156554
885,10.290697674418604,1994.0,100.45556640625,18.218081,1.861584
886,10.30232558139535,1998.0,104.45556640625,19.067381,5.546029
887,10.313953488372093,1996.0,102.45556640625,17.170631,7.552532
888,10.325581395348838,1991.0,97.45556640625,12.486249,7.176371
889,10.337209302325581,1999.0,105.45556640625,5.851737,4.688827
890,10.348837209302324,1982.0,88.45556640625,-1.436891,1.109184
891,10.36046511627907,1988.0,94.45556640625,-7.890826,-2.120629
892,10.372093023255815,1969.0,75.45556640625,-12.552344,-3.907963
893,10.383720930232558,1972.0,78.45556640625,-15.078246,-3.809577
894,10.395348837209303,1970.0,76.45556640625,-15.824486,-2.240824
895,10.406976744186046,1967.0,73.45556640625,-15.44324,-0.096352
896,10.41860465116279,1965.0,71.45556640625,-14.520048,1.640804
897,10.430232558139537,1963.0,69.45556640625,-13.266075,2.426413
898,10.44186046511628,1969.0,75.45556640625,-11.452051,2.293605
899,10.453488372093023,1970.0,76.45556640625,-8.688101,1.761513
900,10.465116279069766,1984.0,90.45556640625,-4.706371,1.410256
901,10.476744186046512,1982.0,88.45556640625,0.240454,1.510843
902,10.488372093023255,1984.0,90.45556640625,5.49257,1.874261
903,10.5,1989.0,95.45556640625,10.086963,1.970849
904,10.511627906976745,1986.0,92.45556640625,13.24782,1.290677
905,10.523255813953488,1981.0,87.45556640625,14.594162,-0.356546
906,10.534883720930232,1997.0,103.45556640625,14.343822,-2.604888
907,10.546511627906977,1994.0,100.45556640625,13.059767,-4.746988
908,10.558139534883722,1991.0,97.45556640625,11.348102,-6.00458
909,10.569767441860465,1995.0,101.45556640625,9.535007,-5.962642
910,10.58139534883721,1974.0,80.45556640625,7.493818,-4.757812
911,10.593023255813954,1979.0,85.45556640625,4.889228,-2.949562
912,10.604651162790697,1968.0,74.45556640625,1.349225,-1.287274
913,10.61627906976744,1971.0,77.45556640625,-3.042659,-0.225449
914,10.627906976744187,1962.0,68.45556640625,-7.783891,0.225231
915,10.63953488372093,1962.0,68.45556640625,-11.96812,0.506469
916,10.651162790697674,1959.0,65.45556640625,-14.721464,1.195656
917,10.662790697674419,1963.0,69.45556640625,-15.54019,2.646212
918,10.674418604651162,1958.0,64.45556640625,-14.526019,4.705981
919,10.686046511627907,1959.0,65.45556640625,-12.284389,6.75867
920,10.697674418604652,1965.0,71.45556640625,-9.607266,7.989032
921,10.709302325581396,1963.0,69.45556640625,-7.107244,7.767018
922,10.720930232558139,1953.0,59.45556640625,-4.905881,5.978523
923,10.732558139534884,1966.0,72.45556640625,-2.645849,3.121175
924,10.744186046511627,1966.0,72.45556640625,0.239397,0.050696
925,10.755813953488373,1953.0,59.45556640625,4.140788,-2.345526
926,10.767441860465116,1969.0,75.45556640625,9.007204,-3.488049
927,10.779069767441861,1968.0,74.45556640625,14.141309,-3.397885
928,10.790697674418604,1967.0,73.45556640625,18.418613,-2.598644
929,10.802325581395348,1968.0,74.45556640625,20.635775,-1.907221
930,10.813953488372093,1967.0,73.45556640625,19.91456,-2.05279
931,10.825581395348838,1971.0,77.45556640625,16.072094,-3.383301
932,10.837209302325581,1966.0,72.45556640625,9.645145,-5.69761
933,10.848837209302326,1973.0,79.45556640625,1.855423,-8.26775
934,10.86046511627907,1957.0,63.45556640625,-5.841596,-10.112925
935,10.872093023255813,1959.0,65.45556640625,-12.001255,-10.256155
936,10.88372093023256,1951.0,57.45556640625,-15.724128,-8.137183
937,10.895348837209303,1958.0,64.45556640625,-16.734489,-3.802488
938,10.906976744186046,1957.0,63.45556640625,-15.469361,2.029637
939,10.91860465116279,1960.0,66.45556640625,-12.844533,8.099889
940,10.930232558139535,1953.0,59.45556640625,-9.862038,13.044212
941,10.941860465116278,1953.0,59.45556640625,-7.312222,15.706373
942,10.953488372093023,1951.0,57.45556640625,-5.462572,15.567583
943,10.965116279069768,1945.0,51.45556640625,-4.096591,12.815422
944,10.976744186046512,1957.0,63.45556640625,-2.616068,8.332055
945,10.988372093023255,1957.0,63.45556640625,-0.485484,3.268677
946,11.0,1952.0,58.45556640625,2.60576,-1.200675
947,11.011627906976745,1951.0,57.45556640625,6.434235,-4.349884
948,11.023255813953488,1968.0,74.45556640625,10.415038,-5.920537
949,11.034883720930234,1955.0,61.45556640625,13.691587,-6.206224
950,11.046511627906977,1963.0,69.45556640625,15.554021,-5.706748
951,11.05813953488372,1963.0,69.45556640625,15.569346,-5.004516
952,11.069767441860463,1956.0,62.45556640625,13.69311,-4.499156
953,11.08139534883721,1964.0,70.45556640625,10.210457,-4.399785
954,11.093023255813954,1951.0,57.45556640625,5.571107,-4.678975
955,11.104651162790697,1945.0,51.45556640625,0.315225,-5.173569
956,11.116279069767442,1937.0,43.45556640625,-5.019194,-5.608171
957,11.127906976744185,1941.0,47.45556640625,-9.815154,-5.643651
958,11.13953488372093,1936.0,42.45556640625,-13.486659,-4.96457
959,11.151162790697676,1939.0,45.45556640625,-15.492106,-3.366831
960,11.162790697674419,1937.0,43.45556640625,-15.526301,-0.8565
961,11.174418604651162,1933.0,39.45556640625,-13.656871,2.252934
962,11.186046511627907,1936.0,42.45556640625,-10.339521,5.407173
963,11.19767441860465,1943.0,49.45556640625,-6.344871,7.909498
964,11.209302325581396,1942.0,48.45556640625,-2.453982,9.211963
965,11.220930232558139,1941.0,47.45556640625,0.776214,9.092661
966,11.232558139534884,1947.0,53.45556640625,3.254902,7.819223
967,11.244186046511627,1942.0,48.45556640625,5.212471,5.952991
968,11.25581395348837,1945.0,51.45556640625,7.036982,4.161551
969,11.267441860465118,1942.0,48.45556640625,8.88905,2.84047
970,11.279069767441861,1941.0,47.45556640625,10.591486,1.993483
971,11.290697674418604,1941.0,47.45556640625,11.595129,1.230212
972,11.30232558139535,1933.0,39.45556640625,11.261813,0.027368
973,11.313953488372093,1935.0,41.45556640625,9.214128,-1.95944
974,11.325581395348836,1931.0,37.45556640625,5.571141,-4.620913
975,11.337209302325583,1933.0,39.45556640625,1.016261,-7.402629
976,11.348837209302326,1923.0,29.45556640625,-3.47692,-9.50299
977,11.36046511627907,1926.0,32.45556640625,-6.928198,-10.19846
978,11.372093023255815,1923.0,29.45556640625,-8.771124,-9.190042
979,11.383720930232558,1920.0,26.45556640625,-8.939377,-6.7355
980,11.395348837209301,1923.0,29.45556640625,-7.846424,-3.524707
981,11.406976744186046,1924.0,30.45556640625,-6.135055,-0.434014
982,11.418604651162791,1926.0,32.45556640625,-4.401289,1.839352
983,11.430232558139535,1930.0,36.45556640625,-3.042857,2.968702
984,11.441860465116278,1935.0,41.45556640625,-2.154769,3.076586
985,11.453488372093023,1931.0,37.45556640625,-1.63222,2.616199
986,11.465116279069768,1935.0,41.45556640625,-1.256199,2.144689
987,11.476744186046512,1934.0,40.45556640625,-0.812075,2.110548
988,11.488372093023257,1934.0,40.45556640625,-0.122271,2.65791
989,11.5,1919.0,25.45556640625,0.885491,3.684504
990,11.511627906976743,1931.0,37.45556640625,2.274455,4.902656
991,11.523255813953488,1929.0,35.45556640625,3.895502,5.896874
992,11.534883720930234,1929.0,35.45556640625,5.512322,6.293227
993,11.546511627906977,1919.0,25.45556640625,6.711503,5.842491
994,11.55813953488372,1920.0,26.45556640625,7.113099,4.506404
995,11.569767441860465,1931.0,37.45556640625,6.446207,2.447997
996,11.581395348837209,1920.0,26.45556640625,4.694124,0.002739
997,11.593023255813954,1917.0,23.45556640625,2.200422,-2.380991
998,11.604651162790699,1920.0,26.45556640625,-0.495542,-4.296149
999,11.616279069767442,1917.0,23.45556640625,-2.770862,-5.476238
1000,11.627906976744185,1924.0,30.45556640625,-4.224801,-5.905356
1001,11.63953488372093,1923.0,29.45556640625,-4.757251,-5.788486
1002,11.651162790697674,1917.0,23.45556640625,-4.634553,-5.492869
1003,11.662790697674419,1925.0,31.45556640625,-4.279273,-5.347395
1004,11.674418604651164,1939.0,45.45556640625,-4.101306,-5.508709
1005,11.686046511627907,1927.0,33.45556640625,-4.305133,-5.898512
1006,11.69767441860465,1939.0,45.45556640625,-4.736465,-6.139772
1007,11.709302325581394,1933.0,39.45556640625,-5.030622,-5.748109
1008,11.72093023255814,1935.0,41.45556640625,-4.668904,-4.227486
1009,11.732558139534884,1936.0,42.45556640625,-3.320742,-1.381198
1010,11.744186046511627,1935.0,41.45556640625,-0.905113,2.635547
1011,11.755813953488373,1934.0,40.45556640625,2.264794,7.237775
1012,11.767441860465116,1947.0,53.45556640625,5.654736,11.590539
1013,11.77906976744186,1936.0,42.45556640625,8.50865,14.693755
1014,11.790697674418606,1935.0,41.45556640625,10.19909,15.771653
1015,11.80232558139535,1936.0,42.45556640625,10.297838,14.434147
1016,11.813953488372093,1936.0,42.45556640625,8.72084,10.822071
1017,11.825581395348838,1937.0,43.45556640625,5.73659,5.560915
1018,11.837209302325581,1936.0,42.45556640625,1.880469,-0.371302
1019,11.848837209302326,1947.0,53.45556640625,-2.134075,-5.911117
1020,11.86046511627907,1942.0,48.45556640625,-5.671316,-10.202449
1021,11.872093023255815,1938.0,44.45556640625,-8.211068,-12.752013
1022,11.883720930232558,1936.0,42.45556640625,-9.505363,-13.493104
1023,11.895348837209301,1936.0,42.45556640625,-9.528878,-12.697972
1024,11.906976744186046,1921.0,27.45556640625,-8.452046,-10.800104
1025,11.918604651162791,1924.0,30.45556640625,-6.52245,-8.202505
1026,11.930232558139535,1930.0,36.45556640625,-4.031363,-5.224478
1027,11.94186046511628,1925.0,31.45556640625,-1.285733,-2.09931
1028,11.953488372093023,1934.0,40.45556640625,1.439763,0.970086
1029,11.965116279069766,1933.0,39.45556640625,3.845842,3.749667
1030,11.976744186046512,1932.0,38.45556640625,5.687341,5.942753
1031,11.988372093023257,1932.0,38.45556640625,6.776406,7.307151
1032,12.0,1942.0,48.45556640625,7.051327,7.712565
1033,12.011627906976743,1940.0,46.45556640625,6.584655,7.28184
1034,12.023255813953488,1939.0,45.45556640625,5.566794,6.31838
1035,12.034883720930232,1936.0,42.45556640625,4.204927,5.218611
1036,12.046511627906977,1933.0,39.45556640625,2.682269,4.287102
1037,12.058139534883722,1937.0,43.45556640625,1.0632,3.584699
1038,12.069767441860465,1927.0,33.45556640625,-0.702249,2.886809
1039,12.081395348837209,1933.0,39.45556640625,-2.626903,1.863022
1040,12.093023255813954,1923.0,29.45556640625,-4.677798,0.200307
1041,12.104651162790697,1923.0,29.45556640625,-6.593452,-2.083005
1042,12.116279069767442,1914.0,20.45556640625,-7.983969,-4.615814
1043,12.127906976744187,1923.0,29.45556640625,-8.379991,-6.743615
1044,12.13953488372093,1909.0,15.45556640625,-7.493715,-7.81431
1045,12.151162790697674,1915.0,21.45556640625,-5.29638,-7.427196
1046,12.162790697674417,1904.0,10.45556640625,-2.1566,-5.679719
1047,12.174418604651164,1901.0,7.45556640625,1.291108,-3.138813
1048,12.186046511627907,1893.0,-0.54443359375,4.282742,-0.665917
1049,12.19767441860465,1889.0,-4.54443359375,6.189451,0.92086
1050,12.209302325581396,1890.0,-3.54443359375,6.720442,1.190972
1051,12.220930232558139,1894.0,0.45556640625,5.995633,0.267025
1052,12.232558139534882,1888.0,-5.54443359375,4.455263,-1.243659
1053,12.24418604651163,1891.0,-2.54443359375,2.748366,-2.426016
1054,12.255813953488373,1898.0,4.45556640625,1.448295,-2.4779
1055,12.267441860465116,1891.0,-2.54443359375,0.807118,-1.081249
1056,12.279069767441861,1900.0,6.45556640625,0.764975,1.55318
1057,12.290697674418604,1891.0,-2.54443359375,0.922486,4.67041
1058,12.30232558139535,1903.0,9.45556640625,0.792816,7.328478
1059,12.313953488372093,1904.0,10.45556640625,-0.000372,8.703357
1060,12.325581395348838,1905.0,11.45556640625,-1.504452,8.419088
1061,12.337209302325581,1904.0,10.45556640625,-3.376493,6.664554
1062,12.348837209302324,1905.0,11.45556640625,-5.023316,4.052626
1063,12.36046511627907,1906.0,12.45556640625,-5.81628,1.360511
1064,12.372093023255815,1900.0,6.45556640625,-5.421814,-0.817744
1065,12.383720930232558,1908.0,14.45556640625,-3.900931,-2.236116
1066,12.395348837209303,1894.0,0.45556640625,-1.764416,-3.062499
1067,12.406976744186046,1895.0,1.45556640625,0.321806,-3.618558
1068,12.41860465116279,1895.0,1.45556640625,1.769636,-4.221419
1069,12.430232558139537,1893.0,-0.54443359375,2.338115,-4.952071
1070,12.44186046511628,1892.0,-1.54443359375,2.180133,-5.663315
1071,12.453488372093023,1892.0,-1.54443359375,1.719166,-6.078313
1072,12.465116279069766,1895.0,1.45556640625,1.379084,-5.989798
1073,12.476744186046512,1890.0,-3.54443359375,1.314887,-5.437278
1074,12.488372093023255,1888.0,-5.54443359375,1.387023,-4.601342
1075,12.5,1888.0,-5.54443359375,1.257104,-3.738449
1076,12.511627906976745,1891.0,-2.54443359375,0.654586,-2.910739
1077,12.523255813953488,1893.0,-0.54443359375,-0.382789,-1.948601
1078,12.534883720930232,1890.0,-3.54443359375,-1.397707,-0.413754
1079,12.546511627906977,1901.0,7.45556640625,-1.751653,2.050296
1080,12.558139534883722,1901.0,7.45556640625,-0.95194,5.471312
1081,12.569767441860465,1890.0,-3.54443359375,1.011775,9.330464
1082,12.58139534883721,1901.0,7.45556640625,3.549143,12.683678
1083,12.593023255813954,1903.0,9.45556640625,5.645585,14.453021
1084,12.604651162790697,1904.0,10.45556640625,6.270929,13.860635
1085,12.61627906976744,1904.0,10.45556640625,4.874087,10.80962
1086,12.627906976744187,1908.0,14.45556640625,1.658293,5.936317
1087,12.63953488372093,1911.0,17.45556640625,-2.449612,0.412706
1088,12.651162790697674,1918.0,24.45556640625,-6.188299,-4.555158
1089,12.662790697674419,1921.0,27.45556640625,-8.463601,-8.141573
1090,12.674418604651162,1914.0,20.45556640625,-8.772141,-10.156427
1091,12.686046511627906,1925.0,31.45556640625,-7.313512,-10.92399
1092,12.697674418604652,1920.0,26.45556640625,-4.836171,-10.988842
1093,12.709302325581396,1921.0,27.45556640625,-2.202486,-10.715332
1094,12.720930232558139,1922.0,28.45556640625,-0.048275,-10.09047
1095,12.732558139534884,1919.0,25.45556640625,1.403916,-8.829496
1096,12.744186046511627,1920.0,26.45556640625,2.307267,-6.570744
1097,12.755813953488373,1921.0,27.45556640625,2.922361,-3.306937
1098,12.767441860465116,1920.0,26.45556640625,3.404987,0.543118
1099,12.779069767441861,1917.0,23.45556640625,3.696283,4.194769
1100,12.790697674418604,1920.0,26.45556640625,3.622169,6.860942
1101,12.802325581395348,1925.0,31.45556640625,3.084899,8.113177
1102,12.813953488372093,1928.0,34.45556640625,2.202422,8.070934
1103,12.825581395348838,1923.0,29.45556640625,1.336842,7.330722
1104,12.837209302325581,1936.0,42.45556640625,0.924637,6.648027
1105,12.848837209302326,1932.0,38.45556640625,1.197721,6.517704
1106,12.86046511627907,1936.0,42.45556640625,2.009683,6.877945
1107,12.872093023255813,1936.0,42.45556640625,2.848427,7.188568
1108,12.88372093023256,1936.0,42.45556640625,3.050061,6.671934
1109,12.895348837209303,1936.0,42.45556640625,2.126249,4.791947
1110,12.906976744186046,1933.0,39.45556640625,0.044621,1.523706
1111,12.918604651162791,1936.0,42.45556640625,-2.704887,-2.529403
1112,12.930232558139535,1930.0,36.45556640625,-5.309903,-6.435021
1113,12.941860465116278,1939.0,45.45556640625,-6.956204,-9.274444
1114,12.953488372093023,1935.0,41.45556640625,-7.203393,-10.559358
1115,12.965116279069768,1936.0,42.45556640625,-6.143177,-10.401937
1116,12.976744186046512,1936.0,42.45556640625,-4.314489,-9.320713
1117,12.988372093023255,1936.0,42.45556640625,-2.427141,-7.970355
1118,13.0,1936.0,42.45556640625,-1.006979,-6.731614
1119,13.011627906976745,1929.0,35.45556640625,-0.215655,-5.633175
1120,13.023255813953488,1935.0,41.45556640625,0.234409,-4.252259
1121,13.034883720930234,1936.0,42.45556640625,0.80479,-2.134222
1122,13.046511627906977,1926.0,32.45556640625,1.855395,0.966866
1123,13.05813953488372,1936.0,42.45556640625,3.407967,4.798903
1124,13.069767441860465,1926.0,32.45556640625,5.062721,8.655706
1125,13.08139534883721,1917.0,23.45556640625,6.231352,11.62722
1126,13.093023255813954,1925.0,31.45556640625,6.378877,12.946326
1127,13.104651162790697,1919.0,25.45556640625,5.284859,12.25626
1128,13.116279069767442,1910.0,16.45556640625,3.202801,9.795764
1129,13.127906976744185,1920.0,26.45556640625,0.752937,6.266062
1130,13.13953488372093,1908.0,14.45556640625,-1.359383,2.511847
1131,13.151162790697676,1920.0,26.45556640625,-2.598289,-0.713459
1132,13.162790697674419,1925.0,31.45556640625,-2.864015,-3.099883
1133,13.174418604651162,1934.0,40.45556640625,-2.447438,-4.698386
1134,13.186046511627907,1935.0,41.45556640625,-1.846781,-5.816399
1135,13.19767441860465,1930.0,36.45556640625,-1.546057,-6.79356
1136,13.209302325581396,1936.0,42.45556640625,-1.714302,-7.723945
1137,13.22093023255814,1937.0,43.45556640625,-2.20673,-8.444864
1138,13.232558139534884,1936.0,42.45556640625,-2.6364,-8.577594
1139,13.244186046511627,1936.0,42.45556640625,-2.60657,-7.743773
1140,13.25581395348837,1936.0,42.45556640625,-1.942352,-5.782977
1141,13.267441860465116,1938.0,44.45556640625,-0.806122,-2.900552
1142,13.279069767441861,1925.0,31.45556640625,0.390138,0.414635
1143,13.290697674418604,1931.0,37.45556640625,1.168446,3.478633
1144,13.30232558139535,1921.0,27.45556640625,1.20205,5.683516
1145,13.313953488372093,1922.0,28.45556640625,0.515896,6.695009
1146,13.325581395348836,1904.0,10.45556640625,-0.554246,6.564142
1147,13.337209302325583,1905.0,11.45556640625,-1.463189,5.661296
1148,13.348837209302326,1902.0,8.45556640625,-1.746865,4.497963
1149,13.36046511627907,1907.0,13.45556640625,-1.171391,3.511811
1150,13.372093023255815,1904.0,10.45556640625,0.131712,2.87907
1151,13.383720930232558,1898.0,4.45556640625,1.760265,2.504057
1152,13.395348837209301,1913.0,19.45556640625,3.231554,2.091254
1153,13.406976744186046,1906.0,12.45556640625,4.142382,1.305741
1154,13.418604651162791,1907.0,13.45556640625,4.313493,-0.058537
1155,13.430232558139535,1905.0,11.45556640625,3.808403,-1.925591
1156,13.441860465116278,1920.0,26.45556640625,2.865061,-3.979923
1157,13.453488372093023,1914.0,20.45556640625,1.694735,-5.775641
1158,13.465116279069768,1924.0,30.45556640625,0.471638,-6.894826
1159,13.476744186046512,1933.0,39.45556640625,-0.752674,-7.075135
1160,13.488372093023257,1933.0,39.45556640625,-1.98161,-6.321212
1161,13.5,1927.0,33.45556640625,-3.180063,-4.841085
1162,13.511627906976743,1924.0,30.45556640625,-4.185904,-2.924394
1163,13.523255813953488,1920.0,26.45556640625,-4.757649,-0.844583
1164,13.534883720930234,1917.0,23.45556640625,-4.648549,1.216889
1165,13.546511627906977,1925.0,31.45556640625,-3.730044,3.168545
1166,13.55813953488372,1903.0,9.45556640625,-2.127527,4.946158
1167,13.569767441860465,1911.0,17.45556640625,-0.1452,6.458305
1168,13.581395348837209,1883.0,-10.54443359375,1.689081,7.463163
1169,13.593023255813954,1887.0,-6.54443359375,2.918584,7.693544
1170,13.604651162790699,1868.0,-25.54443359375,3.197787,6.851677
1171,13.616279069767442,1870.0,-23.54443359375,2.511747,4.849975
1172,13.627906976744185,1859.0,-34.54443359375,1.10613,1.850028
1173,13.63953488372093,1868.0,-25.54443359375,-0.507445,-1.636424
1174,13.651162790697674,1869.0,-24.54443359375,-1.82208,-4.955822
1175,13.662790697674419,1863.0,-30.54443359375,-2.435555,-7.429399
1176,13.674418604651164,1872.0,-21.54443359375,-2.20421,-8.61407
1177,13.686046511627907,1876.0,-17.54443359375,-1.273069,-8.408462
1178,13.69767441860465,1882.0,-11.54443359375,0.010488,-7.093501
1179,13.709302325581394,1887.0,-6.54443359375,1.251087,-5.121481
1180,13.72093023255814,1895.0,1.45556640625,2.176597,-2.950853
1181,13.732558139534884,1897.0,3.45556640625,2.737064,-0.796937
1182,13.744186046511627,1895.0,1.45556640625,3.079265,1.324037
1183,13.755813953488373,1905.0,11.45556640625,3.451732,3.582333
1184,13.767441860465116,1889.0,-4.54443359375,3.996537,6.010875
1185,13.77906976744186,1890.0,-3.54443359375,4.620255,8.365421
1186,13.790697674418606,1874.0,-19.54443359375,4.947068,10.048351
1187,13.80232558139535,1887.0,-6.54443359375,4.442272,10.257021
1188,13.813953488372093,1863.0,-30.54443359375,2.633022,8.35061
1189,13.825581395348838,1872.0,-21.54443359375,-0.547947,4.242076
1190,13.837209302325581,1850.0,-43.54443359375,-4.680653,-1.394392
1191,13.848837209302324,1861.0,-32.54443359375,-8.815878,-7.21909
1192,13.86046511627907,1840.0,-53.54443359375,-11.838412,-11.614151
1193,13.872093023255815,1843.0,-50.54443359375,-12.791923,-13.276319
1194,13.883720930232558,1840.0,-53.54443359375,-11.342875,-11.760984
1195,13.895348837209301,1839.0,-54.54443359375,-7.880077,-7.630831
1196,13.906976744186046,1840.0,-53.54443359375,-3.430555,-2.339376
1197,13.918604651162791,1836.0,-57.54443359375,0.781901,2.413749
1198,13.930232558139535,1843.0,-50.54443359375,3.840409,5.302548
1199,13.94186046511628,1838.0,-55.54443359375,5.457971,5.921244
1200,13.953488372093023,1858.0,-35.54443359375,6.059278,4.805365
1201,13.965116279069766,1850.0,-43.54443359375,6.416889,3.125698
1202,13.976744186046512,1861.0,-32.54443359375,7.245224,2.046786
1203,13.988372093023257,1856.0,-37.54443359375,8.699524,2.188769
1204,14.0,1859.0,-34.54443359375,10.287186,3.331324
1205,14.011627906976743,1862.0,-31.54443359375,11.073103,4.637009
1206,14.023255813953488,1873.0,-20.54443359375,10.180869,5.086233
1207,14.034883720930232,1861.0,-32.54443359375,7.259623,4.054657
1208,14.046511627906977,1866.0,-27.54443359375,2.75688,1.642558
1209,14.058139534883722,1866.0,-27.54443359375,-2.245387,-1.400952
1210,14.069767441860465,1861.0,-32.54443359375,-6.502329,-4.031836
1211,14.081395348837209,1861.0,-32.54443359375,-9.170675,-5.511634
1212,14.093023255813954,1840.0,-53.54443359375,-10.126953,-5.648679
1213,14.104651162790697,1846.0,-47.54443359375,-9.905785,-4.8626
1214,14.116279069767442,1827.0,-66.54443359375,-9.383387,-3.875636
1215,14.127906976744187,1834.0,-59.54443359375,-9.191737,-3.275536
1216,14.13953488372093,1815.0,-78.54443359375,-9.417409,-3.208295
1217,14.151162790697674,1819.0,-74.54443359375,-9.514742,-3.303818
1218,14.162790697674417,1814.0,-79.54443359375,-8.68178,-2.98163
1219,14.174418604651164,1814.0,-79.54443359375,-6.315325,-1.807991
1220,14.186046511627907,1808.0,-85.54443359375,-2.425617,0.185361
1221,14.19767441860465,1812.0,-81.54443359375,2.371448,2.547821
1222,14.209302325581396,1818.0,-75.54443359375,7.077637,4.592244
1223,14.220930232558139,1814.0,-79.54443359375,10.783319,5.785828
1224,14.232558139534882,1823.0,-70.54443359375,13.063222,6.025653
1225,14.24418604651163,1819.0,-74.54443359375,14.023211,5.629052
1226,14.255813953488373,1825.0,-68.54443359375,14.122508,5.105378
1227,14.267441860465116,1825.0,-68.54443359375,13.759369,4.806639
1228,14.279069767441861,1829.0,-64.54443359375,12.977131,4.681448
1229,14.290697674418604,1825.0,-68.54443359375,11.395345,4.284413
1230,14.30232558139535,1831.0,-62.54443359375,8.485529,3.04636
1231,14.313953488372093,1828.0,-65.54443359375,3.940987,0.621254
1232,14.325581395348838,1827.0,-66.54443359375,-1.985144,-2.809644
1233,14.337209302325581,1823.0,-70.54443359375,-8.465405,-6.597245
1234,14.348837209302324,1814.0,-79.54443359375,-14.305121,-9.785303
1235,14.36046511627907,1825.0,-68.54443359375,-18.396128,-11.547886
1236,14.372093023255815,1817.0,-76.54443359375,-20.120405,-11.466104
1237,14.383720930232558,1809.0,-84.54443359375,-19.469366,-9.647354
1238,14.395348837209303,1808.0,-85.54443359375,-16.919189,-6.538695
1239,14.406976744186046,1799.0,-94.54443359375,-13.134931,-2.728179
1240,14.41860465116279,1808.0,-85.54443359375,-8.650887,1.298453
1241,14.430232558139535,1808.0,-85.54443359375,-3.763304,5.19272
1242,14.44186046511628,1811.0,-82.54443359375,1.383273,8.632219
1243,14.453488372093023,1811.0,-82.54443359375,6.608727,11.237302
1244,14.465116279069768,1808.0,-85.54443359375,11.49398,12.498719
1245,14.476744186046512,1809.0,-84.54443359375,15.39837,11.928671
1246,14.488372093023255,1818.0,-75.54443359375,17.643953,9.306612
1247,14.5,1812.0,-81.54443359375,17.787333,4.905019
1248,14.511627906976745,1821.0,-72.54443359375,15.886422,-0.41402
1249,14.523255813953488,1818.0,-75.54443359375,12.464696,-5.464568
1250,14.534883720930232,1819.0,-74.54443359375,8.369659,-9.06797
1251,14.546511627906977,1818.0,-75.54443359375,4.41851,-10.505045
1252,14.55813953488372,1814.0,-79.54443359375,1.079497,-9.770867
1253,14.569767441860465,1819.0,-74.54443359375,-1.583317,-7.49042
1254,14.58139534883721,1820.0,-73.54443359375,-3.861637,-4.632659
1255,14.593023255813954,1821.0,-72.54443359375,-6.121406,-2.091383
1256,14.604651162790697,1813.0,-80.54443359375,-8.500565,-0.271986
1257,14.616279069767442,1821.0,-72.54443359375,-10.777953,0.920347
1258,14.627906976744187,1815.0,-78.54443359375,-12.488342,1.929379
1259,14.63953488372093,1809.0,-84.54443359375,-13.073191,3.202127
1260,14.651162790697674,1830.0,-63.54443359375,-12.207507,4.865666
1261,14.662790697674419,1824.0,-69.54443359375,-9.978635,6.573068
1262,14.674418604651162,1819.0,-74.54443359375,-6.84817,7.679496
1263,14.686046511627906,1821.0,-72.54443359375,-3.472453,7.550017
1264,14.697674418604652,1822.0,-71.54443359375,-0.460579,5.867461
1265,14.709302325581396,1825.0,-68.54443359375,1.846507,2.833911
1266,14.720930232558139,1827.0,-66.54443359375,3.483261,-0.874911
1267,14.732558139534884,1823.0,-70.54443359375,4.762877,-4.350271
1268,14.744186046511627,1823.0,-70.54443359375,6.080934,-6.807951
1269,14.755813953488373,1825.0,-68.54443359375,7.677304,-7.821572
1270,14.767441860465118,1826.0,-67.54443359375,9.481618,-7.466439
1271,14.779069767441861,1814.0,-79.54443359375,11.115266,-6.171123
1272,14.790697674418604,1827.0,-66.54443359375,12.027278,-4.483012
1273,14.802325581395348,1826.0,-67.54443359375,11.708196,-2.852095
1274,14.813953488372093,1833.0,-60.54443359375,9.898594,-1.460177
1275,14.825581395348838,1830.0,-63.54443359375,6.713245,-0.281722
1276,14.837209302325581,1835.0,-58.54443359375,2.593818,0.845943
1277,14.848837209302326,1834.0,-59.54443359375,-1.811901,1.999928
1278,14.86046511627907,1839.0,-54.54443359375,-5.849575,3.160371
1279,14.872093023255813,1838.0,-55.54443359375,-9.022759,4.151913
1280,14.88372093023256,1843.0,-50.54443359375,-11.072623,4.807135
1281,14.895348837209303,1840.0,-53.54443359375,-11.990923,5.015776
1282,14.906976744186046,1840.0,-53.54443359375,-11.865733,4.870103
1283,14.918604651162791,1844.0,-49.54443359375,-10.846649,4.544954
1284,14.930232558139535,1853.0,-40.54443359375,-9.064988,4.172271
1285,14.941860465116278,1846.0,-47.54443359375,-6.675006,3.744439
1286,14.953488372093023,1853.0,-40.54443359375,-3.81781,3.070325
1287,14.965116279069768,1854.0,-39.54443359375,-0.748701,1.840657
1288,14.976744186046512,1854.0,-39.54443359375,2.227274,-0.181148
1289,14.988372093023255,1853.0,-40.54443359375,4.80795,-2.927134
1290,15.0,1842.0,-51.54443359375,6.764621,-5.983186
1291,15.011627906976745,1850.0,-43.54443359375,8.024165,-8.621202
1292,15.023255813953488,1840.0,-53.54443359375,8.630102,-10.110985
1293,15.034883720930234,1840.0,-53.54443359375,8.718459,-9.950719
1294,15.046511627906977,1817.0,-76.54443359375,8.371832,-8.126341
1295,15.05813953488372,1840.0,-53.54443359375,7.651782,-5.058737
1296,15.069767441860465,1824.0,-69.54443359375,6.410953,-1.588278
1297,15.08139534883721,1831.0,-62.54443359375,4.56733,1.491684
1298,15.093023255813954,1837.0,-56.54443359375,2.06942,3.614213
1299,15.104651162790697,1829.0,-64.54443359375,-0.905491,4.662755
1300,15.116279069767442,1827.0,-66.54443359375,-3.976468,4.917901
1301,15.127906976744185,1827.0,-66.54443359375,-6.607323,4.84502
1302,15.139534883720929,1827.0,-66.54443359375,-8.314914,4.850768
1303,15.151162790697676,1829.0,-64.54443359375,-8.791162,5.089257
1304,15.162790697674419,1824.0,-69.54443359375,-8.031214,5.439083
1305,15.174418604651162,1829.0,-64.54443359375,-6.319491,5.600872
1306,15.186046511627907,1819.0,-74.54443359375,-4.112378,5.254014
1307,15.19767441860465,1819.0,-74.54443359375,-1.856336,4.288555
1308,15.209302325581396,1815.0,-78.54443359375,0.127611,2.737213
1309,15.22093023255814,1820.0,-73.54443359375,1.712298,0.846325
1310,15.232558139534884,1806.0,-87.54443359375,2.906665,-1.180938
1311,15.244186046511627,1815.0,-78.54443359375,3.799986,-3.104077
1312,15.25581395348837,1808.0,-85.54443359375,4.398224,-4.887611
1313,15.267441860465116,1811.0,-82.54443359375,4.669969,-6.412841
1314,15.279069767441861,1808.0,-85.54443359375,4.490534,-7.637066
1315,15.290697674418604,1799.0,-94.54443359375,3.790538,-8.377675
1316,15.30232558139535,1802.0,-91.54443359375,2.591795,-8.456188
1317,15.313953488372093,1801.0,-92.54443359375,1.091426,-7.696731
1318,15.325581395348836,1805.0,-88.54443359375,-0.458429,-6.089088
1319,15.337209302325583,1802.0,-91.54443359375,-1.758294,-3.818729
1320,15.348837209302326,1807.0,-86.54443359375,-2.622578,-1.175598
1321,15.36046511627907,1801.0,-92.54443359375,-2.959668,1.495736
1322,15.372093023255815,1821.0,-72.54443359375,-2.808087,4.000878
1323,15.383720930232558,1811.0,-82.54443359375,-2.286908,6.224191
1324,15.395348837209301,1825.0,-68.54443359375,-1.483383,8.212743
1325,15.406976744186046,1813.0,-80.54443359375,-0.49628,9.924003
1326,15.418604651162791,1836.0,-57.54443359375,0.626828,11.238732
1327,15.430232558139535,1827.0,-66.54443359375,1.737699,11.803379
1328,15.441860465116278,1822.0,-71.54443359375,2.665546,11.201645
1329,15.453488372093023,1829.0,-64.54443359375,3.177769,9.140789
1330,15.465116279069768,1831.0,-62.54443359375,3.100901,5.582685
1331,15.476744186046512,1819.0,-74.54443359375,2.350388,0.910746
1332,15.488372093023257,1819.0,-74.54443359375,1.076016,-4.208446
1333,15.5,1822.0,-71.54443359375,-0.417847,-8.909782
1334,15.511627906976743,1825.0,-68.54443359375,-1.737774,-12.534824
1335,15.523255813953488,1815.0,-78.54443359375,-2.553375,-14.649672
1336,15.534883720930234,1815.0,-78.54443359375,-2.666515,-15.159258
1337,15.546511627906977,1813.0,-80.54443359375,-2.147452,-14.190893
1338,15.55813953488372,1806.0,-87.54443359375,-1.25419,-11.960293
1339,15.569767441860465,1808.0,-85.54443359375,-0.334333,-8.668864
1340,15.581395348837209,1805.0,-88.54443359375,0.273697,-4.501796
1341,15.593023255813954,1809.0,-84.54443359375,0.390137,0.248241
1342,15.604651162790699,1808.0,-85.54443359375,-0.02195,5.104265
1343,15.616279069767442,1803.0,-90.54443359375,-0.776079,9.389377
1344,15.627906976744185,1809.0,-84.54443359375,-1.573114,12.442439
1345,15.63953488372093,1808.0,-85.54443359375,-2.030387,13.78191
1346,15.651162790697674,1822.0,-71.54443359375,-1.822706,13.386975
1347,15.662790697674417,1817.0,-76.54443359375,-0.766949,11.665823
1348,15.674418604651162,1822.0,-71.54443359375,1.102688,9.389956
1349,15.686046511627906,1821.0,-72.54443359375,3.473921,7.274469
1350,15.697674418604652,1808.0,-85.54443359375,5.778136,5.664154
1351,15.709302325581396,1823.0,-70.54443359375,7.366846,4.442492
1352,15.72093023255814,1808.0,-85.54443359375,7.645617,3.004208
1353,15.732558139534884,1817.0,-76.54443359375,6.339594,0.744485
1354,15.744186046511627,1810.0,-83.54443359375,3.597464,-2.709674
1355,15.755813953488373,1819.0,-74.54443359375,-0.000193,-7.081028
1356,15.767441860465116,1807.0,-86.54443359375,-3.627209,-11.62722
1357,15.77906976744186,1813.0,-80.54443359375,-6.4439,-15.273369
1358,15.790697674418604,1803.0,-90.54443359375,-7.899904,-17.147985
1359,15.802325581395348,1808.0,-85.54443359375,-7.865078,-16.842077
1360,15.813953488372091,1803.0,-90.54443359375,-6.628048,-14.552185
1361,15.82558139534884,1801.0,-92.54443359375,-4.722395,-10.91449
1362,15.837209302325583,1804.0,-89.54443359375,-2.689824,-6.633937
1363,15.848837209302326,1799.0,-94.54443359375,-0.901032,-2.273544
1364,15.86046511627907,1803.0,-90.54443359375,0.51803,1.976245
1365,15.872093023255815,1791.0,-102.54443359375,1.643984,6.093145
1366,15.883720930232558,1802.0,-91.54443359375,2.622288,10.168972
1367,15.895348837209301,1802.0,-91.54443359375,3.494864,13.964794
1368,15.906976744186046,1803.0,-90.54443359375,4.204641,17.045578
1369,15.91860465116279,1801.0,-92.54443359375,4.606222,18.774433
1370,15.930232558139533,1803.0,-90.54443359375,4.613955,18.671408
1371,15.941860465116278,1807.0,-86.54443359375,4.248707,16.623737
1372,15.953488372093025,1802.0,-91.54443359375,3.649833,12.929616
1373,15.965116279069768,1801.0,-92.54443359375,3.012952,8.258814
1374,15.976744186046513,1805.0,-88.54443359375,2.462594,3.306324
1375,15.988372093023257,1808.0,-85.54443359375,1.968383,-1.383175
1376,16.0,1806.0,-87.54443359375,1.369892,-5.634467
1377,16.011627906976745,1805.0,-88.54443359375,0.437619,-9.508992
1378,16.023255813953487,1809.0,-84.54443359375,-0.952832,-13.159147
1379,16.03488372093023,1805.0,-88.54443359375,-2.754029,-16.547325
1380,16.046511627906977,1808.0,-85.54443359375,-4.686274,-19.351105
1381,16.05813953488372,1812.0,-81.54443359375,-6.330639,-20.996988
1382,16.069767441860463,1809.0,-84.54443359375,-7.279229,-20.867546
1383,16.081395348837212,1808.0,-85.54443359375,-7.246881,-18.548512
1384,16.093023255813954,1809.0,-84.54443359375,-6.177385,-13.999713
1385,16.1046511627907,1808.0,-85.54443359375,-4.241882,-7.680842
1386,16.116279069767444,1808.0,-85.54443359375,-1.789223,-0.345831
1387,16.127906976744185,1807.0,-86.54443359375,0.793721,7.074823
1388,16.13953488372093,1822.0,-71.54443359375,3.15554,13.778949
1389,16.151162790697676,1810.0,-83.54443359375,4.985454,19.074255
1390,16.162790697674417,1818.0,-75.54443359375,6.157476,22.607344
1391,16.174418604651162,1821.0,-72.54443359375,6.613567,24.174223
1392,16.186046511627907,1838.0,-55.54443359375,6.396624,23.699232
1393,16.19767441860465,1833.0,-60.54443359375,5.615313,21.243038
1394,16.209302325581397,1834.0,-59.54443359375,4.47023,16.996262
1395,16.220930232558143,1833.0,-60.54443359375,3.197594,11.374331
1396,16.232558139534884,1840.0,-53.54443359375,2.021632,4.93227
1397,16.24418604651163,1837.0,-56.54443359375,1.052884,-1.650024
1398,16.25581395348837,1840.0,-53.54443359375,0.273567,-7.786764
1399,16.267441860465116,1829.0,-64.54443359375,-0.479089,-13.033324
1400,16.27906976744186,1840.0,-53.54443359375,-1.394749,-17.177471
1401,16.290697674418603,1837.0,-56.54443359375,-2.658547,-20.226482
1402,16.302325581395348,1845.0,-48.54443359375,-4.232501,-22.180487
1403,16.313953488372093,1840.0,-53.54443359375,-5.874864,-22.968107
1404,16.325581395348834,1831.0,-62.54443359375,-7.132032,-22.273939
1405,16.337209302325583,1840.0,-53.54443359375,-7.502093,-19.709526
1406,16.348837209302328,1836.0,-57.54443359375,-6.648141,-14.960171
1407,16.36046511627907,1830.0,-63.54443359375,-4.551979,-8.097573
1408,16.372093023255815,1839.0,-54.54443359375,-1.552865,0.341616
1409,16.38372093023256,1834.0,-59.54443359375,1.686807,9.275865
1410,16.3953488372093,1844.0,-49.54443359375,4.44585,17.385284
1411,16.406976744186046,1839.0,-54.54443359375,6.131245,23.421183
1412,16.41860465116279,1841.0,-52.54443359375,6.512476,26.542828
1413,16.430232558139533,1840.0,-53.54443359375,5.754817,26.55982
1414,16.441860465116278,1840.0,-53.54443359375,4.346059,23.821789
1415,16.453488372093023,1840.0,-53.54443359375,2.849151,19.080914
1416,16.46511627906977,1835.0,-58.54443359375,1.713947,13.152173
1417,16.476744186046513,1843.0,-50.54443359375,1.130922,6.760137
1418,16.48837209302326,1831.0,-62.54443359375,0.982009,0.361265
1419,16.5,1831.0,-62.54443359375,0.996796,-5.70251
1420,16.511627906976745,1808.0,-85.54443359375,0.839817,-11.203241
1421,16.52325581395349,1819.0,-74.54443359375,0.362786,-15.795086
1422,16.53488372093023,1817.0,-76.54443359375,-0.457104,-19.136683
1423,16.546511627906977,1821.0,-72.54443359375,-1.455529,-20.899639
1424,16.558139534883722,1813.0,-80.54443359375,-2.46094,-20.94515
1425,16.569767441860463,1813.0,-80.54443359375,-3.240693,-19.265862
1426,16.58139534883721,1808.0,-85.54443359375,-3.680906,-16.050026
1427,16.59302325581395,1811.0,-82.54443359375,-3.716757,-11.594729
1428,16.6046511627907,1815.0,-78.54443359375,-3.33732,-6.191951
1429,16.616279069767444,1809.0,-84.54443359375,-2.59804,-0.195687
1430,16.627906976744185,1818.0,-75.54443359375,-1.577852,6.035325
1431,16.63953488372093,1821.0,-72.54443359375,-0.41896,11.993598
1432,16.651162790697676,1840.0,-53.54443359375,0.708879,17.069658
1433,16.662790697674417,1829.0,-64.54443359375,1.606939,20.57449
1434,16.674418604651162,1840.0,-53.54443359375,2.158422,21.951563
1435,16.686046511627907,1837.0,-56.54443359375,2.344906,20.93672
1436,16.69767441860465,1849.0,-44.54443359375,2.264334,17.628624
1437,16.709302325581394,1847.0,-46.54443359375,2.072853,12.526093
1438,16.72093023255814,1840.0,-53.54443359375,1.917866,6.350938
1439,16.732558139534884,1849.0,-44.54443359375,1.904434,-0.04812
1440,16.74418604651163,1830.0,-63.54443359375,1.973342,-5.990844
1441,16.755813953488374,1829.0,-64.54443359375,2.054352,-10.87926
1442,16.767441860465116,1818.0,-75.54443359375,2.027652,-14.368867
1443,16.77906976744186,1819.0,-74.54443359375,1.836462,-16.232082
1444,16.790697674418606,1810.0,-83.54443359375,1.450216,-16.458351
1445,16.802325581395348,1808.0,-85.54443359375,0.847153,-15.206722
1446,16.813953488372093,1808.0,-85.54443359375,-0.008805,-12.824107
1447,16.825581395348838,1804.0,-89.54443359375,-1.174554,-9.793309
1448,16.83720930232558,1821.0,-72.54443359375,-2.623731,-6.54741
1449,16.848837209302324,1807.0,-86.54443359375,-4.227521,-3.404159
1450,16.86046511627907,1833.0,-60.54443359375,-5.596215,-0.324937
1451,16.872093023255815,1821.0,-72.54443359375,-6.284982,2.849484
1452,16.88372093023256,1830.0,-63.54443359375,-5.803127,6.417414
1453,16.8953488372093,1828.0,-65.54443359375,-3.984704,10.356424
1454,16.906976744186046,1842.0,-51.54443359375,-1.036847,14.296751
1455,16.91860465116279,1837.0,-56.54443359375,2.343503,17.372719
1456,16.930232558139533,1841.0,-52.54443359375,5.310624,18.646992
1457,16.941860465116278,1843.0,-50.54443359375,7.093623,17.375462
1458,16.953488372093023,1840.0,-53.54443359375,7.321744,13.402468
1459,16.965116279069765,1844.0,-49.54443359375,6.185259,7.33814
1460,16.97674418604651,1835.0,-58.54443359375,4.298219,0.344029
1461,16.98837209302326,1828.0,-65.54443359375,2.400469,-6.220409
1462,17.0,1834.0,-59.54443359375,1.040934,-11.280791
1463,17.011627906976745,1837.0,-56.54443359375,0.341256,-14.297373
1464,17.02325581395349,1820.0,-73.54443359375,0.013985,-15.342508
1465,17.03488372093023,1819.0,-74.54443359375,-0.413267,-14.825671
1466,17.046511627906977,1818.0,-75.54443359375,-1.320405,-13.265126
1467,17.058139534883722,1825.0,-68.54443359375,-2.77026,-10.977854
1468,17.069767441860463,1821.0,-72.54443359375,-4.503025,-8.121179
1469,17.08139534883721,1822.0,-71.54443359375,-6.029214,-4.728426
1470,17.093023255813954,1821.0,-72.54443359375,-6.886274,-0.949438
1471,17.104651162790695,1821.0,-72.54443359375,-6.795332,2.891948
1472,17.116279069767444,1830.0,-63.54443359375,-5.725662,6.34371
1473,17.12790697674419,1830.0,-63.54443359375,-3.859352,8.933011
1474,17.13953488372093,1835.0,-58.54443359375,-1.428879,10.453567
1475,17.151162790697676,1840.0,-53.54443359375,1.31817,10.919329
1476,17.16279069767442,1839.0,-54.54443359375,4.155008,10.59729
1477,17.174418604651162,1839.0,-54.54443359375,6.783923,9.703559
1478,17.186046511627907,1835.0,-58.54443359375,8.827054,8.374221
1479,17.19767441860465,1833.0,-60.54443359375,9.883161,6.563805
1480,17.209302325581394,1825.0,-68.54443359375,9.629962,4.152578
1481,17.22093023255814,1831.0,-62.54443359375,8.077164,1.235948
1482,17.23255813953488,1826.0,-67.54443359375,5.527939,-1.913366
1483,17.24418604651163,1821.0,-72.54443359375,2.587919,-4.723107
1484,17.255813953488374,1824.0,-69.54443359375,-0.113398,-6.680246
1485,17.267441860465116,1820.0,-73.54443359375,-2.153581,-7.443732
1486,17.27906976744186,1821.0,-72.54443359375,-3.513215,-7.161474
1487,17.290697674418606,1824.0,-69.54443359375,-4.499978,-6.283464
1488,17.302325581395348,1830.0,-63.54443359375,-5.569994,-5.468327
1489,17.313953488372093,1822.0,-71.54443359375,-7.003443,-5.139463
1490,17.325581395348838,1831.0,-62.54443359375,-8.685652,-5.318065
1491,17.33720930232558,1830.0,-63.54443359375,-10.131738,-5.608755
1492,17.348837209302324,1824.0,-69.54443359375,-10.652443,-5.385457
1493,17.36046511627907,1840.0,-53.54443359375,-9.672273,-4.141858
1494,17.372093023255815,1838.0,-55.54443359375,-7.011721,-1.737125
1495,17.38372093023256,1832.0,-61.54443359375,-2.980863,1.447439
1496,17.395348837209305,1834.0,-59.54443359375,1.788277,4.80857
1497,17.406976744186046,1831.0,-62.54443359375,6.532553,7.662856
1498,17.41860465116279,1834.0,-59.54443359375,10.617385,9.620079
1499,17.430232558139537,1828.0,-65.54443359375,13.624846,10.577993
1500,17.441860465116278,1822.0,-71.54443359375,15.346631,10.694468
1501,17.453488372093023,1837.0,-56.54443359375,15.682937,10.186548
1502,17.46511627906977,1836.0,-57.54443359375,14.49396,9.063725
1503,17.47674418604651,1827.0,-66.54443359375,11.663657,7.180831
1504,17.488372093023255,1840.0,-53.54443359375,7.251401,4.339936
1505,17.5,1836.0,-57.54443359375,1.597142,0.53804
1506,17.511627906976745,1843.0,-50.54443359375,-4.571256,-3.890612
1507,17.52325581395349,1843.0,-50.54443359375,-10.269353,-8.214436
1508,17.53488372093023,1851.0,-42.54443359375,-14.476527,-11.553323
1509,17.546511627906977,1845.0,-48.54443359375,-16.493755,-13.163134
1510,17.558139534883722,1849.0,-44.54443359375,-16.122509,-12.723929
1511,17.569767441860463,1853.0,-40.54443359375,-13.724977,-10.472992
1512,17.58139534883721,1851.0,-42.54443359375,-10.06391,-7.110323
1513,17.593023255813954,1854.0,-39.54443359375,-5.987474,-3.542393
1514,17.604651162790695,1853.0,-40.54443359375,-2.153185,-0.507255
1515,17.61627906976744,1854.0,-39.54443359375,1.132503,1.588492
1516,17.62790697674419,1853.0,-40.54443359375,3.882812,2.803337
1517,17.63953488372093,1854.0,-39.54443359375,6.253585,3.443767
1518,17.651162790697676,1856.0,-37.54443359375,8.375009,3.974447
1519,17.66279069767442,1856.0,-37.54443359375,10.148925,4.651148
1520,17.674418604651162,1859.0,-34.54443359375,11.305355,5.535741
1521,17.686046511627907,1856.0,-37.54443359375,11.487831,6.45541
1522,17.697674418604652,1859.0,-34.54443359375,10.484271,7.171618
1523,17.709302325581394,1857.0,-36.54443359375,8.299584,7.456166
1524,17.72093023255814,1859.0,-34.54443359375,5.225377,7.18951
1525,17.732558139534884,1849.0,-44.54443359375,1.727329,6.380377
1526,17.744186046511626,1871.0,-22.54443359375,-1.648924,5.083976
1527,17.755813953488374,1871.0,-22.54443359375,-4.527407,3.359542
1528,17.76744186046512,1877.0,-16.54443359375,-6.702124,1.206834
1529,17.77906976744186,1873.0,-20.54443359375,-8.193517,-1.402652
1530,17.790697674418606,1888.0,-5.54443359375,-9.070671,-4.38703
1531,17.802325581395348,1881.0,-12.54443359375,-9.423576,-7.55212
1532,17.813953488372093,1884.0,-9.54443359375,-9.193005,-10.469017
1533,17.825581395348838,1887.0,-6.54443359375,-8.224865,-12.600133
1534,17.83720930232558,1876.0,-17.54443359375,-6.368525,-13.389471
1535,17.848837209302324,1883.0,-10.54443359375,-3.54049,-12.431132
1536,17.86046511627907,1868.0,-25.54443359375,0.072326,-9.646062
1537,17.87209302325581,1872.0,-21.54443359375,4.019653,-5.346251
1538,17.883720930232556,1867.0,-26.54443359375,7.638057,-0.199982
1539,17.895348837209305,1872.0,-21.54443359375,10.209531,4.916103
1540,17.906976744186046,1882.0,-11.54443359375,11.197415,9.126788
1541,17.91860465116279,1881.0,-12.54443359375,10.381284,11.793436
1542,17.930232558139537,1899.0,5.45556640625,7.98776,12.641035
1543,17.941860465116278,1895.0,1.45556640625,4.570709,11.822432
1544,17.953488372093023,1904.0,10.45556640625,0.893294,9.822228
1545,17.96511627906977,1899.0,5.45556640625,-2.34067,7.266598
1546,17.97674418604651,1913.0,19.45556640625,-4.654901,4.724781
1547,17.988372093023255,1905.0,11.45556640625,-5.906513,2.530822
1548,18.0,1919.0,25.45556640625,-6.233572,0.742026
1549,18.01162790697674,1917.0,23.45556640625,-5.927611,-0.833667
1550,18.02325581395349,1914.0,20.45556640625,-5.288714,-2.487741
1551,18.034883720930235,1921.0,27.45556640625,-4.429178,-4.36436
1552,18.046511627906977,1919.0,25.45556640625,-3.319946,-6.378297
1553,18.058139534883722,1922.0,28.45556640625,-1.828439,-8.181449
1554,18.069767441860467,1919.0,25.45556640625,0.090961,-9.295593
1555,18.08139534883721,1920.0,26.45556640625,2.309714,-9.302044
1556,18.093023255813954,1923.0,29.45556640625,4.463108,-8.034742
1557,18.104651162790695,1910.0,16.45556640625,6.039719,-5.703509
1558,18.11627906976744,1914.0,20.45556640625,6.596867,-2.782402
1559,18.127906976744185,1920.0,26.45556640625,5.88871,0.081823
1560,18.139534883720927,1904.0,10.45556640625,4.013333,2.341389
1561,18.151162790697676,1905.0,11.45556640625,1.416895,3.759479
1562,18.16279069767442,1904.0,10.45556640625,-1.245863,4.433826
1563,18.174418604651162,1905.0,11.45556640625,-3.384694,4.680666
1564,18.186046511627907,1887.0,-6.54443359375,-4.622097,4.841774
1565,18.197674418604652,1899.0,5.45556640625,-4.879299,5.148664
1566,18.209302325581394,1873.0,-20.54443359375,-4.373352,5.526408
1567,18.22093023255814,1883.0,-10.54443359375,-3.399687,5.763913
1568,18.232558139534884,1872.0,-21.54443359375,-2.273239,5.517136
1569,18.244186046511626,1874.0,-19.54443359375,-1.115561,4.612089
1570,18.25581395348837,1881.0,-12.54443359375,0.045178,3.040221
1571,18.267441860465116,1885.0,-8.54443359375,1.237498,1.022195
1572,18.27906976744186,1885.0,-8.54443359375,2.411896,-1.124796
1573,18.290697674418606,1885.0,-8.54443359375,3.425281,-3.065397
1574,18.30232558139535,1902.0,8.45556640625,4.060791,-4.578794
1575,18.313953488372093,1893.0,-0.54443359375,4.112091,-5.58486
1576,18.325581395348838,1917.0,23.45556640625,3.572811,-6.026793
1577,18.337209302325583,1904.0,10.45556640625,2.570258,-5.908332
1578,18.348837209302324,1922.0,28.45556640625,1.460823,-5.130684
1579,18.36046511627907,1922.0,28.45556640625,0.514886,-3.703527
1580,18.372093023255815,1921.0,27.45556640625,-0.081437,-1.691561
1581,18.383720930232556,1918.0,24.45556640625,-0.417556,0.61303
1582,18.3953488372093,1911.0,17.45556640625,-0.757636,2.755695
1583,18.406976744186046,1906.0,12.45556640625,-1.431999,4.198811
1584,18.41860465116279,1904.0,10.45556640625,-2.615783,4.531318
1585,18.430232558139537,1911.0,17.45556640625,-4.239714,3.601834
1586,18.441860465116278,1898.0,4.45556640625,-5.963802,1.615841
1587,18.453488372093023,1901.0,7.45556640625,-7.231122,-0.859418
1588,18.46511627906977,1892.0,-1.54443359375,-7.498927,-3.100309
1589,18.47674418604651,1897.0,3.45556640625,-6.362903,-4.402513
1590,18.488372093023255,1893.0,-0.54443359375,-3.752239,-4.344806
1591,18.5,1890.0,-3.54443359375,0.048269,-2.885652
1592,18.51162790697674,1886.0,-7.54443359375,4.449505,-0.356774
1593,18.523255813953487,1887.0,-6.54443359375,8.671033,2.651023
1594,18.534883720930235,1903.0,9.45556640625,11.855433,5.397312
1595,18.546511627906977,1889.0,-4.54443359375,13.247886,7.228512
1596,18.558139534883722,1915.0,21.45556640625,12.442462,7.745008
1597,18.569767441860467,1904.0,10.45556640625,9.436049,6.86798
1598,18.58139534883721,1920.0,26.45556640625,4.754462,4.837225
1599,18.593023255813954,1919.0,25.45556640625,-0.685931,2.156965
1600,18.6046511627907,1921.0,27.45556640625,-5.747035,-0.605606
1601,18.61627906976744,1923.0,29.45556640625,-9.383052,-2.898067
1602,18.627906976744185,1923.0,29.45556640625,-10.911796,-4.370885
1603,18.63953488372093,1923.0,29.45556640625,-10.221194,-4.935264
1604,18.651162790697672,1939.0,45.45556640625,-7.758363,-4.728721
1605,18.66279069767442,1936.0,42.45556640625,-4.393391,-4.067899
1606,18.674418604651166,1936.0,42.45556640625,-1.097027,-3.265862
1607,18.686046511627907,1931.0,37.45556640625,1.346633,-2.590434
1608,18.697674418604652,1937.0,43.45556640625,2.552237,-2.138583
1609,18.709302325581397,1929.0,35.45556640625,2.56201,-1.892767
1610,18.72093023255814,1924.0,30.45556640625,1.755254,-1.719506
1611,18.732558139534884,1926.0,32.45556640625,0.678731,-1.442285
1612,18.744186046511626,1926.0,32.45556640625,-0.191608,-0.944846
1613,18.75581395348837,1927.0,33.45556640625,-0.583106,-0.188439
1614,18.767441860465116,1919.0,25.45556640625,-0.464609,0.743995
1615,18.779069767441857,1922.0,28.45556640625,0.000274,1.710695
1616,18.790697674418606,1922.0,28.45556640625,0.545009,2.481418
1617,18.80232558139535,1927.0,33.45556640625,0.939724,2.892874
1618,18.813953488372093,1930.0,36.45556640625,1.097531,2.849522
1619,18.825581395348838,1923.0,29.45556640625,1.087284,2.418883
1620,18.837209302325583,1939.0,45.45556640625,1.172342,1.854438
1621,18.848837209302324,1947.0,53.45556640625,1.631761,1.481432
1622,18.86046511627907,1952.0,58.45556640625,2.617238,1.590525
1623,18.872093023255815,1941.0,47.45556640625,4.055859,2.309616
1624,18.883720930232556,1955.0,61.45556640625,5.596889,3.512423
1625,18.8953488372093,1952.0,58.45556640625,6.628629,4.744038
1626,18.906976744186046,1963.0,69.45556640625,6.550477,5.458006
1627,18.91860465116279,1958.0,64.45556640625,4.968598,5.11536
1628,18.930232558139537,1955.0,61.45556640625,1.947241,3.526993
1629,18.94186046511628,1953.0,59.45556640625,-1.984305,0.859067
1630,18.953488372093023,1959.0,65.45556640625,-5.992722,-2.379326
1631,18.96511627906977,1954.0,60.45556640625,-9.210527,-5.527759
1632,18.976744186046513,1963.0,69.45556640625,-11.040414,-8.00778
1633,18.988372093023255,1946.0,52.45556640625,-11.386668,-9.56201
1634,19.0,1943.0,49.45556640625,-10.502131,-10.148802
1635,19.011627906976745,1954.0,60.45556640625,-8.841889,-9.899322
1636,19.023255813953487,1942.0,48.45556640625,-6.780085,-8.924681
1637,19.03488372093023,1943.0,49.45556640625,-4.407378,-7.173195
1638,19.046511627906973,1927.0,33.45556640625,-1.585305,-4.505739
1639,19.058139534883722,1929.0,35.45556640625,1.843398,-0.867343
1640,19.069767441860467,1932.0,38.45556640625,5.762699,3.470568
1641,19.08139534883721,1931.0,37.45556640625,9.637465,7.817131
1642,19.093023255813954,1942.0,48.45556640625,12.610329,11.202635
1643,19.1046511627907,1936.0,42.45556640625,13.813899,12.704801
1644,19.11627906976744,1953.0,59.45556640625,12.819765,11.920279
1645,19.127906976744185,1940.0,46.45556640625,9.853299,9.12899
1646,19.13953488372093,1964.0,70.45556640625,5.842021,5.376896
1647,19.151162790697672,1953.0,59.45556640625,1.967955,1.924893
1648,19.162790697674417,1968.0,74.45556640625,-0.754872,-0.142021
1649,19.174418604651162,1966.0,72.45556640625,-1.994214,-0.528268
1650,19.186046511627907,1974.0,80.45556640625,-2.163403,0.245168
1651,19.197674418604652,1973.0,79.45556640625,-2.209275,1.010205
1652,19.209302325581397,1974.0,80.45556640625,-3.052464,0.636127
1653,19.22093023255814,1974.0,80.45556640625,-5.089752,-1.437659
1654,19.232558139534884,1963.0,69.45556640625,-7.927024,-4.847539
1655,19.24418604651163,1967.0,73.45556640625,-10.547053,-8.442435
1656,19.25581395348837,1951.0,57.45556640625,-11.767137,-10.809633
1657,19.267441860465116,1953.0,59.45556640625,-10.827082,-10.92493
1658,19.27906976744186,1942.0,48.45556640625,-7.795418,-8.654469
1659,19.290697674418603,1947.0,53.45556640625,-3.555404,-4.832589
1660,19.302325581395348,1934.0,40.45556640625,0.59194,-0.855791
1661,19.313953488372096,1936.0,42.45556640625,3.505381,1.966874
1662,19.325581395348838,1942.0,48.45556640625,4.686161,2.980291
1663,19.337209302325583,1936.0,42.45556640625,4.438412,2.424603
1664,19.348837209302324,1949.0,55.45556640625,3.640772,1.254679
1665,19.36046511627907,1939.0,45.45556640625,3.262591,0.607112
1666,19.372093023255815,1963.0,69.45556640625,3.886434,1.233218
1667,19.383720930232556,1958.0,64.45556640625,5.41543,3.122839
1668,19.3953488372093,1969.0,75.45556640625,7.20375,5.586081
1669,19.406976744186046,1968.0,74.45556640625,8.377866,7.603467
1670,19.418604651162788,1985.0,91.45556640625,8.313018,8.342113
1671,19.430232558139533,1975.0,81.45556640625,6.829837,7.494064
1672,19.44186046511628,1984.0,90.45556640625,4.325436,5.41847
1673,19.453488372093023,1981.0,87.45556640625,1.433718,2.829368
1674,19.46511627906977,1982.0,88.45556640625,-1.225601,0.46462
1675,19.476744186046513,1975.0,81.45556640625,-3.354979,-1.301608
1676,19.488372093023255,1968.0,74.45556640625,-4.960669,-2.52534
1677,19.5,1977.0,83.45556640625,-6.265448,-3.592044
1678,19.511627906976745,1952.0,58.45556640625,-7.465304,-4.892523
1679,19.523255813953487,1967.0,73.45556640625,-8.504192,-6.486782
1680,19.53488372093023,1953.0,59.45556640625,-9.153046,-8.08757
1681,19.546511627906977,1949.0,55.45556640625,-9.041109,-9.078978
1682,19.55813953488372,1943.0,49.45556640625,-7.919199,-8.851631
1683,19.569767441860467,1949.0,55.45556640625,-5.785182,-7.091058
1684,19.581395348837212,1948.0,54.45556640625,-2.95677,-4.007069
1685,19.593023255813954,1939.0,45.45556640625,0.053927,-0.27032
1686,19.6046511627907,1954.0,60.45556640625,2.752645,3.237817
1687,19.616279069767444,1951.0,57.45556640625,4.73807,5.651933
1688,19.627906976744185,1978.0,84.45556640625,5.887971,6.538736
1689,19.63953488372093,1967.0,73.45556640625,6.27797,5.954472
1690,19.651162790697676,1984.0,90.45556640625,6.15662,4.436036
1691,19.662790697674417,1978.0,84.45556640625,5.806334,2.773023
1692,19.674418604651162,1989.0,95.45556640625,5.506462,1.719896
1693,19.686046511627904,1979.0,85.45556640625,5.427829,1.723299
1694,19.697674418604652,1977.0,83.45556640625,5.579944,2.730657
1695,19.709302325581397,1995.0,101.45556640625,5.850074,4.331087
1696,19.72093023255814,1974.0,80.45556640625,5.862088,5.716299
1697,19.732558139534884,1994.0,100.45556640625,5.24436,6.213111
1698,19.74418604651163,1965.0,71.45556640625,3.589073,5.289437
1699,19.75581395348837,1970.0,76.45556640625,0.779023,2.957179
1700,19.767441860465116,1956.0,62.45556640625,-2.979566,-0.396298
1701,19.77906976744186,1966.0,72.45556640625,-7.085811,-4.055902
1702,19.790697674418603,1934.0,40.45556640625,-10.765908,-7.341291
1703,19.802325581395348,1941.0,47.45556640625,-13.22971,-9.697124
1704,19.813953488372093,1936.0,42.45556640625,-13.986302,-10.906306
1705,19.825581395348838,1936.0,42.45556640625,-13.022982,-11.067283
1706,19.837209302325583,1935.0,41.45556640625,-10.699574,-10.39904
1707,19.848837209302328,1930.0,36.45556640625,-7.645147,-9.137267
1708,19.86046511627907,1929.0,35.45556640625,-4.397229,-7.302252
1709,19.872093023255815,1927.0,33.45556640625,-1.25262,-4.791128
1710,19.88372093023256,1945.0,51.45556640625,1.801274,-1.451213
1711,19.8953488372093,1936.0,42.45556640625,4.906335,2.67352
1712,19.906976744186046,1953.0,59.45556640625,8.175038,7.288653
1713,19.91860465116279,1951.0,57.45556640625,11.436276,11.760507
1714,19.930232558139533,1955.0,61.45556640625,14.238297,15.304434
1715,19.941860465116278,1957.0,63.45556640625,15.974819,17.21479
1716,19.953488372093023,1959.0,65.45556640625,16.076376,17.040583
1717,19.96511627906977,1963.0,69.45556640625,14.281522,14.765152
1718,19.976744186046513,1974.0,80.45556640625,10.716137,10.750872
1719,19.988372093023255,1963.0,69.45556640625,5.867762,5.638074
1720,20.0,1961.0,67.45556640625,0.446658,0.166738
1721,20.011627906976745,1965.0,71.45556640625,-4.832661,-4.99827
1722,20.023255813953487,1962.0,68.45556640625,-9.420283,-9.396585
1723,20.03488372093023,1958.0,64.45556640625,-12.981228,-12.768132
1724,20.046511627906977,1953.0,59.45556640625,-15.334769,-15.000638
1725,20.05813953488372,1949.0,55.45556640625,-16.467226,-16.124775
1726,20.069767441860463,1945.0,51.45556640625,-16.362555,-16.166004
1727,20.081395348837212,1941.0,47.45556640625,-15.068472,-15.159728
1728,20.093023255813954,1941.0,47.45556640625,-12.620893,-13.098255
1729,20.1046511627907,1947.0,53.45556640625,-9.11826,-9.948086
1730,20.116279069767444,1959.0,65.45556640625,-4.744044,-5.74891
1731,20.127906976744185,1946.0,52.45556640625,0.184629,-0.683835
1732,20.13953488372093,1959.0,65.45556640625,5.263104,4.905502
1733,20.151162790697676,1954.0,60.45556640625,9.944032,10.387155
1734,20.162790697674417,1968.0,74.45556640625,13.70006,15.06188
1735,20.174418604651162,1967.0,73.45556640625,16.043671,18.203217
1736,20.186046511627907,1959.0,65.45556640625,16.707949,19.351515
1737,20.19767441860465,1965.0,71.45556640625,15.732138,18.435518
1738,20.209302325581397,1965.0,71.45556640625,13.460154,15.802118
1739,20.220930232558143,1962.0,68.45556640625,10.408111,12.040848
1740,20.232558139534884,1955.0,61.45556640625,7.06869,7.75557
1741,20.24418604651163,1953.0,59.45556640625,3.733116,3.359302
1742,20.255813953488374,1950.0,56.45556640625,0.388254,-1.052112
1743,20.267441860465116,1955.0,61.45556640625,-3.173584,-5.548947
1744,20.27906976744186,1934.0,40.45556640625,-7.166108,-10.211388
1745,20.290697674418603,1957.0,63.45556640625,-11.442527,-14.743855
1746,20.302325581395348,1930.0,36.45556640625,-15.484694,-18.57271
1747,20.313953488372093,1937.0,43.45556640625,-18.358276,-20.781918
1748,20.325581395348834,1936.0,42.45556640625,-19.128443,-20.608881
1749,20.33720930232558,1936.0,42.45556640625,-17.271841,-17.763226
1750,20.348837209302328,1924.0,30.45556640625,-12.949072,-12.617348
1751,20.36046511627907,1921.0,27.45556640625,-7.029609,-6.149451
1752,20.372093023255815,1933.0,39.45556640625,-0.800831,0.402141
1753,20.38372093023256,1923.0,29.45556640625,4.452108,5.9188
1754,20.3953488372093,1935.0,41.45556640625,8.024459,9.87597
1755,20.406976744186046,1933.0,39.45556640625,9.891803,12.311281
1756,20.41860465116279,1935.0,41.45556640625,10.652933,13.714082
1757,20.430232558139533,1920.0,26.45556640625,11.063056,14.550797
1758,20.441860465116278,1936.0,42.45556640625,11.636977,15.045115
1759,20.453488372093023,1936.0,42.45556640625,12.304314,14.944054
1760,20.465116279069765,1934.0,40.45556640625,12.524113,13.775331
1761,20.476744186046513,1936.0,42.45556640625,11.580333,11.133482
1762,20.48837209302326,1935.0,41.45556640625,9.044177,7.047888
1763,20.5,1936.0,42.45556640625,5.013198,2.018272
1764,20.511627906976745,1936.0,42.45556640625,0.137406,-3.097151
1765,20.52325581395349,1933.0,39.45556640625,-4.624534,-7.418002
1766,20.53488372093023,1942.0,48.45556640625,-8.442926,-10.410725
1767,20.546511627906977,1939.0,45.45556640625,-10.904582,-12.033073
1768,20.558139534883722,1942.0,48.45556640625,-12.093025,-12.656946
1769,20.569767441860463,1936.0,42.45556640625,-12.38797,-12.753117
1770,20.58139534883721,1936.0,42.45556640625,-12.145119,-12.583179
1771,20.59302325581395,1939.0,45.45556640625,-11.486981,-12.051953
1772,20.6046511627907,1937.0,43.45556640625,-10.238434,-10.793139
1773,20.616279069767444,1936.0,42.45556640625,-8.13975,-8.46711
1774,20.627906976744185,1936.0,42.45556640625,-5.050704,-4.967495
1775,20.63953488372093,1936.0,42.45556640625,-1.225168,-0.680798
1776,20.651162790697676,1941.0,47.45556640625,2.803607,3.756709
1777,20.662790697674417,1940.0,46.45556640625,6.328509,7.576484
1778,20.674418604651162,1941.0,47.45556640625,8.849098,10.31758
1779,20.686046511627907,1945.0,51.45556640625,10.223916,11.871196
1780,20.69767441860465,1939.0,45.45556640625,10.693978,12.532509
1781,20.709302325581394,1949.0,55.45556640625,10.683599,12.660755
1782,20.72093023255814,1947.0,53.45556640625,10.478561,12.46992
1783,20.732558139534884,1947.0,53.45556640625,10.053256,11.842066
1784,20.74418604651163,1935.0,41.45556640625,9.026133,10.382488
1785,20.755813953488374,1938.0,44.45556640625,6.949003,7.715207
1786,20.767441860465116,1946.0,52.45556640625,3.544468,3.715441
1787,20.77906976744186,1943.0,49.45556640625,-1.001622,-1.307676
1788,20.790697674418606,1935.0,41.45556640625,-6.024771,-6.659037
1789,20.802325581395348,1936.0,42.45556640625,-10.528916,-11.430429
1790,20.813953488372093,1936.0,42.45556640625,-13.594904,-14.893751
1791,20.825581395348838,1935.0,41.45556640625,-14.664842,-16.631966
1792,20.83720930232558,1936.0,42.45556640625,-13.692773,-16.609556
1793,20.848837209302324,1933.0,39.45556640625,-11.123421,-15.05854
1794,20.860465116279073,1933.0,39.45556640625,-7.606335,-12.273938
1795,20.872093023255815,1927.0,33.45556640625,-3.818917,-8.526459
1796,20.88372093023256,1937.0,43.45556640625,-0.19145,-4.010247
1797,20.8953488372093,1938.0,44.45556640625,3.002242,0.986654
1798,20.906976744186046,1949.0,55.45556640625,5.635718,5.976848
1799,20.91860465116279,1947.0,53.45556640625,7.551476,10.265802
1800,20.930232558139533,1937.0,43.45556640625,8.59831,13.161441
1801,20.941860465116278,1947.0,53.45556640625,8.641461,14.164194
1802,20.953488372093023,1945.0,51.45556640625,7.686669,13.239345
1803,20.965116279069765,1940.0,46.45556640625,5.958365,10.854355
1804,20.97674418604651,1943.0,49.45556640625,3.895389,7.84378
1805,20.98837209302326,1941.0,47.45556640625,1.978852,5.040958
1806,21.0,1939.0,45.45556640625,0.548405,2.949624
1807,21.011627906976745,1950.0,56.45556640625,-0.287057,1.619147
1808,21.02325581395349,1936.0,42.45556640625,-0.785608,0.581128
1809,21.03488372093023,1943.0,49.45556640625,-1.276298,-0.704192
1810,21.046511627906977,1935.0,41.45556640625,-2.083204,-2.638347
1811,21.058139534883722,1936.0,42.45556640625,-3.266856,-5.180507
1812,21.069767441860463,1934.0,40.45556640625,-4.609897,-7.876056
1813,21.08139534883721,1936.0,42.45556640625,-5.674941,-10.036261
1814,21.093023255813954,1933.0,39.45556640625,-6.028154,-11.068183
1815,21.104651162790695,1929.0,35.45556640625,-5.455985,-10.764915
1816,21.116279069767444,1927.0,33.45556640625,-4.018464,-9.255964
1817,21.12790697674419,1924.0,30.45556640625,-2.084033,-7.029202
1818,21.13953488372093,1923.0,29.45556640625,-0.095727,-4.532734
1819,21.151162790697676,1919.0,25.45556640625,1.509464,-2.134895
1820,21.16279069767442,1914.0,20.45556640625,2.522245,0.107894
1821,21.174418604651162,1919.0,25.45556640625,2.936604,2.241675
1822,21.186046511627907,1911.0,17.45556640625,2.919242,4.367298
1823,21.19767441860465,1915.0,21.45556640625,2.687308,6.418462
1824,21.209302325581394,1908.0,14.45556640625,2.390975,8.178916
1825,21.22093023255814,1911.0,17.45556640625,2.153359,9.403803
1826,21.23255813953488,1904.0,10.45556640625,1.950251,9.848951
1827,21.24418604651163,1906.0,12.45556640625,1.795923,9.515277
1828,21.255813953488374,1915.0,21.45556640625,1.635221,8.493143
1829,21.267441860465116,1913.0,19.45556640625,1.438726,6.972795
1830,21.27906976744186,1911.0,17.45556640625,1.151194,5.105203
1831,21.290697674418606,1916.0,22.45556640625,0.757054,2.990505
1832,21.302325581395348,1919.0,25.45556640625,0.168875,0.567016
1833,21.313953488372093,1919.0,25.45556640625,-0.644834,-2.167824
1834,21.325581395348838,1914.0,20.45556640625,-1.669821,-5.142647
1835,21.33720930232558,1927.0,33.45556640625,-2.790235,-8.091091
1836,21.348837209302324,1927.0,33.45556640625,-3.832616,-10.667264
1837,21.36046511627907,1924.0,30.45556640625,-4.575279,-12.487641
1838,21.372093023255815,1936.0,42.45556640625,-4.787308,-13.210482
1839,21.38372093023256,1926.0,32.45556640625,-4.347163,-12.661482
1840,21.395348837209305,1926.0,32.45556640625,-3.198737,-10.747978
1841,21.406976744186046,1920.0,26.45556640625,-1.492946,-7.588071
1842,21.41860465116279,1921.0,27.45556640625,0.503982,-3.418718
1843,21.430232558139537,1931.0,37.45556640625,2.4027,1.316957
1844,21.441860465116278,1927.0,33.45556640625,3.795918,5.980253
1845,21.453488372093023,1933.0,39.45556640625,4.412988,9.865852
1846,21.46511627906977,1932.0,38.45556640625,4.197631,12.315018
1847,21.47674418604651,1936.0,42.45556640625,3.35998,12.967037
1848,21.488372093023255,1929.0,35.45556640625,2.307165,11.887801
1849,21.5,1933.0,39.45556640625,1.457188,9.57336
1850,21.511627906976745,1929.0,35.45556640625,1.038038,6.761398
1851,21.52325581395349,1931.0,37.45556640625,0.994656,4.163483
1852,21.53488372093023,1932.0,38.45556640625,0.980878,2.178242
1853,21.546511627906977,1923.0,29.45556640625,0.540968,0.757208
1854,21.558139534883722,1925.0,31.45556640625,-0.608293,-0.485554
1855,21.569767441860463,1921.0,27.45556640625,-2.389331,-2.014449
1856,21.58139534883721,1920.0,26.45556640625,-4.304302,-4.07303
1857,21.593023255813954,1919.0,25.45556640625,-5.622984,-6.503481
1858,21.604651162790695,1911.0,17.45556640625,-5.710625,-8.80181
1859,21.61627906976744,1917.0,23.45556640625,-4.330081,-10.326328
1860,21.627906976744185,1918.0,24.45556640625,-1.803278,-10.596926
1861,21.63953488372093,1907.0,13.45556640625,1.045699,-9.559317
1862,21.651162790697676,1921.0,27.45556640625,3.317831,-7.445737
1863,21.66279069767442,1911.0,17.45556640625,4.315185,-4.761649
1864,21.674418604651162,1926.0,32.45556640625,3.928907,-1.901125
1865,21.686046511627907,1920.0,26.45556640625,2.554363,0.857113
1866,21.697674418604652,1927.0,33.45556640625,0.900905,3.444532
1867,21.709302325581394,1921.0,27.45556640625,-0.37473,5.822519
1868,21.72093023255814,1925.0,31.45556640625,-0.936582,7.891463
1869,21.732558139534884,1921.0,27.45556640625,-0.879016,9.370679
1870,21.744186046511626,1932.0,38.45556640625,-0.563002,9.931749
1871,21.75581395348837,1929.0,35.45556640625,-0.377598,9.321115
1872,21.76744186046512,1915.0,21.45556640625,-0.49871,7.535379
1873,21.77906976744186,1920.0,26.45556640625,-0.77659,4.901165
1874,21.790697674418606,1920.0,26.45556640625,-0.969223,1.859629
1875,21.80232558139535,1913.0,19.45556640625,-0.815466,-1.078655
1876,21.813953488372093,1917.0,23.45556640625,-0.308379,-3.610993
1877,21.825581395348838,1916.0,22.45556640625,0.354045,-5.586291
1878,21.83720930232558,1919.0,25.45556640625,0.883149,-6.96432
1879,21.848837209302324,1918.0,24.45556640625,1.084915,-7.680085
1880,21.86046511627907,1919.0,25.45556640625,0.959074,-7.639468
1881,21.87209302325581,1921.0,27.45556640625,0.679003,-6.73673
1882,21.883720930232556,1929.0,35.45556640625,0.48289,-4.991362
1883,21.895348837209305,1936.0,42.45556640625,0.443168,-2.682146
1884,21.906976744186046,1931.0,37.45556640625,0.454,-0.312637
1885,21.91860465116279,1931.0,37.45556640625,0.29067,1.593371
1886,21.930232558139537,1924.0,30.45556640625,-0.21177,2.704815
1887,21.941860465116278,1922.0,28.45556640625,-1.03654,3.025361
1888,21.953488372093023,1936.0,42.45556640625,-1.891071,2.91038
1889,21.96511627906977,1931.0,37.45556640625,-2.412833,2.8209
1890,21.97674418604651,1936.0,42.45556640625,-2.333596,3.029184
1891,21.988372093023255,1933.0,39.45556640625,-1.669383,3.461954
1892,22.0,1931.0,37.45556640625,-0.716572,3.70925
1893,22.01162790697674,1930.0,36.45556640625,0.11412,3.321083
1894,22.02325581395349,1931.0,37.45556640625,0.54328,2.10355
1895,22.034883720930235,1935.0,41.45556640625,0.584061,0.325967
1896,22.046511627906977,1929.0,35.45556640625,0.547429,-1.3742
1897,22.058139534883722,1936.0,42.45556640625,0.829987,-2.284302
1898,22.069767441860467,1933.0,39.45556640625,1.618556,-2.07198
1899,22.08139534883721,1926.0,32.45556640625,2.702394,-0.98494
1900,22.093023255813954,1941.0,47.45556640625,3.536839,0.217283
1901,22.1046511627907,1936.0,42.45556640625,3.465425,0.648069
1902,22.11627906976744,1942.0,48.45556640625,2.126032,-0.211882
1903,22.127906976744185,1936.0,42.45556640625,-0.32161,-2.197936
1904,22.139534883720927,1945.0,51.45556640625,-3.155524,-4.482434
1905,22.151162790697676,1945.0,51.45556640625,-5.406753,-5.980757
1906,22.16279069767442,1942.0,48.45556640625,-6.249822,-5.871862
1907,22.174418604651162,1952.0,58.45556640625,-5.37429,-4.01654
1908,22.186046511627907,1941.0,47.45556640625,-3.138297,-1.048135
1909,22.197674418604652,1936.0,42.45556640625,-0.33977,1.984478
1910,22.209302325581394,1942.0,48.45556640625,2.111926,4.10096
1911,22.22093023255814,1940.0,46.45556640625,3.598719,4.83684
1912,22.232558139534884,1936.0,42.45556640625,3.989509,4.392717
1913,22.244186046511626,1949.0,55.45556640625,3.61733,3.45234
1914,22.25581395348837,1936.0,42.45556640625,2.955654,2.692114
1915,22.267441860465116,1941.0,47.45556640625,2.409108,2.472855
1916,22.27906976744186,1942.0,48.45556640625,2.080254,2.639265
1917,22.290697674418606,1944.0,50.45556640625,1.773394,2.667989
1918,22.30232558139535,1947.0,53.45556640625,1.154406,2.0155
1919,22.313953488372093,1948.0,54.45556640625,-0.003518,0.468471
1920,22.325581395348838,1936.0,42.45556640625,-1.668828,-1.707811
1921,22.337209302325583,1943.0,49.45556640625,-3.508716,-3.865175
1922,22.348837209302324,1939.0,45.45556640625,-5.054224,-5.302817
1923,22.36046511627907,1943.0,49.45556640625,-5.867288,-5.561178
1924,22.372093023255815,1943.0,49.45556640625,-5.71387,-4.624632
1925,22.383720930232556,1946.0,52.45556640625,-4.636674,-2.877697
1926,22.3953488372093,1939.0,45.45556640625,-2.889306,-0.916601
1927,22.40697674418605,1936.0,42.45556640625,-0.83299,0.740444
1928,22.41860465116279,1935.0,41.45556640625,1.203179,1.817848
1929,22.430232558139537,1931.0,37.45556640625,2.979036,2.28184
1930,22.441860465116278,1933.0,39.45556640625,4.354058,2.299125
1931,22.453488372093023,1933.0,39.45556640625,5.28728,2.07176
1932,22.46511627906977,1935.0,41.45556640625,5.762038,1.761002
1933,22.47674418604651,1932.0,38.45556640625,5.729828,1.383815
1934,22.488372093023255,1934.0,40.45556640625,5.127191,0.921736
1935,22.5,1934.0,40.45556640625,3.879805,0.308291
1936,22.51162790697674,1939.0,45.45556640625,1.970342,-0.471737
1937,22.523255813953487,1931.0,37.45556640625,-0.467316,-1.362079
1938,22.534883720930235,1937.0,43.45556640625,-3.129861,-2.2305
1939,22.546511627906977,1934.0,40.45556640625,-5.539227,-2.879021
1940,22.558139534883722,1935.0,41.45556640625,-7.157586,-3.08439
1941,22.569767441860467,1936.0,42.45556640625,-7.538392,-2.669017
1942,22.58139534883721,1934.0,40.45556640625,-6.51254,-1.545572
1943,22.593023255813954,1934.0,40.45556640625,-4.27941,0.164629
1944,22.6046511627907,1919.0,25.45556640625,-1.410047,2.157999
1945,22.61627906976744,1928.0,34.45556640625,1.356127,3.968175
1946,22.627906976744185,1919.0,25.45556640625,3.313164,5.13117
1947,22.63953488372093,1931.0,37.45556640625,4.088286,5.316876
1948,22.651162790697672,1921.0,27.45556640625,3.719152,4.50463
1949,22.66279069767442,1923.0,29.45556640625,2.655288,2.926535
1950,22.674418604651166,1922.0,28.45556640625,1.50658,1.051082
1951,22.686046511627907,1930.0,36.45556640625,0.81007,-0.676602
1952,22.697674418604652,1923.0,29.45556640625,0.753876,-1.968592
1953,22.709302325581397,1920.0,26.45556640625,1.183624,-2.795194
1954,22.72093023255814,1920.0,26.45556640625,1.673537,-3.324398
1955,22.732558139534884,1927.0,33.45556640625,1.785233,-3.772853
1956,22.74418604651163,1926.0,32.45556640625,1.249328,-4.282042
1957,22.75581395348837,1925.0,31.45556640625,0.110972,-4.782351
1958,22.767441860465116,1930.0,36.45556640625,-1.301583,-5.036335
1959,22.779069767441857,1935.0,41.45556640625,-2.569598,-4.791634
1960,22.790697674418603,1929.0,35.45556640625,-3.372299,-3.941876
1961,22.80232558139535,1933.0,39.45556640625,-3.56879,-2.541787
1962,22.813953488372093,1921.0,27.45556640625,-3.235655,-0.851809
1963,22.825581395348838,1929.0,35.45556640625,-2.525736,0.876749
1964,22.837209302325583,1913.0,19.45556640625,-1.620552,2.428381
1965,22.848837209302324,1917.0,23.45556640625,-0.559671,3.839069
1966,22.86046511627907,1909.0,15.45556640625,0.649035,5.199008
1967,22.872093023255815,1911.0,17.45556640625,1.964626,6.581088
1968,22.883720930232556,1904.0,10.45556640625,3.229823,7.88014
1969,22.8953488372093,1898.0,4.45556640625,4.125557,8.708311
1970,22.906976744186046,1901.0,7.45556640625,4.296634,8.567875
1971,22.918604651162788,1905.0,11.45556640625,3.492341,7.010879
1972,22.930232558139537,1905.0,11.45556640625,1.743251,3.930349
1973,22.94186046511628,1902.0,8.45556640625,-0.55215,-0.278898
1974,22.953488372093023,1911.0,17.45556640625,-2.747657,-4.806812
1975,22.96511627906977,1907.0,13.45556640625,-4.178563,-8.661417
1976,22.976744186046513,1920.0,26.45556640625,-4.411386,-11.013126
1977,22.988372093023255,1918.0,24.45556640625,-3.451621,-11.472568
1978,23.0,1910.0,16.45556640625,-1.745041,-10.224852
1979,23.011627906976745,1916.0,22.45556640625,0.044073,-7.834485
1980,23.023255813953487,1914.0,20.45556640625,1.274211,-5.04863
1981,23.03488372093023,1910.0,16.45556640625,1.633275,-2.433428
1982,23.046511627906977,1901.0,7.45556640625,1.253238,-0.227529
1983,23.058139534883722,1906.0,12.45556640625,0.610322,1.667308
1984,23.069767441860467,1905.0,11.45556640625,0.264162,3.442838
1985,23.08139534883721,1907.0,13.45556640625,0.560882,5.204548
1986,23.093023255813954,1895.0,1.45556640625,1.433441,6.771952
1987,23.1046511627907,1903.0,9.45556640625,2.455426,7.785684
1988,23.11627906976744,1903.0,9.45556640625,2.991701,7.802364
1989,23.127906976744185,1904.0,10.45556640625,2.567665,6.616241
1990,23.13953488372093,1890.0,-3.54443359375,1.09883,4.408938
1991,23.151162790697672,1896.0,2.45556640625,-1.039476,1.707401
1992,23.162790697674417,1898.0,4.45556640625,-3.150104,-0.778664
1993,23.174418604651162,1904.0,10.45556640625,-4.563212,-2.513988
1994,23.186046511627907,1904.0,10.45556640625,-4.876953,-3.269167
1995,23.197674418604652,1894.0,0.45556640625,-4.152718,-3.268676
1996,23.209302325581397,1899.0,5.45556640625,-2.780354,-2.935922
1997,23.22093023255814,1904.0,10.45556640625,-1.302159,-2.713902
1998,23.232558139534884,1899.0,5.45556640625,-0.104024,-2.776411
1999,23.24418604651163,1898.0,4.45556640625,0.735989,-2.983947
2000,23.25581395348837,1900.0,6.45556640625,1.438967,-2.952453
2001,23.267441860465116,1898.0,4.45556640625,2.29336,-2.347215
2002,23.27906976744186,1904.0,10.45556640625,3.399236,-1.103893
2003,23.290697674418603,1900.0,6.45556640625,4.545966,0.479507
2004,23.302325581395348,1901.0,7.45556640625,5.277723,1.888648
2005,23.313953488372096,1894.0,0.45556640625,5.091292,2.609343
2006,23.325581395348838,1899.0,5.45556640625,3.769727,2.417345
2007,23.337209302325583,1891.0,-2.54443359375,1.511868,1.466781
2008,23.348837209302328,1897.0,3.45556640625,-1.056082,0.247034
2009,23.36046511627907,1911.0,17.45556640625,-3.165395,-0.693087
2010,23.372093023255815,1897.0,3.45556640625,-4.261566,-1.014966
2011,23.383720930232556,1892.0,-1.54443359375,-4.215141,-0.719707
2012,23.3953488372093,1900.0,6.45556640625,-3.38499,-0.124374
2013,23.406976744186046,1894.0,0.45556640625,-2.44413,0.298272
2014,23.418604651162788,1893.0,-0.54443359375,-2.025071,0.20521
2015,23.430232558139533,1899.0,5.45556640625,-2.390799,-0.437035
2016,23.44186046511628,1888.0,-5.54443359375,-3.325862,-1.369246
2017,23.453488372093023,1899.0,5.45556640625,-4.192861,-2.096765
2018,23.46511627906977,1887.0,-6.54443359375,-4.25576,-2.17428
2019,23.476744186046513,1897.0,3.45556640625,-3.013443,-1.369252
2020,23.488372093023255,1893.0,-0.54443359375,-0.467513,0.216115
2021,23.5,1895.0,1.45556640625,2.871441,2.214307
2022,23.511627906976745,1899.0,5.45556640625,6.161866,4.132741
2023,23.523255813953487,1891.0,-2.54443359375,8.538208,5.492365
2024,23.53488372093023,1891.0,-2.54443359375,9.434233,5.990626
2025,23.546511627906977,1894.0,0.45556640625,8.736156,5.525966
2026,23.55813953488372,1882.0,-11.54443359375,6.724392,4.148053
2027,23.569767441860467,1902.0,8.45556640625,3.977054,2.056287
2028,23.581395348837212,1887.0,-6.54443359375,1.036539,-0.539213
2029,23.593023255813954,1891.0,-2.54443359375,-1.699083,-3.38443
2030,23.6046511627907,1904.0,10.45556640625,-4.035374,-6.165923
2031,23.616279069767444,1898.0,4.45556640625,-5.981405,-8.580231
2032,23.627906976744185,1891.0,-2.54443359375,-7.537823,-10.24923
2033,23.63953488372093,1887.0,-6.54443359375,-8.614208,-10.804115
2034,23.651162790697676,1899.0,5.45556640625,-8.949527,-9.924835
2035,23.662790697674417,1902.0,8.45556640625,-8.242691,-7.474208
2036,23.674418604651162,1904.0,10.45556640625,-6.304266,-3.59993
2037,23.686046511627904,1887.0,-6.54443359375,-3.210324,1.256327
2038,23.697674418604652,1897.0,3.45556640625,0.611273,6.345746
2039,23.709302325581397,1895.0,1.45556640625,4.396623,10.736715
2040,23.72093023255814,1897.0,3.45556640625,7.314766,13.542612
2041,23.732558139534884,1890.0,-3.54443359375,8.712932,14.181308
2042,23.74418604651163,1890.0,-3.54443359375,8.364592,12.54109
2043,23.75581395348837,1893.0,-0.54443359375,6.581892,9.07091
2044,23.767441860465116,1886.0,-7.54443359375,4.029744,4.571792
2045,23.77906976744186,1901.0,7.45556640625,1.532156,0.021385
2046,23.790697674418603,1878.0,-15.54443359375,-0.318595,-3.808094
2047,23.802325581395348,1886.0,-7.54443359375,-1.276008,-6.481627
