muestra,tiempo_ms,adc,adc_centrado,adc_filtrado,residual
0,0.0,1870.0,-21.5361328125,-0.013124,-0.019219
1,0.011627906976744186,1869.0,-22.5361328125,-0.020292,-0.02724
2,0.023255813953488372,1872.0,-19.5361328125,-0.016234,-0.02298
3,0.03488372093023256,1862.0,-29.5361328125,-0.011213,-0.013517
4,0.046511627906976744,1875.0,-16.5361328125,0.006431,0.00494
5,0.058139534883720936,1871.0,-20.5361328125,0.017792,0.017997
6,0.06976744186046512,1885.0,-6.5361328125,0.030229,0.028753
7,0.0813953488372093,1878.0,-13.5361328125,0.028522,0.029039
8,0.09302325581395349,1894.0,2.4638671875,0.03446,0.034559
9,0.10465116279069767,1889.0,-2.5361328125,0.040978,0.051357
10,0.11627906976744187,1903.0,11.4638671875,0.06641,0.08738
11,0.12790697674418605,1898.0,6.4638671875,0.094309,0.132883
12,0.13953488372093023,1906.0,14.4638671875,0.123024,0.17497
13,0.1511627906976744,1904.0,12.4638671875,0.131158,0.196932
14,0.1627906976744186,1913.0,21.4638671875,0.116613,0.189415
15,0.1744186046511628,1909.0,17.4638671875,0.07157,0.1483
16,0.18604651162790697,1909.0,17.4638671875,0.013215,0.091893
17,0.19767441860465115,1911.0,19.4638671875,-0.037613,0.052399
18,0.20930232558139533,1918.0,26.4638671875,-0.066038,0.038347
19,0.22093023255813954,1914.0,22.4638671875,-0.085177,0.034293
20,0.23255813953488375,1914.0,22.4638671875,-0.111799,0.01034
21,0.2441860465116279,1917.0,25.4638671875,-0.165765,-0.057594
22,0.2558139534883721,1919.0,27.4638671875,-0.255615,-0.179752
23,0.2674418604651163,1917.0,25.4638671875,-0.366375,-0.331798
24,0.27906976744186046,1920.0,28.4638671875,-0.454872,-0.45812
25,0.29069767441860467,1923.0,31.4638671875,-0.47952,-0.505373
26,0.3023255813953488,1923.0,31.4638671875,-0.423153,-0.459261
27,0.313953488372093,1921.0,29.4638671875,-0.303516,-0.345415
28,0.3255813953488372,1921.0,29.4638671875,-0.163784,-0.224275
29,0.3372093023255814,1923.0,31.4638671875,-0.049284,-0.149728
30,0.3488372093023256,1923.0,31.4638671875,0.020505,-0.128423
31,0.3604651162790698,1920.0,28.4638671875,0.069717,-0.121954
32,0.37209302325581395,1911.0,19.4638671875,0.151989,-0.048329
33,0.38372093023255816,1917.0,25.4638671875,0.328471,0.163587
34,0.3953488372093023,1913.0,21.4638671875,0.593242,0.508536
35,0.4069767441860465,1918.0,26.4638671875,0.888533,0.894694
36,0.41860465116279066,1913.0,21.4638671875,1.102072,1.180539
37,0.43023255813953487,1912.0,20.4638671875,1.145954,1.262127
38,0.4418604651162791,1911.0,19.4638671875,0.997754,1.128899
39,0.4534883720930233,1914.0,22.4638671875,0.723703,0.872897
40,0.4651162790697675,1908.0,16.4638671875,0.432606,0.638235
41,0.4767441860465116,1909.0,17.4638671875,0.225509,0.540038
42,0.4883720930232558,1906.0,14.4638671875,0.10988,0.557309
43,0.5,1911.0,19.4638671875,-0.001087,0.548399
44,0.5116279069767442,1909.0,17.4638671875,-0.255651,0.307913
45,0.5232558139534884,1909.0,17.4638671875,-0.748676,-0.282366
46,0.5348837209302326,1905.0,13.4638671875,-1.446739,-1.156662
47,0.5465116279069767,1908.0,16.4638671875,-2.161682,-2.064937
48,0.5581395348837209,1905.0,13.4638671875,-2.645217,-2.683626
49,0.5697674418604651,1905.0,13.4638671875,-2.707618,-2.804625
50,0.5813953488372093,1905.0,13.4638671875,-2.341349,-2.449656
51,0.5930232558139535,1906.0,14.4638671875,-1.736981,-1.901803
52,0.6046511627906976,1904.0,12.4638671875,-1.180951,-1.516973
53,0.6162790697674418,1904.0,12.4638671875,-0.865796,-1.5067
54,0.627906976744186,1905.0,13.4638671875,-0.737593,-1.723449
55,0.6395348837209301,1903.0,11.4638671875,-0.472729,-1.682834
56,0.6511627906976744,1901.0,9.4638671875,0.377022,-0.773673
57,0.6627906976744186,1899.0,7.4638671875,2.110142,1.368311
58,0.6744186046511628,1902.0,10.4638671875,4.619317,4.557445
59,0.686046511627907,1903.0,11.4638671875,7.287636,7.968407
60,0.6976744186046512,1891.0,-0.5361328125,9.140923,10.368242
61,0.7093023255813954,1889.0,-2.5361328125,9.237485,10.627826
62,0.7209302325581396,1892.0,0.4638671875,7.070462,8.215291
63,0.7325581395348838,1890.0,-1.5361328125,2.849691,3.492227
64,0.7441860465116279,1881.0,-10.5361328125,-2.488084,-2.355188
65,0.7558139534883721,1886.0,-5.5361328125,-7.561854,-7.725832
66,0.7674418604651163,1885.0,-6.5361328125,-11.056309,-11.215042
67,0.7790697674418604,1882.0,-9.5361328125,-12.16012,-12.106416
68,0.7906976744186046,1881.0,-10.5361328125,-10.80791,-10.542408
69,0.8023255813953488,1885.0,-6.5361328125,-7.624551,-7.362631
70,0.813953488372093,1883.0,-8.5361328125,-3.630389,-3.666552
71,0.8255813953488372,1882.0,-9.5361328125,0.169875,-0.365478
72,0.8372093023255813,1885.0,-6.5361328125,3.098228,2.100574
73,0.8488372093023255,1883.0,-8.5361328125,4.912827,3.741162
74,0.8604651162790697,1881.0,-10.5361328125,5.735467,4.81539
75,0.872093023255814,1885.0,-6.5361328125,5.855005,5.552344
76,0.8837209302325582,1878.0,-13.5361328125,5.521484,5.970641
77,0.8953488372093024,1881.0,-10.5361328125,4.878418,5.913303
78,0.9069767441860466,1874.0,-17.5361328125,3.950247,5.195646
79,0.9186046511627908,1878.0,-13.5361328125,2.75255,3.78947
80,0.930232558139535,1872.0,-19.5361328125,1.338094,1.900348
81,0.9418604651162791,1872.0,-19.5361328125,-0.153324,-0.081745
82,0.9534883720930232,1861.0,-30.5361328125,-1.549896,-1.768676
83,0.9651162790697674,1867.0,-24.5361328125,-2.67109,-2.901727
84,0.9767441860465116,1858.0,-33.5361328125,-3.409322,-3.469102
85,0.9883720930232557,1857.0,-34.5361328125,-3.696153,-3.602482
86,1.0,1856.0,-35.5361328125,-3.511591,-3.486347
87,1.0116279069767442,1856.0,-35.5361328125,-2.872563,-3.217306
88,1.0232558139534884,1857.0,-34.5361328125,-1.850388,-2.794028
89,1.0348837209302326,1855.0,-36.5361328125,-0.5997,-2.162054
90,1.0465116279069768,1867.0,-24.5361328125,0.651446,-1.312766
91,1.0581395348837208,1859.0,-32.5361328125,1.610902,-0.355519
92,1.0697674418604652,1873.0,-18.5361328125,2.068051,0.534058
93,1.0813953488372092,1870.0,-21.5361328125,1.934286,1.174522
94,1.0930232558139534,1889.0,-2.5361328125,1.347733,1.513203
95,1.1046511627906976,1877.0,-14.5361328125,0.571919,1.636389
96,1.1162790697674418,1895.0,3.4638671875,-0.040381,1.751506
97,1.127906976744186,1894.0,2.4638671875,-0.272381,2.018795
98,1.1395348837209303,1895.0,3.4638671875,-0.093056,2.467341
99,1.1511627906976745,1900.0,8.4638671875,0.326749,2.941097
100,1.1627906976744187,1875.0,-16.5361328125,0.688449,3.165452
101,1.1744186046511629,1894.0,2.4638671875,0.787227,2.910043
102,1.186046511627907,1859.0,-32.5361328125,0.506627,2.073599
103,1.197674418604651,1869.0,-22.5361328125,-0.01209,0.781509
104,1.2093023255813953,1841.0,-50.5361328125,-0.570057,-0.679697
105,1.2209302325581395,1850.0,-41.5361328125,-0.924495,-2.012558
106,1.2325581395348837,1809.0,-82.5361328125,-1.012572,-3.003999
107,1.244186046511628,1823.0,-68.5361328125,-0.852495,-3.591504
108,1.255813953488372,1792.0,-99.5361328125,-0.641204,-3.852564
109,1.2674418604651163,1802.0,-89.5361328125,-0.51989,-3.895116
110,1.2790697674418603,1780.0,-111.5361328125,-0.591311,-3.792822
111,1.2906976744186047,1786.0,-105.5361328125,-0.785033,-3.503215
112,1.3023255813953487,1787.0,-104.5361328125,-0.956475,-2.956074
113,1.3139534883720931,1781.0,-110.5361328125,-0.941601,-2.059465
114,1.3255813953488371,1808.0,-83.5361328125,-0.607577,-0.81758
115,1.3372093023255816,1791.0,-100.5361328125,0.023047,0.673417
116,1.3488372093023255,1847.0,-44.5361328125,0.915184,2.25545
117,1.36046511627907,1826.0,-65.5361328125,1.871462,3.756239
118,1.372093023255814,1903.0,11.4638671875,2.806201,5.037657
119,1.383720930232558,1872.0,-19.5361328125,3.502987,5.971742
120,1.3953488372093024,1929.0,37.4638671875,3.910072,6.46541
121,1.4069767441860463,1909.0,17.4638671875,3.881914,6.395317
122,1.4186046511627908,1949.0,57.4638671875,3.399873,5.644495
123,1.4302325581395348,1941.0,49.4638671875,2.415219,4.122646
124,1.4418604651162792,1943.0,51.4638671875,0.992763,1.894099
125,1.4534883720930232,1949.0,57.4638671875,-0.724487,-0.820848
126,1.4651162790697676,1909.0,17.4638671875,-2.557809,-3.603945
127,1.4767441860465116,1930.0,38.4638671875,-4.221395,-5.960365
128,1.4883720930232558,1857.0,-34.5361328125,-5.557805,-7.436786
129,1.5,1883.0,-8.5361328125,-6.320779,-7.765491
130,1.5116279069767442,1787.0,-104.5361328125,-6.53834,-6.995282
131,1.5232558139534884,1823.0,-68.5361328125,-6.131711,-5.406199
132,1.5348837209302326,1714.0,-177.5361328125,-5.269891,-3.44334
133,1.5465116279069768,1747.0,-144.5361328125,-3.9798,-1.544837
134,1.5581395348837208,1670.0,-221.5361328125,-2.450802,-0.028181
135,1.5697674418604652,1689.0,-202.5361328125,-0.739143,0.992813
136,1.5813953488372092,1659.0,-232.5361328125,1.047819,1.600008
137,1.5930232558139534,1663.0,-228.5361328125,2.861378,1.99907
138,1.6046511627906976,1699.0,-192.5361328125,4.700275,2.394405
139,1.6162790697674418,1675.0,-216.5361328125,6.46424,2.915194
140,1.627906976744186,1770.0,-121.5361328125,8.164833,3.558787
141,1.6395348837209303,1728.0,-163.5361328125,9.542531,4.205442
142,1.6511627906976745,1866.0,-25.5361328125,10.51278,4.666296
143,1.6627906976744187,1813.0,-78.5361328125,10.68784,4.747787
144,1.6744186046511627,1951.0,59.4638671875,10.014801,4.344095
145,1.686046511627907,1906.0,14.4638671875,8.279943,3.445164
146,1.697674418604651,2005.0,113.4638671875,5.663251,2.139378
147,1.7093023255813955,1982.0,90.4638671875,2.300251,0.596933
148,1.7209302325581395,2011.0,119.4638671875,-1.448761,-0.973965
149,1.7325581395348837,2019.0,127.4638671875,-5.282168,-2.376496
150,1.744186046511628,1959.0,67.4638671875,-8.984343,-3.467182
151,1.755813953488372,1996.0,104.4638671875,-12.28764,-4.155326
152,1.7674418604651163,1872.0,-19.5361328125,-15.134879,-4.411887
153,1.7790697674418603,1917.0,25.4638671875,-17.214748,-4.288253
154,1.7906976744186047,1733.0,-158.5361328125,-18.429955,-3.843857
155,1.8023255813953487,1803.0,-88.5361328125,-18.294584,-3.162693
156,1.8139534883720931,1614.0,-277.5361328125,-16.724783,-2.337309
157,1.8255813953488371,1678.0,-213.5361328125,-13.418552,-1.434839
158,1.8372093023255816,1535.0,-356.5361328125,-8.632877,-0.533045
159,1.8488372093023255,1574.0,-317.5361328125,-2.599715,0.32021
160,1.86046511627907,1530.0,-361.5361328125,4.050775,1.063155
161,1.872093023255814,1521.0,-370.5361328125,10.675897,1.642837
162,1.8837209302325582,1614.0,-277.5361328125,16.686291,1.965394
163,1.8953488372093024,1573.0,-318.5361328125,21.473549,1.973698
164,1.9069767441860463,1745.0,-146.5361328125,24.850075,1.659361
165,1.9186046511627908,1677.0,-214.5361328125,26.516434,1.147949
166,1.9302325581395348,1906.0,14.4638671875,26.700209,0.652077
167,1.9418604651162792,1821.0,-70.5361328125,25.289898,0.439257
168,1.9534883720930232,2031.0,139.4638671875,22.628296,0.743763
169,1.9651162790697676,1969.0,77.4638671875,18.625715,1.630556
170,1.9767441860465114,2098.0,206.4638671875,13.444541,2.89763
171,1.9883720930232558,2077.0,185.4638671875,6.960092,4.107779
172,2.0,2074.0,182.4638671875,-0.810374,4.7288
173,2.011627906976744,2097.0,205.4638671875,-9.686442,4.312583
174,2.0232558139534884,1940.0,48.4638671875,-19.361773,2.747055
175,2.0348837209302326,2009.0,117.4638671875,-28.897972,0.316957
176,2.046511627906977,1769.0,-122.5361328125,-37.449043,-2.328663
177,2.058139534883721,1851.0,-40.5361328125,-43.591354,-4.458324
178,2.0697674418604652,1585.0,-306.5361328125,-46.527065,-5.477242
179,2.0813953488372094,1680.0,-211.5361328125,-45.363663,-5.232162
180,2.0930232558139537,1455.0,-436.5361328125,-40.275112,-4.05901
181,2.1046511627906974,1506.0,-385.5361328125,-31.584801,-2.601
182,2.1162790697674416,1423.0,-468.5361328125,-20.325943,-1.548969
183,2.1279069767441863,1423.0,-468.5361328125,-7.519303,-1.31138
184,2.1395348837209305,1499.0,-392.5361328125,5.915154,-1.878126
185,2.1511627906976742,1455.0,-436.5361328125,19.161177,-2.746365
186,2.1627906976744184,1675.0,-216.5361328125,31.892035,-3.274519
187,2.174418604651163,1584.0,-307.5361328125,43.444958,-2.869259
188,2.186046511627907,1885.0,-6.5361328125,53.556385,-1.331928
189,2.197674418604651,1776.0,-115.5361328125,61.185726,1.116184
190,2.2093023255813953,2066.0,174.4638671875,65.660782,3.880398
191,2.22093023255814,1986.0,94.4638671875,65.734894,6.230804
192,2.2325581395348837,2157.0,265.4638671875,60.829979,7.594902
193,2.244186046511628,2123.0,231.4638671875,50.496086,7.659893
194,2.255813953488372,2116.0,224.4638671875,35.045654,6.532185
195,2.267441860465116,2154.0,262.4638671875,15.451716,4.534126
196,2.2790697674418605,1959.0,67.4638671875,-6.964684,2.179307
197,2.2906976744186047,2043.0,151.4638671875,-30.162483,-0.076252
198,2.302325581395349,1741.0,-150.5361328125,-52.437195,-1.825405
199,2.3139534883720927,1856.0,-35.5361328125,-71.590836,-2.868851
200,2.3255813953488373,1517.0,-374.5361328125,-86.313354,-3.17086
201,2.3372093023255816,1625.0,-266.5361328125,-95.038399,-2.854988
202,2.3488372093023258,1388.0,-503.5361328125,-97.20163,-2.201263
203,2.3604651162790695,1438.0,-453.5361328125,-92.240494,-1.515251
204,2.372093023255814,1381.0,-510.5361328125,-80.31881,-1.131569
205,2.3837209302325584,1361.0,-530.5361328125,-61.909458,-1.189415
206,2.395348837209302,1514.0,-377.5361328125,-37.84557,-1.714138
207,2.4069767441860463,1425.0,-466.5361328125,-9.688202,-2.498328
208,2.4186046511627906,1739.0,-152.5361328125,21.007948,-3.291548
209,2.430232558139535,1618.0,-273.5361328125,51.758453,-3.810688
210,2.441860465116279,1985.0,93.4638671875,80.541435,-3.89402
211,2.453488372093023,1869.0,-22.5361328125,104.701271,-3.484932
212,2.4651162790697674,2179.0,287.4638671875,122.485458,-2.618103
213,2.4767441860465116,2091.0,199.4638671875,132.01886,-1.390503
214,2.488372093023256,2223.0,331.4638671875,132.373123,0.188141
215,2.5,2214.0,322.4638671875,122.886086,2.016945
216,2.511627906976744,2128.0,236.4638671875,103.469551,3.997284
217,2.5232558139534884,2193.0,301.4638671875,74.786072,5.840027
218,2.5348837209302326,1923.0,31.4638671875,37.902847,7.227972
219,2.546511627906977,2034.0,142.4638671875,-4.706213,7.785383
220,2.5581395348837206,1684.0,-207.5361328125,-50.171467,7.354942
221,2.5697674418604652,1805.0,-86.5361328125,-94.19799,6.027046
222,2.5813953488372094,1487.0,-404.5361328125,-132.770798,4.173798
223,2.5930232558139537,1583.0,-308.5361328125,-161.596039,2.318787
224,2.6046511627906974,1408.0,-483.5361328125,-177.784576,0.847351
225,2.6162790697674416,1430.0,-461.5361328125,-179.54689,-0.109589
226,2.6279069767441863,1459.0,-432.5361328125,-166.695923,-0.814438
227,2.6395348837209305,1415.0,-476.5361328125,-140.391922,-1.689133
228,2.6511627906976742,1631.0,-260.5361328125,-102.459175,-3.175949
229,2.6627906976744184,1533.0,-358.5361328125,-55.653088,-5.373211
230,2.674418604651163,1839.0,-52.5361328125,-2.666318,-8.012658
231,2.686046511627907,1734.0,-157.5361328125,52.86385,-10.455925
232,2.697674418604651,2017.0,125.4638671875,107.259628,-11.999725
233,2.7093023255813953,1941.0,49.4638671875,155.862839,-12.137238
234,2.72093023255814,2128.0,236.4638671875,194.217422,-10.699417
235,2.7325581395348837,2094.0,202.4638671875,217.990799,-7.943314
236,2.744186046511628,2106.0,214.4638671875,224.098633,-4.281036
237,2.755813953488372,2122.0,230.4638671875,211.221344,-0.169647
238,2.767441860465116,1991.0,99.4638671875,179.862793,4.1073
239,2.7790697674418605,2059.0,167.4638671875,132.671051,8.367142
240,2.7906976744186047,1847.0,-44.5361328125,73.316299,12.428524
241,2.802325581395349,1919.0,27.4638671875,6.748616,15.998772
242,2.8139534883720927,1722.0,-169.5361328125,-62.084911,18.590809
243,2.8255813953488373,1781.0,-110.5361328125,-127.800789,19.662193
244,2.8372093023255816,1655.0,-236.5361328125,-185.362747,18.767578
245,2.8488372093023253,1680.0,-211.5361328125,-229.853317,15.775391
246,2.8604651162790695,1664.0,-227.5361328125,-256.982452,10.904633
247,2.872093023255814,1650.0,-241.5361328125,-263.619141,4.67923
248,2.8837209302325584,1724.0,-167.5361328125,-248.016998,-2.230133
249,2.895348837209302,1693.0,-198.5361328125,-210.70459,-9.19133
250,2.9069767441860463,1842.0,-49.5361328125,-154.029846,-15.685654
251,2.918604651162791,1763.0,-128.5361328125,-82.663612,-21.287289
252,2.930232558139535,1872.0,-19.5361328125,-2.36347,-25.48842
253,2.941860465116279,1868.0,-23.5361328125,80.000786,-27.728668
254,2.953488372093023,1887.0,-4.5361328125,157.418045,-27.453583
255,2.9651162790697674,1890.0,-1.5361328125,223.193436,-24.310867
256,2.9767441860465116,1863.0,-28.5361328125,271.343872,-18.336853
257,2.988372093023256,1875.0,-16.5361328125,297.315552,-10.091492
258,3.0,1837.0,-54.5361328125,298.091278,-0.520355
259,3.011627906976744,1842.0,-49.5361328125,273.027557,9.206421
260,3.0232558139534884,1814.0,-77.5361328125,223.640015,18.057007
261,3.0348837209302326,1814.0,-77.5361328125,154.0392,25.303314
262,3.046511627906977,1835.0,-56.5361328125,70.104012,30.535355
263,3.0581395348837206,1829.0,-62.5361328125,-20.810131,33.507729
264,3.0697674418604652,1862.0,-29.5361328125,-110.885536,33.959633
265,3.0813953488372094,1845.0,-46.5361328125,-192.434891,31.576538
266,3.0930232558139537,1900.0,8.4638671875,-258.495728,26.040314
267,3.1046511627906974,1885.0,-6.5361328125,-303.38504,17.33609
268,3.1162790697674416,1914.0,22.4638671875,-322.786987,6.004974
269,3.1279069767441863,1910.0,18.4638671875,-314.425385,-6.742096
270,3.1395348837209305,1895.0,3.4638671875,-278.043335,-19.197815
271,3.1511627906976742,1905.0,13.4638671875,-216.115768,-29.548782
272,3.1627906976744184,1840.0,-51.5361328125,-133.555573,-36.350876
273,3.174418604651163,1872.0,-19.5361328125,-37.799812,-38.882359
274,3.186046511627907,1771.0,-120.5361328125,62.13031,-37.278427
275,3.197674418604651,1806.0,-85.5361328125,156.524521,-32.270523
276,3.2093023255813953,1715.0,-176.5361328125,236.212753,-24.898666
277,3.22093023255814,1744.0,-147.5361328125,293.70343,-16.106781
278,3.2325581395348837,1699.0,-192.5361328125,323.822754,-6.617126
279,3.244186046511628,1706.0,-185.5361328125,324.317932,3.087128
280,3.255813953488372,1720.0,-171.5361328125,295.603821,12.578125
281,3.2674418604651163,1708.0,-183.5361328125,240.847382,21.331909
282,3.2790697674418605,1776.0,-115.5361328125,165.263504,28.669418
283,3.2906976744186047,1744.0,-147.5361328125,75.961601,33.79623
284,3.302325581395349,1854.0,-37.5361328125,-18.948502,36.019363
285,3.3139534883720927,1813.0,-78.5361328125,-110.701569,34.900436
286,3.3255813953488373,1919.0,27.4638671875,-190.969131,30.392853
287,3.3372093023255816,1887.0,-4.5361328125,-252.408264,22.872009
288,3.3488372093023253,1967.0,75.4638671875,-289.626343,13.051331
289,3.3604651162790695,1947.0,55.4638671875,-299.584564,1.919922
290,3.372093023255814,1968.0,76.4638671875,-281.859772,-9.378082
291,3.3837209302325584,1974.0,82.4638671875,-238.707611,-19.586853
292,3.395348837209302,1936.0,44.4638671875,-174.534286,-27.53775
293,3.4069767441860463,1958.0,66.4638671875,-95.782684,-32.261272
294,3.418604651162791,1874.0,-17.5361328125,-10.006531,-33.245193
295,3.430232558139535,1904.0,12.4638671875,74.336395,-30.523186
296,3.441860465116279,1796.0,-95.5361328125,149.119568,-24.686035
297,3.453488372093023,1835.0,-56.5361328125,206.909409,-16.778671
298,3.4651162790697674,1722.0,-169.5361328125,242.25824,-8.030899
299,3.4767441860465116,1757.0,-134.5361328125,252.140259,0.409576
300,3.488372093023256,1673.0,-218.5361328125,236.538284,7.686234
301,3.5,1687.0,-204.5361328125,198.399063,13.272629
302,3.511627906976744,1662.0,-229.5361328125,142.974152,17.003677
303,3.5232558139534884,1662.0,-229.5361328125,77.24807,18.876213
304,3.5348837209302326,1686.0,-205.5361328125,8.4364,19.025635
305,3.546511627906977,1666.0,-225.5361328125,-56.295208,17.655605
306,3.5581395348837206,1745.0,-146.5361328125,-111.166977,15.087273
307,3.5697674418604652,1713.0,-178.5361328125,-151.465118,11.70105
308,3.5813953488372094,1829.0,-62.5361328125,-174.338654,7.920731
309,3.5930232558139537,1789.0,-102.5361328125,-178.27919,4.163391
310,3.6046511627906974,1910.0,18.4638671875,-163.672089,0.682053
311,3.616279069767442,1872.0,-19.5361328125,-132.631958,-2.395218
312,3.6279069767441863,1963.0,71.4638671875,-89.005669,-5.060188
313,3.63953488372093,1937.0,45.4638671875,-38.361065,-7.283058
314,3.6511627906976742,1968.0,76.4638671875,13.026992,-8.990296
315,3.6627906976744184,1970.0,78.4638671875,58.447418,-9.976242
316,3.674418604651163,1917.0,25.4638671875,92.511864,-10.062073
317,3.686046511627907,1943.0,51.4638671875,111.276917,-9.188553
318,3.697674418604651,1815.0,-76.5361328125,113.644684,-7.511276
319,3.7093023255813953,1872.0,-19.5361328125,100.708679,-5.421219
320,3.72093023255814,1698.0,-193.5361328125,75.932716,-3.389572
321,3.7325581395348837,1758.0,-133.5361328125,44.01712,-1.783882
322,3.744186046511628,1606.0,-285.5361328125,10.088495,-0.697751
323,3.755813953488372,1648.0,-243.5361328125,-21.017799,0.003298
324,3.7674418604651163,1581.0,-310.5361328125,-45.722092,0.639023
325,3.7790697674418605,1584.0,-307.5361328125,-61.432064,1.479443
326,3.7906976744186047,1623.0,-268.5361328125,-67.299973,2.626564
327,3.802325581395349,1595.0,-296.5361328125,-63.281315,3.939503
328,3.8139534883720927,1735.0,-156.5361328125,-50.734562,5.157497
329,3.8255813953488373,1675.0,-216.5361328125,-31.44161,6.059114
330,3.8372093023255816,1875.0,-16.5361328125,-8.091878,6.516478
331,3.8488372093023253,1808.0,-83.5361328125,16.421047,6.581734
332,3.8604651162790695,1997.0,105.4638671875,38.991215,6.302509
333,3.872093023255814,1941.0,49.4638671875,56.621353,5.694584
334,3.8837209302325584,2062.0,170.4638671875,67.088333,4.62635
335,3.895348837209302,2037.0,145.4638671875,68.77018,2.936546
336,3.9069767441860463,2034.0,142.4638671875,61.651062,0.578693
337,3.9186046511627906,2065.0,173.4638671875,46.48933,-2.224915
338,3.930232558139535,1932.0,40.4638671875,25.550335,-4.977854
339,3.941860465116279,1994.0,102.4638671875,1.360937,-7.050379
340,3.9534883720930227,1788.0,-103.5361328125,-22.998528,-7.935649
341,3.9651162790697674,1863.0,-28.5361328125,-44.95705,-7.496605
342,3.9767441860465116,1658.0,-233.5361328125,-62.323013,-5.992519
343,3.9883720930232562,1714.0,-177.5361328125,-73.654205,-4.063568
344,4.0,1585.0,-306.5361328125,-78.258278,-2.314247
345,4.011627906976744,1613.0,-278.5361328125,-75.828247,-1.138412
346,4.023255813953488,1601.0,-290.5361328125,-66.863884,-0.497673
347,4.034883720930233,1584.0,-307.5361328125,-51.932293,-0.051311
348,4.046511627906977,1693.0,-198.5361328125,-32.448715,0.645351
349,4.058139534883721,1639.0,-252.5361328125,-9.823782,1.828203
350,4.069767441860465,1827.0,-64.5361328125,13.857185,3.353029
351,4.081395348837209,1757.0,-134.5361328125,36.679691,4.778883
352,4.093023255813954,1951.0,59.4638671875,56.604774,5.520138
353,4.104651162790698,1899.0,7.4638671875,72.048393,5.216805
354,4.116279069767442,2029.0,137.4638671875,81.894089,3.825081
355,4.127906976744186,1999.0,107.4638671875,85.457466,1.751595
356,4.1395348837209305,2031.0,139.4638671875,82.785347,-0.410172
357,4.151162790697675,2032.0,140.4638671875,74.035278,-2.054977
358,4.162790697674419,1964.0,72.4638671875,60.077942,-2.808464
359,4.174418604651162,2001.0,109.4638671875,41.649456,-2.631889
360,4.186046511627907,1869.0,-22.5361328125,20.090654,-1.747952
361,4.1976744186046515,1917.0,25.4638671875,-3.391175,-0.507283
362,4.209302325581395,1774.0,-117.5361328125,-27.183132,0.76335
363,4.22093023255814,1814.0,-77.5361328125,-49.782272,1.838066
364,4.232558139534883,1712.0,-179.5361328125,-69.61042,2.642067
365,4.2441860465116275,1743.0,-148.5361328125,-85.215355,3.104836
366,4.2558139534883725,1706.0,-185.5361328125,-95.48288,3.159195
367,4.267441860465116,1702.0,-189.5361328125,-99.390305,2.696526
368,4.279069767441861,1738.0,-153.5361328125,-96.479362,1.650803
369,4.290697674418605,1717.0,-174.5361328125,-86.382729,0.029121
370,4.3023255813953485,1792.0,-99.5361328125,-69.453453,-2.02462
371,4.313953488372094,1757.0,-134.5361328125,-46.285267,-4.238045
372,4.325581395348837,1843.0,-48.5361328125,-18.208141,-6.255779
373,4.337209302325581,1825.0,-66.5361328125,13.079758,-7.717648
374,4.348837209302326,1888.0,-3.5361328125,45.332169,-8.372932
375,4.3604651162790695,1869.0,-22.5361328125,76.024162,-8.062363
376,4.372093023255814,1897.0,5.4638671875,102.593819,-6.751862
377,4.383720930232558,1898.0,6.4638671875,122.475426,-4.494301
378,4.395348837209302,1892.0,0.4638671875,133.585724,-1.468079
379,4.406976744186047,1897.0,5.4638671875,134.185043,2.08519
380,4.4186046511627906,1886.0,-5.5361328125,123.531479,5.837799
381,4.430232558139535,1891.0,-0.5361328125,101.50293,9.336899
382,4.44186046511628,1882.0,-9.5361328125,69.201363,12.079098
383,4.453488372093023,1879.0,-12.5361328125,28.753481,13.617682
384,4.465116279069767,1879.0,-12.5361328125,-16.640881,13.672241
385,4.476744186046512,1882.0,-9.5361328125,-62.936218,12.185341
386,4.488372093023256,1879.0,-12.5361328125,-105.690247,9.381432
387,4.5,1879.0,-12.5361328125,-140.449402,5.647079
388,4.511627906976744,1865.0,-26.5361328125,-163.458176,1.488571
389,4.523255813953488,1872.0,-19.5361328125,-172.005127,-2.688385
390,4.534883720930232,1839.0,-52.5361328125,-164.928207,-6.605331
391,4.546511627906977,1853.0,-38.5361328125,-142.582504,-10.140396
392,4.558139534883721,1805.0,-86.5361328125,-106.849686,-13.198509
393,4.569767441860465,1827.0,-64.5361328125,-60.792511,-15.580631
394,4.5813953488372094,1793.0,-98.5361328125,-8.393813,-16.983433
395,4.593023255813954,1803.0,-88.5361328125,45.799744,-16.968933
396,4.604651162790698,1791.0,-100.5361328125,97.071136,-15.115288
397,4.616279069767442,1787.0,-104.5361328125,140.73349,-11.227921
398,4.627906976744185,1810.0,-81.5361328125,172.595596,-5.501678
399,4.6395348837209305,1795.0,-96.5361328125,189.228287,1.409714
400,4.651162790697675,1847.0,-44.5361328125,188.501007,8.502106
401,4.662790697674418,1825.0,-66.5361328125,169.894867,14.660278
402,4.674418604651163,1895.0,3.4638671875,134.764816,18.929832
403,4.686046511627906,1872.0,-19.5361328125,86.368454,20.776779
404,4.6976744186046515,1933.0,41.4638671875,29.460613,20.125957
405,4.709302325581396,1904.0,12.4638671875,-30.147247,17.352844
406,4.720930232558139,1942.0,50.4638671875,-86.436684,13.097473
407,4.732558139534884,1939.0,47.4638671875,-133.798553,8.027771
408,4.744186046511628,1931.0,39.4638671875,-167.768982,2.720108
409,4.755813953488372,1937.0,45.4638671875,-185.335098,-2.42009
410,4.767441860465117,1891.0,-0.5361328125,-185.194702,-7.090652
411,4.77906976744186,1917.0,25.4638671875,-167.740097,-11.039825
412,4.790697674418604,1854.0,-37.5361328125,-134.943588,-14.009285
413,4.802325581395349,1872.0,-19.5361328125,-90.221283,-15.740166
414,4.813953488372093,1820.0,-71.5361328125,-37.99271,-16.00445
415,4.825581395348837,1837.0,-54.5361328125,16.488777,-14.745235
416,4.837209302325581,1808.0,-83.5361328125,67.860229,-12.119797
417,4.848837209302325,1808.0,-83.5361328125,110.98127,-8.498268
418,4.86046511627907,1821.0,-70.5361328125,141.782593,-4.360992
419,4.872093023255814,1811.0,-80.5361328125,157.504486,-0.220078
420,4.883720930232558,1847.0,-44.5361328125,157.224319,3.505402
421,4.895348837209303,1831.0,-60.5361328125,141.786758,6.578125
422,4.906976744186046,1883.0,-8.5361328125,113.66304,8.917641
423,4.9186046511627906,1873.0,-18.5361328125,76.55648,10.542
424,4.930232558139535,1907.0,15.4638671875,34.762886,11.469921
425,4.941860465116279,1898.0,6.4638671875,-7.184828,11.675396
426,4.953488372093023,1920.0,28.4638671875,-45.278133,11.067837
427,4.965116279069767,1914.0,22.4638671875,-76.093063,9.542435
428,4.976744186046512,1914.0,22.4638671875,-97.397041,7.064056
429,4.988372093023256,1917.0,25.4638671875,-107.891411,3.753258
430,5.0,1899.0,7.4638671875,-107.571968,-0.06279
431,5.011627906976744,1906.0,14.4638671875,-97.336166,-3.901367
432,5.023255813953488,1893.0,1.4638671875,-79.017235,-7.16494
433,5.034883720930233,1887.0,-4.5361328125,-55.059059,-9.325882
434,5.046511627906977,1858.0,-33.5361328125,-28.240826,-10.007093
435,5.058139534883721,1883.0,-8.5361328125,-1.477757,-9.103941
436,5.069767441860465,1862.0,-29.5361328125,22.578068,-6.877548
437,5.081395348837209,1863.0,-28.5361328125,41.579418,-3.856144
438,5.093023255813954,1855.0,-36.5361328125,54.038025,-0.736641
439,5.104651162790698,1856.0,-35.5361328125,59.08831,1.777985
440,5.116279069767441,1856.0,-35.5361328125,57.015594,3.162445
441,5.127906976744186,1856.0,-35.5361328125,48.818878,3.20121
442,5.1395348837209305,1859.0,-32.5361328125,36.442551,2.100384
443,5.151162790697675,1859.0,-32.5361328125,22.184546,0.36178
444,5.162790697674419,1869.0,-22.5361328125,8.495332,-1.303824
445,5.174418604651162,1863.0,-28.5361328125,-2.521798,-2.26844
446,5.186046511627907,1875.0,-16.5361328125,-9.556492,-2.145766
447,5.1976744186046515,1871.0,-20.5361328125,-12.089814,-0.974072
448,5.209302325581395,1891.0,-0.5361328125,-10.750932,0.839122
449,5.22093023255814,1882.0,-9.5361328125,-6.629866,2.685461
450,5.232558139534883,1903.0,11.4638671875,-1.469636,3.959571
451,5.2441860465116275,1899.0,7.4638671875,3.294517,4.360389
452,5.2558139534883725,1918.0,26.4638671875,6.323074,3.905726
453,5.267441860465116,1912.0,20.4638671875,6.979567,2.969204
454,5.279069767441861,1927.0,35.4638671875,5.070965,2.009708
455,5.290697674418605,1922.0,30.4638671875,0.828554,1.39281
456,5.3023255813953485,1921.0,29.4638671875,-5.135871,1.190713
457,5.313953488372094,1925.0,33.4638671875,-12.210034,1.193449
458,5.325581395348837,1904.0,12.4638671875,-19.430784,1.021658
459,5.337209302325581,1918.0,26.4638671875,-26.034878,0.370987
460,5.348837209302326,1882.0,-9.5361328125,-30.884212,-0.828354
461,5.3604651162790695,1891.0,-0.5361328125,-33.166748,-2.352945
462,5.372093023255814,1850.0,-41.5361328125,-31.955563,-3.765005
463,5.383720930232558,1871.0,-20.5361328125,-26.911825,-4.658802
464,5.395348837209302,1843.0,-48.5361328125,-18.088575,-4.800999
465,5.406976744186046,1858.0,-33.5361328125,-6.206822,-4.26443
466,5.4186046511627906,1855.0,-36.5361328125,7.405442,-3.332453
467,5.430232558139535,1850.0,-41.5361328125,21.22764,-2.329348
468,5.44186046511628,1879.0,-12.5361328125,33.440865,-1.456455
469,5.453488372093023,1872.0,-19.5361328125,42.726669,-0.680725
470,5.465116279069767,1917.0,25.4638671875,47.867466,0.16489
471,5.476744186046512,1900.0,8.4638671875,48.493263,1.2938
472,5.488372093023256,1949.0,57.4638671875,44.458851,2.727322
473,5.5,1935.0,43.4638671875,36.281872,4.257893
474,5.511627906976744,1965.0,73.4638671875,24.660009,5.448034
475,5.523255813953488,1958.0,66.4638671875,10.639496,5.869934
476,5.534883720930232,1965.0,73.4638671875,-4.504886,5.234041
477,5.546511627906977,1964.0,72.4638671875,-19.452744,3.582458
478,5.558139534883721,1938.0,46.4638671875,-32.618885,1.269672
479,5.569767441860465,1952.0,60.4638671875,-42.738838,-1.140366
480,5.5813953488372094,1911.0,19.4638671875,-48.523232,-3.079758
481,5.593023255813954,1927.0,35.4638671875,-49.432865,-4.168041
482,5.604651162790698,1887.0,-4.5361328125,-45.248154,-4.265667
483,5.616279069767442,1901.0,9.4638671875,-36.62352,-3.502998
484,5.627906976744185,1872.0,-19.5361328125,-24.620275,-2.16716
485,5.6395348837209305,1878.0,-13.5361328125,-10.801021,-0.638605
486,5.651162790697675,1873.0,-18.5361328125,3.147761,0.75898
487,5.662790697674418,1875.0,-16.5361328125,15.689082,1.735591
488,5.674418604651163,1891.0,-0.5361328125,25.496309,2.137905
489,5.686046511627907,1883.0,-8.5361328125,31.893229,1.936035
490,5.697674418604651,1922.0,30.4638671875,34.535301,1.254539
491,5.709302325581396,1907.0,15.4638671875,33.75906,0.334354
492,5.720930232558139,1927.0,35.4638671875,30.073826,-0.53264
493,5.732558139534884,1934.0,42.4638671875,24.4034,-1.048576
494,5.744186046511628,1949.0,57.4638671875,17.550821,-1.135551
495,5.755813953488372,1942.0,50.4638671875,10.370642,-0.853675
496,5.767441860465117,1957.0,65.4638671875,3.528501,-0.471571
497,5.77906976744186,1954.0,62.4638671875,-2.525604,-0.299483
498,5.790697674418604,1952.0,60.4638671875,-7.426901,-0.530764
499,5.802325581395349,1955.0,63.4638671875,-11.06267,-1.117385
500,5.813953488372093,1942.0,50.4638671875,-13.313904,-1.773522
501,5.825581395348837,1949.0,57.4638671875,-14.322339,-2.100471
502,5.837209302325582,1934.0,42.4638671875,-14.22093,-1.768558
503,5.848837209302325,1938.0,46.4638671875,-13.352777,-0.693523
504,5.86046511627907,1921.0,29.4638671875,-12.042388,0.900115
505,5.872093023255814,1925.0,33.4638671875,-10.673332,2.573175
506,5.883720930232558,1920.0,28.4638671875,-9.511199,3.851958
507,5.895348837209303,1919.0,27.4638671875,-8.666112,4.45222
508,5.906976744186046,1923.0,31.4638671875,-8.075755,4.351435
509,5.9186046511627906,1915.0,23.4638671875,-7.514645,3.758705
510,5.930232558139535,1931.0,39.4638671875,-6.675122,2.957918
511,5.941860465116279,1927.0,35.4638671875,-5.271933,2.098547
512,5.953488372093023,1935.0,43.4638671875,-3.095967,1.146769
513,5.965116279069767,1935.0,43.4638671875,-0.070887,-0.083912
514,5.976744186046512,1939.0,47.4638671875,3.766022,-1.743123
515,5.988372093023256,1941.0,49.4638671875,8.264802,-3.754128
516,6.0,1954.0,62.4638671875,13.156219,-5.758381
517,6.011627906976744,1945.0,53.4638671875,18.015638,-7.1992
518,6.023255813953488,1955.0,63.4638671875,22.262598,-7.532146
519,6.034883720930233,1953.0,61.4638671875,25.204157,-6.487875
520,6.046511627906977,1955.0,63.4638671875,26.060955,-4.224043
521,6.058139534883721,1952.0,60.4638671875,24.257128,-1.272011
522,6.069767441860465,1949.0,57.4638671875,19.450987,1.642824
523,6.081395348837209,1956.0,64.4638671875,11.869046,3.917418
524,6.093023255813954,1937.0,45.4638671875,2.150435,5.247016
525,6.104651162790698,1947.0,55.4638671875,-8.572188,5.697676
526,6.116279069767441,1931.0,39.4638671875,-19.026997,5.553787
527,6.127906976744186,1935.0,43.4638671875,-27.967127,5.125303
528,6.1395348837209305,1920.0,28.4638671875,-34.365971,4.578102
529,6.151162790697675,1923.0,31.4638671875,-37.585434,3.874172
530,6.162790697674419,1911.0,19.4638671875,-37.255234,2.874023
531,6.174418604651162,1915.0,23.4638671875,-33.404064,1.489986
532,6.186046511627907,1914.0,22.4638671875,-26.213913,-0.180027
533,6.1976744186046515,1915.0,23.4638671875,-16.265808,-1.859114
534,6.209302325581395,1931.0,39.4638671875,-4.320926,-3.194271
535,6.22093023255814,1921.0,29.4638671875,8.403052,-3.982456
536,6.232558139534883,1947.0,55.4638671875,20.575829,-4.180828
537,6.2441860465116275,1936.0,44.4638671875,30.745424,-3.981665
538,6.2558139534883725,1967.0,75.4638671875,37.707539,-3.632084
539,6.267441860465116,1954.0,62.4638671875,40.686264,-3.322929
540,6.279069767441861,1975.0,83.4638671875,39.449142,-3.038979
541,6.290697674418605,1981.0,89.4638671875,34.40546,-2.58754
542,6.3023255813953485,1981.0,89.4638671875,26.266867,-1.771154
543,6.313953488372094,1981.0,89.4638671875,16.071169,-0.513031
544,6.325581395348837,1973.0,81.4638671875,4.793307,1.035975
545,6.337209302325581,1978.0,86.4638671875,-6.545422,2.543287
546,6.348837209302326,1957.0,65.4638671875,-17.06373,3.646418
547,6.3604651162790695,1967.0,75.4638671875,-25.870325,4.109268
548,6.372093023255814,1925.0,33.4638671875,-32.1632,3.956703
549,6.383720930232558,1948.0,56.4638671875,-35.257763,3.440845
550,6.395348837209302,1900.0,8.4638671875,-34.797344,2.85796
551,6.406976744186046,1910.0,18.4638671875,-30.860685,2.400045
552,6.4186046511627906,1872.0,-19.5361328125,-24.005613,2.043255
553,6.430232558139535,1882.0,-9.5361328125,-15.215499,1.591975
554,6.44186046511628,1862.0,-29.5361328125,-5.687332,0.786719
555,6.453488372093023,1863.0,-28.5361328125,3.406371,-0.477475
556,6.465116279069767,1865.0,-26.5361328125,11.186977,-2.047421
557,6.476744186046512,1862.0,-29.5361328125,17.13339,-3.531822
558,6.488372093023256,1888.0,-3.5361328125,21.119236,-4.468613
559,6.5,1874.0,-17.5361328125,23.237114,-4.528969
560,6.511627906976744,1925.0,33.4638671875,23.712879,-3.665951
561,6.523255813953488,1907.0,15.4638671875,22.679258,-2.161003
562,6.534883720930233,1968.0,76.4638671875,20.283411,-0.466894
563,6.546511627906977,1943.0,51.4638671875,16.547575,0.916492
564,6.558139534883721,2007.0,115.4638671875,11.629051,1.664112
565,6.569767441860465,1987.0,95.4638671875,5.79172,1.728764
566,6.5813953488372094,2032.0,140.4638671875,-0.44933,1.295139
567,6.593023255813954,2017.0,125.4638671875,-6.50142,0.650405
568,6.604651162790698,2033.0,141.4638671875,-11.689925,0.07838
569,6.616279069767442,2043.0,151.4638671875,-15.480105,-0.246121
570,6.627906976744185,2007.0,115.4638671875,-17.607525,-0.282671
571,6.6395348837209305,2027.0,135.4638671875,-18.032534,-0.067411
572,6.651162790697675,1961.0,69.4638671875,-17.068836,0.333704
573,6.662790697674418,1989.0,97.4638671875,-15.058296,0.861097
574,6.674418604651163,1899.0,7.4638671875,-12.481705,1.4583
575,6.686046511627907,1933.0,41.4638671875,-9.569623,2.027019
576,6.697674418604651,1840.0,-51.5361328125,-6.562575,2.419177
577,6.709302325581396,1874.0,-17.5361328125,-3.43739,2.454822
578,6.720930232558139,1799.0,-92.5361328125,-0.268635,1.966708
579,6.732558139534884,1811.0,-80.5361328125,2.92594,0.91775
580,6.744186046511628,1799.0,-92.5361328125,6.015053,-0.568184
581,6.755813953488372,1798.0,-93.5361328125,8.813922,-2.185883
582,6.767441860465117,1842.0,-49.5361328125,11.210763,-3.539173
583,6.77906976744186,1819.0,-72.5361328125,13.050258,-4.243802
584,6.790697674418604,1914.0,22.4638671875,14.407084,-4.082739
585,6.802325581395349,1873.0,-18.5361328125,15.177514,-3.080066
586,6.813953488372093,1995.0,103.4638671875,15.411803,-1.49117
587,6.825581395348837,1957.0,65.4638671875,14.848078,0.260512
588,6.837209302325582,2071.0,179.4638671875,13.323805,1.73305
589,6.848837209302325,2038.0,146.4638671875,10.544563,2.61356
590,6.86046511627907,2112.0,220.4638671875,6.484264,2.808146
591,6.872093023255814,2097.0,205.4638671875,1.300222,2.425626
592,6.883720930232558,2095.0,203.4638671875,-4.582182,1.727325
593,6.895348837209303,2111.0,219.4638671875,-10.469293,1.015713
594,6.906976744186046,2030.0,138.4638671875,-15.779914,0.487348
595,6.9186046511627906,2070.0,178.4638671875,-19.858917,0.233164
596,6.930232558139535,1927.0,35.4638671875,-22.491152,0.173483
597,6.941860465116279,1982.0,90.4638671875,-23.432909,0.18111
598,6.953488372093023,1824.0,-67.5361328125,-22.828672,0.084532
599,6.965116279069767,1873.0,-18.5361328125,-20.64971,-0.180401
600,6.976744186046512,1744.0,-147.5361328125,-17.081017,-0.624363
601,6.988372093023256,1778.0,-113.5361328125,-12.194674,-1.159756
602,7.0,1725.0,-166.5361328125,-6.247543,-1.674057
603,7.011627906976744,1728.0,-163.5361328125,0.389777,-2.054035
604,7.023255813953488,1759.0,-132.5361328125,7.253825,-2.208555
605,7.034883720930233,1738.0,-153.5361328125,13.741393,-2.063722
606,7.046511627906977,1859.0,-32.5361328125,19.462887,-1.585255
607,7.058139534883721,1813.0,-78.5361328125,23.971447,-0.789351
608,7.069767441860465,1972.0,80.4638671875,27.200979,0.245413
609,7.081395348837209,1914.0,22.4638671875,28.954264,1.369156
610,7.093023255813954,2074.0,182.4638671875,29.261757,2.396175
611,7.104651162790698,2023.0,131.4638671875,27.853998,3.081144
612,7.116279069767441,2123.0,231.4638671875,24.582975,3.251682
613,7.127906976744186,2110.0,218.4638671875,19.229132,2.81119
614,7.1395348837209305,2113.0,221.4638671875,11.81941,1.834566
615,7.151162790697675,2128.0,236.4638671875,2.742474,0.530694
616,7.162790697674419,2032.0,140.4638671875,-7.35603,-0.779017
617,7.174418604651162,2082.0,190.4638671875,-17.413771,-1.765858
618,7.186046511627907,1918.0,26.4638671875,-26.562571,-2.21549
619,7.1976744186046515,1979.0,87.4638671875,-33.855656,-2.069986
620,7.209302325581395,1803.0,-88.5361328125,-38.918411,-1.460781
621,7.22093023255814,1857.0,-34.5361328125,-41.427399,-0.623554
622,7.232558139534884,1719.0,-172.5361328125,-41.536263,0.104202
623,7.2441860465116275,1757.0,-134.5361328125,-39.203789,0.536095
624,7.2558139534883725,1701.0,-190.5361328125,-34.508373,0.536663
625,7.267441860465116,1700.0,-191.5361328125,-27.398062,0.173597
626,7.27906976744186,1749.0,-142.5361328125,-17.850435,-0.409132
627,7.290697674418605,1718.0,-173.5361328125,-6.154326,-1.00167
628,7.3023255813953485,1853.0,-38.5361328125,7.245855,-1.438794
629,7.313953488372094,1795.0,-96.5361328125,21.327633,-1.619633
630,7.325581395348837,1968.0,76.4638671875,35.108044,-1.50943
631,7.337209302325581,1911.0,19.4638671875,47.24461,-1.145557
632,7.348837209302326,2064.0,172.4638671875,56.787685,-0.571976
633,7.3604651162790695,2014.0,122.4638671875,62.731777,0.138821
634,7.372093023255814,2107.0,215.4638671875,64.517349,0.935368
635,7.383720930232559,2096.0,204.4638671875,61.628078,1.709335
636,7.395348837209302,2085.0,193.4638671875,53.809547,2.359169
637,7.406976744186046,2105.0,213.4638671875,41.087543,2.754452
638,7.4186046511627906,2004.0,112.4638671875,23.789782,2.819006
639,7.430232558139535,2055.0,163.4638671875,2.948118,2.530469
640,7.44186046511628,1905.0,13.4638671875,-20.029783,1.982649
641,7.453488372093023,1958.0,66.4638671875,-42.975426,1.345383
642,7.465116279069767,1805.0,-86.5361328125,-63.763023,0.786903
643,7.476744186046512,1854.0,-37.5361328125,-80.106651,0.42437
644,7.488372093023256,1744.0,-147.5361328125,-90.431786,0.20034
645,7.5,1772.0,-119.5361328125,-93.624405,-0.031197
646,7.511627906976744,1725.0,-166.5361328125,-89.395706,-0.51741
647,7.523255813953488,1728.0,-163.5361328125,-77.986923,-1.408142
648,7.534883720930233,1765.0,-126.5361328125,-60.071285,-2.728535
649,7.546511627906977,1741.0,-150.5361328125,-36.738712,-4.273201
650,7.558139534883721,1839.0,-52.5361328125,-9.276068,-5.68828
651,7.569767441860464,1799.0,-92.5361328125,20.454216,-6.560219
652,7.5813953488372094,1926.0,34.4638671875,50.379269,-6.567837
653,7.593023255813954,1882.0,-9.5361328125,77.872849,-5.570496
654,7.604651162790698,1993.0,101.4638671875,100.394203,-3.653938
655,7.616279069767442,1958.0,66.4638671875,115.463982,-1.070198
656,7.627906976744185,2033.0,141.4638671875,121.348373,1.829041
657,7.6395348837209305,2019.0,127.4638671875,117.05835,4.66758
658,7.651162790697675,2038.0,146.4638671875,102.635727,7.118744
659,7.662790697674418,2042.0,150.4638671875,79.037376,8.900269
660,7.674418604651163,2014.0,122.4638671875,47.97747,9.809738
661,7.686046511627907,2032.0,140.4638671875,11.868902,9.699852
662,7.697674418604651,1962.0,70.4638671875,-26.496017,8.568504
663,7.709302325581396,1990.0,98.4638671875,-63.880013,6.536575
664,7.720930232558139,1894.0,2.4638671875,-97.057457,3.894241
665,7.732558139534884,1935.0,43.4638671875,-122.837799,1.007149
666,7.744186046511628,1834.0,-57.5361328125,-138.71106,-1.773483
667,7.755813953488372,1867.0,-24.5361328125,-142.912689,-4.19194
668,7.767441860465117,1787.0,-104.5361328125,-134.92662,-6.162277
669,7.77906976744186,1809.0,-82.5361328125,-115.340218,-7.717926
670,7.790697674418604,1773.0,-118.5361328125,-85.897316,-8.954155
671,7.802325581395349,1776.0,-115.5361328125,-49.090839,-9.86517
672,7.813953488372093,1776.0,-115.5361328125,-7.957184,-10.340057
673,7.825581395348837,1766.0,-125.5361328125,34.227005,-10.13517
674,7.837209302325581,1815.0,-76.5361328125,74.174042,-9.014801
675,7.848837209302326,1792.0,-99.5361328125,108.646027,-6.84964
676,7.86046511627907,1887.0,-4.5361328125,134.785919,-3.746201
677,7.872093023255814,1853.0,-38.5361328125,150.137253,-0.004593
678,7.883720930232558,1968.0,76.4638671875,153.147293,3.906174
679,7.895348837209302,1927.0,35.4638671875,143.189774,7.543137
680,7.9069767441860455,2038.0,146.4638671875,120.964081,10.53775
681,7.918604651162791,2003.0,111.4638671875,88.218399,12.647621
682,7.930232558139535,2079.0,187.4638671875,47.821289,13.744915
683,7.941860465116279,2065.0,173.4638671875,3.249457,13.733088
684,7.953488372093023,2068.0,176.4638671875,-41.641636,12.575935
685,7.9651162790697665,2080.0,188.4638671875,-83.005447,10.261688
686,7.9767441860465125,2001.0,109.4638671875,-117.386665,6.912575
687,7.988372093023257,2043.0,151.4638671875,-141.802597,2.808548
688,8.0,1904.0,12.4638671875,-154.268555,-1.610886
689,8.011627906976743,1959.0,67.4638671875,-153.637238,-5.826324
690,8.023255813953488,1807.0,-84.5361328125,-140.101791,-9.359451
691,8.034883720930232,1853.0,-38.5361328125,-114.836266,-11.883507
692,8.046511627906977,1717.0,-174.5361328125,-80.211945,-13.262589
693,8.058139534883722,1757.0,-134.5361328125,-39.274643,-13.511652
694,8.069767441860465,1687.0,-204.5361328125,4.35698,-12.757369
695,8.081395348837209,1702.0,-189.5361328125,46.943817,-11.110237
696,8.093023255813954,1718.0,-173.5361328125,84.932457,-8.715836
697,8.104651162790699,1694.0,-197.5361328125,115.117279,-5.700912
698,8.116279069767442,1807.0,-84.5361328125,135.131104,-2.286377
699,8.127906976744185,1757.0,-134.5361328125,143.335159,1.241867
700,8.13953488372093,1918.0,26.4638671875,139.365448,4.528687
701,8.151162790697674,1858.0,-33.5361328125,123.812851,7.258423
702,8.162790697674417,2022.0,130.4638671875,98.547531,9.236794
703,8.174418604651164,1970.0,78.4638671875,66.135307,10.402092
704,8.186046511627907,2095.0,203.4638671875,29.748419,10.8269
705,8.19767441860465,2065.0,173.4638671875,-7.399617,10.55579
706,8.209302325581396,2103.0,211.4638671875,-42.350128,9.634132
707,8.220930232558139,2106.0,214.4638671875,-72.495598,8.022621
708,8.232558139534884,2043.0,151.4638671875,-95.912994,5.747513
709,8.24418604651163,2081.0,189.4638671875,-111.026421,2.948517
710,8.255813953488373,1945.0,53.4638671875,-117.048836,-0.004143
711,8.267441860465116,1999.0,107.4638671875,-113.620018,-2.607307
712,8.279069767441861,1830.0,-61.5361328125,-101.375298,-4.399506
713,8.290697674418604,1887.0,-4.5361328125,-81.618858,-5.149582
714,8.30232558139535,1731.0,-160.5361328125,-56.563663,-5.031609
715,8.313953488372093,1776.0,-115.5361328125,-28.844679,-4.539497
716,8.325581395348838,1683.0,-208.5361328125,-1.187463,-4.320369
717,8.337209302325581,1698.0,-193.5361328125,24.011835,-4.799561
718,8.348837209302324,1687.0,-204.5361328125,45.172268,-6.015682
719,8.36046511627907,1679.0,-212.5361328125,61.349426,-7.500198
720,8.372093023255815,1765.0,-126.5361328125,72.454178,-8.534973
721,8.383720930232558,1723.0,-168.5361328125,78.549858,-8.438438
722,8.395348837209303,1875.0,-16.5361328125,80.039604,-6.914551
723,8.406976744186046,1821.0,-70.5361328125,77.111519,-4.167122
724,8.41860465116279,1998.0,106.4638671875,70.124199,-0.834846
725,8.430232558139535,1936.0,44.4638671875,59.470081,2.321461
726,8.44186046511628,2094.0,202.4638671875,45.866104,4.758675
727,8.453488372093023,2045.0,153.4638671875,30.291992,6.325342
728,8.465116279069766,2119.0,227.4638671875,13.805386,7.304028
729,8.476744186046512,2113.0,221.4638671875,-2.488838,8.121517
730,8.488372093023255,2083.0,191.4638671875,-17.956512,9.094965
731,8.5,2110.0,218.4638671875,-32.068336,10.179428
732,8.511627906976745,1984.0,92.4638671875,-44.788235,10.996044
733,8.523255813953488,2035.0,143.4638671875,-55.877026,10.962681
734,8.534883720930232,1865.0,-26.5361328125,-65.164749,9.594582
735,8.546511627906977,1930.0,38.4638671875,-72.033318,6.748077
736,8.558139534883722,1744.0,-147.5361328125,-75.757164,2.684586
737,8.569767441860465,1802.0,-89.5361328125,-75.452332,-1.961784
738,8.58139534883721,1673.0,-218.5361328125,-70.390144,-6.49007
739,8.593023255813954,1703.0,-188.5361328125,-60.247761,-10.285213
740,8.604651162790697,1665.0,-226.5361328125,-45.025635,-13.010239
741,8.61627906976744,1648.0,-243.5361328125,-25.414755,-14.570679
742,8.627906976744187,1731.0,-160.5361328125,-2.339083,-15.02705
743,8.63953488372093,1694.0,-197.5361328125,22.62236,-14.462742
744,8.651162790697674,1856.0,-35.5361328125,47.792,-12.931492
745,8.662790697674419,1787.0,-104.5361328125,71.069321,-10.430733
746,8.674418604651162,1978.0,86.4638671875,90.466705,-6.974968
747,8.686046511627907,1922.0,30.4638671875,104.036072,-2.667435
748,8.697674418604652,2080.0,188.4638671875,110.199936,2.183784
749,8.709302325581396,2032.0,140.4638671875,107.962067,7.115044
750,8.720930232558139,2118.0,226.4638671875,96.933739,11.582359
751,8.732558139534884,2109.0,217.4638671875,77.626251,15.027397
752,8.744186046511627,2091.0,199.4638671875,51.115742,17.028667
753,8.755813953488373,2115.0,223.4638671875,19.39613,17.373806
754,8.767441860465116,1991.0,99.4638671875,-15.210465,16.091816
755,8.779069767441861,2045.0,153.4638671875,-49.773251,13.433922
756,8.790697674418604,1872.0,-19.5361328125,-81.424118,9.791748
757,8.802325581395348,1933.0,41.4638671875,-107.305199,5.598877
758,8.813953488372094,1757.0,-134.5361328125,-125.095543,1.240234
759,8.825581395348838,1808.0,-83.5361328125,-133.156662,-2.997086
760,8.837209302325581,1685.0,-206.5361328125,-130.673141,-6.942879
761,8.848837209302326,1712.0,-179.5361328125,-117.809669,-10.430984
762,8.86046511627907,1724.0,-167.5361328125,-95.393036,-13.308105
763,8.872093023255813,1694.0,-197.5361328125,-65.219559,-15.343391
764,8.88372093023256,1818.0,-73.5361328125,-29.342999,-16.259933
765,8.895348837209303,1768.0,-123.5361328125,9.435011,-15.830019
766,8.906976744186046,1933.0,41.4638671875,48.249325,-13.965958
767,8.91860465116279,1873.0,-18.5361328125,83.890236,-10.833572
768,8.930232558139535,2021.0,129.4638671875,113.368271,-6.79248
769,8.941860465116278,1982.0,90.4638671875,134.087296,-2.347321
770,8.953488372093023,2061.0,169.4638671875,144.127975,2.002533
771,8.965116279069768,2055.0,163.4638671875,142.705322,5.884537
772,8.976744186046512,2063.0,171.4638671875,129.895401,9.113129
773,8.988372093023255,2073.0,181.4638671875,107.015465,11.64061
774,9.0,1999.0,107.4638671875,75.890747,13.49107
775,9.011627906976745,2032.0,140.4638671875,39.137447,14.648659
776,9.023255813953488,1917.0,25.4638671875,-0.631622,14.996708
777,9.034883720930234,1957.0,65.4638671875,-40.482952,14.380653
778,9.046511627906977,1834.0,-57.5361328125,-77.654564,12.671501
779,9.05813953488372,1870.0,-21.5361328125,-109.406113,9.892456
780,9.069767441860463,1783.0,-108.5361328125,-133.278427,6.191757
781,9.08139534883721,1805.0,-86.5361328125,-147.328751,1.898331
782,9.093023255813954,1785.0,-106.5361328125,-150.164413,-2.617126
783,9.104651162790697,1776.0,-115.5361328125,-141.441284,-6.969803
784,9.116279069767442,1809.0,-82.5361328125,-121.515961,-10.824448
785,9.127906976744185,1794.0,-97.5361328125,-91.895676,-13.872543
786,9.13953488372093,1863.0,-28.5361328125,-54.642559,-15.868534
787,9.151162790697676,1838.0,-53.5361328125,-12.652158,-16.622849
788,9.162790697674419,1911.0,19.4638671875,30.917719,-16.05863
789,9.174418604651162,1890.0,-1.5361328125,72.567024,-14.256905
790,9.186046511627907,1949.0,57.4638671875,108.898964,-11.41993
791,9.19767441860465,1932.0,40.4638671875,136.84111,-7.89006
792,9.209302325581396,1956.0,64.4638671875,153.938492,-3.948181
793,9.220930232558139,1957.0,65.4638671875,158.797897,0.187225
794,9.232558139534884,1949.0,57.4638671875,150.962784,4.41391
795,9.244186046511627,1955.0,63.4638671875,131.294983,8.672646
796,9.25581395348837,1933.0,41.4638671875,101.361847,12.805595
797,9.267441860465118,1943.0,51.4638671875,63.61541,16.448463
798,9.279069767441861,1911.0,19.4638671875,20.714123,19.030333
799,9.290697674418604,1922.0,30.4638671875,-24.271435,19.929802
800,9.30232558139535,1901.0,9.4638671875,-68.232094,18.712654
801,9.313953488372093,1904.0,12.4638671875,-107.872269,15.350105
802,9.325581395348836,1895.0,3.4638671875,-139.901001,10.304443
803,9.337209302325583,1894.0,2.4638671875,-161.284775,4.422287
804,9.348837209302326,1886.0,-5.5361328125,-169.51001,-1.372925
805,9.36046511627907,1888.0,-3.5361328125,-163.240906,-6.325409
806,9.372093023255813,1879.0,-12.5361328125,-142.416,-10.14241
807,9.383720930232558,1882.0,-9.5361328125,-108.764458,-12.929543
808,9.395348837209303,1887.0,-4.5361328125,-65.291916,-15.051399
809,9.406976744186046,1881.0,-10.5361328125,-16.304096,-16.834286
810,9.418604651162791,1877.0,-14.5361328125,33.649223,-18.296749
811,9.430232558139535,1878.0,-13.5361328125,80.010635,-19.082718
812,9.441860465116278,1888.0,-3.5361328125,119.049187,-18.545586
813,9.453488372093023,1886.0,-5.5361328125,147.905212,-16.062775
814,9.465116279069768,1904.0,12.4638671875,164.73999,-11.272552
815,9.476744186046512,1904.0,12.4638671875,168.618286,-4.331635
816,9.488372093023257,1921.0,29.4638671875,159.163315,4.048737
817,9.5,1918.0,26.4638671875,136.801193,12.742889
818,9.511627906976743,1939.0,47.4638671875,102.431633,20.405525
819,9.523255813953487,1934.0,42.4638671875,58.155136,25.795517
820,9.534883720930234,1957.0,65.4638671875,7.024454,28.021849
821,9.546511627906977,1951.0,59.4638671875,-46.405087,26.723537
822,9.55813953488372,1956.0,64.4638671875,-96.800743,22.134171
823,9.569767441860465,1959.0,67.4638671875,-138.305847,15.066589
824,9.581395348837209,1942.0,50.4638671875,-165.850769,6.684784
825,9.593023255813954,1953.0,61.4638671875,-175.929276,-1.693268
826,9.604651162790699,1919.0,27.4638671875,-167.463654,-8.95929
827,9.616279069767442,1937.0,45.4638671875,-142.076248,-14.379936
828,9.627906976744185,1891.0,-0.5361328125,-103.520821,-17.71904
829,9.63953488372093,1904.0,12.4638671875,-57.133259,-19.148159
830,9.651162790697674,1872.0,-19.5361328125,-8.358812,-19.059978
831,9.662790697674419,1878.0,-13.5361328125,37.682362,-17.843346
832,9.674418604651162,1868.0,-23.5361328125,77.27475,-15.709564
833,9.686046511627907,1868.0,-23.5361328125,107.684044,-12.6922
834,9.69767441860465,1876.0,-15.5361328125,127.448471,-8.726578
835,9.709302325581394,1871.0,-20.5361328125,135.689789,-3.886627
836,9.72093023255814,1910.0,18.4638671875,132.239044,1.535339
837,9.732558139534884,1887.0,-4.5361328125,117.533882,6.936203
838,9.744186046511627,1939.0,47.4638671875,92.846207,11.615685
839,9.755813953488373,1923.0,31.4638671875,60.562851,14.905731
840,9.767441860465116,1971.0,79.4638671875,23.868052,16.431095
841,9.77906976744186,1951.0,59.4638671875,-13.240377,16.137522
842,9.790697674418606,1981.0,89.4638671875,-46.966591,14.31889
843,9.80232558139535,1975.0,83.4638671875,-73.862595,11.400986
844,9.813953488372093,1974.0,82.4638671875,-91.822678,7.831528
845,9.825581395348838,1977.0,85.4638671875,-99.779312,3.96698
846,9.837209302325581,1957.0,65.4638671875,-98.045883,0.066025
847,9.848837209302326,1968.0,76.4638671875,-87.718758,-3.629097
848,9.86046511627907,1936.0,44.4638671875,-70.562759,-6.855717
849,9.872093023255815,1944.0,52.4638671875,-48.694775,-9.281216
850,9.883720930232558,1914.0,22.4638671875,-24.315536,-10.616963
851,9.895348837209301,1922.0,30.4638671875,0.117262,-10.703593
852,9.906976744186046,1904.0,12.4638671875,22.441629,-9.648958
853,9.918604651162791,1907.0,15.4638671875,40.482525,-7.777485
854,9.930232558139535,1904.0,12.4638671875,52.902863,-5.567879
855,9.94186046511628,1901.0,9.4638671875,58.795563,-3.469643
856,9.953488372093023,1919.0,27.4638671875,58.428802,-1.72039
857,9.965116279069766,1910.0,18.4638671875,52.58939,-0.364895
858,9.976744186046512,1937.0,45.4638671875,42.803402,0.782932
859,9.988372093023257,1929.0,37.4638671875,30.743214,1.918015
860,10.0,1959.0,67.4638671875,18.005156,3.165218
861,10.011627906976743,1951.0,59.4638671875,6.009139,4.420738
862,10.023255813953488,1968.0,76.4638671875,-4.373399,5.460704
863,10.034883720930232,1959.0,67.4638671875,-12.370262,5.987463
864,10.046511627906977,1968.0,76.4638671875,-17.80637,5.857765
865,10.058139534883722,1969.0,77.4638671875,-20.455797,5.111177
866,10.069767441860465,1963.0,71.4638671875,-20.719311,3.973494
867,10.081395348837209,1968.0,76.4638671875,-18.952875,2.772362
868,10.093023255813954,1953.0,61.4638671875,-16.008083,1.746988
869,10.104651162790699,1958.0,66.4638671875,-12.664264,1.000827
870,10.116279069767442,1943.0,51.4638671875,-9.733894,0.421401
871,10.127906976744187,1943.0,51.4638671875,-7.822497,-0.202124
872,10.13953488372093,1936.0,44.4638671875,-7.022339,-1.049529
873,10.151162790697674,1937.0,45.4638671875,-7.254631,-2.123135
874,10.162790697674417,1934.0,42.4638671875,-7.856509,-3.250874
875,10.174418604651164,1933.0,41.4638671875,-8.411615,-4.145488
876,10.186046511627907,1936.0,44.4638671875,-8.235802,-4.565316
877,10.19767441860465,1935.0,43.4638671875,-7.202002,-4.403188
878,10.209302325581396,1941.0,49.4638671875,-5.128483,-3.769769
879,10.220930232558139,1939.0,47.4638671875,-2.265964,-2.969931
880,10.232558139534882,1953.0,61.4638671875,1.246366,-2.293817
881,10.24418604651163,1947.0,55.4638671875,5.21023,-1.96263
882,10.255813953488373,1961.0,69.4638671875,9.460964,-1.909133
883,10.267441860465116,1955.0,63.4638671875,13.925838,-1.911785
884,10.279069767441861,1965.0,73.4638671875,18.208937,-1.609737
885,10.290697674418604,1961.0,69.4638671875,21.99885,-0.74579
886,10.30232558139535,1965.0,73.4638671875,24.503008,0.763367
887,10.313953488372093,1962.0,70.4638671875,25.200781,2.729666
888,10.325581395348838,1955.0,63.4638671875,23.376528,4.762474
889,10.337209302325581,1968.0,76.4638671875,18.93305,6.439297
890,10.348837209302324,1955.0,63.4638671875,11.944097,7.356273
891,10.36046511627907,1948.0,56.4638671875,3.059809,7.368653
892,10.372093023255815,1949.0,57.4638671875,-6.719029,6.517232
893,10.383720930232558,1954.0,62.4638671875,-16.395105,5.024746
894,10.395348837209303,1955.0,63.4638671875,-24.787367,3.159231
895,10.406976744186046,1945.0,53.4638671875,-31.181129,1.154766
896,10.41860465116279,1945.0,53.4638671875,-34.78484,-0.810764
897,10.430232558139537,1942.0,50.4638671875,-35.38797,-2.670219
898,10.44186046511628,1947.0,55.4638671875,-32.744102,-4.375008
899,10.453488372093023,1943.0,51.4638671875,-27.083254,-5.872213
900,10.465116279069766,1951.0,59.4638671875,-18.743944,-7.036959
901,10.476744186046512,1949.0,57.4638671875,-8.434381,-7.730162
902,10.488372093023255,1952.0,60.4638671875,2.880955,-7.775533
903,10.5,1951.0,59.4638671875,14.09229,-7.10941
904,10.511627906976745,1950.0,58.4638671875,23.897463,-5.750566
905,10.523255813953488,1950.0,58.4638671875,31.311247,-3.866522
906,10.534883720930232,1949.0,57.4638671875,35.451027,-1.684849
907,10.546511627906977,1948.0,56.4638671875,36.10606,0.542778
908,10.558139534883722,1938.0,46.4638671875,33.299271,2.608704
909,10.569767441860465,1941.0,49.4638671875,27.657282,4.427217
910,10.58139534883721,1936.0,44.4638671875,19.864174,5.950274
911,10.593023255813954,1938.0,46.4638671875,10.79425,7.170651
912,10.604651162790697,1927.0,35.4638671875,1.226537,8.013656
913,10.61627906976744,1935.0,43.4638671875,-8.151986,8.353389
914,10.627906976744187,1936.0,44.4638671875,-16.67882,7.979403
915,10.63953488372093,1936.0,44.4638671875,-23.805346,6.736454
916,10.651162790697674,1936.0,44.4638671875,-28.860298,4.588814
917,10.662790697674419,1939.0,47.4638671875,-31.362465,1.740688
918,10.674418604651162,1937.0,45.4638671875,-30.870968,-1.412844
919,10.686046511627907,1936.0,44.4638671875,-27.375563,-4.341778
920,10.697674418604652,1936.0,44.4638671875,-21.16787,-6.546567
921,10.709302325581396,1936.0,44.4638671875,-13.038004,-7.732057
922,10.720930232558139,1936.0,44.4638671875,-4.027108,-7.878013
923,10.732558139534884,1936.0,44.4638671875,4.732171,-7.212674
924,10.744186046511627,1933.0,41.4638671875,12.241062,-6.094276
925,10.755813953488373,1936.0,44.4638671875,17.866163,-4.841002
926,10.767441860465116,1934.0,42.4638671875,21.311363,-3.598988
927,10.779069767441861,1934.0,42.4638671875,22.663113,-2.331421
928,10.790697674418604,1930.0,38.4638671875,22.12796,-0.877281
929,10.802325581395348,1931.0,39.4638671875,20.016018,0.871078
930,10.813953488372093,1929.0,37.4638671875,16.559231,2.865156
931,10.825581395348838,1933.0,41.4638671875,11.999691,4.821675
932,10.837209302325581,1929.0,37.4638671875,6.608351,6.321109
933,10.848837209302326,1929.0,37.4638671875,0.801948,6.964667
934,10.86046511627907,1932.0,40.4638671875,-4.877565,6.541376
935,10.872093023255813,1928.0,36.4638671875,-9.818085,5.144318
936,10.88372093023256,1926.0,34.4638671875,-13.493393,3.122311
937,10.895348837209303,1929.0,37.4638671875,-15.582334,0.980697
938,10.906976744186046,1923.0,31.4638671875,-16.048101,-0.825628
939,10.91860465116279,1927.0,35.4638671875,-15.10164,-2.025081
940,10.930232558139535,1919.0,27.4638671875,-13.10486,-2.610233
941,10.941860465116278,1923.0,31.4638671875,-10.393523,-2.728251
942,10.953488372093023,1908.0,16.4638671875,-7.202433,-2.609206
943,10.965116279069768,1916.0,24.4638671875,-3.65231,-2.393777
944,10.976744186046512,1903.0,11.4638671875,0.152314,-2.14728
945,10.988372093023255,1906.0,14.4638671875,4.015216,-1.824393
946,11.0,1899.0,7.4638671875,7.589799,-1.405377
947,11.011627906976745,1897.0,5.4638671875,10.388391,-0.917126
948,11.023255813953488,1899.0,7.4638671875,11.972958,-0.460733
949,11.034883720930234,1897.0,5.4638671875,12.04951,-0.167616
950,11.046511627906977,1905.0,13.4638671875,10.686877,-0.081284
951,11.05813953488372,1903.0,11.4638671875,8.230518,-0.139912
952,11.069767441860463,1909.0,17.4638671875,5.245548,-0.15826
953,11.08139534883721,1906.0,14.4638671875,2.299292,0.054182
954,11.093023255813954,1917.0,25.4638671875,-0.241406,0.596548
955,11.104651162790697,1916.0,24.4638671875,-2.242925,1.360839
956,11.116279069767442,1920.0,28.4638671875,-3.848153,2.064825
957,11.127906976744185,1920.0,28.4638671875,-5.196992,2.359791
958,11.13953488372093,1919.0,27.4638671875,-6.424791,1.999136
959,11.151162790697676,1922.0,30.4638671875,-7.404083,0.976717
960,11.162790697674419,1907.0,15.4638671875,-7.913801,-0.435433
961,11.174418604651162,1911.0,19.4638671875,-7.621673,-1.748862
962,11.186046511627907,1894.0,2.4638671875,-6.354163,-2.477818
963,11.19767441860465,1901.0,9.4638671875,-4.136352,-2.298104
964,11.209302325581396,1885.0,-6.5361328125,-1.267169,-1.235739
965,11.220930232558139,1887.0,-4.5361328125,1.763541,0.377695
966,11.232558139534884,1872.0,-19.5361328125,4.471922,2.006702
967,11.244186046511627,1873.0,-18.5361328125,6.384401,3.097295
968,11.25581395348837,1872.0,-19.5361328125,7.282453,3.271024
969,11.267441860465118,1871.0,-20.5361328125,7.04343,2.43039
970,11.279069767441861,1875.0,-16.5361328125,5.810215,0.793509
971,11.290697674418604,1873.0,-18.5361328125,3.770875,-1.234573
972,11.30232558139535,1893.0,1.4638671875,1.303542,-3.123781
973,11.313953488372093,1886.0,-5.5361328125,-1.19507,-4.428556
974,11.325581395348836,1908.0,16.4638671875,-3.257771,-4.812009
975,11.337209302325583,1902.0,10.4638671875,-4.494605,-4.182702
976,11.348837209302326,1919.0,27.4638671875,-4.683182,-2.641015
977,11.36046511627907,1917.0,25.4638671875,-3.832168,-0.51039
978,11.372093023255815,1923.0,31.4638671875,-2.26206,1.77759
979,11.383720930232558,1932.0,40.4638671875,-0.433514,3.74741
980,11.395348837209301,1916.0,24.4638671875,1.091302,4.983426
981,11.406976744186046,1925.0,33.4638671875,1.985424,5.27983
982,11.418604651162791,1890.0,-1.5361328125,2.114545,4.625367
983,11.430232558139535,1908.0,16.4638671875,1.705753,3.278904
984,11.441860465116278,1885.0,-6.5361328125,1.067093,1.571274
985,11.453488372093023,1893.0,1.4638671875,0.515671,-0.135302
986,11.465116279069768,1871.0,-20.5361328125,0.186259,-1.594113
987,11.476744186046512,1875.0,-16.5361328125,-0.007279,-2.697349
988,11.488372093023257,1859.0,-32.5361328125,-0.268569,-3.466637
989,11.5,1870.0,-21.5361328125,-0.800704,-3.946886
990,11.511627906976743,1857.0,-34.5361328125,-1.628123,-4.175879
991,11.523255813953488,1856.0,-35.5361328125,-2.582866,-4.099666
992,11.534883720930234,1869.0,-22.5361328125,-3.320574,-3.633882
993,11.546511627906977,1861.0,-30.5361328125,-3.563265,-2.756755
994,11.55813953488372,1884.0,-7.5361328125,-3.133058,-1.512802
995,11.569767441860465,1872.0,-19.5361328125,-2.116167,-0.090684
996,11.581395348837209,1903.0,11.4638671875,-0.724021,1.305466
997,11.593023255813954,1893.0,1.4638671875,0.754248,2.471703
998,11.604651162790699,1916.0,24.4638671875,2.141382,3.343233
999,11.616279069767442,1909.0,17.4638671875,3.38432,3.943555
1000,11.627906976744185,1921.0,29.4638671875,4.53145,4.381836
1001,11.63953488372093,1923.0,31.4638671875,5.600084,4.691102
1002,11.651162790697674,1913.0,21.4638671875,6.465556,4.800006
1003,11.662790697674419,1920.0,28.4638671875,6.879242,4.520319
1004,11.674418604651164,1902.0,10.4638671875,6.490294,3.639319
1005,11.686046511627907,1906.0,14.4638671875,5.066111,2.062161
1006,11.69767441860465,1881.0,-10.5361328125,2.574694,-0.10604
1007,11.709302325581394,1897.0,5.4638671875,-0.688063,-2.517714
1008,11.72093023255814,1868.0,-23.5361328125,-4.253258,-4.725294
1009,11.732558139534884,1870.0,-21.5361328125,-7.539814,-6.295367
1010,11.744186046511627,1856.0,-35.5361328125,-10.063951,-6.966299
1011,11.755813953488373,1853.0,-38.5361328125,-11.545408,-6.734173
1012,11.767441860465116,1861.0,-30.5361328125,-11.880287,-5.773999
1013,11.77906976744186,1861.0,-30.5361328125,-11.140704,-4.380048
1014,11.790697674418606,1872.0,-19.5361328125,-9.41165,-2.806359
1015,11.80232558139535,1866.0,-25.5361328125,-6.808726,-1.214593
1016,11.813953488372093,1901.0,9.4638671875,-3.405987,0.342163
1017,11.825581395348838,1892.0,0.4638671875,0.591259,1.824819
1018,11.837209302325581,1919.0,27.4638671875,4.895404,3.165463
1019,11.848837209302326,1911.0,19.4638671875,9.075845,4.266144
1020,11.86046511627907,1930.0,38.4638671875,12.656321,5.017452
1021,11.872093023255815,1925.0,33.4638671875,15.155289,5.331971
1022,11.883720930232558,1926.0,34.4638671875,16.249121,5.230263
1023,11.895348837209301,1935.0,43.4638671875,15.808779,4.810538
1024,11.906976744186046,1915.0,23.4638671875,13.867583,4.187819
1025,11.918604651162791,1920.0,28.4638671875,10.620935,3.417457
1026,11.930232558139535,1898.0,6.4638671875,6.324534,2.474443
1027,11.94186046511628,1904.0,12.4638671875,1.322595,1.268302
1028,11.953488372093023,1887.0,-4.5361328125,-4.015652,-0.252087
1029,11.965116279069766,1887.0,-4.5361328125,-9.258622,-2.053221
1030,11.976744186046512,1872.0,-19.5361328125,-13.948092,-3.938811
1031,11.988372093023257,1871.0,-20.5361328125,-17.622929,-5.62504
1032,12.0,1869.0,-22.5361328125,-19.891617,-6.799583
1033,12.011627906976743,1872.0,-19.5361328125,-20.477758,-7.249888
1034,12.023255813953488,1873.0,-18.5361328125,-19.253891,-6.916281
1035,12.034883720930232,1874.0,-17.5361328125,-16.233995,-5.860712
1036,12.046511627906977,1888.0,-3.5361328125,-11.562772,-4.239418
1037,12.058139534883722,1878.0,-13.5361328125,-5.549146,-2.215544
1038,12.069767441860465,1903.0,11.4638671875,1.358389,0.049933
1039,12.081395348837209,1901.0,9.4638671875,8.502168,2.372621
1040,12.093023255813954,1916.0,24.4638671875,15.095903,4.504074
1041,12.104651162790697,1906.0,14.4638671875,20.28973,6.146559
1042,12.116279069767442,1920.0,28.4638671875,23.363054,6.981504
1043,12.127906976744187,1919.0,27.4638671875,23.88583,6.80715
1044,12.13953488372093,1926.0,34.4638671875,21.868061,5.652449
1045,12.151162790697674,1922.0,30.4638671875,17.741627,3.812952
1046,12.162790697674417,1911.0,19.4638671875,12.248678,1.800617
1047,12.174418604651164,1918.0,26.4638671875,6.240047,0.163426
1048,12.186046511627907,1897.0,5.4638671875,0.382561,-0.743027
1049,12.19767441860465,1903.0,11.4638671875,-4.911355,-0.89739
1050,12.209302325581396,1878.0,-13.5361328125,-9.567386,-0.618037
1051,12.220930232558139,1887.0,-4.5361328125,-13.635082,-0.416126
1052,12.232558139534882,1872.0,-19.5361328125,-17.185413,-0.756199
1053,12.24418604651163,1873.0,-18.5361328125,-20.079905,-1.825504
1054,12.255813953488373,1871.0,-20.5361328125,-21.973009,-3.437605
1055,12.267441860465116,1872.0,-19.5361328125,-22.364809,-5.09548
1056,12.279069767441861,1870.0,-21.5361328125,-20.803406,-6.201525
1057,12.290697674418604,1872.0,-19.5361328125,-17.066044,-6.292911
1058,12.30232558139535,1881.0,-10.5361328125,-11.307929,-5.24529
1059,12.313953488372093,1872.0,-19.5361328125,-4.085181,-3.291193
1060,12.325581395348838,1887.0,-4.5361328125,3.785504,-0.923064
1061,12.337209302325581,1889.0,-2.5361328125,11.368482,1.333924
1062,12.348837209302324,1893.0,1.4638671875,17.822344,3.076633
1063,12.36046511627907,1894.0,2.4638671875,22.538929,4.171768
1064,12.372093023255815,1902.0,10.4638671875,25.216057,4.71217
1065,12.383720930232558,1901.0,9.4638671875,25.791756,4.916536
1066,12.395348837209303,1899.0,7.4638671875,24.376059,4.96036
1067,12.406976744186046,1903.0,11.4638671875,21.163382,4.900873
1068,12.41860465116279,1893.0,1.4638671875,16.327744,4.622862
1069,12.430232558139537,1895.0,3.4638671875,10.085932,3.949473
1070,12.44186046511628,1887.0,-4.5361328125,2.69014,2.716387
1071,12.453488372093023,1888.0,-3.5361328125,-5.419164,0.925216
1072,12.465116279069766,1881.0,-10.5361328125,-13.631397,-1.249614
1073,12.476744186046512,1888.0,-3.5361328125,-21.088537,-3.453697
1074,12.488372093023255,1875.0,-16.5361328125,-26.884943,-5.275043
1075,12.5,1877.0,-14.5361328125,-30.149868,-6.354576
1076,12.511627906976745,1870.0,-21.5361328125,-30.317282,-6.493937
1077,12.523255813953488,1872.0,-19.5361328125,-27.238714,-5.722658
1078,12.534883720930232,1871.0,-20.5361328125,-21.253099,-4.252745
1079,12.546511627906977,1871.0,-20.5361328125,-13.126117,-2.41993
1080,12.558139534883722,1873.0,-18.5361328125,-3.868937,-0.58124
1081,12.569767441860465,1875.0,-16.5361328125,5.429709,1.002633
1082,12.58139534883721,1874.0,-17.5361328125,13.802659,2.178832
1083,12.593023255813954,1883.0,-8.5361328125,20.497782,2.945511
1084,12.604651162790697,1881.0,-10.5361328125,25.027567,3.366919
1085,12.61627906976744,1877.0,-14.5361328125,27.147533,3.548948
1086,12.627906976744187,1894.0,2.4638671875,26.84836,3.55995
1087,12.63953488372093,1883.0,-8.5361328125,24.266012,3.384989
1088,12.651162790697674,1895.0,3.4638671875,19.731859,2.96887
1089,12.662790697674419,1901.0,9.4638671875,13.713052,2.254326
1090,12.674418604651162,1899.0,7.4638671875,6.755993,1.194861
1091,12.686046511627906,1898.0,6.4638671875,-0.500498,-0.127679
1092,12.697674418604652,1893.0,1.4638671875,-7.455797,-1.545298
1093,12.709302325581396,1901.0,9.4638671875,-13.52354,-2.778833
1094,12.720930232558139,1900.0,8.4638671875,-18.263491,-3.546439
1095,12.732558139534884,1898.0,6.4638671875,-21.329718,-3.642447
1096,12.744186046511627,1894.0,2.4638671875,-22.539921,-2.998449
1097,12.755813953488373,1895.0,3.4638671875,-21.848999,-1.743343
1098,12.767441860465116,1882.0,-9.5361328125,-19.394421,-0.16806
1099,12.779069767441861,1879.0,-12.5361328125,-15.467903,1.336641
1100,12.790697674418604,1867.0,-24.5361328125,-10.503998,2.404391
1101,12.802325581395348,1875.0,-16.5361328125,-5.007116,2.780635
1102,12.813953488372093,1862.0,-29.5361328125,0.544344,2.417305
1103,12.825581395348838,1862.0,-29.5361328125,5.755755,1.472566
1104,12.837209302325581,1857.0,-34.5361328125,10.390381,0.272648
1105,12.848837209302326,1857.0,-34.5361328125,14.278627,-0.805734
1106,12.86046511627907,1864.0,-27.5361328125,17.296446,-1.474817
1107,12.872093023255813,1861.0,-30.5361328125,19.224014,-1.618507
1108,12.88372093023256,1877.0,-14.5361328125,19.77911,-1.350428
1109,12.895348837209303,1872.0,-19.5361328125,18.654629,-0.907021
1110,12.906976744186046,1900.0,8.4638671875,15.672618,-0.589749
1111,12.918604651162791,1889.0,-2.5361328125,10.939385,-0.572355
1112,12.930232558139535,1919.0,27.4638671875,4.925579,-0.871628
1113,12.941860465116278,1907.0,15.4638671875,-1.554509,-1.268043
1114,12.953488372093023,1931.0,39.4638671875,-7.529425,-1.417622
1115,12.965116279069768,1923.0,31.4638671875,-12.147915,-1.023093
1116,12.976744186046512,1930.0,38.4638671875,-14.921576,0.021046
1117,12.988372093023255,1931.0,39.4638671875,-15.815561,1.51688
1118,13.0,1919.0,27.4638671875,-15.236934,3.022586
1119,13.011627906976745,1921.0,29.4638671875,-13.724763,4.023551
1120,13.023255813953488,1894.0,2.4638671875,-11.796895,4.125755
1121,13.034883720930234,1897.0,5.4638671875,-9.664976,3.250045
1122,13.046511627906977,1872.0,-19.5361328125,-7.264318,1.711063
1123,13.05813953488372,1881.0,-10.5361328125,-4.37642,0.044737
1124,13.069767441860465,1851.0,-40.5361328125,-0.874171,-1.176765
1125,13.08139534883721,1861.0,-30.5361328125,3.087361,-1.643146
1126,13.093023255813954,1840.0,-51.5361328125,7.030389,-1.400432
1127,13.104651162790697,1843.0,-48.5361328125,10.265844,-0.849622
1128,13.116279069767442,1840.0,-51.5361328125,12.185993,-0.506212
1129,13.127906976744185,1837.0,-54.5361328125,12.467665,-0.754902
1130,13.13953488372093,1851.0,-40.5361328125,11.262825,-1.628247
1131,13.151162790697676,1846.0,-45.5361328125,9.078717,-2.779265
1132,13.162790697674419,1873.0,-18.5361328125,6.591492,-3.661524
1133,13.174418604651162,1861.0,-30.5361328125,4.338986,-3.785007
1134,13.186046511627907,1902.0,10.4638671875,2.58301,-2.967009
1135,13.19767441860465,1890.0,-1.5361328125,1.217064,-1.425586
1136,13.209302325581396,1934.0,42.4638671875,-0.024478,0.336108
1137,13.22093023255814,1920.0,28.4638671875,-1.39589,1.77015
1138,13.232558139534884,1947.0,55.4638671875,-2.934176,2.534808
1139,13.244186046511627,1950.0,58.4638671875,-4.457111,2.635853
1140,13.25581395348837,1954.0,62.4638671875,-5.659403,2.361164
1141,13.267441860465116,1954.0,62.4638671875,-6.295811,2.088945
1142,13.279069767441861,1941.0,49.4638671875,-6.31357,2.103859
1143,13.290697674418604,1951.0,59.4638671875,-5.877832,2.415384
1144,13.30232558139535,1911.0,19.4638671875,-5.314337,2.787924
1145,13.313953488372093,1923.0,31.4638671875,-4.87823,2.89431
1146,13.325581395348836,1888.0,-3.5361328125,-4.656546,2.507105
1147,13.337209302325583,1904.0,12.4638671875,-4.515104,1.593801
1148,13.348837209302326,1859.0,-32.5361328125,-4.22499,0.347743
1149,13.36046511627907,1872.0,-19.5361328125,-3.538456,-0.950599
1150,13.372093023255815,1833.0,-58.5361328125,-2.393698,-2.060532
1151,13.383720930232558,1853.0,-38.5361328125,-0.846535,-2.875111
1152,13.395348837209301,1840.0,-51.5361328125,0.872334,-3.455189
1153,13.406976744186046,1840.0,-51.5361328125,2.607081,-3.895021
1154,13.418604651162791,1855.0,-36.5361328125,4.271645,-4.234276
1155,13.430232558139535,1846.0,-45.5361328125,5.905578,-4.387997
1156,13.441860465116278,1891.0,-0.5361328125,7.599141,-4.164697
1157,13.453488372093023,1876.0,-15.5361328125,9.313416,-3.380795
1158,13.465116279069768,1930.0,38.4638671875,10.90368,-1.97041
1159,13.476744186046512,1909.0,17.4638671875,11.981137,-0.063996
1160,13.488372093023257,1968.0,76.4638671875,12.180886,2.038745
1161,13.5,1949.0,57.4638671875,11.118731,3.930549
1162,13.511627906976743,1986.0,94.4638671875,8.71454,5.265008
1163,13.523255813953488,1980.0,88.4638671875,5.085651,5.842538
1164,13.534883720930234,1987.0,95.4638671875,0.610513,5.63811
1165,13.546511627906977,1989.0,97.4638671875,-4.237444,4.798912
1166,13.55813953488372,1959.0,67.4638671875,-8.973417,3.55888
1167,13.569767441860465,1980.0,88.4638671875,-13.173275,2.148771
1168,13.581395348837209,1923.0,31.4638671875,-16.559034,0.736975
1169,13.593023255813954,1939.0,47.4638671875,-18.853331,-0.574917
1170,13.604651162790699,1874.0,-17.5361328125,-19.902445,-1.750065
1171,13.616279069767442,1903.0,11.4638671875,-19.493303,-2.796663
1172,13.627906976744185,1839.0,-52.5361328125,-17.563843,-3.714554
1173,13.63953488372093,1853.0,-38.5361328125,-14.032995,-4.451651
1174,13.651162790697674,1815.0,-76.5361328125,-9.040064,-4.885561
1175,13.662790697674419,1824.0,-67.5361328125,-2.840523,-4.872562
1176,13.674418604651164,1823.0,-68.5361328125,4.053841,-4.300287
1177,13.686046511627907,1814.0,-77.5361328125,11.002174,-3.140747
1178,13.69767441860465,1853.0,-38.5361328125,17.27552,-1.507233
1179,13.709302325581394,1839.0,-52.5361328125,22.139551,0.339401
1180,13.72093023255814,1907.0,15.4638671875,25.06205,2.045572
1181,13.732558139534884,1881.0,-10.5361328125,25.692564,3.281176
1182,13.744186046511627,1957.0,65.4638671875,24.115416,3.864206
1183,13.755813953488373,1936.0,44.4638671875,20.588942,3.804989
1184,13.767441860465116,2000.0,108.4638671875,15.702445,3.325944
1185,13.77906976744186,1984.0,92.4638671875,9.993641,2.720563
1186,13.790697674418606,2005.0,113.4638671875,4.005112,2.248483
1187,13.80232558139535,2002.0,110.4638671875,-1.922544,2.018554
1188,13.813953488372093,1981.0,89.4638671875,-7.583353,1.945249
1189,13.825581395348838,2000.0,108.4638671875,-12.85438,1.776951
1190,13.837209302325581,1930.0,38.4638671875,-17.675175,1.236437
1191,13.848837209302324,1958.0,66.4638671875,-21.78742,0.187449
1192,13.86046511627907,1872.0,-19.5361328125,-24.986244,-1.342295
1193,13.872093023255815,1902.0,10.4638671875,-26.853327,-3.096888
1194,13.883720930232558,1830.0,-61.5361328125,-27.125916,-4.705158
1195,13.895348837209301,1851.0,-40.5361328125,-25.488926,-5.764185
1196,13.906976744186046,1807.0,-84.5361328125,-21.877403,-5.980913
1197,13.918604651162791,1829.0,-62.5361328125,-16.283478,-5.201988
1198,13.930232558139535,1817.0,-74.5361328125,-8.979959,-3.536507
1199,13.94186046511628,1808.0,-83.5361328125,-0.406698,-1.233345
1200,13.953488372093023,1851.0,-40.5361328125,8.800014,1.296159
1201,13.965116279069766,1831.0,-60.5361328125,17.752901,3.566436
1202,13.976744186046512,1906.0,14.4638671875,25.579288,5.134546
1203,13.988372093023257,1869.0,-22.5361328125,31.36274,5.684456
1204,14.0,1953.0,61.4638671875,34.580696,5.164259
1205,14.011627906976743,1933.0,41.4638671875,34.942261,3.765259
1206,14.023255813953488,1983.0,91.4638671875,32.660965,1.92518
1207,14.034883720930232,1969.0,77.4638671875,28.152214,0.158937
1208,14.046511627906977,1989.0,97.4638671875,22.005259,-1.07913
1209,14.058139534883722,1987.0,95.4638671875,14.696522,-1.585714
1210,14.069767441860465,1966.0,74.4638671875,6.547832,-1.434709
1211,14.081395348837209,1980.0,88.4638671875,-2.199027,-0.941772
1212,14.093023255813954,1920.0,28.4638671875,-11.370076,-0.504444
1213,14.104651162790697,1940.0,48.4638671875,-20.495157,-0.394768
1214,14.116279069767442,1872.0,-19.5361328125,-28.98456,-0.679909
1215,14.127906976744187,1893.0,1.4638671875,-35.951221,-1.197754
1216,14.13953488372093,1838.0,-53.5361328125,-40.574139,-1.660149
1217,14.151162790697674,1852.0,-39.5361328125,-42.161667,-1.812717
1218,14.162790697674417,1828.0,-63.5361328125,-40.433777,-1.564075
1219,14.174418604651164,1830.0,-61.5361328125,-35.459068,-0.981907
1220,14.186046511627907,1840.0,-51.5361328125,-27.649389,-0.28591
1221,14.19767441860465,1831.0,-60.5361328125,-17.621708,0.303562
1222,14.209302325581396,1872.0,-19.5361328125,-6.031729,0.630822
1223,14.220930232558139,1855.0,-36.5361328125,6.372899,0.678575
1224,14.232558139534882,1906.0,14.4638671875,18.87051,0.508341
1225,14.24418604651163,1889.0,-2.5361328125,30.54019,0.203556
1226,14.255813953488373,1949.0,57.4638671875,40.4613,-0.178005
1227,14.267441860465116,1936.0,44.4638671875,47.61787,-0.608669
1228,14.279069767441861,1974.0,82.4638671875,51.232193,-1.01437
1229,14.290697674418604,1970.0,78.4638671875,50.814285,-1.265347
1230,14.30232558139535,1973.0,81.4638671875,46.331421,-1.152695
1231,14.313953488372093,1974.0,82.4638671875,38.196545,-0.46806
1232,14.325581395348838,1955.0,63.4638671875,27.081785,0.84973
1233,14.337209302325581,1967.0,75.4638671875,13.838186,2.618101
1234,14.348837209302324,1927.0,35.4638671875,-0.735133,4.394852
1235,14.36046511627907,1940.0,48.4638671875,-15.771872,5.627573
1236,14.372093023255815,1894.0,2.4638671875,-30.415024,5.831425
1237,14.383720930232558,1909.0,17.4638671875,-43.607388,4.812595
1238,14.395348837209303,1872.0,-19.5361328125,-54.200867,2.732635
1239,14.406976744186046,1884.0,-7.5361328125,-60.983727,0.069069
1240,14.41860465116279,1861.0,-30.5361328125,-62.939796,-2.580292
1241,14.430232558139535,1863.0,-28.5361328125,-59.497673,-4.708755
1242,14.44186046511628,1865.0,-26.5361328125,-50.648075,-6.057392
1243,14.453488372093023,1863.0,-28.5361328125,-37.073589,-6.640442
1244,14.465116279069768,1879.0,-12.5361328125,-19.912962,-6.627696
1245,14.476744186046512,1872.0,-19.5361328125,-0.689159,-6.174434
1246,14.488372093023255,1904.0,12.4638671875,19.004709,-5.315823
1247,14.5,1894.0,2.4638671875,37.524368,-3.991886
1248,14.511627906976745,1924.0,32.4638671875,53.327518,-2.144215
1249,14.523255813953488,1917.0,25.4638671875,64.957253,0.130447
1250,14.534883720930232,1943.0,51.4638671875,71.170769,2.523369
1251,14.546511627906977,1935.0,43.4638671875,71.10392,4.563232
1252,14.55813953488372,1947.0,55.4638671875,64.493866,5.837578
1253,14.569767441860465,1952.0,60.4638671875,51.883533,6.173897
1254,14.58139534883721,1949.0,57.4638671875,34.5438,5.734947
1255,14.593023255813954,1959.0,67.4638671875,14.404575,4.964931
1256,14.604651162790697,1930.0,38.4638671875,-6.436595,4.332354
1257,14.616279069767442,1941.0,49.4638671875,-25.955173,4.107555
1258,14.627906976744187,1907.0,15.4638671875,-42.634624,4.164589
1259,14.63953488372093,1923.0,31.4638671875,-55.447803,4.049004
1260,14.651162790697674,1902.0,10.4638671875,-63.85722,3.194248
1261,14.662790697674419,1899.0,7.4638671875,-67.584038,1.218491
1262,14.674418604651162,1877.0,-14.5361328125,-66.42971,-1.784714
1263,14.686046511627906,1882.0,-9.5361328125,-60.313686,-5.262302
1264,14.697674418604652,1871.0,-20.5361328125,-49.323284,-8.35976
1265,14.709302325581396,1872.0,-19.5361328125,-34.010868,-10.279654
1266,14.720930232558139,1881.0,-10.5361328125,-15.398192,-10.554583
1267,14.732558139534884,1879.0,-12.5361328125,4.878493,-9.214872
1268,14.744186046511627,1903.0,11.4638671875,24.918201,-6.720617
1269,14.755813953488373,1891.0,-0.5361328125,42.729725,-3.694759
1270,14.767441860465118,1945.0,53.4638671875,56.668961,-0.694969
1271,14.779069767441861,1918.0,26.4638671875,65.469147,1.923637
1272,14.790697674418604,1965.0,73.4638671875,68.494553,4.066589
1273,14.802325581395348,1953.0,61.4638671875,65.585632,5.731789
1274,14.813953488372093,1971.0,79.4638671875,57.040668,6.883495
1275,14.825581395348838,1968.0,76.4638671875,43.636639,7.383759
1276,14.837209302325581,1968.0,76.4638671875,26.545792,7.107071
1277,14.848837209302326,1975.0,83.4638671875,7.438457,6.015312
1278,14.86046511627907,1953.0,61.4638671875,-11.839753,4.311196
1279,14.872093023255813,1962.0,70.4638671875,-29.289415,2.395149
1280,14.88372093023256,1930.0,38.4638671875,-43.329071,0.722015
1281,14.895348837209303,1939.0,47.4638671875,-52.821583,-0.396313
1282,14.906976744186046,1904.0,12.4638671875,-57.415268,-0.956436
1283,14.918604651162791,1914.0,22.4638671875,-57.308033,-1.26524
1284,14.930232558139535,1902.0,10.4638671875,-53.082962,-1.76218
1285,14.941860465116278,1903.0,11.4638671875,-45.434925,-2.755322
1286,14.953488372093023,1897.0,5.4638671875,-34.893177,-4.193815
1287,14.965116279069768,1885.0,-6.5361328125,-21.991776,-5.630527
1288,14.976744186046512,1904.0,12.4638671875,-7.231655,-6.4185
1289,14.988372093023255,1914.0,22.4638671875,8.425941,-6.013383
1290,15.0,1929.0,37.4638671875,23.714617,-4.315468
1291,15.011627906976745,1922.0,30.4638671875,36.944614,-1.704792
1292,15.023255813953488,1953.0,61.4638671875,46.558464,1.050915
1293,15.034883720930234,1940.0,48.4638671875,51.34111,3.134193
1294,15.046511627906977,1966.0,74.4638671875,50.917747,4.036385
1295,15.05813953488372,1963.0,71.4638671875,45.743942,3.745316
1296,15.069767441860465,1969.0,77.4638671875,36.917236,2.69529
1297,15.08139534883721,1968.0,76.4638671875,25.917557,1.552988
1298,15.093023255813954,1967.0,75.4638671875,14.027744,0.859854
1299,15.104651162790697,1968.0,76.4638671875,2.294839,0.776411
1300,15.116279069767442,1941.0,49.4638671875,-8.752373,1.102418
1301,15.127906976744185,1957.0,65.4638671875,-18.619808,1.433317
1302,15.139534883720929,1920.0,28.4638671875,-27.013813,1.406694
1303,15.151162790697676,1936.0,44.4638671875,-33.364483,0.920364
1304,15.162790697674419,1892.0,0.4638671875,-37.186695,0.154659
1305,15.174418604651162,1905.0,13.4638671875,-37.990704,-0.533283
1306,15.186046511627907,1873.0,-18.5361328125,-35.694298,-0.874851
1307,15.19767441860465,1879.0,-12.5361328125,-30.646471,-0.824492
1308,15.209302325581396,1871.0,-20.5361328125,-23.551325,-0.591619
1309,15.22093023255814,1872.0,-19.5361328125,-15.369371,-0.474113
1310,15.232558139534884,1879.0,-12.5361328125,-6.851927,-0.688019
1311,15.244186046511627,1872.0,-19.5361328125,1.363235,-1.19699
1312,15.25581395348837,1897.0,5.4638671875,9.097191,-1.751547
1313,15.267441860465116,1883.0,-8.5361328125,16.140308,-2.027723
1314,15.279069767441861,1917.0,25.4638671875,22.412676,-1.809641
1315,15.290697674418604,1907.0,15.4638671875,27.501492,-1.166626
1316,15.30232558139535,1934.0,42.4638671875,30.922813,-0.396751
1317,15.313953488372093,1926.0,34.4638671875,32.128254,0.128315
1318,15.325581395348836,1935.0,43.4638671875,30.778423,0.203711
1319,15.337209302325583,1949.0,57.4638671875,26.991108,-0.066921
1320,15.348837209302326,1943.0,51.4638671875,21.115135,-0.372845
1321,15.36046511627907,1947.0,55.4638671875,13.910348,-0.320531
1322,15.372093023255815,1935.0,43.4638671875,5.970951,0.306656
1323,15.383720930232558,1940.0,48.4638671875,-2.094497,1.403428
1324,15.395348837209301,1905.0,13.4638671875,-10.063492,2.578199
1325,15.406976744186046,1918.0,26.4638671875,-17.64282,3.358053
1326,15.418604651162791,1889.0,-2.5361328125,-24.617432,3.392767
1327,15.430232558139535,1901.0,9.4638671875,-30.420835,2.699427
1328,15.441860465116278,1867.0,-24.5361328125,-34.347935,1.55146
1329,15.453488372093023,1878.0,-13.5361328125,-35.599995,0.401432
1330,15.465116279069768,1856.0,-35.5361328125,-33.549816,-0.421867
1331,15.476744186046512,1861.0,-30.5361328125,-28.089508,-0.832581
1332,15.488372093023257,1859.0,-32.5361328125,-19.562141,-1.03684
1333,15.5,1861.0,-30.5361328125,-8.987716,-1.376893
1334,15.511627906976743,1873.0,-18.5361328125,2.469128,-2.104204
1335,15.523255813953488,1872.0,-19.5361328125,13.467921,-3.19065
1336,15.534883720930234,1897.0,5.4638671875,22.981909,-4.326477
1337,15.546511627906977,1883.0,-8.5361328125,30.182714,-5.054396
1338,15.55813953488372,1915.0,23.4638671875,34.662079,-4.935753
1339,15.569767441860465,1904.0,12.4638671875,36.205059,-3.827282
1340,15.581395348837209,1926.0,34.4638671875,34.802258,-1.859627
1341,15.593023255813954,1920.0,28.4638671875,30.639618,0.550177
1342,15.604651162790699,1929.0,37.4638671875,23.994816,2.908958
1343,15.616279069767442,1930.0,38.4638671875,15.442534,4.764904
1344,15.627906976744185,1920.0,28.4638671875,5.620508,5.853312
1345,15.63953488372093,1923.0,31.4638671875,-4.559966,6.086189
1346,15.651162790697674,1904.0,12.4638671875,-14.26846,5.531993
1347,15.662790697674417,1910.0,18.4638671875,-22.624161,4.348459
1348,15.674418604651162,1887.0,-4.5361328125,-28.973703,2.748428
1349,15.686046511627906,1893.0,1.4638671875,-32.806248,0.985538
1350,15.697674418604652,1873.0,-18.5361328125,-33.848675,-0.661194
1351,15.709302325581396,1874.0,-17.5361328125,-32.072514,-1.931995
1352,15.72093023255814,1874.0,-17.5361328125,-27.627359,-2.647772
1353,15.732558139534884,1872.0,-19.5361328125,-20.998384,-2.790865
1354,15.744186046511627,1881.0,-10.5361328125,-12.789236,-2.536155
1355,15.755813953488373,1876.0,-15.5361328125,-3.88128,-2.167839
1356,15.767441860465116,1895.0,3.4638671875,4.936306,-1.987823
1357,15.77906976744186,1889.0,-2.5361328125,12.848077,-2.164243
1358,15.790697674418604,1904.0,12.4638671875,19.349985,-2.664165
1359,15.802325581395348,1904.0,12.4638671875,24.14028,-3.242865
1360,15.813953488372091,1913.0,21.4638671875,27.163683,-3.5774
1361,15.82558139534884,1910.0,18.4638671875,28.480045,-3.380814
1362,15.837209302325583,1917.0,25.4638671875,28.120871,-2.545221
1363,15.848837209302326,1916.0,24.4638671875,26.079754,-1.172081
1364,15.86046511627907,1913.0,21.4638671875,22.210949,0.473104
1365,15.872093023255815,1913.0,21.4638671875,16.494299,2.075392
1366,15.883720930232558,1904.0,12.4638671875,9.017697,3.387946
1367,15.895348837209301,1906.0,14.4638671875,0.294759,4.309369
1368,15.906976744186046,1901.0,9.4638671875,-8.890086,4.868439
1369,15.91860465116279,1903.0,11.4638671875,-17.443136,5.151289
1370,15.930232558139533,1887.0,-4.5361328125,-24.318707,5.195869
1371,15.941860465116278,1894.0,2.4638671875,-28.676138,4.979036
1372,15.953488372093025,1875.0,-16.5361328125,-30.154463,4.354822
1373,15.965116279069768,1885.0,-6.5361328125,-28.871765,3.217762
1374,15.976744186046513,1883.0,-8.5361328125,-25.34119,1.482311
1375,15.988372093023257,1887.0,-4.5361328125,-20.281139,-0.741341
1376,16.0,1893.0,1.4638671875,-14.292908,-3.18933
1377,16.011627906976745,1887.0,-4.5361328125,-7.8355,-5.448855
1378,16.023255813953487,1891.0,-0.5361328125,-1.08356,-7.093128
1379,16.03488372093023,1889.0,-2.5361328125,5.813704,-7.809184
1380,16.046511627906977,1889.0,-2.5361328125,12.668344,-7.485266
1381,16.05813953488372,1892.0,0.4638671875,19.036755,-6.251114
1382,16.069767441860463,1887.0,-4.5361328125,24.273266,-4.424524
1383,16.081395348837212,1888.0,-3.5361328125,27.67499,-2.378935
1384,16.093023255813954,1883.0,-8.5361328125,28.666529,-0.428371
1385,16.1046511627907,1887.0,-4.5361328125,27.062696,1.276468
1386,16.116279069767444,1879.0,-12.5361328125,23.022491,2.722841
1387,16.127906976744185,1886.0,-5.5361328125,17.126472,4.001477
1388,16.13953488372093,1887.0,-4.5361328125,10.035469,5.15856
1389,16.151162790697676,1886.0,-5.5361328125,2.448612,6.119938
1390,16.162790697674417,1893.0,1.4638671875,-5.105465,6.706228
1391,16.174418604651162,1889.0,-2.5361328125,-12.219625,6.646927
1392,16.186046511627907,1902.0,10.4638671875,-18.539188,5.754066
1393,16.19767441860465,1899.0,7.4638671875,-23.639751,4.020319
1394,16.209302325581397,1906.0,14.4638671875,-27.011694,1.671799
1395,16.220930232558143,1904.0,12.4638671875,-28.162172,-0.876677
1396,16.232558139534884,1907.0,15.4638671875,-26.753246,-3.19239
1397,16.24418604651163,1907.0,15.4638671875,-22.823938,-4.935999
1398,16.25581395348837,1907.0,15.4638671875,-16.776079,-5.986127
1399,16.267441860465116,1904.0,12.4638671875,-9.41284,-6.418386
1400,16.27906976744186,1892.0,0.4638671875,-1.562752,-6.353362
1401,16.290697674418603,1904.0,12.4638671875,5.951911,-5.878312
1402,16.302325581395348,1887.0,-4.5361328125,12.602058,-4.958431
1403,16.313953488372093,1898.0,6.4638671875,18.081409,-3.473759
1404,16.325581395348834,1878.0,-13.5361328125,22.212664,-1.35655
1405,16.337209302325583,1876.0,-15.5361328125,24.829441,1.268419
1406,16.348837209302328,1872.0,-19.5361328125,25.659637,4.032103
1407,16.36046511627907,1875.0,-16.5361328125,24.417616,6.352226
1408,16.372093023255815,1872.0,-19.5361328125,20.872011,7.646665
1409,16.38372093023256,1872.0,-19.5361328125,15.139381,7.544465
1410,16.3953488372093,1874.0,-17.5361328125,7.677869,6.065442
1411,16.406976744186046,1872.0,-19.5361328125,-0.627307,3.628362
1412,16.41860465116279,1885.0,-6.5361328125,-8.740109,0.882366
1413,16.430232558139533,1879.0,-12.5361328125,-15.639173,-1.51462
1414,16.441860465116278,1899.0,7.4638671875,-20.545879,-3.130352
1415,16.453488372093023,1889.0,-2.5361328125,-23.069464,-3.867609
1416,16.46511627906977,1899.0,7.4638671875,-23.137787,-3.91861
1417,16.476744186046513,1893.0,1.4638671875,-20.997766,-3.597481
1418,16.48837209302326,1895.0,3.4638671875,-17.015564,-3.189711
1419,16.5,1895.0,3.4638671875,-11.678522,-2.772439
1420,16.511627906976745,1888.0,-3.5361328125,-5.549109,-2.326071
1421,16.52325581395349,1896.0,4.4638671875,0.697404,-1.757819
1422,16.53488372093023,1881.0,-10.5361328125,6.379881,-1.040585
1423,16.546511627906977,1886.0,-5.5361328125,10.857749,-0.248664
1424,16.558139534883722,1874.0,-17.5361328125,13.718252,0.493263
1425,16.569767441860463,1886.0,-5.5361328125,14.859056,1.090092
1426,16.58139534883721,1874.0,-17.5361328125,14.467877,1.55577
1427,16.59302325581395,1871.0,-20.5361328125,12.956735,1.999823
1428,16.6046511627907,1861.0,-30.5361328125,10.749228,2.561968
1429,16.616279069767444,1865.0,-26.5361328125,8.161737,3.253124
1430,16.627906976744185,1865.0,-26.5361328125,5.2377,3.88287
1431,16.63953488372093,1866.0,-25.5361328125,1.961017,4.103189
1432,16.651162790697676,1863.0,-28.5361328125,-1.717866,3.552252
1433,16.662790697674417,1862.0,-29.5361328125,-5.541627,2.082269
1434,16.674418604651162,1870.0,-21.5361328125,-9.042706,-0.131568
1435,16.686046511627907,1872.0,-19.5361328125,-11.502113,-2.561464
1436,16.69767441860465,1873.0,-18.5361328125,-12.301159,-4.536517
1437,16.709302325581394,1867.0,-24.5361328125,-11.102468,-5.471863
1438,16.72093023255814,1881.0,-10.5361328125,-8.055116,-5.130333
1439,16.732558139534884,1873.0,-18.5361328125,-3.819032,-3.706909
1440,16.74418604651163,1887.0,-4.5361328125,0.702915,-1.754949
1441,16.755813953488374,1882.0,-9.5361328125,4.554043,0.077471
1442,16.767441860465116,1885.0,-6.5361328125,7.128955,1.285411
1443,16.77906976744186,1883.0,-8.5361328125,8.167829,1.70116
1444,16.790697674418606,1878.0,-13.5361328125,7.856465,1.482732
1445,16.802325581395348,1882.0,-9.5361328125,6.542202,0.989197
1446,16.813953488372093,1876.0,-15.5361328125,4.624127,0.552643
1447,16.825581395348838,1878.0,-13.5361328125,2.36749,0.354625
1448,16.83720930232558,1869.0,-22.5361328125,-0.082746,0.358615
1449,16.848837209302324,1872.0,-19.5361328125,-2.574194,0.444165
1450,16.86046511627907,1858.0,-33.5361328125,-4.922602,0.50841
1451,16.872093023255815,1864.0,-27.5361328125,-6.788387,0.550192
1452,16.88372093023256,1851.0,-40.5361328125,-7.833999,0.676962
1453,16.8953488372093,1855.0,-36.5361328125,-7.739407,0.992384
1454,16.906976744186046,1850.0,-41.5361328125,-6.482368,1.471033
1455,16.91860465116279,1850.0,-41.5361328125,-4.236003,1.929953
1456,16.930232558139533,1846.0,-45.5361328125,-1.450678,2.063384
1457,16.941860465116278,1846.0,-45.5361328125,1.419585,1.620533
1458,16.953488372093023,1855.0,-36.5361328125,3.942772,0.51856
1459,16.965116279069765,1856.0,-35.5361328125,5.910429,-1.018188
1460,16.97674418604651,1878.0,-13.5361328125,7.271845,-2.558739
1461,16.98837209302326,1867.0,-24.5361328125,8.060802,-3.591056
1462,17.0,1872.0,-19.5361328125,8.333832,-3.772779
1463,17.011627906976745,1869.0,-22.5361328125,8.052858,-3.016816
1464,17.02325581395349,1878.0,-13.5361328125,7.142043,-1.606649
1465,17.03488372093023,1875.0,-16.5361328125,5.48144,-0.01828
1466,17.046511627906977,1878.0,-13.5361328125,3.100918,1.24069
1467,17.058139534883722,1879.0,-12.5361328125,0.111289,1.814373
1468,17.069767441860463,1872.0,-19.5361328125,-3.171161,1.646734
1469,17.08139534883721,1877.0,-14.5361328125,-6.378793,0.933445
1470,17.093023255813954,1863.0,-28.5361328125,-9.107879,0.047704
1471,17.104651162790695,1869.0,-22.5361328125,-11.005672,-0.632324
1472,17.116279069767444,1856.0,-35.5361328125,-11.816199,-0.816296
1473,17.12790697674419,1859.0,-32.5361328125,-11.360634,-0.415776
1474,17.13953488372093,1849.0,-42.5361328125,-9.626017,0.486662
1475,17.151162790697676,1852.0,-39.5361328125,-6.718264,1.637716
1476,17.16279069767442,1846.0,-45.5361328125,-2.985639,2.693166
1477,17.174418604651162,1845.0,-46.5361328125,1.086795,3.303736
1478,17.186046511627907,1842.0,-49.5361328125,4.856977,3.190662
1479,17.19767441860465,1847.0,-44.5361328125,7.758816,2.257605
1480,17.209302325581394,1856.0,-35.5361328125,9.384878,0.60547
1481,17.22093023255814,1851.0,-40.5361328125,9.649859,-1.425712
1482,17.23255813953488,1866.0,-25.5361328125,8.83189,-3.331399
1483,17.24418604651163,1857.0,-34.5361328125,7.397205,-4.590869
1484,17.255813953488374,1872.0,-19.5361328125,5.893403,-4.820014
1485,17.267441860465116,1866.0,-25.5361328125,4.632727,-3.942417
1486,17.27906976744186,1861.0,-30.5361328125,3.685295,-2.23496
1487,17.290697674418606,1872.0,-19.5361328125,2.827119,-0.207026
1488,17.302325581395348,1871.0,-20.5361328125,1.718202,1.511094
1489,17.313953488372093,1871.0,-20.5361328125,0.099177,2.456165
1490,17.325581395348838,1861.0,-30.5361328125,-2.028816,2.485829
1491,17.33720930232558,1861.0,-30.5361328125,-4.373242,1.819004
1492,17.348837209302324,1852.0,-39.5361328125,-6.454878,0.943787
1493,17.36046511627907,1856.0,-35.5361328125,-7.795483,0.359929
1494,17.372093023255815,1846.0,-45.5361328125,-8.149692,0.377034
1495,17.38372093023256,1847.0,-44.5361328125,-7.555675,0.958455
1496,17.395348837209305,1840.0,-51.5361328125,-6.346625,1.761908
1497,17.406976744186046,1845.0,-46.5361328125,-4.933568,2.299691
1498,17.41860465116279,1846.0,-45.5361328125,-3.653851,2.185998
1499,17.430232558139537,1843.0,-48.5361328125,-2.592751,1.341228
1500,17.441860465116278,1845.0,-46.5361328125,-1.613717,0.001353
1501,17.453488372093023,1846.0,-45.5361328125,-0.425294,-1.32469
1502,17.46511627906977,1856.0,-35.5361328125,1.167675,-2.200731
1503,17.47674418604651,1851.0,-40.5361328125,3.152828,-2.373792
1504,17.488372093023255,1861.0,-30.5361328125,5.265524,-1.961992
1505,17.5,1860.0,-31.5361328125,7.059798,-1.338474
1506,17.511627906976745,1863.0,-28.5361328125,8.134598,-0.954176
1507,17.52325581395349,1862.0,-29.5361328125,8.27788,-1.073382
1508,17.53488372093023,1865.0,-26.5361328125,7.592612,-1.602871
1509,17.546511627906977,1866.0,-25.5361328125,6.409754,-2.149292
1510,17.558139534883722,1856.0,-35.5361328125,5.11126,-2.192209
1511,17.569767441860463,1863.0,-28.5361328125,3.954654,-1.381595
1512,17.58139534883721,1850.0,-41.5361328125,2.879594,0.250631
1513,17.593023255813954,1854.0,-37.5361328125,1.605908,2.242548
1514,17.604651162790695,1843.0,-48.5361328125,-0.255825,3.899282
1515,17.61627906976744,1842.0,-49.5361328125,-2.890455,4.588094
1516,17.62790697674419,1840.0,-51.5361328125,-6.147443,4.037289
1517,17.63953488372093,1841.0,-50.5361328125,-9.463726,2.47782
1518,17.651162790697676,1853.0,-38.5361328125,-12.036267,0.546647
1519,17.66279069767442,1843.0,-48.5361328125,-13.139707,-1.009635
1520,17.674418604651162,1851.0,-40.5361328125,-12.340203,-1.639961
1521,17.686046511627907,1849.0,-42.5361328125,-9.741755,-1.217284
1522,17.697674418604652,1869.0,-22.5361328125,-5.870785,-0.07617
1523,17.709302325581394,1857.0,-34.5361328125,-1.572536,1.150792
1524,17.72093023255814,1867.0,-24.5361328125,2.38446,1.841936
1525,17.732558139534884,1872.0,-19.5361328125,5.466615,1.641292
1526,17.744186046511626,1886.0,-5.5361328125,7.520738,0.557877
1527,17.755813953488374,1871.0,-20.5361328125,8.673692,-1.091398
1528,17.76744186046512,1878.0,-13.5361328125,9.234627,-2.765254
1529,17.77906976744186,1882.0,-9.5361328125,9.456556,-4.00518
1530,17.790697674418606,1870.0,-21.5361328125,9.400156,-4.52398
1531,17.802325581395348,1882.0,-9.5361328125,9.020483,-4.245481
1532,17.813953488372093,1857.0,-34.5361328125,8.091419,-3.303221
1533,17.825581395348838,1863.0,-28.5361328125,6.490296,-1.912157
1534,17.83720930232558,1853.0,-38.5361328125,4.129474,-0.344594
1535,17.848837209302324,1856.0,-35.5361328125,1.103925,1.131538
1536,17.86046511627907,1855.0,-36.5361328125,-2.36172,2.302761
1537,17.87209302325581,1849.0,-42.5361328125,-5.916275,3.04113
1538,17.883720930232556,1863.0,-28.5361328125,-9.126816,3.345447
1539,17.895348837209305,1857.0,-34.5361328125,-11.57548,3.344565
1540,17.906976744186046,1881.0,-10.5361328125,-12.862124,3.213943
1541,17.91860465116279,1872.0,-19.5361328125,-12.780483,3.137691
1542,17.930232558139537,1902.0,10.4638671875,-11.252857,3.155343
1543,17.941860465116278,1891.0,-0.5361328125,-8.524113,3.133449
1544,17.953488372093023,1911.0,19.4638671875,-4.947184,2.805504
1545,17.96511627906977,1904.0,12.4638671875,-1.056342,1.892033
1546,17.97674418604651,1907.0,15.4638671875,2.687809,0.287225
1547,17.988372093023255,1913.0,21.4638671875,5.928949,-1.831589
1548,18.0,1900.0,8.4638671875,8.469395,-4.013955
1549,18.01162790697674,1904.0,12.4638671875,10.272222,-5.694489
1550,18.02325581395349,1883.0,-8.5361328125,11.301791,-6.398257
1551,18.034883720930235,1894.0,2.4638671875,11.557521,-5.96622
1552,18.046511627906977,1863.0,-28.5361328125,10.900323,-4.594509
1553,18.058139534883722,1870.0,-21.5361328125,9.270127,-2.753692
1554,18.069767441860467,1844.0,-47.5361328125,6.620077,-0.928715
1555,18.08139534883721,1853.0,-38.5361328125,3.164734,0.550903
1556,18.093023255813954,1837.0,-54.5361328125,-0.748472,1.63765
1557,18.104651162790695,1839.0,-52.5361328125,-4.595156,2.50421
1558,18.11627906976744,1835.0,-56.5361328125,-7.872026,3.348466
1559,18.127906976744185,1835.0,-56.5361328125,-10.175288,4.244722
1560,18.139534883720927,1849.0,-42.5361328125,-11.301191,5.023382
1561,18.151162790697676,1840.0,-51.5361328125,-11.278888,5.354053
1562,18.16279069767442,1869.0,-22.5361328125,-10.248472,4.894988
1563,18.174418604651162,1856.0,-35.5361328125,-8.470329,3.501168
1564,18.186046511627907,1889.0,-2.5361328125,-6.113176,1.338811
1565,18.197674418604652,1874.0,-17.5361328125,-3.366159,-1.138487
1566,18.209302325581394,1904.0,12.4638671875,-0.314074,-3.369263
1567,18.22093023255814,1898.0,6.4638671875,2.872516,-4.883404
1568,18.232558139534884,1915.0,23.4638671875,6.045942,-5.422886
1569,18.244186046511626,1906.0,14.4638671875,8.922154,-5.044187
1570,18.25581395348837,1903.0,11.4638671875,11.20755,-3.980138
1571,18.267441860465116,1907.0,15.4638671875,12.562795,-2.576509
1572,18.27906976744186,1877.0,-14.5361328125,12.661686,-1.134759
1573,18.290697674418606,1895.0,3.4638671875,11.342807,0.156421
1574,18.30232558139535,1868.0,-23.5361328125,8.553567,1.214945
1575,18.313953488372093,1874.0,-17.5361328125,4.550523,2.033432
1576,18.325581395348838,1855.0,-36.5361328125,-0.219214,2.670256
1577,18.337209302325583,1859.0,-32.5361328125,-5.082182,3.165432
1578,18.348837209302324,1845.0,-46.5361328125,-9.362902,3.556461
1579,18.36046511627907,1845.0,-46.5361328125,-12.4554,3.832271
1580,18.372093023255815,1847.0,-44.5361328125,-14.036391,3.910415
1581,18.383720930232556,1847.0,-44.5361328125,-14.058053,3.65314
1582,18.3953488372093,1862.0,-29.5361328125,-12.736467,2.87423
1583,18.406976744186046,1859.0,-32.5361328125,-10.413111,1.457658
1584,18.41860465116279,1883.0,-8.5361328125,-7.382399,-0.592004
1585,18.430232558139537,1873.0,-18.5361328125,-3.860619,-3.027835
1586,18.441860465116278,1898.0,6.4638671875,0.086904,-5.403466
1587,18.453488372093023,1888.0,-3.5361328125,4.354234,-7.159786
1588,18.46511627906977,1904.0,12.4638671875,8.780172,-7.811163
1589,18.47674418604651,1911.0,19.4638671875,12.965565,-7.109808
1590,18.488372093023255,1905.0,13.4638671875,16.3729,-5.169937
1591,18.5,1906.0,14.4638671875,18.385592,-2.410822
1592,18.51162790697674,1904.0,12.4638671875,18.504566,0.554396
1593,18.523255813953487,1905.0,13.4638671875,16.477417,3.127298
1594,18.534883720930235,1899.0,7.4638671875,12.39077,4.927075
1595,18.546511627906977,1894.0,2.4638671875,6.633073,5.82158
1596,18.558139534883722,1887.0,-4.5361328125,-0.180522,5.970882
1597,18.569767441860467,1890.0,-1.5361328125,-7.302213,5.622594
1598,18.58139534883721,1862.0,-29.5361328125,-13.989002,5.021074
1599,18.593023255813954,1877.0,-14.5361328125,-19.442179,4.331465
1600,18.6046511627907,1867.0,-24.5361328125,-23.015741,3.565329
1601,18.61627906976744,1872.0,-19.5361328125,-24.161949,2.65015
1602,18.627906976744185,1871.0,-20.5361328125,-22.632278,1.499731
1603,18.63953488372093,1870.0,-21.5361328125,-18.511374,0.08016
1604,18.651162790697672,1873.0,-18.5361328125,-12.296528,-1.560082
1605,18.66279069767442,1871.0,-20.5361328125,-4.808913,-3.284078
1606,18.674418604651166,1872.0,-19.5361328125,2.961248,-4.905486
1607,18.686046511627907,1872.0,-19.5361328125,10.081247,-6.191832
1608,18.697674418604652,1879.0,-12.5361328125,15.862211,-6.956045
1609,18.709302325581397,1876.0,-15.5361328125,19.937494,-7.022493
1610,18.72093023255814,1887.0,-4.5361328125,22.256819,-6.332729
1611,18.732558139534884,1885.0,-6.5361328125,22.875355,-4.930573
1612,18.744186046511626,1892.0,0.4638671875,21.901062,-2.986757
1613,18.75581395348837,1891.0,-0.5361328125,19.333626,-0.766653
1614,18.767441860465116,1894.0,2.4638671875,15.196231,1.455209
1615,18.779069767441857,1897.0,5.4638671875,9.601433,3.461722
1616,18.790697674418606,1901.0,9.4638671875,2.883204,5.090966
1617,18.80232558139535,1900.0,8.4638671875,-4.336582,6.299778
1618,18.813953488372093,1905.0,13.4638671875,-11.255151,7.082534
1619,18.825581395348838,1903.0,11.4638671875,-17.079176,7.383966
1620,18.837209302325583,1904.0,12.4638671875,-21.231634,7.108555
1621,18.848837209302324,1904.0,12.4638671875,-23.449837,6.108858
1622,18.86046511627907,1904.0,12.4638671875,-23.788536,4.330055
1623,18.872093023255815,1904.0,12.4638671875,-22.446394,1.862097
1624,18.883720930232556,1893.0,1.4638671875,-19.639006,-0.949114
1625,18.8953488372093,1900.0,8.4638671875,-15.440108,-3.600862
1626,18.906976744186046,1881.0,-10.5361328125,-9.894194,-5.563953
1627,18.91860465116279,1888.0,-3.5361328125,-3.07488,-6.459392
1628,18.930232558139537,1872.0,-19.5361328125,4.64769,-6.251322
1629,18.94186046511628,1875.0,-16.5361328125,12.565131,-5.230336
1630,18.953488372093023,1870.0,-21.5361328125,19.659073,-3.930155
1631,18.96511627906977,1869.0,-22.5361328125,24.8517,-2.852407
1632,18.976744186046513,1877.0,-14.5361328125,27.335855,-2.274658
1633,18.988372093023255,1862.0,-29.5361328125,26.765579,-2.119827
1634,19.0,1884.0,-7.5361328125,23.443514,-1.995457
1635,19.011627906976745,1867.0,-24.5361328125,18.068857,-1.428862
1636,19.023255813953487,1901.0,9.4638671875,11.595424,-0.104548
1637,19.03488372093023,1891.0,-0.5361328125,4.794721,1.896498
1638,19.046511627906973,1919.0,27.4638671875,-1.786557,4.122924
1639,19.058139534883722,1913.0,21.4638671875,-7.928864,5.883135
1640,19.069767441860467,1929.0,37.4638671875,-13.513024,6.583446
1641,19.08139534883721,1927.0,35.4638671875,-18.331795,5.96711
1642,19.093023255813954,1934.0,42.4638671875,-21.969948,4.280785
1643,19.1046511627907,1933.0,41.4638671875,-23.833008,2.135326
1644,19.11627906976744,1920.0,28.4638671875,-23.386572,0.287481
1645,19.127906976744185,1926.0,34.4638671875,-20.380581,-0.73439
1646,19.13953488372093,1904.0,12.4638671875,-15.111344,-0.822836
1647,19.151162790697672,1911.0,19.4638671875,-8.358657,-0.339505
1648,19.162790697674417,1885.0,-6.5361328125,-1.238004,0.105023
1649,19.174418604651162,1893.0,1.4638671875,5.170975,-0.058951
1650,19.186046511627907,1873.0,-18.5361328125,10.10003,-1.075364
1651,19.197674418604652,1877.0,-14.5361328125,13.298933,-2.710882
1652,19.209302325581397,1872.0,-19.5361328125,14.983628,-4.369472
1653,19.22093023255814,1870.0,-21.5361328125,15.559838,-5.375064
1654,19.232558139534884,1879.0,-12.5361328125,15.392961,-5.299865
1655,19.24418604651163,1873.0,-18.5361328125,14.56559,-4.129341
1656,19.25581395348837,1902.0,10.4638671875,12.959778,-2.264606
1657,19.267441860465116,1888.0,-3.5361328125,10.275076,-0.388634
1658,19.27906976744186,1918.0,26.4638671875,6.457295,0.938351
1659,19.290697674418603,1908.0,16.4638671875,1.766915,1.474702
1660,19.302325581395348,1936.0,44.4638671875,-3.120011,1.412814
1661,19.313953488372096,1925.0,33.4638671875,-7.323638,1.228437
1662,19.325581395348838,1936.0,44.4638671875,-10.054438,1.441044
1663,19.337209302325583,1936.0,44.4638671875,-10.891031,2.300407
1664,19.348837209302324,1936.0,44.4638671875,-9.952632,3.673505
1665,19.36046511627907,1937.0,45.4638671875,-7.817912,5.049062
1666,19.372093023255815,1926.0,34.4638671875,-5.310591,5.800034
1667,19.383720930232556,1934.0,42.4638671875,-3.180467,5.445015
1668,19.3953488372093,1924.0,32.4638671875,-1.856515,3.87788
1669,19.406976744186046,1923.0,31.4638671875,-1.371672,1.460053
1670,19.418604651162788,1912.0,20.4638671875,-1.398206,-1.159821
1671,19.430232558139533,1917.0,25.4638671875,-1.516426,-3.252294
1672,19.44186046511628,1908.0,16.4638671875,-1.367704,-4.337421
1673,19.453488372093023,1910.0,18.4638671875,-0.864174,-4.322708
1674,19.46511627906977,1907.0,15.4638671875,-0.13551,-3.531339
1675,19.476744186046513,1909.0,17.4638671875,0.532014,-2.528969
1676,19.488372093023255,1915.0,23.4638671875,0.883386,-1.87448
1677,19.5,1917.0,25.4638671875,0.84349,-1.895131
1678,19.511627906976745,1922.0,30.4638671875,0.542135,-2.542462
1679,19.523255813953487,1918.0,26.4638671875,0.308411,-3.462343
1680,19.53488372093023,1923.0,31.4638671875,0.493493,-4.097067
1681,19.546511627906977,1922.0,30.4638671875,1.386361,-3.973641
1682,19.55813953488372,1921.0,29.4638671875,2.99936,-2.850534
1683,19.569767441860467,1920.0,28.4638671875,5.130674,-0.854296
1684,19.581395348837212,1918.0,26.4638671875,7.316799,1.606328
1685,19.593023255813954,1919.0,27.4638671875,9.050371,3.982692
1686,19.6046511627907,1918.0,26.4638671875,9.851621,5.786471
1687,19.616279069767444,1918.0,26.4638671875,9.447379,6.767183
1688,19.627906976744185,1925.0,33.4638671875,7.809109,6.948352
1689,19.63953488372093,1923.0,31.4638671875,5.115099,6.563298
1690,19.651162790697676,1933.0,41.4638671875,1.722536,5.894715
1691,19.662790697674417,1927.0,35.4638671875,-2.049792,5.102604
1692,19.674418604651162,1935.0,43.4638671875,-5.864064,4.150572
1693,19.686046511627904,1936.0,44.4638671875,-9.541675,2.814641
1694,19.697674418604652,1947.0,55.4638671875,-12.860325,0.846052
1695,19.709302325581397,1938.0,46.4638671875,-15.636245,-1.852086
1696,19.72093023255814,1942.0,50.4638671875,-17.490997,-5.048289
1697,19.732558139534884,1943.0,51.4638671875,-17.995291,-8.230882
1698,19.74418604651163,1943.0,51.4638671875,-16.683334,-10.67649
1699,19.75581395348837,1936.0,44.4638671875,-13.28432,-11.773186
1700,19.767441860465116,1931.0,39.4638671875,-7.858177,-11.155361
1701,19.77906976744186,1935.0,43.4638671875,-0.858109,-8.915243
1702,19.790697674418603,1919.0,27.4638671875,6.794871,-5.544011
1703,19.802325581395348,1926.0,34.4638671875,14.060389,-1.755488
1704,19.813953488372093,1913.0,21.4638671875,19.843592,1.771606
1705,19.825581395348838,1920.0,28.4638671875,23.388659,4.572399
1706,19.837209302325583,1912.0,20.4638671875,24.299709,6.514492
1707,19.848837209302328,1909.0,17.4638671875,22.661852,7.72792
1708,19.86046511627907,1917.0,25.4638671875,18.878061,8.455443
1709,19.872093023255815,1911.0,19.4638671875,13.517072,8.866821
1710,19.88372093023256,1926.0,34.4638671875,7.201401,8.95182
1711,19.8953488372093,1911.0,19.4638671875,0.446626,8.518016
1712,19.906976744186046,1936.0,44.4638671875,-6.225573,7.307692
1713,19.91860465116279,1934.0,42.4638671875,-12.400522,5.158197
1714,19.930232558139533,1946.0,54.4638671875,-17.572868,2.108707
1715,19.941860465116278,1940.0,48.4638671875,-21.286978,-1.513453
1716,19.953488372093023,1950.0,58.4638671875,-23.046864,-5.163361
1717,19.96511627906977,1950.0,58.4638671875,-22.555197,-8.21109
1718,19.976744186046513,1949.0,57.4638671875,-19.730696,-10.137889
1719,19.988372093023255,1957.0,65.4638671875,-14.804283,-10.635003
1720,20.0,1940.0,48.4638671875,-8.373759,-9.742774
1721,20.011627906976745,1942.0,50.4638671875,-1.248892,-7.794399
1722,20.023255813953487,1926.0,34.4638671875,5.625243,-5.274158
1723,20.03488372093023,1935.0,43.4638671875,11.411886,-2.713905
1724,20.046511627906977,1917.0,25.4638671875,15.462782,-0.472488
1725,20.05813953488372,1922.0,30.4638671875,17.500328,1.288082
1726,20.069767441860463,1905.0,13.4638671875,17.55459,2.664685
1727,20.081395348837212,1910.0,18.4638671875,15.990205,3.893279
1728,20.093023255813954,1903.0,11.4638671875,13.232424,5.15274
1729,20.1046511627907,1902.0,10.4638671875,9.762767,6.473851
1730,20.116279069767444,1905.0,13.4638671875,5.926603,7.641899
1731,20.127906976744185,1898.0,6.4638671875,1.942778,8.247089
1732,20.13953488372093,1907.0,15.4638671875,-2.03219,7.83622
1733,20.151162790697676,1904.0,12.4638671875,-5.843052,6.136753
1734,20.162790697674417,1923.0,31.4638671875,-9.196944,3.208126
1735,20.174418604651162,1919.0,27.4638671875,-11.712505,-0.496469
1736,20.186046511627907,1936.0,44.4638671875,-12.920403,-4.233842
1737,20.19767441860465,1933.0,41.4638671875,-12.478122,-7.163535
1738,20.209302325581397,1943.0,51.4638671875,-10.262177,-8.644866
1739,20.220930232558143,1938.0,46.4638671875,-6.549643,-8.423988
1740,20.232558139534884,1947.0,55.4638671875,-1.94031,-6.715196
1741,20.24418604651163,1941.0,49.4638671875,2.691755,-4.12123
1742,20.255813953488374,1937.0,45.4638671875,6.472418,-1.399136
1743,20.267441860465116,1939.0,47.4638671875,8.726579,0.773348
1744,20.27906976744186,1922.0,30.4638671875,9.136575,2.025281
1745,20.290697674418603,1930.0,38.4638671875,7.837691,2.365753
1746,20.302325581395348,1903.0,11.4638671875,5.27277,2.121904
1747,20.313953488372093,1915.0,23.4638671875,2.10826,1.753896
1748,20.325581395348834,1887.0,-4.5361328125,-1.04693,1.646524
1749,20.33720930232558,1893.0,1.4638671875,-3.693382,1.954378
1750,20.348837209302328,1879.0,-12.5361328125,-5.582275,2.538534
1751,20.36046511627907,1891.0,-0.5361328125,-6.620046,3.058956
1752,20.372093023255815,1888.0,-3.5361328125,-6.849254,3.120535
1753,20.38372093023256,1887.0,-4.5361328125,-6.316283,2.480371
1754,20.3953488372093,1902.0,10.4638671875,-5.063742,1.157448
1755,20.406976744186046,1894.0,2.4638671875,-3.132967,-0.549114
1756,20.41860465116279,1919.0,27.4638671875,-0.622166,-2.192544
1757,20.430232558139533,1911.0,19.4638671875,2.244922,-3.334468
1758,20.441860465116278,1936.0,44.4638671875,5.137917,-3.734023
1759,20.453488372093023,1929.0,37.4638671875,7.626477,-3.427142
1760,20.465116279069765,1938.0,46.4638671875,9.332745,-2.671116
1761,20.476744186046513,1937.0,45.4638671875,9.986243,-1.811863
1762,20.48837209302326,1936.0,44.4638671875,9.538613,-1.095234
1763,20.5,1942.0,50.4638671875,8.088395,-0.60024
1764,20.511627906976745,1929.0,37.4638671875,5.888761,-0.175622
1765,20.52325581395349,1935.0,43.4638671875,3.182795,0.378972
1766,20.53488372093023,1914.0,22.4638671875,0.20572,1.223199
1767,20.546511627906977,1925.0,33.4638671875,-2.884797,2.301546
1768,20.558139534883722,1899.0,7.4638671875,-5.95503,3.342874
1769,20.569767441860463,1904.0,12.4638671875,-8.828334,3.951669
1770,20.58139534883721,1895.0,3.4638671875,-11.258951,3.800833
1771,20.59302325581395,1895.0,3.4638671875,-12.940619,2.77299
1772,20.6046511627907,1904.0,12.4638671875,-13.555826,1.073777
1773,20.616279069767444,1894.0,2.4638671875,-12.891833,-0.870234
1774,20.627906976744185,1903.0,11.4638671875,-10.891105,-2.516677
1775,20.63953488372093,1898.0,6.4638671875,-7.672323,-3.434947
1776,20.651162790697676,1914.0,22.4638671875,-3.534043,-3.453543
1777,20.662790697674417,1905.0,13.4638671875,1.126359,-2.699672
1778,20.674418604651162,1924.0,32.4638671875,5.8469,-1.534289
1779,20.686046511627907,1921.0,29.4638671875,10.160429,-0.405663
1780,20.69767441860465,1934.0,42.4638671875,13.608228,0.312346
1781,20.709302325581394,1929.0,37.4638671875,15.789066,0.43464
1782,20.72093023255814,1933.0,41.4638671875,16.43326,0.026119
1783,20.732558139534884,1934.0,42.4638671875,15.449042,-0.652951
1784,20.74418604651163,1922.0,30.4638671875,13.00019,-1.246085
1785,20.755813953488374,1927.0,35.4638671875,9.46757,-1.405228
1786,20.767441860465116,1914.0,22.4638671875,5.40008,-0.911013
1787,20.77906976744186,1918.0,26.4638671875,1.292457,0.224211
1788,20.790697674418606,1908.0,16.4638671875,-2.489685,1.746454
1789,20.802325581395348,1910.0,18.4638671875,-5.856071,3.220274
1790,20.813953488372093,1905.0,13.4638671875,-8.866395,4.163708
1791,20.825581395348838,1904.0,12.4638671875,-11.656528,4.195121
1792,20.83720930232558,1909.0,17.4638671875,-14.20042,3.210958
1793,20.848837209302324,1909.0,17.4638671875,-16.23951,1.434704
1794,20.860465116279073,1915.0,23.4638671875,-17.289124,-0.634577
1795,20.872093023255815,1911.0,19.4638671875,-16.815632,-2.401963
1796,20.88372093023256,1926.0,34.4638671875,-14.473016,-3.406286
1797,20.8953488372093,1922.0,30.4638671875,-10.29295,-3.482415
1798,20.906976744186046,1929.0,37.4638671875,-4.733495,-2.828938
1799,20.91860465116279,1931.0,39.4638671875,1.435506,-1.892221
1800,20.930232558139533,1928.0,36.4638671875,7.3444,-1.179419
1801,20.941860465116278,1929.0,37.4638671875,12.312366,-0.991398
1802,20.953488372093023,1920.0,28.4638671875,15.938012,-1.30911
1803,20.965116279069765,1921.0,29.4638671875,18.150192,-1.804241
1804,20.97674418604651,1919.0,27.4638671875,19.039818,-1.994307
1805,20.98837209302326,1923.0,31.4638671875,18.716423,-1.502779
1806,21.0,1916.0,24.4638671875,17.184097,-0.218687
1807,21.011627906976745,1915.0,23.4638671875,14.355959,1.621187
1808,21.02325581395349,1907.0,15.4638671875,10.152687,3.537539
1809,21.03488372093023,1907.0,15.4638671875,4.65137,4.974059
1810,21.046511627906977,1910.0,18.4638671875,-1.792629,5.537744
1811,21.058139534883722,1907.0,15.4638671875,-8.547879,5.096192
1812,21.069767441860463,1911.0,19.4638671875,-14.783417,3.82468
1813,21.08139534883721,1910.0,18.4638671875,-19.658468,2.083731
1814,21.093023255813954,1909.0,17.4638671875,-22.500469,0.275875
1815,21.104651162790695,1909.0,17.4638671875,-22.942314,-1.286961
1816,21.116279069767444,1910.0,18.4638671875,-20.987494,-2.468386
1817,21.12790697674419,1909.0,17.4638671875,-16.984005,-3.300785
1818,21.13953488372093,1909.0,17.4638671875,-11.504725,-3.897119
1819,21.151162790697676,1906.0,14.4638671875,-5.245351,-4.359504
1820,21.16279069767442,1904.0,12.4638671875,1.145756,-4.696582
1821,21.174418604651162,1904.0,12.4638671875,7.115773,-4.824136
1822,21.186046511627907,1901.0,9.4638671875,12.273879,-4.583592
1823,21.19767441860465,1904.0,12.4638671875,16.349844,-3.81535
1824,21.209302325581394,1904.0,12.4638671875,19.151258,-2.46213
1825,21.22093023255814,1901.0,9.4638671875,20.464914,-0.632025
1826,21.23255813953488,1904.0,12.4638671875,20.085842,1.422268
1827,21.24418604651163,1903.0,11.4638671875,17.850946,3.354819
1828,21.255813953488374,1903.0,11.4638671875,13.770207,4.855023
1829,21.267441860465116,1904.0,12.4638671875,8.128162,5.718635
1830,21.27906976744186,1899.0,7.4638671875,1.527046,5.93406
1831,21.290697674418606,1915.0,23.4638671875,-5.139772,5.663556
1832,21.302325581395348,1905.0,13.4638671875,-10.986085,5.096713
1833,21.313953488372093,1904.0,12.4638671875,-15.254457,4.388516
1834,21.325581395348838,1904.0,12.4638671875,-17.595587,3.520592
1835,21.33720930232558,1905.0,13.4638671875,-18.05718,2.338991
1836,21.348837209302324,1902.0,10.4638671875,-17.006916,0.629837
1837,21.36046511627907,1906.0,14.4638671875,-14.885754,-1.690299
1838,21.372093023255815,1906.0,14.4638671875,-11.986542,-4.446951
1839,21.38372093023256,1904.0,12.4638671875,-8.400373,-7.171233
1840,21.395348837209305,1914.0,22.4638671875,-4.036079,-9.196902
1841,21.406976744186046,1905.0,13.4638671875,1.048527,-9.93202
1842,21.41860465116279,1917.0,25.4638671875,6.584001,-9.039675
1843,21.430232558139537,1915.0,23.4638671875,11.881954,-6.621433
1844,21.441860465116278,1917.0,25.4638671875,16.049353,-3.200232
1845,21.453488372093023,1918.0,26.4638671875,18.214003,0.47167
1846,21.46511627906977,1915.0,23.4638671875,17.889992,3.641563
1847,21.47674418604651,1915.0,23.4638671875,15.157326,5.812799
1848,21.488372093023255,1910.0,18.4638671875,10.625313,6.813095
1849,21.5,1910.0,18.4638671875,5.244046,6.786447
1850,21.511627906976745,1908.0,16.4638671875,-0.089624,6.035129
1851,21.52325581395349,1910.0,18.4638671875,-4.724642,4.850781
1852,21.53488372093023,1904.0,12.4638671875,-8.404715,3.460113
1853,21.546511627906977,1904.0,12.4638671875,-11.07397,2.017603
1854,21.558139534883722,1902.0,10.4638671875,-12.764537,0.654447
1855,21.569767441860463,1904.0,12.4638671875,-13.363575,-0.471557
1856,21.58139534883721,1905.0,13.4638671875,-12.676063,-1.214997
1857,21.593023255813954,1904.0,12.4638671875,-10.513005,-1.498076
1858,21.604651162790695,1902.0,10.4638671875,-6.937532,-1.40099
1859,21.61627906976744,1903.0,11.4638671875,-2.388684,-1.181659
1860,21.627906976744185,1907.0,15.4638671875,2.359613,-1.192076
1861,21.63953488372093,1904.0,12.4638671875,6.381443,-1.699225
1862,21.651162790697676,1912.0,20.4638671875,8.965116,-2.737821
1863,21.66279069767442,1907.0,15.4638671875,9.788502,-4.007615
1864,21.674418604651162,1915.0,23.4638671875,9.079418,-4.969404
1865,21.686046511627907,1907.0,15.4638671875,7.370772,-5.082835
1866,21.697674418604652,1917.0,25.4638671875,5.329475,-4.047596
1867,21.709302325581394,1916.0,24.4638671875,3.390281,-1.991906
1868,21.72093023255814,1907.0,15.4638671875,1.693088,0.546787
1869,21.732558139534884,1904.0,12.4638671875,0.10991,2.840801
1870,21.744186046511626,1905.0,13.4638671875,-1.530876,4.290618
1871,21.75581395348837,1904.0,12.4638671875,-3.270089,4.624652
1872,21.76744186046512,1894.0,2.4638671875,-4.904602,4.048524
1873,21.77906976744186,1903.0,11.4638671875,-6.003305,3.062397
1874,21.790697674418606,1894.0,2.4638671875,-6.196742,2.20981
1875,21.80232558139535,1895.0,3.4638671875,-5.274623,1.802693
1876,21.813953488372093,1902.0,10.4638671875,-3.432035,1.788284
1877,21.825581395348838,1893.0,1.4638671875,-1.137518,1.80701
1878,21.83720930232558,1902.0,10.4638671875,0.979098,1.429278
1879,21.848837209302324,1899.0,7.4638671875,2.410389,0.419438
1880,21.86046511627907,1905.0,13.4638671875,2.921762,-1.127231
1881,21.87209302325581,1905.0,13.4638671875,2.635559,-2.756342
1882,21.883720930232556,1904.0,12.4638671875,1.905328,-3.942709
1883,21.895348837209305,1907.0,15.4638671875,1.130554,-4.272252
1884,21.906976744186046,1914.0,22.4638671875,0.613161,-3.699
1885,21.91860465116279,1913.0,21.4638671875,0.392673,-2.52981
1886,21.930232558139537,1909.0,17.4638671875,0.376975,-1.265911
1887,21.941860465116278,1914.0,22.4638671875,0.368166,-0.355045
1888,21.953488372093023,1901.0,9.4638671875,0.257389,0.009856
1889,21.96511627906977,1905.0,13.4638671875,0.061116,-0.024641
1890,21.97674418604651,1898.0,6.4638671875,-0.090397,-0.101882
1891,21.988372093023255,1899.0,7.4638671875,-0.035856,0.138003
1892,22.0,1890.0,-1.5361328125,0.281858,0.865533
1893,22.01162790697674,1890.0,-1.5361328125,0.79671,1.944327
1894,22.02325581395349,1886.0,-5.5361328125,1.260056,3.017888
1895,22.034883720930235,1885.0,-6.5361328125,1.402133,3.645126
1896,22.046511627906977,1887.0,-4.5361328125,0.977592,3.527352
1897,22.058139534883722,1886.0,-5.5361328125,-0.039441,2.62609
1898,22.069767441860467,1890.0,-1.5361328125,-1.49996,1.175546
1899,22.08139534883721,1890.0,-1.5361328125,-3.050289,-0.425244
1900,22.093023255813954,1899.0,7.4638671875,-4.268027,-1.768556
1901,22.1046511627907,1909.0,17.4638671875,-4.791776,-2.556001
1902,22.11627906976744,1904.0,12.4638671875,-4.414105,-2.696592
1903,22.127906976744185,1905.0,13.4638671875,-3.157231,-2.265332
1904,22.139534883720927,1911.0,19.4638671875,-1.228852,-1.477505
1905,22.151162790697676,1915.0,23.4638671875,0.98991,-0.5801
1906,22.16279069767442,1915.0,23.4638671875,3.100708,0.186807
1907,22.174418604651162,1903.0,11.4638671875,4.709406,0.637209
1908,22.186046511627907,1913.0,21.4638671875,5.600184,0.703637
1909,22.197674418604652,1911.0,19.4638671875,5.658528,0.387821
1910,22.209302325581394,1914.0,22.4638671875,4.956595,-0.18075
1911,22.22093023255814,1909.0,17.4638671875,3.658081,-0.841354
1912,22.232558139534884,1899.0,7.4638671875,2.009675,-1.364113
1913,22.244186046511626,1904.0,12.4638671875,0.29622,-1.556473
1914,22.25581395348837,1893.0,1.4638671875,-1.276361,-1.326722
1915,22.267441860465116,1897.0,5.4638671875,-2.527334,-0.705407
1916,22.27906976744186,1895.0,3.4638671875,-3.406163,0.168321
1917,22.290697674418606,1891.0,-0.5361328125,-3.921912,1.074564
1918,22.30232558139535,1894.0,2.4638671875,-4.153377,1.804689
1919,22.313953488372093,1891.0,-0.5361328125,-4.19166,2.199141
1920,22.325581395348838,1898.0,6.4638671875,-4.096124,2.205742
1921,22.337209302325583,1897.0,5.4638671875,-3.878424,1.863811
1922,22.348837209302324,1904.0,12.4638671875,-3.458423,1.289281
1923,22.36046511627907,1904.0,12.4638671875,-2.724345,0.64746
1924,22.372093023255815,1904.0,12.4638671875,-1.54971,0.096807
1925,22.383720930232556,1903.0,11.4638671875,0.10115,-0.212105
1926,22.3953488372093,1914.0,22.4638671875,2.16951,-0.223505
1927,22.40697674418605,1909.0,17.4638671875,4.39672,0.002439
1928,22.41860465116279,1917.0,25.4638671875,6.421793,0.284997
1929,22.430232558139537,1915.0,23.4638671875,7.812423,0.369108
1930,22.441860465116278,1919.0,27.4638671875,8.201461,0.018901
1931,22.453488372093023,1920.0,28.4638671875,7.402392,-0.872541
1932,22.46511627906977,1921.0,29.4638671875,5.470041,-2.16783
1933,22.47674418604651,1919.0,27.4638671875,2.723795,-3.519848
1934,22.488372093023255,1919.0,27.4638671875,-0.340784,-4.415787
1935,22.5,1917.0,25.4638671875,-3.180137,-4.417387
1936,22.51162790697674,1907.0,15.4638671875,-5.380571,-3.333452
1937,22.523255813953487,1911.0,19.4638671875,-6.725412,-1.351681
1938,22.534883720930235,1901.0,9.4638671875,-7.270998,0.992687
1939,22.546511627906977,1907.0,15.4638671875,-7.216812,3.000475
1940,22.558139534883722,1891.0,-0.5361328125,-6.815022,4.087478
1941,22.569767441860467,1901.0,9.4638671875,-6.193484,4.025276
1942,22.58139534883721,1899.0,7.4638671875,-5.333625,3.017146
1943,22.593023255813954,1897.0,5.4638671875,-4.077768,1.60164
1944,22.6046511627907,1904.0,12.4638671875,-2.245405,0.417923
1945,22.61627906976744,1898.0,6.4638671875,0.201449,-0.083531
1946,22.627906976744185,1904.0,12.4638671875,3.095045,0.197212
1947,22.63953488372093,1904.0,12.4638671875,6.02663,1.000539
1948,22.651162790697672,1910.0,18.4638671875,8.479514,1.841037
1949,22.66279069767442,1907.0,15.4638671875,9.973557,2.256841
1950,22.674418604651166,1919.0,27.4638671875,10.249448,2.010863
1951,22.686046511627907,1909.0,17.4638671875,9.301425,1.147119
1952,22.697674418604652,1919.0,27.4638671875,7.38317,-0.073347
1953,22.709302325581397,1918.0,26.4638671875,4.843718,-1.324947
1954,22.72093023255814,1927.0,35.4638671875,2.018461,-2.384554
1955,22.732558139534884,1926.0,34.4638671875,-0.888037,-3.188047
1956,22.74418604651163,1926.0,34.4638671875,-3.751767,-3.784396
1957,22.75581395348837,1929.0,37.4638671875,-6.458337,-4.223919
1958,22.767441860465116,1923.0,31.4638671875,-8.811653,-4.459538
1959,22.779069767441857,1923.0,31.4638671875,-10.475727,-4.320728
1960,22.790697674418603,1919.0,27.4638671875,-11.086531,-3.615159
1961,22.80232558139535,1921.0,29.4638671875,-10.337255,-2.232978
1962,22.813953488372093,1913.0,21.4638671875,-8.218574,-0.296525
1963,22.825581395348838,1916.0,24.4638671875,-5.044941,1.848833
1964,22.837209302325583,1909.0,17.4638671875,-1.432501,3.721133
1965,22.848837209302324,1904.0,12.4638671875,1.914722,4.900126
1966,22.86046511627907,1915.0,23.4638671875,4.432963,5.186384
1967,22.872093023255815,1911.0,19.4638671875,5.869219,4.659582
1968,22.883720930232556,1925.0,33.4638671875,6.366289,3.657872
1969,22.8953488372093,1916.0,24.4638671875,6.29117,2.592123
1970,22.906976744186046,1920.0,28.4638671875,6.106914,1.805771
1971,22.918604651162788,1920.0,28.4638671875,6.063438,1.398725
1972,22.930232558139537,1919.0,27.4638671875,6.145273,1.234345
1973,22.94186046511628,1911.0,19.4638671875,6.060389,1.023142
1974,22.953488372093023,1931.0,39.4638671875,5.444717,0.479377
1975,22.96511627906977,1933.0,41.4638671875,4.012765,-0.558526
1976,22.976744186046513,1927.0,35.4638671875,1.753132,-2.033348
1977,22.988372093023255,1927.0,35.4638671875,-1.018324,-3.671607
1978,23.0,1922.0,30.4638671875,-3.78621,-5.089204
1979,23.011627906976745,1926.0,34.4638671875,-5.990119,-5.921483
1980,23.023255813953487,1926.0,34.4638671875,-7.24212,-5.915213
1981,23.03488372093023,1923.0,31.4638671875,-7.420599,-5.026764
1982,23.046511627906977,1918.0,26.4638671875,-6.695617,-3.399031
1983,23.058139534883722,1919.0,27.4638671875,-5.416891,-1.339544
1984,23.069767441860467,1922.0,30.4638671875,-3.990323,0.773666
1985,23.08139534883721,1917.0,25.4638671875,-2.740119,2.558883
1986,23.093023255813954,1918.0,26.4638671875,-1.814301,3.73411
1987,23.1046511627907,1918.0,26.4638671875,-1.192766,4.156892
1988,23.11627906976744,1926.0,34.4638671875,-0.727646,3.873288
1989,23.127906976744185,1923.0,31.4638671875,-0.236145,3.09926
1990,23.13953488372093,1936.0,44.4638671875,0.465296,2.169554
1991,23.151162790697672,1933.0,41.4638671875,1.446743,1.424056
1992,23.162790697674417,1939.0,47.4638671875,2.711969,1.110733
1993,23.174418604651162,1936.0,44.4638671875,4.1318,1.27806
1994,23.186046511627907,1943.0,51.4638671875,5.525485,1.761414
1995,23.197674418604652,1937.0,45.4638671875,6.61621,2.199201
1996,23.209302325581397,1937.0,45.4638671875,7.151118,2.191749
1997,23.22093023255814,1938.0,46.4638671875,6.918261,1.438232
1998,23.232558139534884,1934.0,42.4638671875,5.799784,-0.135984
1999,23.24418604651163,1936.0,44.4638671875,3.849603,-2.310129
2000,23.25581395348837,1925.0,33.4638671875,1.297748,-4.580714
2001,23.267441860465116,1934.0,42.4638671875,-1.444104,-6.328133
2002,23.27906976744186,1921.0,29.4638671875,-3.947807,-7.017295
2003,23.290697674418603,1922.0,30.4638671875,-5.785103,-6.365899
2004,23.302325581395348,1923.0,31.4638671875,-6.724432,-4.458767
2005,23.313953488372096,1923.0,31.4638671875,-6.762136,-1.753662
2006,23.325581395348838,1920.0,28.4638671875,-6.091719,1.114329
2007,23.337209302325583,1915.0,23.4638671875,-5.050119,3.494355
2008,23.348837209302328,1925.0,33.4638671875,-3.933708,4.95603
2009,23.36046511627907,1921.0,29.4638671875,-2.958438,5.36474
2010,23.372093023255815,1936.0,44.4638671875,-2.146536,4.869338
2011,23.383720930232556,1927.0,35.4638671875,-1.426918,3.793006
2012,23.3953488372093,1943.0,51.4638671875,-0.653625,2.472959
2013,23.406976744186046,1941.0,49.4638671875,0.248116,1.155621
2014,23.418604651162788,1950.0,58.4638671875,1.301858,-0.029882
2015,23.430232558139533,1949.0,57.4638671875,2.447237,-1.012574
2016,23.44186046511628,1947.0,55.4638671875,3.603892,-1.73321
2017,23.453488372093023,1950.0,58.4638671875,4.731424,-2.076721
2018,23.46511627906977,1941.0,49.4638671875,5.756158,-1.96777
2019,23.476744186046513,1946.0,54.4638671875,6.592549,-1.415817
2020,23.488372093023255,1936.0,44.4638671875,7.019715,-0.615893
2021,23.5,1937.0,45.4638671875,6.755395,0.074562
2022,23.511627906976745,1923.0,31.4638671875,5.49215,0.285282
2023,23.523255813953487,1934.0,42.4638671875,3.129415,-0.18331
2024,23.53488372093023,1920.0,28.4638671875,-0.156665,-1.215483
2025,23.546511627906977,1922.0,30.4638671875,-3.803992,-2.361178
2026,23.55813953488372,1924.0,32.4638671875,-7.025572,-2.995031
2027,23.569767441860467,1922.0,30.4638671875,-9.070354,-2.646058
2028,23.581395348837212,1922.0,30.4638671875,-9.49098,-1.22222
2029,23.593023255813954,1921.0,29.4638671875,-8.345053,0.883354
2030,23.6046511627907,1929.0,37.4638671875,-6.146827,2.91269
2031,23.616279069767444,1924.0,32.4638671875,-3.656386,4.10382
2032,23.627906976744185,1934.0,42.4638671875,-1.54435,4.010199
2033,23.63953488372093,1935.0,43.4638671875,-0.142073,2.734136
2034,23.651162790697676,1953.0,61.4638671875,0.684312,0.86553
2035,23.662790697674417,1943.0,51.4638671875,1.344336,-0.81055
2036,23.674418604651162,1962.0,70.4638671875,2.317607,-1.646061
2037,23.686046511627904,1956.0,64.4638671875,3.767091,-1.501075
2038,23.697674418604652,1963.0,71.4638671875,5.5258,-0.677088
2039,23.709302325581397,1964.0,72.4638671875,7.096531,0.213237
2040,23.72093023255814,1955.0,63.4638671875,7.915193,0.651839
2041,23.732558139534884,1963.0,71.4638671875,7.618962,0.442194
2042,23.74418604651163,1944.0,52.4638671875,6.137759,-0.224523
2043,23.75581395348837,1955.0,63.4638671875,3.787474,-0.879763
2044,23.767441860465116,1938.0,46.4638671875,0.988166,-1.136784
2045,23.77906976744186,1937.0,45.4638671875,-1.818929,-0.905062
2046,23.790697674418603,1932.0,40.4638671875,-4.358188,-0.427582
2047,23.802325581395348,1933.0,41.4638671875,-6.502524,-0.168521
