muestra,tiempo_ms,adc,adc_centrado,adc_filtrado,residual
0,0.0,1889.0,-1.5439453125,-0.000941,-0.002611
1,0.011627906976744186,1876.0,-14.5439453125,-0.009333,-0.009645
2,0.023255813953488372,1893.0,2.4560546875,-0.002751,-0.000425
3,0.03488372093023256,1895.0,4.4560546875,0.005898,0.008474
4,0.046511627906976744,1891.0,0.4560546875,0.009062,0.006454
5,0.058139534883720936,1888.0,-2.5439453125,0.006139,0.001373
6,0.06976744186046512,1884.0,-6.5439453125,-0.001707,-0.011014
7,0.0813953488372093,1888.0,-2.5439453125,-0.004989,-0.012352
8,0.09302325581395349,1881.0,-9.5439453125,-0.007642,-0.015857
9,0.10465116279069767,1885.0,-5.5439453125,-0.00012,-0.001908
10,0.11627906976744187,1879.0,-11.5439453125,0.008425,0.007685
11,0.12790697674418605,1872.0,-18.5439453125,0.013034,0.014532
12,0.13953488372093023,1873.0,-17.5439453125,0.015093,0.015905
13,0.1511627906976744,1882.0,-8.5439453125,0.017173,0.022199
14,0.1627906976744186,1876.0,-14.5439453125,0.009347,0.021168
15,0.1744186046511628,1887.0,-3.5439453125,0.008559,0.036556
16,0.18604651162790697,1892.0,1.4560546875,0.015497,0.063533
17,0.19767441860465115,1894.0,3.4560546875,0.029505,0.100699
18,0.20930232558139533,1901.0,10.4560546875,0.049825,0.137571
19,0.22093023255813954,1899.0,8.4560546875,0.061468,0.159278
20,0.23255813953488375,1903.0,12.4560546875,0.060893,0.160609
21,0.2441860465116279,1903.0,12.4560546875,0.043375,0.144382
22,0.2558139534883721,1904.0,13.4560546875,0.016012,0.124524
23,0.2674418604651163,1904.0,13.4560546875,-0.010281,0.107513
24,0.27906976744186046,1907.0,16.4560546875,-0.023969,0.100453
25,0.29069767441860467,1907.0,16.4560546875,-0.026967,0.09462
26,0.3023255813953488,1905.0,14.4560546875,-0.030703,0.067508
27,0.313953488372093,1910.0,19.4560546875,-0.045076,0.007755
28,0.3255813953488372,1916.0,25.4560546875,-0.079942,-0.085107
29,0.3372093023255814,1913.0,22.4560546875,-0.138643,-0.202889
30,0.3488372093023256,1915.0,24.4560546875,-0.199084,-0.31085
31,0.3604651162790698,1917.0,26.4560546875,-0.236346,-0.37521
32,0.37209302325581395,1909.0,18.4560546875,-0.23961,-0.393423
33,0.38372093023255816,1917.0,26.4560546875,-0.19797,-0.370818
34,0.3953488372093023,1901.0,10.4560546875,-0.147254,-0.352476
35,0.4069767441860465,1906.0,15.4560546875,-0.097512,-0.345836
36,0.41860465116279066,1887.0,-3.5439453125,-0.07961,-0.358177
37,0.43023255813953487,1890.0,-0.5439453125,-0.068917,-0.340293
38,0.4418604651162791,1878.0,-12.5439453125,-0.047679,-0.254996
39,0.4534883720930233,1869.0,-21.5439453125,0.018087,-0.072863
40,0.4651162790697675,1867.0,-23.5439453125,0.146094,0.199793
41,0.4767441860465116,1861.0,-29.5439453125,0.313088,0.501274
42,0.4883720930232558,1859.0,-31.5439453125,0.473845,0.764522
43,0.5,1860.0,-30.5439453125,0.57777,0.932667
44,0.5116279069767442,1853.0,-37.5439453125,0.59132,1.001797
45,0.5232558139534884,1855.0,-35.5439453125,0.535061,1.020231
46,0.5348837209302326,1852.0,-38.5439453125,0.453706,1.054011
47,0.5465116279069767,1852.0,-38.5439453125,0.401667,1.130866
48,0.5581395348837209,1860.0,-30.5439453125,0.403603,1.222486
49,0.5697674418604651,1853.0,-37.5439453125,0.415176,1.216361
50,0.5813953488372093,1858.0,-32.5439453125,0.371391,1.017083
51,0.5930232558139535,1858.0,-32.5439453125,0.196038,0.560275
52,0.6046511627906976,1860.0,-30.5439453125,-0.131732,-0.100428
53,0.6162790697674418,1859.0,-31.5439453125,-0.55696,-0.826579
54,0.627906976744186,1865.0,-25.5439453125,-0.951632,-1.434462
55,0.6395348837209301,1865.0,-25.5439453125,-1.185308,-1.808879
56,0.6511627906976744,1866.0,-24.5439453125,-1.180796,-1.940801
57,0.6627906976744186,1862.0,-28.5439453125,-0.972307,-1.953796
58,0.6744186046511628,1866.0,-24.5439453125,-0.690499,-2.009227
59,0.686046511627907,1860.0,-30.5439453125,-0.52506,-2.23299
60,0.6976744186046512,1862.0,-28.5439453125,-0.604955,-2.589534
61,0.7093023255813954,1863.0,-27.5439453125,-0.933703,-2.891845
62,0.7209302325581396,1863.0,-27.5439453125,-1.351398,-2.835149
63,0.7325581395348838,1863.0,-27.5439453125,-1.577173,-2.135071
64,0.7441860465116279,1867.0,-23.5439453125,-1.315006,-0.655922
65,0.7558139534883721,1865.0,-25.5439453125,-0.394687,1.489598
66,0.7674418604651163,1878.0,-12.5439453125,1.148038,3.964376
67,0.7790697674418604,1871.0,-19.5439453125,3.004259,6.246121
68,0.7906976744186046,1872.0,-18.5439453125,4.700813,7.801992
69,0.8023255813953488,1872.0,-18.5439453125,5.709615,8.193977
70,0.813953488372093,1871.0,-19.5439453125,5.620003,7.205274
71,0.8255813953488372,1872.0,-18.5439453125,4.283674,4.893002
72,0.8372093023255813,1870.0,-20.5439453125,1.882039,1.604219
73,0.8488372093023255,1872.0,-18.5439453125,-1.088141,-2.077491
74,0.8604651162790697,1872.0,-18.5439453125,-3.940838,-5.414473
75,0.872093023255814,1871.0,-19.5439453125,-5.976335,-7.683211
76,0.8837209302325582,1877.0,-13.5439453125,-6.67197,-8.341772
77,0.8953488372093024,1871.0,-19.5439453125,-5.853477,-7.23081
78,0.9069767441860466,1870.0,-20.5439453125,-3.730019,-4.62561
79,0.9186046511627908,1872.0,-18.5439453125,-0.855978,-1.231369
80,0.930232558139535,1868.0,-22.5439453125,2.018468,2.018478
81,0.9418604651162791,1867.0,-23.5439453125,4.171241,4.242898
82,0.9534883720930232,1863.0,-27.5439453125,5.097974,4.896395
83,0.9651162790697674,1865.0,-25.5439453125,4.647751,3.936087
84,0.9767441860465116,1860.0,-30.5439453125,3.021029,1.793224
85,0.9883720930232557,1861.0,-29.5439453125,0.694258,-0.784576
86,1.0,1856.0,-34.5439453125,-1.756405,-3.054425
87,1.0116279069767442,1859.0,-31.5439453125,-3.797683,-4.481376
88,1.0232558139534884,1857.0,-33.5439453125,-5.06767,-4.895718
89,1.0348837209302326,1858.0,-32.5439453125,-5.39426,-4.391977
90,1.0465116279069768,1857.0,-33.5439453125,-4.775896,-3.212747
91,1.0581395348837208,1858.0,-32.5439453125,-3.322657,-1.556292
92,1.0697674418604652,1856.0,-34.5439453125,-1.223918,0.448483
93,1.0813953488372092,1861.0,-29.5439453125,1.270663,2.733424
94,1.0930232558139534,1859.0,-31.5439453125,3.826291,5.126874
95,1.1046511627906976,1863.0,-27.5439453125,6.050216,7.290563
96,1.1162790697674418,1856.0,-34.5439453125,7.521383,8.740654
97,1.127906976744186,1860.0,-30.5439453125,7.912376,8.987586
98,1.1395348837209303,1846.0,-44.5439453125,7.061155,7.776973
99,1.1511627906976745,1854.0,-36.5439453125,5.091656,5.210417
100,1.1627906976744187,1839.0,-51.5439453125,2.348744,1.799156
101,1.1744186046511629,1844.0,-46.5439453125,-0.629118,-1.749751
102,1.186046511627907,1822.0,-68.5439453125,-3.318889,-4.72299
103,1.197674418604651,1829.0,-61.5439453125,-5.285483,-6.698328
104,1.2093023255813953,1808.0,-82.5439453125,-6.352445,-7.600787
105,1.2209302325581395,1821.0,-69.5439453125,-6.524364,-7.658413
106,1.2325581395348837,1805.0,-85.5439453125,-6.009117,-7.214612
107,1.244186046511628,1808.0,-82.5439453125,-5.037832,-6.501874
108,1.255813953488372,1810.0,-80.5439453125,-3.829085,-5.578261
109,1.2674418604651163,1808.0,-82.5439453125,-2.53598,-4.334378
110,1.2790697674418603,1840.0,-50.5439453125,-1.22376,-2.676702
111,1.2906976744186047,1828.0,-62.5439453125,0.022218,-0.629063
112,1.3023255813953487,1887.0,-3.5439453125,1.211227,1.569817
113,1.3139534883720931,1863.0,-27.5439453125,2.25452,3.570583
114,1.3255813953488371,1935.0,44.4560546875,3.209149,5.058379
115,1.3372093023255816,1912.0,21.4560546875,4.012443,5.872335
116,1.3488372093023255,1973.0,82.4560546875,4.720402,6.078607
117,1.36046511627907,1962.0,71.4560546875,5.227188,5.872671
118,1.372093023255814,1987.0,96.4560546875,5.426099,5.437054
119,1.383720930232558,1985.0,94.4560546875,5.102821,4.819327
120,1.3953488372093024,1968.0,77.4560546875,4.0641,3.914844
121,1.4069767441860463,1982.0,91.4560546875,2.269799,2.577094
122,1.4186046511627908,1915.0,24.4560546875,-0.181039,0.754275
123,1.4302325581395348,1943.0,52.4560546875,-2.823234,-1.345871
124,1.4418604651162792,1835.0,-55.5439453125,-5.193365,-3.305147
125,1.4534883720930232,1872.0,-18.5439453125,-6.636877,-4.601883
126,1.4651162790697676,1750.0,-140.5439453125,-6.920198,-4.866914
127,1.4767441860465116,1794.0,-96.5439453125,-5.923252,-4.055106
128,1.4883720930232558,1680.0,-210.5439453125,-4.115418,-2.508409
129,1.5,1712.0,-178.5439453125,-1.981165,-0.820859
130,1.5116279069767442,1633.0,-257.5439453125,-0.197304,0.390091
131,1.5232558139534884,1651.0,-239.5439453125,0.8831,0.725015
132,1.5348837209302326,1648.0,-242.5439453125,1.190453,0.188958
133,1.5465116279069768,1631.0,-259.5439453125,0.984496,-0.902537
134,1.5581395348837208,1707.0,-183.5439453125,0.78111,-2.048975
135,1.5697674418604652,1671.0,-219.5439453125,0.934013,-2.814328
136,1.5813953488372092,1802.0,-88.5439453125,1.78805,-2.970615
137,1.5930232558139534,1744.0,-146.5439453125,3.164312,-2.518404
138,1.6046511627906976,1921.0,30.4560546875,4.913771,-1.649802
139,1.6162790697674418,1867.0,-23.5439453125,6.436696,-0.57971
140,1.627906976744186,2028.0,137.4560546875,7.464554,0.515827
141,1.6395348837209303,1975.0,84.4560546875,7.560545,1.566243
142,1.6511627906976745,2096.0,205.4560546875,6.763433,2.559562
143,1.6627906976744187,2065.0,174.4560546875,5.074502,3.482493
144,1.6744186046511627,2095.0,204.4560546875,2.738588,4.252283
145,1.686046511627907,2102.0,211.4560546875,-0.008487,4.750725
146,1.697674418604651,2015.0,124.4560546875,-2.998177,4.857533
147,1.7093023255813955,2066.0,175.4560546875,-5.944995,4.527208
148,1.7209302325581395,1888.0,-2.5439453125,-8.84413,3.797244
149,1.7325581395348837,1962.0,71.4560546875,-11.365989,2.763553
150,1.744186046511628,1721.0,-169.5439453125,-13.551441,1.520205
151,1.755813953488372,1806.0,-84.5439453125,-14.948138,0.138201
152,1.7674418604651163,1578.0,-312.5439453125,-15.523483,-1.355789
153,1.7790697674418603,1648.0,-242.5439453125,-14.811924,-2.935884
154,1.7906976744186047,1488.0,-402.5439453125,-12.777652,-4.517976
155,1.8023255813953487,1520.0,-370.5439453125,-9.207425,-5.918791
156,1.8139534883720931,1488.0,-402.5439453125,-4.261759,-6.891373
157,1.8255813953488371,1476.0,-414.5439453125,1.761366,-7.184559
158,1.8372093023255816,1600.0,-290.5439453125,8.471403,-6.653327
159,1.8488372093023255,1534.0,-356.5439453125,15.131824,-5.32502
160,1.86046511627907,1783.0,-107.5439453125,21.353497,-3.381168
161,1.872093023255814,1681.0,-209.5439453125,26.351835,-1.091433
162,1.8837209302325582,1987.0,96.4560546875,29.971201,1.28089
163,1.8953488372093024,1887.0,-3.5439453125,31.604542,3.562311
164,1.9069767441860463,2161.0,270.4560546875,31.230495,5.635155
165,1.9186046511627908,2089.0,198.4560546875,28.381798,7.420372
166,1.9302325581395348,2236.0,345.4560546875,23.02268,8.763098
167,1.9418604651162792,2211.0,320.4560546875,15.001342,9.42296
168,1.9534883720930232,2191.0,300.4560546875,4.534333,9.105659
169,1.9651162790697676,2228.0,337.4560546875,-7.785682,7.547456
170,1.9767441860465114,2023.0,132.4560546875,-21.190393,4.70101
171,1.9883720930232558,2123.0,232.4560546875,-34.222477,0.81049
172,2.0,1787.0,-103.5439453125,-45.794342,-3.562004
173,2.011627906976744,1920.0,29.4560546875,-54.215828,-7.638535
174,2.0232558139534884,1534.0,-356.5439453125,-58.75214,-10.660549
175,2.0348837209302326,1652.0,-238.5439453125,-58.313538,-12.024853
176,2.046511627906977,1361.0,-529.5439453125,-52.930019,-11.493961
177,2.058139534883721,1433.0,-457.5439453125,-42.563305,-9.217587
178,2.0697674418604652,1326.0,-564.5439453125,-28.004421,-5.674952
179,2.0813953488372094,1310.0,-580.5439453125,-10.267159,-1.554996
180,2.0930232558139537,1439.0,-451.5439453125,9.36267,2.468758
181,2.1046511627906974,1363.0,-527.5439453125,29.149353,5.8225
182,2.1162790697674416,1678.0,-212.5439453125,47.731628,8.1087
183,2.1279069767441863,1552.0,-338.5439453125,63.270115,9.164413
184,2.1395348837209305,1968.0,77.4560546875,74.897682,9.001892
185,2.1511627906976742,1836.0,-54.5439453125,81.325287,7.781403
186,2.1627906976744184,2196.0,305.4560546875,82.393555,5.751816
187,2.174418604651163,2097.0,206.4560546875,77.608131,3.257011
188,2.186046511627907,2321.0,430.4560546875,67.348358,0.666718
189,2.197674418604651,2283.0,392.4560546875,51.83112,-1.694569
190,2.2093023255813953,2265.0,374.4560546875,31.770851,-3.518257
191,2.22093023255814,2320.0,429.4560546875,8.240891,-4.658133
192,2.2325581395348837,2073.0,182.4560546875,-17.593557,-5.074345
193,2.244186046511628,2192.0,301.4560546875,-43.770103,-4.907497
194,2.255813953488372,1783.0,-107.5439453125,-68.726074,-4.306358
195,2.267441860465116,1936.0,45.4560546875,-90.083549,-3.491615
196,2.2790697674418605,1488.0,-402.5439453125,-106.405121,-2.561813
197,2.2906976744186047,1631.0,-259.5439453125,-115.739105,-1.566605
198,2.302325581395349,1314.0,-576.5439453125,-117.321983,-0.491417
199,2.3139534883720927,1387.0,-503.5439453125,-110.297646,0.660263
200,2.3255813953488373,1299.0,-591.5439453125,-94.768105,1.780182
201,2.3372093023255816,1280.0,-610.5439453125,-71.25338,2.702263
202,2.3488372093023258,1472.0,-418.5439453125,-40.802589,3.157757
203,2.3604651162790695,1367.0,-523.5439453125,-5.435499,2.961312
204,2.372093023255814,1774.0,-116.5439453125,32.842144,2.045813
205,2.3837209302325584,1615.0,-275.5439453125,70.845848,0.595901
206,2.395348837209302,2096.0,205.4560546875,106.079643,-1.004509
207,2.4069767441860463,1935.0,44.4560546875,135.206299,-2.275345
208,2.4186046511627906,2320.0,429.4560546875,156.074783,-2.804214
209,2.430232558139535,2228.0,337.4560546875,166.341354,-2.389267
210,2.441860465116279,2389.0,498.4560546875,164.840652,-1.132507
211,2.453488372093023,2377.0,486.4560546875,150.84433,0.616455
212,2.4651162790697674,2260.0,369.4560546875,124.480125,2.404037
213,2.4767441860465116,2352.0,461.4560546875,86.980499,3.819962
214,2.488372093023256,1998.0,107.4560546875,40.046043,4.612656
215,2.5,2150.0,259.4560546875,-12.993277,4.745207
216,2.511627906976744,1672.0,-218.5439453125,-68.775452,4.310349
217,2.5232558139534884,1837.0,-53.5439453125,-122.417183,3.474442
218,2.5348837209302326,1402.0,-488.5439453125,-169.696625,2.329575
219,2.546511627906977,1521.0,-369.5439453125,-205.792542,0.931534
220,2.5581395348837206,1280.0,-610.5439453125,-227.23465,-0.714111
221,2.5697674418604652,1321.0,-569.5439453125,-231.180115,-2.508041
222,2.5813953488372094,1335.0,-555.5439453125,-216.400284,-4.28302
223,2.5930232558139537,1285.0,-605.5439453125,-183.223312,-5.719208
224,2.6046511627906974,1535.0,-355.5439453125,-133.322311,-6.530357
225,2.6162790697674416,1424.0,-466.5439453125,-70.340111,-6.517838
226,2.6279069767441863,1823.0,-67.5439453125,1.370826,-5.724153
227,2.6395348837209305,1680.0,-210.5439453125,75.769028,-4.435608
228,2.6511627906976742,2081.0,190.4560546875,147.08017,-3.035538
229,2.6627906976744184,1957.0,66.4560546875,208.896912,-1.912506
230,2.674418604651163,2234.0,343.4560546875,256.118774,-1.163574
231,2.686046511627907,2175.0,284.4560546875,284.307831,-0.680847
232,2.697674418604651,2243.0,352.4560546875,290.792633,-0.067383
233,2.7093023255813953,2253.0,362.4560546875,274.412079,1.05368
234,2.72093023255814,2132.0,241.4560546875,235.516876,2.920609
235,2.7325581395348837,2199.0,308.4560546875,176.28067,5.383545
236,2.744186046511628,1950.0,59.4560546875,100.008957,7.955978
237,2.755813953488372,2045.0,154.4560546875,11.99965,9.916506
238,2.767441860465116,1775.0,-115.5439453125,-81.512299,10.622162
239,2.7790697674418605,1859.0,-31.5439453125,-172.624207,9.745773
240,2.7906976744186047,1663.0,-227.5439453125,-253.19696,7.440674
241,2.802325581395349,1707.0,-183.5439453125,-315.02536,4.283966
242,2.8139534883720927,1644.0,-246.5439453125,-351.317871,1.080566
243,2.8255813953488373,1635.0,-255.5439453125,-357.588074,-1.509277
244,2.8372093023255816,1696.0,-194.5439453125,-332.232513,-3.12561
245,2.8488372093023253,1663.0,-227.5439453125,-277.176849,-3.918732
246,2.8604651162790695,1795.0,-95.5439453125,-197.067657,-4.395187
247,2.872093023255814,1744.0,-146.5439453125,-99.187828,-5.165047
248,2.8837209302325584,1885.0,-5.5439453125,8.097619,-6.66733
249,2.895348837209302,1845.0,-45.5439453125,115.669708,-8.904404
250,2.9069767441860463,1947.0,56.4560546875,214.876144,-11.475784
251,2.918604651162791,1919.0,28.4560546875,297.764404,-13.559235
252,2.930232558139535,1935.0,44.4560546875,357.591827,-14.37149
253,2.941860465116279,1942.0,51.4560546875,389.295349,-13.170898
254,2.953488372093023,1904.0,13.4560546875,389.49826,-9.753723
255,2.9651162790697674,1919.0,28.4560546875,357.390442,-4.303131
256,2.9767441860465116,1879.0,-11.5439453125,294.431152,2.470886
257,2.988372093023256,1891.0,0.4560546875,205.077301,9.603653
258,3.0,1870.0,-20.5439453125,96.039993,15.988724
259,3.011627906976744,1876.0,-14.5439453125,-23.676245,20.616129
260,3.0232558139534884,1872.0,-18.5439453125,-143.895859,22.755585
261,3.0348837209302326,1867.0,-23.5439453125,-253.911804,22.045532
262,3.046511627906977,1865.0,-25.5439453125,-343.563293,18.703552
263,3.0581395348837206,1872.0,-18.5439453125,-404.298401,13.300079
264,3.0697674418604652,1839.0,-51.5439453125,-429.887512,6.809814
265,3.0813953488372094,1851.0,-39.5439453125,-417.403534,0.228119
266,3.0930232558139537,1791.0,-99.5439453125,-367.360779,-5.55957
267,3.1046511627906974,1819.0,-71.5439453125,-284.147919,-10.058136
268,3.1162790697674416,1739.0,-151.5439453125,-175.274414,-13.167648
269,3.1279069767441863,1767.0,-123.5439453125,-50.930325,-15.065632
270,3.1395348837209305,1708.0,-182.5439453125,77.449554,-16.072899
271,3.1511627906976742,1718.0,-172.5439453125,198.09613,-16.366425
272,3.1627906976744184,1715.0,-175.5439453125,300.405334,-15.90097
273,3.174418604651163,1707.0,-183.5439453125,375.557739,-14.429993
274,3.186046511627907,1767.0,-123.5439453125,417.404144,-11.692932
275,3.197674418604651,1737.0,-153.5439453125,422.656158,-7.628448
276,3.2093023255813953,1840.0,-50.5439453125,391.083557,-2.534485
277,3.22093023255814,1796.0,-94.5439453125,325.58667,2.941223
278,3.2325581395348837,1936.0,45.4560546875,231.871887,8.005585
279,3.244186046511628,1893.0,2.4560546875,118.356934,11.885338
280,3.255813953488372,2000.0,109.4560546875,-4.796157,14.152478
281,3.2674418604651163,1968.0,77.4560546875,-126.104851,14.744713
282,3.2790697674418605,2021.0,130.4560546875,-234.409119,13.995377
283,3.2906976744186047,2017.0,126.4560546875,-319.536804,12.336182
284,3.302325581395349,2007.0,116.4560546875,-373.938385,10.1763
285,3.3139534883720927,2023.0,132.4560546875,-393.03302,7.699829
286,3.3255813953488373,1962.0,71.4560546875,-375.936401,4.953796
287,3.3372093023255816,1987.0,96.4560546875,-325.263214,1.92923
288,3.3488372093023253,1891.0,0.4560546875,-246.654663,-1.219269
289,3.3604651162790695,1927.0,36.4560546875,-148.364563,-4.162796
290,3.372093023255814,1823.0,-67.5439453125,-39.942188,-6.425961
291,3.3837209302325584,1854.0,-36.5439453125,68.07486,-7.586922
292,3.395348837209302,1769.0,-121.5439453125,165.865891,-7.51709
293,3.4069767441860463,1793.0,-97.5439453125,244.460083,-6.431686
294,3.418604651162791,1739.0,-151.5439453125,297.336945,-4.940308
295,3.430232558139535,1748.0,-142.5439453125,320.396027,-3.695831
296,3.441860465116279,1743.0,-147.5439453125,312.84198,-3.231201
297,3.453488372093023,1735.0,-155.5439453125,276.873444,-3.63858
298,3.4651162790697674,1769.0,-121.5439453125,217.440613,-4.606918
299,3.4767441860465116,1753.0,-137.5439453125,141.733658,-5.54921
300,3.488372093023256,1817.0,-73.5439453125,57.838043,-5.96236
301,3.5,1789.0,-101.5439453125,-25.521349,-5.64551
302,3.511627906976744,1853.0,-37.5439453125,-100.796494,-4.78553
303,3.5232558139534884,1835.0,-55.5439453125,-161.232697,-3.761169
304,3.5348837209302326,1893.0,2.4560546875,-202.538177,-2.877625
305,3.546511627906977,1872.0,-18.5439453125,-221.96608,-2.029968
306,3.5581395348837206,1922.0,31.4560546875,-219.336777,-0.61351
307,3.5697674418604652,1904.0,13.4560546875,-196.22493,2.192459
308,3.5813953488372094,1933.0,42.4560546875,-156.156006,7.025146
309,3.5930232558139537,1925.0,34.4560546875,-104.304832,13.697136
310,3.6046511627906974,1910.0,19.4560546875,-46.670624,21.080551
311,3.616279069767442,1923.0,32.4560546875,9.858265,27.196304
312,3.6279069767441863,1859.0,-31.5439453125,59.204193,29.837982
313,3.63953488372093,1885.0,-5.5439453125,95.843651,27.368393
314,3.6511627906976742,1779.0,-111.5439453125,116.780838,19.384064
315,3.6627906976744184,1820.0,-70.5439453125,120.888695,7.027718
316,3.674418604651163,1713.0,-177.5439453125,109.997879,-7.433807
317,3.686046511627907,1744.0,-146.5439453125,87.695648,-21.174812
318,3.697674418604651,1675.0,-215.5439453125,59.127918,-31.730694
319,3.7093023255813953,1686.0,-204.5439453125,29.6824,-37.605396
320,3.72093023255814,1686.0,-204.5439453125,3.964021,-38.461765
321,3.7325581395348837,1675.0,-215.5439453125,-14.553424,-34.935646
322,3.744186046511628,1757.0,-133.5439453125,-24.560495,-28.088783
323,3.755813953488372,1713.0,-177.5439453125,-25.976324,-19.09664
324,3.7674418604651163,1866.0,-24.5439453125,-20.63895,-8.822184
325,3.7790697674418605,1810.0,-80.5439453125,-10.710677,1.936694
326,3.7906976744186047,1983.0,92.4560546875,0.769916,12.478312
327,3.802325581395349,1927.0,36.4560546875,11.298119,21.863422
328,3.8139534883720927,2069.0,178.4560546875,18.529411,29.127413
329,3.8255813953488373,2032.0,141.4560546875,20.927288,33.327347
330,3.8372093023255816,2085.0,194.4560546875,17.824276,33.934196
331,3.8488372093023253,2085.0,194.4560546875,9.235339,30.984253
332,3.8604651162790695,2028.0,137.4560546875,-3.59707,25.071228
333,3.872093023255814,2064.0,173.4560546875,-19.185289,17.21335
334,3.8837209302325584,1923.0,32.4560546875,-34.987625,8.448494
335,3.895348837209302,1979.0,88.4560546875,-48.915215,-0.25296
336,3.9069767441860463,1799.0,-91.5439453125,-58.496651,-8.261597
337,3.9186046511627906,1857.0,-33.5439453125,-62.327026,-15.032299
338,3.930232558139535,1710.0,-180.5439453125,-59.401081,-20.234356
339,3.941860465116279,1745.0,-145.5439453125,-49.874657,-23.462664
340,3.9534883720930227,1677.0,-213.5439453125,-34.701519,-24.53359
341,3.9651162790697674,1684.0,-206.5439453125,-15.471772,-23.423206
342,3.9767441860465116,1715.0,-175.5439453125,5.506594,-20.513664
343,3.9883720930232562,1686.0,-204.5439453125,26.21377,-16.43133
344,4.0,1811.0,-79.5439453125,44.28706,-11.903057
345,4.011627906976744,1761.0,-129.5439453125,58.383331,-7.500595
346,4.023255813953488,1930.0,39.4560546875,67.128151,-3.368813
347,4.034883720930233,1872.0,-18.5439453125,70.355545,0.650505
348,4.046511627906977,2026.0,135.4560546875,67.980255,5.031349
349,4.058139534883721,1978.0,87.4560546875,60.731384,9.945568
350,4.069767441860465,2073.0,182.4560546875,49.443512,15.314491
351,4.081395348837209,2059.0,168.4560546875,35.147854,20.37336
352,4.093023255813954,2032.0,141.4560546875,19.030725,24.135925
353,4.104651162790698,2063.0,172.4560546875,2.042889,25.558876
354,4.116279069767442,1968.0,77.4560546875,-14.575822,24.027657
355,4.127906976744186,2018.0,127.4560546875,-30.0856,19.567213
356,4.1395348837209305,1891.0,0.4560546875,-43.30257,12.839817
357,4.151162790697675,1929.0,38.4560546875,-53.676273,4.965645
358,4.162790697674419,1820.0,-70.5439453125,-60.278309,-2.896645
359,4.174418604651162,1846.0,-44.5439453125,-62.878773,-9.745613
360,4.186046511627907,1791.0,-99.5439453125,-61.217548,-15.100006
361,4.1976744186046515,1797.0,-93.5439453125,-55.655861,-18.745693
362,4.209302325581395,1808.0,-82.5439453125,-46.859993,-20.908577
363,4.22093023255814,1798.0,-92.5439453125,-35.738289,-21.776798
364,4.232558139534883,1847.0,-43.5439453125,-23.450884,-21.649599
365,4.2441860465116275,1829.0,-61.5439453125,-10.719504,-20.575098
366,4.2558139534883725,1906.0,15.4560546875,1.738047,-18.572666
367,4.267441860465116,1879.0,-11.5439453125,13.993031,-15.521288
368,4.279069767441861,1951.0,60.4560546875,26.060228,-11.253904
369,4.290697674418605,1933.0,42.4560546875,38.308731,-5.724281
370,4.3023255813953485,1970.0,79.4560546875,50.55257,1.112019
371,4.313953488372094,1966.0,75.4560546875,62.230801,8.871784
372,4.325581395348837,1974.0,83.4560546875,72.089058,17.136047
373,4.337209302325581,1977.0,86.4560546875,78.394035,24.892754
374,4.348837209302326,1965.0,74.4560546875,79.440361,31.264
375,4.3604651162790695,1968.0,77.4560546875,73.721901,35.085159
376,4.372093023255814,1946.0,55.4560546875,60.70319,35.696938
377,4.383720930232558,1955.0,64.4560546875,40.582893,32.65715
378,4.395348837209302,1930.0,39.4560546875,14.740985,26.148962
379,4.406976744186047,1939.0,48.4560546875,-14.836336,16.789646
380,4.4186046511627906,1917.0,26.4560546875,-45.500725,5.423695
381,4.430232558139535,1922.0,31.4560546875,-74.452789,-6.762024
382,4.44186046511628,1894.0,3.4560546875,-98.915535,-18.923256
383,4.453488372093023,1905.0,14.4560546875,-116.25956,-29.885635
384,4.465116279069767,1863.0,-27.5439453125,-124.419563,-38.999786
385,4.476744186046512,1878.0,-12.5439453125,-121.821175,-45.181587
386,4.488372093023256,1827.0,-63.5439453125,-107.928802,-47.907372
387,4.5,1844.0,-46.5439453125,-83.127136,-46.376492
388,4.511627906976744,1807.0,-83.5439453125,-49.114998,-40.507153
389,4.523255813953488,1814.0,-76.5439453125,-8.639724,-30.432964
390,4.534883720930232,1808.0,-82.5439453125,34.574814,-16.998222
391,4.546511627906977,1808.0,-82.5439453125,76.262733,-1.564209
392,4.558139534883721,1843.0,-47.5439453125,112.108612,14.357224
393,4.569767441860465,1821.0,-69.5439453125,138.229156,28.956009
394,4.5813953488372094,1885.0,-5.5439453125,151.725464,41.099449
395,4.593023255813954,1858.0,-32.5439453125,150.969177,49.626717
396,4.604651162790698,1931.0,40.4560546875,135.865967,54.39785
397,4.616279069767442,1905.0,14.4560546875,107.834839,55.134693
398,4.627906976744185,1966.0,75.4560546875,69.596619,52.258472
399,4.6395348837209305,1951.0,60.4560546875,24.871613,45.814621
400,4.651162790697675,1979.0,88.4560546875,-22.099024,36.159828
401,4.662790697674418,1972.0,81.4560546875,-66.968193,23.481499
402,4.674418604651163,1968.0,77.4560546875,-105.650322,8.2388
403,4.686046511627906,1975.0,84.4560546875,-134.70369,-8.712135
404,4.6976744186046515,1942.0,51.4560546875,-151.444458,-26.305786
405,4.709302325581396,1953.0,62.4560546875,-154.322006,-42.82402
406,4.720930232558139,1895.0,4.4560546875,-142.86998,-56.84893
407,4.732558139534884,1920.0,29.4560546875,-118.085693,-66.632996
408,4.744186046511628,1871.0,-19.5439453125,-82.189941,-71.357254
409,4.755813953488372,1875.0,-15.5439453125,-38.796894,-70.28801
410,4.767441860465117,1856.0,-34.5439453125,7.712365,-63.732841
411,4.77906976744186,1859.0,-31.5439453125,52.438465,-52.17062
412,4.790697674418604,1857.0,-33.5439453125,90.805786,-36.629318
413,4.802325581395349,1861.0,-29.5439453125,119.067177,-18.208382
414,4.813953488372093,1875.0,-15.5439453125,134.760345,1.991486
415,4.825581395348837,1869.0,-21.5439453125,136.990189,22.599945
416,4.837209302325581,1904.0,13.4560546875,126.25576,42.574829
417,4.848837209302325,1891.0,0.4560546875,104.377365,60.270477
418,4.86046511627907,1920.0,29.4560546875,73.97802,74.614822
419,4.872093023255814,1911.0,20.4560546875,38.414185,84.040283
420,4.883720930232558,1934.0,43.4560546875,1.200105,87.838097
421,4.895348837209303,1929.0,38.4560546875,-33.989197,85.246765
422,4.906976744186046,1933.0,42.4560546875,-63.881817,76.415894
423,4.9186046511627906,1936.0,45.4560546875,-85.682152,61.80584
424,4.930232558139535,1927.0,36.4560546875,-97.635422,42.33078
425,4.941860465116279,1931.0,40.4560546875,-99.104942,19.319473
426,4.953488372093023,1919.0,28.4560546875,-90.761688,-6.06546
427,4.965116279069767,1921.0,30.4560546875,-74.439453,-32.151318
428,4.976744186046512,1904.0,13.4560546875,-52.74165,-57.739594
429,4.988372093023256,1914.0,23.4560546875,-28.678732,-80.884613
430,5.0,1891.0,0.4560546875,-5.053975,-100.168144
431,5.011627906976744,1901.0,10.4560546875,15.739561,-113.483673
432,5.023255813953488,1887.0,-3.5439453125,32.086544,-119.406128
433,5.034883720930233,1894.0,3.4560546875,43.026203,-116.486176
434,5.046511627906977,1897.0,6.4560546875,48.356136,-104.183563
435,5.058139534883721,1887.0,-3.5439453125,48.326141,-82.814499
436,5.069767441860465,1903.0,12.4560546875,43.786545,-53.43174
437,5.081395348837209,1894.0,3.4560546875,35.867653,-18.293987
438,5.093023255813954,1913.0,22.4560546875,26.099377,20.296957
439,5.104651162790698,1904.0,13.4560546875,16.098804,59.114609
440,5.116279069767441,1925.0,34.4560546875,7.415123,95.603203
441,5.127906976744186,1921.0,30.4560546875,1.273899,126.68026
442,5.1395348837209305,1936.0,45.4560546875,-1.799257,150.119156
443,5.151162790697675,1933.0,42.4560546875,-1.897911,163.491272
444,5.162790697674419,1945.0,54.4560546875,-0.007,165.091431
445,5.174418604651162,1942.0,51.4560546875,2.586093,153.630203
446,5.186046511627907,1959.0,68.4560546875,4.283554,128.664444
447,5.1976744186046515,1953.0,62.4560546875,3.8918,91.125198
448,5.209302325581395,1968.0,77.4560546875,0.71201,43.017132
449,5.22093023255814,1962.0,71.4560546875,-5.168932,-11.806877
450,5.232558139534883,1981.0,90.4560546875,-12.915916,-68.849243
451,5.2441860465116275,1974.0,83.4560546875,-21.304012,-122.508835
452,5.2558139534883725,1977.0,86.4560546875,-28.737337,-167.742752
453,5.267441860465116,1982.0,91.4560546875,-33.995022,-199.878296
454,5.279069767441861,1967.0,76.4560546875,-35.970139,-215.835831
455,5.290697674418605,1974.0,83.4560546875,-34.357651,-213.937317
456,5.3023255813953485,1947.0,56.4560546875,-29.091976,-194.157959
457,5.313953488372094,1959.0,68.4560546875,-20.797449,-158.042297
458,5.325581395348837,1930.0,39.4560546875,-10.193735,-108.165108
459,5.337209302325581,1936.0,45.4560546875,1.690603,-48.430882
460,5.348837209302326,1919.0,28.4560546875,13.814681,16.856894
461,5.3604651162790695,1923.0,32.4560546875,25.173559,82.456749
462,5.372093023255814,1932.0,41.4560546875,34.689701,143.288544
463,5.383720930232558,1919.0,28.4560546875,41.562187,194.077759
464,5.395348837209302,1941.0,50.4560546875,44.9333,230.470261
465,5.406976744186046,1934.0,43.4560546875,44.464409,248.956024
466,5.4186046511627906,1983.0,92.4560546875,39.882118,247.536652
467,5.430232558139535,1962.0,71.4560546875,31.55266,225.802826
468,5.44186046511628,2000.0,109.4560546875,20.101236,184.953979
469,5.453488372093023,1987.0,96.4560546875,6.675876,127.932671
470,5.465116279069767,2015.0,124.4560546875,-7.347828,58.854984
471,5.476744186046512,2017.0,126.4560546875,-20.496494,-16.774067
472,5.488372093023256,1997.0,106.4560546875,-31.324568,-92.990227
473,5.5,2012.0,121.4560546875,-38.79591,-163.221313
474,5.511627906976744,1967.0,76.4560546875,-42.158279,-221.428116
475,5.523255813953488,1989.0,98.4560546875,-41.384991,-262.185364
476,5.534883720930232,1927.0,36.4560546875,-36.761059,-281.656647
477,5.546511627906977,1943.0,52.4560546875,-29.191267,-277.777771
478,5.558139534883721,1904.0,13.4560546875,-19.644922,-250.546982
479,5.569767441860465,1914.0,23.4560546875,-9.340894,-202.101242
480,5.5813953488372094,1898.0,7.4560546875,0.713858,-136.197464
481,5.593023255813954,1902.0,11.4560546875,9.684588,-58.195316
482,5.604651162790698,1920.0,29.4560546875,16.936279,25.782326
483,5.616279069767442,1906.0,15.4560546875,22.192541,108.851639
484,5.627906976744185,1946.0,55.4560546875,25.262274,184.279236
485,5.6395348837209305,1936.0,45.4560546875,26.273762,245.479568
486,5.651162790697675,1968.0,77.4560546875,25.293617,286.934143
487,5.662790697674418,1959.0,68.4560546875,22.639275,304.435028
488,5.674418604651163,1984.0,93.4560546875,18.561024,295.826263
489,5.686046511627907,1981.0,90.4560546875,13.494955,261.317627
490,5.697674418604651,1985.0,94.4560546875,7.871321,203.564072
491,5.709302325581396,1987.0,96.4560546875,2.191026,127.667084
492,5.720930232558139,1978.0,87.4560546875,-3.045141,40.366966
493,5.732558139534884,1965.0,74.4560546875,-7.468419,-50.315948
494,5.744186046511628,1940.0,49.4560546875,-10.763459,-136.387192
495,5.755813953488372,1948.0,57.4560546875,-12.871149,-210.171036
496,5.767441860465117,1909.0,18.4560546875,-13.809677,-265.50824
497,5.77906976744186,1915.0,24.4560546875,-13.789033,-297.711975
498,5.790697674418604,1899.0,8.4560546875,-12.977058,-304.262482
499,5.802325581395349,1898.0,7.4560546875,-11.600234,-284.690735
500,5.813953488372093,1906.0,15.4560546875,-9.778428,-240.693268
501,5.825581395348837,1904.0,13.4560546875,-7.652802,-176.14064
502,5.837209302325582,1907.0,16.4560546875,-5.354501,-96.603058
503,5.848837209302325,1905.0,14.4560546875,-3.06428,-9.334379
504,5.86046511627907,1920.0,29.4560546875,-1.021917,77.842934
505,5.872093023255814,1905.0,14.4560546875,0.528239,156.683777
506,5.883720930232558,1941.0,50.4560546875,1.451383,220.089157
507,5.895348837209303,1934.0,43.4560546875,1.776657,262.176483
508,5.906976744186046,1949.0,58.4560546875,1.760803,279.672668
509,5.9186046511627906,1942.0,51.4560546875,1.862499,271.69516
510,5.930232558139535,1959.0,68.4560546875,2.585606,240.074783
511,5.941860465116279,1955.0,64.4560546875,4.313801,188.926865
512,5.953488372093023,1968.0,77.4560546875,7.108616,123.83754
513,5.965116279069767,1965.0,74.4560546875,10.690658,51.54388
514,5.976744186046512,1971.0,80.4560546875,14.371038,-21.49534
515,5.988372093023256,1968.0,77.4560546875,17.332844,-88.878357
516,6.0,1969.0,78.4560546875,18.680307,-145.692001
517,6.011627906976744,1968.0,77.4560546875,17.814449,-187.79277
518,6.023255813953488,1966.0,75.4560546875,14.426642,-212.884857
519,6.034883720930233,1968.0,77.4560546875,8.662872,-219.766937
520,6.046511627906977,1954.0,63.4560546875,1.020326,-208.900421
521,6.058139534883721,1967.0,76.4560546875,-7.708158,-182.002716
522,6.069767441860465,1938.0,47.4560546875,-16.539663,-141.944183
523,6.081395348837209,1948.0,57.4560546875,-24.477224,-92.749748
524,6.093023255813954,1923.0,32.4560546875,-30.49699,-38.740303
525,6.104651162790698,1935.0,44.4560546875,-33.807602,15.152512
526,6.116279069767441,1915.0,24.4560546875,-33.769203,64.769035
527,6.127906976744186,1917.0,26.4560546875,-30.162247,106.130325
528,6.1395348837209305,1916.0,25.4560546875,-23.052149,136.803009
529,6.151162790697675,1911.0,20.4560546875,-12.982815,155.097549
530,6.162790697674419,1935.0,44.4560546875,-0.780532,160.893036
531,6.174418604651162,1921.0,30.4560546875,12.367179,154.850479
532,6.186046511627907,1953.0,62.4560546875,25.132706,138.544434
533,6.1976744186046515,1941.0,50.4560546875,36.072495,114.039513
534,6.209302325581395,1975.0,84.4560546875,43.778328,83.413452
535,6.22093023255814,1963.0,72.4560546875,47.043911,49.013924
536,6.232558139534883,1990.0,99.4560546875,45.001968,12.679127
537,6.2441860465116275,1983.0,92.4560546875,37.45715,-23.310867
538,6.2558139534883725,1993.0,102.4560546875,24.958681,-57.146301
539,6.267441860465116,1991.0,100.4560546875,8.943739,-86.444168
540,6.279069767441861,1977.0,86.4560546875,-8.468896,-109.260567
541,6.290697674418605,1984.0,93.4560546875,-24.769775,-123.547737
542,6.3023255813953485,1953.0,62.4560546875,-37.661045,-128.165802
543,6.313953488372094,1971.0,80.4560546875,-45.457275,-122.836014
544,6.325581395348837,1926.0,35.4560546875,-47.53339,-108.419426
545,6.337209302325581,1937.0,46.4560546875,-44.259464,-86.948608
546,6.348837209302326,1904.0,13.4560546875,-36.780552,-60.694077
547,6.3604651162790695,1917.0,26.4560546875,-26.558346,-32.346256
548,6.372093023255814,1902.0,11.4560546875,-14.929024,-3.614485
549,6.383720930232558,1903.0,12.4560546875,-2.879327,23.934454
550,6.395348837209302,1904.0,13.4560546875,8.972289,49.72517
551,6.406976744186046,1895.0,4.4560546875,20.069569,72.777939
552,6.4186046511627906,1921.0,30.4560546875,29.709358,92.078926
553,6.430232558139535,1910.0,19.4560546875,36.842812,105.866417
554,6.44186046511628,1953.0,62.4560546875,40.321609,112.214485
555,6.453488372093023,1939.0,48.4560546875,39.189018,109.65612
556,6.465116279069767,1979.0,88.4560546875,33.252048,97.610687
557,6.476744186046512,1968.0,77.4560546875,23.255293,77.314629
558,6.488372093023256,2009.0,118.4560546875,10.912479,50.971458
559,6.5,1991.0,100.4560546875,-1.588063,22.027807
560,6.511627906976744,2032.0,141.4560546875,-12.137488,-6.676523
561,6.523255813953488,2021.0,130.4560546875,-19.365326,-32.70578
562,6.534883720930233,2058.0,167.4560546875,-22.867653,-55.116653
563,6.546511627906977,2041.0,150.4560546875,-23.224352,-73.59037
564,6.558139534883721,2046.0,155.4560546875,-21.488937,-88.076996
565,6.569767441860465,2053.0,162.4560546875,-18.78723,-98.14476
566,6.5813953488372094,2025.0,134.4560546875,-15.867879,-102.487961
567,6.593023255813954,2037.0,146.4560546875,-12.963735,-99.688881
568,6.604651162790698,1980.0,89.4560546875,-9.98,-88.286079
569,6.616279069767442,2000.0,109.4560546875,-6.680442,-68.358894
570,6.627906976744185,1932.0,41.4560546875,-3.087465,-41.180099
571,6.6395348837209305,1953.0,62.4560546875,0.591587,-9.938831
572,6.651162790697675,1873.0,-17.5439453125,3.854743,21.636234
573,6.662790697674418,1906.0,15.4560546875,6.352426,49.684986
574,6.674418604651163,1854.0,-36.5439453125,7.836392,71.381905
575,6.686046511627907,1859.0,-31.5439453125,8.442079,85.294746
576,6.697674418604651,1859.0,-31.5439453125,8.531707,91.22847
577,6.709302325581396,1851.0,-39.5439453125,8.509645,90.084366
578,6.720930232558139,1904.0,13.4560546875,8.75691,82.907822
579,6.732558139534884,1886.0,-4.5439453125,9.322603,71.02478
580,6.744186046511628,1974.0,83.4560546875,10.203202,55.350426
581,6.755813953488372,1939.0,48.4560546875,11.053874,37.009972
582,6.767441860465117,2043.0,152.4560546875,11.643888,17.008867
583,6.77906976744186,2023.0,132.4560546875,11.547422,-3.334655
584,6.790697674418604,2093.0,202.4560546875,10.471786,-22.755943
585,6.802325581395349,2073.0,182.4560546875,8.088543,-40.034912
586,6.813953488372093,2092.0,201.4560546875,4.237925,-54.187988
587,6.825581395348837,2099.0,208.4560546875,-0.992523,-64.601913
588,6.837209302325582,2041.0,150.4560546875,-7.293225,-70.823578
589,6.848837209302325,2071.0,180.4560546875,-13.886806,-72.684151
590,6.86046511627907,1968.0,77.4560546875,-19.969755,-70.027267
591,6.872093023255814,2011.0,120.4560546875,-24.515898,-62.992393
592,6.883720930232558,1889.0,-1.5439453125,-26.910192,-51.896065
593,6.895348837209303,1925.0,34.4560546875,-26.717051,-37.51001
594,6.906976744186046,1803.0,-87.5439453125,-24.07794,-20.878311
595,6.9186046511627906,1840.0,-50.5439453125,-19.272436,-3.209772
596,6.930232558139535,1776.0,-114.5439453125,-12.827824,14.288601
597,6.941860465116279,1790.0,-100.5439453125,-5.261365,30.634602
598,6.953488372093023,1808.0,-82.5439453125,2.945932,44.999054
599,6.965116279069767,1784.0,-106.5439453125,11.189551,56.724552
600,6.976744186046512,1887.0,-3.5439453125,18.939516,65.170914
601,6.988372093023256,1840.0,-50.5439453125,25.367849,69.677437
602,7.0,1994.0,103.4560546875,29.846052,69.669762
603,7.011627906976744,1936.0,45.4560546875,31.689318,64.832458
604,7.023255813953488,2100.0,209.4560546875,30.778109,55.382172
605,7.034883720930233,2047.0,156.4560546875,27.221012,42.026627
606,7.046511627906977,2166.0,275.4560546875,21.662024,25.962946
607,7.058139534883721,2145.0,254.4560546875,14.803589,8.497959
608,7.069767441860465,2165.0,274.4560546875,7.373251,-9.155409
609,7.081395348837209,2174.0,283.4560546875,-0.074529,-26.057705
610,7.093023255813954,2102.0,211.4560546875,-7.276802,-41.549702
611,7.104651162790698,2141.0,250.4560546875,-13.947933,-54.986275
612,7.116279069767441,1986.0,95.4560546875,-19.96142,-65.675056
613,7.127906976744186,2039.0,148.4560546875,-24.863787,-72.637589
614,7.1395348837209305,1870.0,-20.5439453125,-28.365938,-74.957283
615,7.151162790697675,1931.0,40.4560546875,-29.994999,-71.879745
616,7.162790697674419,1773.0,-117.5439453125,-29.76915,-63.365959
617,7.174418604651162,1820.0,-70.5439453125,-27.762226,-49.991081
618,7.186046511627907,1727.0,-163.5439453125,-24.489483,-33.057484
619,7.1976744186046515,1733.0,-157.5439453125,-20.365355,-14.128131
620,7.209302325581395,1745.0,-145.5439453125,-15.691307,5.303514
621,7.22093023255814,1727.0,-163.5439453125,-10.472861,24.043076
622,7.232558139534884,1826.0,-64.5439453125,-4.332751,41.386829
623,7.2441860465116275,1785.0,-105.5439453125,3.019714,56.73225
624,7.2558139534883725,1937.0,46.4560546875,11.886906,69.572113
625,7.267441860465116,1882.0,-8.5439453125,21.909094,79.06012
626,7.27906976744186,2045.0,154.4560546875,32.427334,84.220062
627,7.290697674418605,1995.0,104.4560546875,42.079868,83.950256
628,7.3023255813953485,2111.0,220.4560546875,49.558437,77.549576
629,7.313953488372094,2084.0,193.4560546875,53.459915,64.859947
630,7.325581395348837,2112.0,221.4560546875,52.929901,46.508976
631,7.337209302325581,2117.0,226.4560546875,47.582203,23.859163
632,7.348837209302326,2065.0,174.4560546875,37.552597,-1.348618
633,7.3604651162790695,2095.0,204.4560546875,23.496288,-27.126747
634,7.372093023255814,1986.0,95.4560546875,6.251254,-51.676502
635,7.383720930232559,2029.0,138.4560546875,-12.989119,-73.348427
636,7.395348837209302,1903.0,12.4560546875,-33.015968,-90.710052
637,7.406976744186046,1938.0,47.4560546875,-52.234917,-102.505096
638,7.4186046511627906,1842.0,-48.5439453125,-69.018608,-107.591408
639,7.430232558139535,1866.0,-24.5439453125,-81.439049,-105.030289
640,7.44186046511628,1813.0,-77.5439453125,-87.701851,-94.240967
641,7.453488372093023,1823.0,-67.5439453125,-86.268547,-75.269051
642,7.465116279069767,1822.0,-68.5439453125,-76.330986,-48.996887
643,7.476744186046512,1808.0,-82.5439453125,-58.121136,-17.272247
644,7.488372093023256,1870.0,-20.5439453125,-32.968021,17.21994
645,7.5,1843.0,-47.5439453125,-3.385361,51.191048
646,7.511627906976744,1921.0,30.4560546875,27.575762,81.318245
647,7.523255813953488,1898.0,7.4560546875,56.583485,104.730743
648,7.534883720930233,1986.0,95.4560546875,80.863297,119.462624
649,7.546511627906977,1968.0,77.4560546875,98.285156,124.638367
650,7.558139534883721,2026.0,135.4560546875,107.712906,120.374268
651,7.569767441860464,2006.0,115.4560546875,108.710205,107.550255
652,7.5813953488372094,2035.0,144.4560546875,101.380562,87.365936
653,7.593023255813954,2032.0,141.4560546875,86.127464,61.176998
654,7.604651162790698,2019.0,128.4560546875,63.600845,30.374336
655,7.616279069767442,2019.0,128.4560546875,34.951443,-3.405914
656,7.627906976744185,1989.0,98.4560546875,1.912201,-38.126858
657,7.6395348837209305,2007.0,116.4560546875,-32.960583,-71.267441
658,7.651162790697675,1959.0,68.4560546875,-66.584946,-99.981964
659,7.662790697674418,1969.0,78.4560546875,-95.615501,-121.547897
660,7.674418604651163,1933.0,42.4560546875,-117.081474,-133.780197
661,7.686046511627907,1941.0,50.4560546875,-128.844299,-135.588211
662,7.697674418604651,1923.0,32.4560546875,-129.840729,-126.928413
663,7.709302325581396,1927.0,36.4560546875,-120.090805,-108.780724
664,7.720930232558139,1919.0,28.4560546875,-100.394028,-82.622025
665,7.732558139534884,1921.0,30.4560546875,-72.162788,-50.216049
666,7.744186046511628,1921.0,30.4560546875,-37.219734,-13.404131
667,7.755813953488372,1915.0,24.4560546875,2.063732,25.715794
668,7.767441860465117,1921.0,30.4560546875,42.717968,64.563812
669,7.77906976744186,1920.0,29.4560546875,81.136673,100.00013
670,7.790697674418604,1925.0,34.4560546875,113.370987,128.418488
671,7.802325581395349,1919.0,28.4560546875,135.771164,146.485916
672,7.813953488372093,1941.0,50.4560546875,145.652222,151.733856
673,7.825581395348837,1932.0,41.4560546875,141.961273,143.373886
674,7.837209302325581,1975.0,84.4560546875,125.421555,122.426018
675,7.848837209302326,1957.0,66.4560546875,98.284615,91.50235
676,7.86046511627907,2000.0,109.4560546875,63.741158,54.134293
677,7.872093023255814,1993.0,102.4560546875,25.158573,13.902986
678,7.883720930232558,2037.0,146.4560546875,-14.368157,-26.072636
679,7.895348837209302,2026.0,135.4560546875,-52.280052,-63.438068
680,7.9069767441860455,2038.0,147.4560546875,-86.264793,-96.235703
681,7.918604651162791,2042.0,151.4560546875,-114.109283,-122.662506
682,7.930232558139535,2022.0,131.4560546875,-133.488358,-140.712753
683,7.941860465116279,2032.0,141.4560546875,-142.229553,-148.355225
684,7.953488372093023,1991.0,100.4560546875,-138.748276,-143.949387
685,7.9651162790697665,2010.0,119.4560546875,-122.641678,-126.905983
686,7.9767441860465125,1945.0,54.4560546875,-95.101616,-98.208443
687,7.988372093023257,1968.0,77.4560546875,-58.838833,-60.447487
688,8.0,1905.0,14.4560546875,-17.761822,-17.558216
689,8.011627906976743,1925.0,34.4560546875,23.791393,25.963535
690,8.023255813953488,1879.0,-11.5439453125,61.705799,65.766335
691,8.034883720930232,1889.0,-1.5439453125,92.660301,98.330414
692,8.046511627906977,1873.0,-17.5439453125,114.362076,121.254097
693,8.058139534883722,1875.0,-15.5439453125,125.505157,133.221298
694,8.069767441860465,1878.0,-12.5439453125,125.684624,133.895309
695,8.081395348837209,1872.0,-18.5439453125,115.332771,123.76223
696,8.093023255813954,1898.0,7.4560546875,95.657555,104.051636
697,8.104651162790699,1888.0,-2.5439453125,68.694794,76.726006
698,8.116279069767442,1917.0,26.4560546875,37.130756,44.37344
699,8.127906976744185,1905.0,14.4560546875,4.144938,10.062725
700,8.13953488372093,1936.0,45.4560546875,-27.143652,-23.093182
701,8.151162790697674,1926.0,35.4560546875,-54.002644,-52.264034
702,8.162790697674417,1947.0,56.4560546875,-74.608521,-75.450127
703,8.174418604651164,1943.0,52.4560546875,-87.950752,-91.396523
704,8.186046511627907,1968.0,77.4560546875,-93.854332,-99.740021
705,8.19767441860465,1959.0,68.4560546875,-92.637474,-100.624741
706,8.209302325581396,1970.0,79.4560546875,-84.80677,-94.51133
707,8.220930232558139,1971.0,80.4560546875,-71.070747,-82.025818
708,8.232558139534884,1967.0,76.4560546875,-52.260513,-63.996857
709,8.24418604651163,1972.0,81.4560546875,-29.738897,-41.678635
710,8.255813953488373,1955.0,64.4560546875,-5.27803,-16.763161
711,8.267441860465116,1958.0,67.4560546875,18.706213,8.436242
712,8.279069767441861,1947.0,56.4560546875,39.782803,31.526152
713,8.290697674418604,1949.0,58.4560546875,55.680141,50.170536
714,8.30232558139535,1931.0,40.4560546875,64.982048,62.842133
715,8.313953488372093,1939.0,48.4560546875,67.23922,68.853333
716,8.325581395348838,1915.0,24.4560546875,63.015884,68.606377
717,8.337209302325581,1925.0,34.4560546875,53.718594,63.235775
718,8.348837209302324,1903.0,12.4560546875,40.958286,54.215729
719,8.36046511627907,1906.0,15.4560546875,26.54447,43.057594
720,8.372093023255815,1897.0,6.4560546875,11.843655,30.907043
721,8.383720930232558,1899.0,8.4560546875,-1.805679,18.728922
722,8.395348837209303,1917.0,26.4560546875,-13.507613,7.105786
723,8.406976744186046,1904.0,13.4560546875,-22.343672,-3.322346
724,8.41860465116279,1959.0,68.4560546875,-27.757442,-12.145013
725,8.430232558139535,1937.0,46.4560546875,-29.443705,-18.919289
726,8.44186046511628,2028.0,137.4560546875,-27.573931,-23.59256
727,8.453488372093023,1991.0,100.4560546875,-23.000034,-26.459894
728,8.465116279069766,2097.0,206.4560546875,-16.829018,-28.165762
729,8.476744186046512,2064.0,173.4560546875,-10.728723,-29.691639
730,8.488372093023255,2115.0,224.4560546875,-5.895241,-31.735497
731,8.5,2109.0,218.4560546875,-3.425978,-34.735413
732,8.511627906976745,2094.0,203.4560546875,-3.421428,-38.256603
733,8.523255813953488,2111.0,220.4560546875,-5.567946,-41.391628
734,8.534883720930232,2021.0,130.4560546875,-8.79608,-42.579964
735,8.546511627906977,2064.0,173.4560546875,-11.881917,-40.355282
736,8.558139534883722,1930.0,39.4560546875,-13.654987,-33.521515
737,8.569767441860465,1973.0,82.4560546875,-13.14278,-21.660198
738,8.58139534883721,1843.0,-47.5439453125,-10.081193,-5.271212
739,8.593023255813954,1886.0,-4.5439453125,-4.455375,14.30884
740,8.604651162790697,1799.0,-91.5439453125,2.902195,34.965942
741,8.61627906976744,1815.0,-75.5439453125,11.192412,54.40345
742,8.627906976744187,1805.0,-85.5439453125,19.073166,70.152451
743,8.63953488372093,1797.0,-93.5439453125,25.577085,80.308144
744,8.651162790697674,1844.0,-46.5439453125,29.689684,83.359726
745,8.662790697674419,1821.0,-69.5439453125,30.997807,78.819611
746,8.674418604651162,1910.0,19.4560546875,29.334314,66.748329
747,8.686046511627907,1878.0,-12.5439453125,24.992125,48.220436
748,8.697674418604652,1998.0,107.4560546875,18.567276,24.747128
749,8.709302325581396,1956.0,65.4560546875,10.64932,-1.6037
750,8.720930232558139,2064.0,173.4560546875,2.12729,-28.525414
751,8.732558139534884,2032.0,141.4560546875,-6.434865,-53.680706
752,8.744186046511627,2091.0,200.4560546875,-14.157233,-74.731392
753,8.755813953488373,2082.0,191.4560546875,-20.560238,-89.787704
754,8.767441860465116,2070.0,179.4560546875,-24.917677,-97.197205
755,8.779069767441861,2082.0,191.4560546875,-26.956255,-96.181374
756,8.790697674418604,2002.0,111.4560546875,-26.452732,-86.473572
757,8.802325581395348,2037.0,146.4560546875,-23.669838,-68.929604
758,8.813953488372094,1921.0,30.4560546875,-19.214367,-45.050716
759,8.825581395348838,1965.0,74.4560546875,-13.883255,-17.198441
760,8.837209302325581,1813.0,-77.5439453125,-8.737825,11.897543
761,8.848837209302326,1883.0,-7.5439453125,-4.336413,39.469681
762,8.86046511627907,1802.0,-88.5439453125,-1.231636,62.982864
763,8.872093023255813,1802.0,-88.5439453125,0.800816,80.569695
764,8.88372093023256,1827.0,-63.5439453125,2.105678,90.977684
765,8.895348837209303,1808.0,-82.5439453125,3.371648,93.853691
766,8.906976744186046,1881.0,-9.5439453125,5.06354,89.255081
767,8.91860465116279,1852.0,-38.5439453125,7.437211,77.904869
768,8.930232558139535,1941.0,50.4560546875,10.381235,60.630493
769,8.941860465116278,1913.0,22.4560546875,13.483706,38.746651
770,8.953488372093023,2000.0,109.4560546875,16.298748,13.674612
771,8.965116279069768,1974.0,83.4560546875,18.360914,-12.695595
772,8.976744186046512,2035.0,144.4560546875,19.570881,-38.232838
773,8.988372093023255,2023.0,132.4560546875,19.8878,-60.60788
774,9.0,2032.0,141.4560546875,19.601101,-77.4879
775,9.011627906976745,2035.0,144.4560546875,18.821037,-87.058434
776,9.023255813953488,2003.0,112.4560546875,17.60116,-88.133461
777,9.034883720930234,2019.0,128.4560546875,15.62757,-80.765144
778,9.046511627906977,1960.0,69.4560546875,12.400357,-65.906845
779,9.05813953488372,1981.0,90.4560546875,7.286397,-45.709251
780,9.069767441860463,1898.0,7.4560546875,-0.257111,-22.727051
781,9.08139534883721,1922.0,31.4560546875,-10.348412,0.18383
782,9.093023255813954,1856.0,-34.5439453125,-22.619267,20.65134
783,9.104651162790697,1877.0,-13.5439453125,-35.927448,36.930767
784,9.116279069767442,1840.0,-50.5439453125,-48.653717,48.171219
785,9.127906976744185,1846.0,-44.5439453125,-58.700916,54.367359
786,9.13953488372093,1855.0,-35.5439453125,-64.029953,56.062416
787,9.151162790697676,1837.0,-53.5439453125,-62.912071,54.222977
788,9.162790697674419,1899.0,8.4560546875,-54.370834,49.767426
789,9.174418604651162,1872.0,-18.5439453125,-38.467365,43.531643
790,9.186046511627907,1959.0,68.4560546875,-16.261047,36.021076
791,9.19767441860465,1923.0,32.4560546875,10.080709,27.515854
792,9.209302325581396,2026.0,135.4560546875,37.794411,18.076292
793,9.220930232558139,1995.0,104.4560546875,63.550148,7.655594
794,9.232558139534884,2079.0,188.4560546875,84.203888,-3.726204
795,9.244186046511627,2061.0,170.4560546875,96.928001,-15.906082
796,9.25581395348837,2091.0,200.4560546875,99.877472,-28.352509
797,9.267441860465118,2093.0,202.4560546875,92.32505,-40.218742
798,9.279069767441861,2058.0,167.4560546875,74.892349,-50.289963
799,9.290697674418604,2080.0,189.4560546875,49.535755,-57.201511
800,9.30232558139535,1998.0,107.4560546875,19.094788,-59.656662
801,9.313953488372093,2030.0,139.4560546875,-12.95427,-56.74337
802,9.325581395348836,1933.0,42.4560546875,-43.302601,-48.146545
803,9.337209302325583,1965.0,74.4560546875,-69.03595,-34.371685
804,9.348837209302326,1883.0,-7.5439453125,-88.150986,-16.645088
805,9.36046511627907,1904.0,13.4560546875,-99.464188,3.111389
806,9.372093023255813,1862.0,-28.5439453125,-102.597069,22.683838
807,9.383720930232558,1873.0,-17.5439453125,-97.714706,39.788895
808,9.395348837209303,1867.0,-23.5439453125,-85.335442,52.51693
809,9.406976744186046,1860.0,-30.5439453125,-66.330421,59.570168
810,9.418604651162791,1890.0,-0.5439453125,-41.868671,60.463787
811,9.430232558139535,1878.0,-12.5439453125,-13.578625,55.627262
812,9.441860465116278,1923.0,32.4560546875,16.51321,46.110146
813,9.453488372093023,1907.0,16.4560546875,46.026726,33.50116
814,9.465116279069768,1946.0,55.4560546875,72.46785,19.281532
815,9.476744186046512,1936.0,45.4560546875,93.510155,4.831734
816,9.488372093023257,1963.0,72.4560546875,107.133896,-9.123505
817,9.5,1953.0,62.4560546875,111.920906,-22.055962
818,9.511627906976743,1955.0,64.4560546875,107.006226,-33.732697
819,9.523255813953487,1960.0,69.4560546875,92.357063,-43.567177
820,9.534883720930234,1953.0,62.4560546875,68.69474,-50.652489
821,9.546511627906977,1950.0,59.4560546875,37.781929,-53.723412
822,9.55813953488372,1920.0,29.4560546875,2.341827,-51.493633
823,9.569767441860465,1933.0,42.4560546875,-33.98246,-43.316906
824,9.581395348837209,1901.0,10.4560546875,-67.154549,-29.506092
825,9.593023255813954,1911.0,20.4560546875,-93.286636,-11.764359
826,9.604651162790699,1882.0,-8.5439453125,-109.382774,7.379601
827,9.616279069767442,1887.0,-3.5439453125,-113.897873,24.83165
828,9.627906976744185,1872.0,-18.5439453125,-106.962845,38.045425
829,9.63953488372093,1872.0,-18.5439453125,-90.280228,45.311874
830,9.651162790697674,1875.0,-15.5439453125,-66.545265,46.289719
831,9.662790697674419,1872.0,-18.5439453125,-38.905727,41.686321
832,9.674418604651162,1900.0,9.4560546875,-10.254206,32.898506
833,9.686046511627907,1883.0,-7.5439453125,16.978603,21.541294
834,9.69767441860465,1923.0,32.4560546875,41.124481,9.077015
835,9.709302325581394,1908.0,17.4560546875,60.927265,-3.163342
836,9.72093023255814,1959.0,68.4560546875,75.580086,-14.081917
837,9.732558139534884,1939.0,48.4560546875,84.386864,-22.507591
838,9.744186046511627,1993.0,102.4560546875,86.94281,-27.481483
839,9.755813953488373,1979.0,88.4560546875,83.05481,-28.267235
840,9.767441860465116,2025.0,134.4560546875,73.010071,-24.796188
841,9.77906976744186,2012.0,121.4560546875,57.541096,-17.762516
842,9.790697674418606,2038.0,147.4560546875,37.928551,-8.507935
843,9.80232558139535,2035.0,144.4560546875,15.809417,1.133333
844,9.813953488372093,2036.0,145.4560546875,-6.996937,9.518906
845,9.825581395348838,2039.0,148.4560546875,-28.656652,15.301161
846,9.837209302325581,2010.0,119.4560546875,-47.62479,17.912235
847,9.848837209302326,2023.0,132.4560546875,-62.609924,17.207726
848,9.86046511627907,1959.0,68.4560546875,-72.851143,13.560677
849,9.872093023255815,1989.0,98.4560546875,-77.821541,7.447617
850,9.883720930232558,1905.0,14.4560546875,-77.454811,-0.465599
851,9.895348837209301,1934.0,43.4560546875,-71.724907,-9.258743
852,9.906976744186046,1862.0,-28.5439453125,-60.865017,-17.707211
853,9.918604651162791,1882.0,-8.5439453125,-45.209492,-24.202492
854,9.930232558139535,1842.0,-48.5439453125,-25.383574,-27.176632
855,9.94186046511628,1847.0,-43.5439453125,-2.523017,-25.3673
856,9.953488372093023,1849.0,-41.5439453125,21.799238,-18.478968
857,9.965116279069766,1843.0,-47.5439453125,45.254532,-7.326992
858,9.976744186046512,1872.0,-18.5439453125,65.401878,6.147942
859,9.988372093023257,1858.0,-32.5439453125,79.645348,19.42728
860,10.0,1907.0,16.4560546875,86.112793,29.966381
861,10.011627906976743,1889.0,-1.5439453125,83.794273,35.987694
862,10.023255813953488,1931.0,40.4560546875,72.967247,36.707462
863,10.034883720930232,1919.0,28.4560546875,55.117382,32.523293
864,10.046511627906977,1944.0,53.4560546875,32.512257,24.548096
865,10.058139534883722,1940.0,49.4560546875,8.021449,14.307528
866,10.069767441860465,1945.0,54.4560546875,-15.765338,3.226277
867,10.081395348837209,1942.0,51.4560546875,-36.453148,-7.576557
868,10.093023255813954,1927.0,36.4560546875,-52.530922,-17.23801
869,10.104651162790699,1941.0,50.4560546875,-62.920235,-25.167747
870,10.116279069767442,1914.0,23.4560546875,-67.366692,-30.790417
871,10.127906976744187,1924.0,33.4560546875,-65.975769,-33.693417
872,10.13953488372093,1904.0,13.4560546875,-59.333363,-33.480377
873,10.151162790697674,1916.0,25.4560546875,-48.370216,-30.111902
874,10.162790697674417,1904.0,13.4560546875,-34.256546,-23.862999
875,10.174418604651164,1904.0,13.4560546875,-18.469698,-15.430408
876,10.186046511627907,1917.0,26.4560546875,-2.395751,-5.802315
877,10.19767441860465,1913.0,22.4560546875,12.449081,3.920856
878,10.209302325581396,1938.0,47.4560546875,25.053202,12.705444
879,10.220930232558139,1927.0,36.4560546875,34.507656,19.786369
880,10.232558139534882,1974.0,83.4560546875,40.595123,24.682644
881,10.24418604651163,1957.0,66.4560546875,43.234627,27.258394
882,10.255813953488373,1995.0,104.4560546875,42.829849,27.567719
883,10.267441860465116,1984.0,93.4560546875,39.822121,25.865179
884,10.279069767441861,2000.0,109.4560546875,34.722641,22.418818
885,10.290697674418604,1999.0,108.4560546875,28.055607,17.578163
886,10.30232558139535,1993.0,102.4560546875,20.152411,11.662868
887,10.313953488372093,1997.0,106.4560546875,11.529209,5.095262
888,10.325581395348838,1968.0,77.4560546875,2.490274,-1.664817
889,10.337209302325581,1980.0,89.4560546875,-6.282468,-8.042282
890,10.348837209302324,1949.0,58.4560546875,-14.412721,-13.492961
891,10.36046511627907,1951.0,60.4560546875,-21.221348,-17.538588
892,10.372093023255815,1905.0,14.4560546875,-26.366978,-19.823128
893,10.383720930232558,1923.0,32.4560546875,-29.600819,-20.306953
894,10.395348837209303,1883.0,-7.5439453125,-30.94832,-19.200394
895,10.406976744186046,1891.0,0.4560546875,-30.647009,-16.943787
896,10.41860465116279,1861.0,-29.5439453125,-28.936489,-14.068551
897,10.430232558139537,1882.0,-8.5439453125,-26.107244,-10.967329
898,10.44186046511628,1869.0,-21.5439453125,-22.219872,-7.935079
899,10.453488372093023,1872.0,-18.5439453125,-17.337446,-4.959702
900,10.465116279069766,1889.0,-1.5439453125,-11.316464,-1.94459
901,10.476744186046512,1877.0,-13.5439453125,-4.260382,1.272628
902,10.488372093023255,1901.0,10.4560546875,3.707982,4.718457
903,10.5,1903.0,12.4560546875,12.13867,8.30453
904,10.511627906976745,1915.0,24.4560546875,20.44257,11.762502
905,10.523255813953488,1905.0,14.4560546875,27.945974,14.794589
906,10.534883720930232,1933.0,42.4560546875,33.9739,17.181787
907,10.546511627906977,1926.0,35.4560546875,37.967773,18.724237
908,10.558139534883722,1937.0,46.4560546875,39.397053,19.343599
909,10.569767441860465,1937.0,46.4560546875,37.941242,18.865887
910,10.58139534883721,1956.0,65.4560546875,33.27092,17.086721
911,10.593023255813954,1952.0,61.4560546875,25.36536,13.675537
912,10.604651162790697,1957.0,66.4560546875,14.426077,8.445831
913,10.61627906976744,1958.0,67.4560546875,1.190536,1.455929
914,10.627906976744187,1951.0,60.4560546875,-13.197485,-6.793271
915,10.63953488372093,1952.0,61.4560546875,-27.173134,-15.34018
916,10.651162790697674,1934.0,43.4560546875,-39.022556,-22.9168
917,10.662790697674419,1937.0,46.4560546875,-47.25288,-28.256741
918,10.674418604651162,1916.0,25.4560546875,-50.753765,-30.402893
919,10.686046511627907,1924.0,33.4560546875,-49.182175,-28.994703
920,10.697674418604652,1907.0,16.4560546875,-42.75071,-24.279743
921,10.709302325581396,1904.0,13.4560546875,-32.392963,-17.094717
922,10.720930232558139,1903.0,12.4560546875,-19.215675,-8.463234
923,10.732558139534884,1904.0,13.4560546875,-4.660227,0.477955
924,10.744186046511627,1915.0,24.4560546875,9.977469,8.848782
925,10.755813953488373,1907.0,16.4560546875,23.345156,15.89513
926,10.767441860465116,1935.0,44.4560546875,34.308765,21.147697
927,10.779069767441861,1927.0,36.4560546875,41.893475,24.243801
928,10.790697674418604,1941.0,50.4560546875,45.414234,25.013048
929,10.802325581395348,1936.0,45.4560546875,44.709408,23.537828
930,10.813953488372093,1943.0,52.4560546875,39.986431,20.09053
931,10.825581395348838,1946.0,55.4560546875,32.074005,15.273785
932,10.837209302325581,1935.0,44.4560546875,21.909212,9.662449
933,10.848837209302326,1938.0,47.4560546875,10.690425,3.911623
934,10.86046511627907,1918.0,27.4560546875,-0.704611,-1.690972
935,10.872093023255813,1926.0,35.4560546875,-11.489118,-6.976662
936,10.88372093023256,1903.0,12.4560546875,-21.207493,-12.002093
937,10.895348837209303,1904.0,13.4560546875,-29.387547,-16.655403
938,10.906976744186046,1887.0,-3.5439453125,-35.531414,-20.58374
939,10.91860465116279,1890.0,-0.5439453125,-39.036686,-23.12545
940,10.930232558139535,1873.0,-17.5439453125,-39.274342,-23.465258
941,10.941860465116278,1878.0,-12.5439453125,-35.881866,-21.027239
942,10.953488372093023,1872.0,-18.5439453125,-28.90012,-15.711829
943,10.965116279069768,1871.0,-19.5439453125,-19.032806,-8.193944
944,10.976744186046512,1872.0,-18.5439453125,-7.441989,0.323583
945,10.988372093023255,1870.0,-20.5439453125,4.363477,8.335115
946,11.0,1878.0,-12.5439453125,14.995193,14.582893
947,11.011627906976745,1874.0,-16.5439453125,23.377581,18.346224
948,11.023255813953488,1899.0,8.4560546875,28.987345,19.601284
949,11.034883720930234,1885.0,-5.5439453125,31.750671,18.832615
950,11.046511627906977,1910.0,19.4560546875,31.948885,16.750774
951,11.05813953488372,1906.0,15.4560546875,29.928703,13.934435
952,11.069767441860463,1929.0,38.4560546875,25.966431,10.59431
953,11.08139534883721,1921.0,30.4560546875,20.278013,6.720945
954,11.093023255813954,1936.0,45.4560546875,13.067792,2.172209
955,11.104651162790697,1928.0,37.4560546875,4.717299,-2.966988
956,11.116279069767442,1954.0,63.4560546875,-4.15237,-8.310217
957,11.127906976744185,1945.0,54.4560546875,-12.685344,-13.159216
958,11.13953488372093,1953.0,62.4560546875,-19.889265,-16.654388
959,11.151162790697676,1955.0,64.4560546875,-24.861633,-18.092268
960,11.162790697674419,1946.0,55.4560546875,-26.995024,-17.081772
961,11.174418604651162,1945.0,54.4560546875,-26.150852,-13.780206
962,11.186046511627907,1935.0,44.4560546875,-22.65324,-8.711506
963,11.19767441860465,1936.0,45.4560546875,-17.315933,-2.867096
964,11.209302325581396,1921.0,30.4560546875,-11.140251,2.747602
965,11.220930232558139,1927.0,36.4560546875,-5.19224,7.098751
966,11.232558139534884,1911.0,20.4560546875,-0.235065,9.564927
967,11.244186046511627,1918.0,27.4560546875,3.305534,9.883771
968,11.25581395348837,1905.0,14.4560546875,5.536768,8.364094
969,11.267441860465118,1906.0,15.4560546875,6.87749,5.716661
970,11.279069767441861,1904.0,13.4560546875,7.994658,2.908333
971,11.290697674418604,1904.0,13.4560546875,9.411615,0.859211
972,11.30232558139535,1904.0,13.4560546875,11.403379,0.13721
973,11.313953488372093,1904.0,13.4560546875,13.823605,0.869636
974,11.325581395348836,1901.0,10.4560546875,16.170198,2.590448
975,11.337209302325583,1902.0,11.4560546875,17.783833,4.627432
976,11.348837209302326,1898.0,7.4560546875,17.980038,6.115006
977,11.36046511627907,1901.0,10.4560546875,16.392042,6.533809
978,11.372093023255815,1891.0,0.4560546875,12.838943,5.535169
979,11.383720930232558,1897.0,6.4560546875,7.62635,3.289539
980,11.395348837209301,1894.0,3.4560546875,1.123049,0.04019
981,11.406976744186046,1891.0,0.4560546875,-5.987726,-3.762514
982,11.418604651162791,1885.0,-5.5439453125,-13.068034,-7.701493
983,11.430232558139535,1894.0,3.4560546875,-19.306314,-11.297728
984,11.441860465116278,1889.0,-1.5439453125,-23.979094,-14.004566
985,11.453488372093023,1895.0,4.4560546875,-26.392769,-15.287817
986,11.465116279069768,1889.0,-1.5439453125,-26.079813,-14.587841
987,11.476744186046512,1887.0,-3.5439453125,-22.948748,-11.702091
988,11.488372093023257,1891.0,0.4560546875,-17.293896,-6.740489
989,11.5,1898.0,7.4560546875,-9.90532,-0.42052
990,11.511627906976743,1910.0,19.4560546875,-1.746741,6.254538
991,11.523255813953488,1894.0,3.4560546875,6.065267,12.090809
992,11.534883720930234,1918.0,27.4560546875,12.721507,16.164108
993,11.546511627906977,1908.0,17.4560546875,17.602936,17.945307
994,11.55813953488372,1922.0,31.4560546875,20.497356,17.380413
995,11.569767441860465,1919.0,28.4560546875,21.378582,14.840512
996,11.581395348837209,1929.0,38.4560546875,20.397415,10.796305
997,11.593023255813954,1927.0,36.4560546875,17.778841,5.807945
998,11.604651162790699,1926.0,35.4560546875,13.823739,0.298656
999,11.616279069767442,1927.0,36.4560546875,9.012588,-5.204878
1000,11.627906976744185,1919.0,28.4560546875,3.886248,-10.204161
1001,11.63953488372093,1927.0,36.4560546875,-0.908376,-14.091193
1002,11.651162790697674,1913.0,22.4560546875,-4.899858,-16.343615
1003,11.662790697674419,1911.0,20.4560546875,-7.798559,-16.657505
1004,11.674418604651164,1907.0,16.4560546875,-9.653523,-15.015491
1005,11.686046511627907,1911.0,20.4560546875,-10.736992,-11.851531
1006,11.69767441860465,1910.0,19.4560546875,-11.356484,-7.675539
1007,11.709302325581394,1905.0,14.4560546875,-11.704503,-3.123469
1008,11.72093023255814,1899.0,8.4560546875,-11.678547,1.50483
1009,11.732558139534884,1898.0,7.4560546875,-11.0509,5.991723
1010,11.744186046511627,1893.0,2.4560546875,-9.513053,10.310441
1011,11.755813953488373,1894.0,3.4560546875,-7.048059,14.238842
1012,11.767441860465116,1891.0,0.4560546875,-3.897767,17.322254
1013,11.77906976744186,1895.0,4.4560546875,-0.608936,18.931637
1014,11.790697674418606,1895.0,4.4560546875,2.25509,18.377312
1015,11.80232558139535,1902.0,11.4560546875,4.349143,15.438618
1016,11.813953488372093,1899.0,8.4560546875,5.675222,10.26676
1017,11.825581395348838,1895.0,4.4560546875,6.59796,3.744761
1018,11.837209302325581,1900.0,9.4560546875,7.532511,-3.137668
1019,11.848837209302326,1904.0,13.4560546875,8.752158,-9.344646
1020,11.86046511627907,1905.0,14.4560546875,10.086989,-14.307321
1021,11.872093023255815,1901.0,10.4560546875,11.051669,-17.88924
1022,11.883720930232558,1898.0,7.4560546875,10.942072,-20.267059
1023,11.895348837209301,1899.0,8.4560546875,9.327254,-21.608166
1024,11.906976744186046,1891.0,0.4560546875,6.134014,-21.78867
1025,11.918604651162791,1885.0,-5.5439453125,1.858287,-20.425716
1026,11.930232558139535,1895.0,4.4560546875,-2.724699,-16.96508
1027,11.94186046511628,1893.0,2.4560546875,-6.768493,-11.146324
1028,11.953488372093023,1904.0,13.4560546875,-9.696082,-3.162073
1029,11.965116279069766,1899.0,8.4560546875,-11.332312,6.116199
1030,11.976744186046512,1910.0,19.4560546875,-11.765916,15.489003
1031,11.988372093023257,1908.0,17.4560546875,-11.281553,23.647768
1032,12.0,1919.0,28.4560546875,-10.04413,29.606062
1033,12.011627906976743,1915.0,24.4560546875,-8.126172,32.847755
1034,12.023255813953488,1921.0,30.4560546875,-5.498018,33.251167
1035,12.034883720930232,1921.0,30.4560546875,-2.27696,30.908056
1036,12.046511627906977,1923.0,32.4560546875,1.266307,25.897005
1037,12.058139534883722,1922.0,31.4560546875,4.616256,18.29166
1038,12.069767441860465,1917.0,26.4560546875,7.221959,8.221727
1039,12.081395348837209,1926.0,35.4560546875,8.683676,-3.794743
1040,12.093023255813954,1922.0,31.4560546875,8.931396,-16.735378
1041,12.104651162790697,1927.0,36.4560546875,8.217475,-29.081078
1042,12.116279069767442,1917.0,26.4560546875,6.969496,-39.114479
1043,12.127906976744187,1927.0,36.4560546875,5.603258,-45.304649
1044,12.13953488372093,1911.0,20.4560546875,4.274955,-46.727448
1045,12.151162790697674,1914.0,23.4560546875,2.942725,-43.215973
1046,12.162790697674417,1911.0,20.4560546875,1.384555,-35.320148
1047,12.174418604651164,1911.0,20.4560546875,-0.525071,-24.052176
1048,12.186046511627907,1899.0,8.4560546875,-2.75026,-10.605186
1049,12.19767441860465,1903.0,12.4560546875,-4.965163,3.862303
1050,12.209302325581396,1885.0,-5.5439453125,-6.782032,18.232637
1051,12.220930232558139,1893.0,2.4560546875,-7.833536,31.393751
1052,12.232558139534882,1870.0,-20.5439453125,-7.989894,42.19138
1053,12.24418604651163,1882.0,-8.5439453125,-7.297415,49.513649
1054,12.255813953488373,1853.0,-37.5439453125,-5.96061,52.448143
1055,12.267441860465116,1859.0,-31.5439453125,-4.163696,50.498528
1056,12.279069767441861,1843.0,-47.5439453125,-2.000093,43.761955
1057,12.290697674418604,1849.0,-41.5439453125,0.473308,32.861637
1058,12.30232558139535,1831.0,-59.5439453125,3.129682,18.820955
1059,12.313953488372093,1840.0,-50.5439453125,5.687729,2.885085
1060,12.325581395348838,1828.0,-62.5439453125,7.674084,-13.697355
1061,12.337209302325581,1831.0,-59.5439453125,8.616328,-29.575569
1062,12.348837209302324,1826.0,-64.5439453125,8.190939,-43.444977
1063,12.36046511627907,1831.0,-59.5439453125,6.481584,-53.827385
1064,12.372093023255815,1833.0,-57.5439453125,3.927561,-59.4132
1065,12.383720930232558,1835.0,-55.5439453125,1.258007,-59.107189
1066,12.395348837209303,1834.0,-56.5439453125,-0.876881,-52.55621
1067,12.406976744186046,1835.0,-55.5439453125,-2.105306,-40.213623
1068,12.41860465116279,1837.0,-53.5439453125,-2.519907,-23.483044
1069,12.430232558139537,1839.0,-51.5439453125,-2.535668,-4.388401
1070,12.44186046511628,1824.0,-66.5439453125,-2.705504,14.797491
1071,12.453488372093023,1827.0,-63.5439453125,-3.343584,32.011864
1072,12.465116279069766,1830.0,-60.5439453125,-4.426229,45.713646
1073,12.476744186046512,1838.0,-52.5439453125,-5.58349,54.813881
1074,12.488372093023255,1829.0,-61.5439453125,-6.302799,58.729237
1075,12.5,1831.0,-59.5439453125,-6.152493,57.106274
1076,12.511627906976745,1834.0,-56.5439453125,-4.964155,49.982613
1077,12.523255813953488,1833.0,-57.5439453125,-2.907914,37.738407
1078,12.534883720930232,1841.0,-49.5439453125,-0.299935,21.483202
1079,12.546511627906977,1838.0,-52.5439453125,2.42553,2.952212
1080,12.558139534883722,1859.0,-31.5439453125,4.972782,-15.510462
1081,12.569767441860465,1849.0,-41.5439453125,7.054823,-31.44713
1082,12.58139534883721,1882.0,-8.5439453125,8.511163,-42.820572
1083,12.593023255813954,1872.0,-18.5439453125,9.0578,-48.475792
1084,12.604651162790697,1894.0,3.4560546875,8.487962,-48.408188
1085,12.61627906976744,1887.0,-3.5439453125,6.608814,-43.498291
1086,12.627906976744187,1899.0,8.4560546875,3.55714,-35.197044
1087,12.63953488372093,1893.0,2.4560546875,-0.253145,-24.939154
1088,12.651162790697674,1888.0,-2.5439453125,-4.075745,-13.887472
1089,12.662790697674419,1899.0,8.4560546875,-7.036335,-2.742887
1090,12.674418604651162,1869.0,-21.5439453125,-8.475863,7.981982
1091,12.686046511627906,1878.0,-12.5439453125,-8.07401,17.778118
1092,12.697674418604652,1837.0,-53.5439453125,-6.104017,25.944418
1093,12.709302325581396,1853.0,-37.5439453125,-3.181892,31.581036
1094,12.720930232558139,1818.0,-72.5439453125,-0.230655,33.871429
1095,12.732558139534884,1825.0,-65.5439453125,2.015512,32.342621
1096,12.744186046511627,1809.0,-81.5439453125,3.073737,27.220989
1097,12.755813953488373,1808.0,-82.5439453125,2.94771,19.384161
1098,12.767441860465116,1808.0,-82.5439453125,1.974385,10.278691
1099,12.779069767441861,1808.0,-82.5439453125,0.69152,1.468975
1100,12.790697674418604,1824.0,-66.5439453125,-0.380085,-5.721898
1101,12.802325581395348,1811.0,-79.5439453125,-0.943369,-10.532866
1102,12.813953488372093,1847.0,-43.5439453125,-0.912388,-12.8972
1103,12.825581395348838,1836.0,-54.5439453125,-0.498015,-13.26575
1104,12.837209302325581,1874.0,-16.5439453125,0.039726,-12.449008
1105,12.848837209302326,1863.0,-27.5439453125,0.413437,-11.164328
1106,12.86046511627907,1891.0,0.4560546875,0.54401,-9.945191
1107,12.872093023255813,1886.0,-4.5439453125,0.508538,-8.886125
1108,12.88372093023256,1901.0,10.4560546875,0.538736,-7.878513
1109,12.895348837209303,1899.0,8.4560546875,0.866897,-6.678505
1110,12.906976744186046,1903.0,12.4560546875,1.599996,-5.169723
1111,12.918604651162791,1901.0,10.4560546875,2.610777,-3.496298
1112,12.930232558139535,1887.0,-3.5439453125,3.542934,-1.970605
1113,12.941860465116278,1895.0,4.4560546875,3.997208,-0.996586
1114,12.953488372093023,1882.0,-8.5439453125,3.618928,-0.717692
1115,12.965116279069768,1886.0,-4.5439453125,2.342887,-1.020118
1116,12.976744186046512,1872.0,-18.5439453125,0.360602,-1.355024
1117,12.988372093023255,1881.0,-9.5439453125,-1.902818,-1.099903
1118,13.0,1874.0,-16.5439453125,-4.017287,0.311908
1119,13.011627906976745,1881.0,-9.5439453125,-5.672688,3.004211
1120,13.023255813953488,1872.0,-18.5439453125,-6.770401,6.645393
1121,13.034883720930234,1872.0,-18.5439453125,-7.395223,10.496859
1122,13.046511627906977,1873.0,-17.5439453125,-7.583138,13.728941
1123,13.05813953488372,1872.0,-18.5439453125,-7.269671,15.742018
1124,13.069767441860465,1869.0,-21.5439453125,-6.191461,16.245264
1125,13.08139534883721,1871.0,-19.5439453125,-4.059195,15.390408
1126,13.093023255813954,1867.0,-23.5439453125,-0.756675,13.369311
1127,13.104651162790697,1868.0,-22.5439453125,3.453872,10.383001
1128,13.116279069767442,1869.0,-21.5439453125,7.892961,6.331035
1129,13.127906976744185,1870.0,-20.5439453125,11.651569,1.081968
1130,13.13953488372093,1876.0,-14.5439453125,13.889965,-5.384375
1131,13.151162790697676,1871.0,-19.5439453125,14.183886,-12.645739
1132,13.162790697674419,1873.0,-17.5439453125,12.645409,-19.721859
1133,13.174418604651162,1879.0,-11.5439453125,9.842173,-25.33423
1134,13.186046511627907,1871.0,-19.5439453125,6.476413,-28.176575
1135,13.19767441860465,1876.0,-14.5439453125,3.097221,-27.513899
1136,13.209302325581396,1868.0,-22.5439453125,-0.148469,-23.337923
1137,13.22093023255814,1870.0,-20.5439453125,-3.444681,-16.524563
1138,13.232558139534884,1856.0,-34.5439453125,-7.091289,-8.380514
1139,13.244186046511627,1858.0,-32.5439453125,-11.131634,-0.24982
1140,13.25581395348837,1849.0,-41.5439453125,-15.202258,6.916379
1141,13.267441860465116,1845.0,-45.5439453125,-18.51544,12.750078
1142,13.279069767441861,1840.0,-50.5439453125,-20.146084,17.289005
1143,13.290697674418604,1845.0,-45.5439453125,-19.364532,20.7855
1144,13.30232558139535,1834.0,-56.5439453125,-15.966013,23.238039
1145,13.313953488372093,1840.0,-50.5439453125,-10.294744,24.476061
1146,13.325581395348836,1830.0,-60.5439453125,-3.173046,23.990723
1147,13.337209302325583,1835.0,-55.5439453125,4.414139,21.438206
1148,13.348837209302326,1835.0,-55.5439453125,11.561028,16.741219
1149,13.36046511627907,1833.0,-57.5439453125,17.594381,10.301615
1150,13.372093023255815,1840.0,-50.5439453125,22.070679,2.925207
1151,13.383720930232558,1835.0,-55.5439453125,24.653227,-4.476894
1152,13.395348837209301,1862.0,-28.5439453125,25.082542,-11.046879
1153,13.406976744186046,1849.0,-41.5439453125,23.123735,-16.304731
1154,13.418604651162791,1872.0,-18.5439453125,18.767828,-19.98517
1155,13.430232558139535,1870.0,-20.5439453125,12.268192,-22.106991
1156,13.441860465116278,1889.0,-1.5439453125,4.310605,-22.648689
1157,13.453488372093023,1879.0,-11.5439453125,-4.166888,-21.621212
1158,13.465116279069768,1883.0,-7.5439453125,-12.069988,-18.952835
1159,13.476744186046512,1890.0,-0.5439453125,-18.479347,-14.704977
1160,13.488372093023257,1874.0,-16.5439453125,-22.804054,-9.17496
1161,13.5,1886.0,-4.5439453125,-24.820366,-2.891972
1162,13.511627906976743,1869.0,-21.5439453125,-24.630444,3.386189
1163,13.523255813953488,1869.0,-21.5439453125,-22.475515,8.925619
1164,13.534883720930234,1861.0,-29.5439453125,-18.627964,13.148117
1165,13.546511627906977,1862.0,-28.5439453125,-13.335641,15.802293
1166,13.55813953488372,1849.0,-41.5439453125,-6.892469,16.923647
1167,13.569767441860465,1859.0,-31.5439453125,0.304168,16.789362
1168,13.581395348837209,1841.0,-49.5439453125,7.612168,15.705355
1169,13.593023255813954,1846.0,-44.5439453125,14.274614,13.940824
1170,13.604651162790699,1840.0,-50.5439453125,19.445265,11.597075
1171,13.616279069767442,1840.0,-50.5439453125,22.437431,8.692372
1172,13.627906976744185,1840.0,-50.5439453125,22.8379,5.198627
1173,13.63953488372093,1841.0,-49.5439453125,20.673689,1.210245
1174,13.651162790697674,1842.0,-48.5439453125,16.34968,-3.051691
1175,13.662790697674419,1845.0,-45.5439453125,10.611025,-7.155893
1176,13.674418604651164,1845.0,-45.5439453125,4.363816,-10.600815
1177,13.686046511627907,1845.0,-45.5439453125,-1.476525,-12.868912
1178,13.69767441860465,1840.0,-50.5439453125,-6.181853,-13.652839
1179,13.709302325581394,1849.0,-41.5439453125,-9.267345,-12.854615
1180,13.72093023255814,1841.0,-49.5439453125,-10.647709,-10.75504
1181,13.732558139534884,1847.0,-43.5439453125,-10.505072,-7.817594
1182,13.744186046511627,1829.0,-61.5439453125,-9.34024,-4.694286
1183,13.755813953488373,1837.0,-53.5439453125,-7.671379,-1.896489
1184,13.767441860465116,1817.0,-73.5439453125,-6.062105,0.187789
1185,13.77906976744186,1825.0,-65.5439453125,-4.82293,1.496233
1186,13.790697674418606,1805.0,-85.5439453125,-4.102449,2.159941
1187,13.80232558139535,1809.0,-81.5439453125,-3.768812,2.472653
1188,13.813953488372093,1799.0,-91.5439453125,-3.628318,2.692139
1189,13.825581395348838,1801.0,-89.5439453125,-3.413723,3.001602
1190,13.837209302325581,1802.0,-88.5439453125,-2.95124,3.449769
1191,13.848837209302324,1797.0,-93.5439453125,-2.14137,4.021758
1192,13.86046511627907,1811.0,-79.5439453125,-0.951066,4.717084
1193,13.872093023255815,1807.0,-83.5439453125,0.593748,5.564201
1194,13.883720930232558,1835.0,-55.5439453125,2.468249,6.602028
1195,13.895348837209301,1823.0,-67.5439453125,4.544994,7.760201
1196,13.906976744186046,1851.0,-39.5439453125,6.660314,8.779892
1197,13.918604651162791,1840.0,-50.5439453125,8.491408,9.188679
1198,13.930232558139535,1861.0,-29.5439453125,9.703836,8.43096
1199,13.94186046511628,1861.0,-29.5439453125,9.971563,6.097851
1200,13.953488372093023,1872.0,-18.5439453125,9.1238,2.100304
1201,13.965116279069766,1869.0,-21.5439453125,7.237422,-3.131869
1202,13.976744186046512,1875.0,-15.5439453125,4.665792,-8.705506
1203,13.988372093023257,1872.0,-18.5439453125,1.931304,-13.48982
1204,14.0,1873.0,-17.5439453125,-0.463337,-16.438532
1205,14.011627906976743,1877.0,-13.5439453125,-2.200102,-16.951145
1206,14.023255813953488,1872.0,-18.5439453125,-3.265927,-14.999212
1207,14.034883720930232,1872.0,-18.5439453125,-3.934452,-11.166229
1208,14.046511627906977,1873.0,-17.5439453125,-4.620939,-6.348592
1209,14.058139534883722,1868.0,-22.5439453125,-5.718086,-1.562061
1210,14.069767441860465,1869.0,-21.5439453125,-7.325493,2.4825
1211,14.081395348837209,1867.0,-23.5439453125,-9.257119,5.399741
1212,14.093023255813954,1857.0,-33.5439453125,-10.957874,7.274675
1213,14.104651162790697,1872.0,-18.5439453125,-11.754108,8.441229
1214,14.116279069767442,1875.0,-15.5439453125,-11.039663,9.293097
1215,14.127906976744187,1874.0,-16.5439453125,-8.536425,10.089853
1216,14.13953488372093,1861.0,-29.5439453125,-4.371984,10.856588
1217,14.151162790697674,1882.0,-8.5439453125,0.918663,11.411336
1218,14.162790697674417,1856.0,-34.5439453125,6.435215,11.315664
1219,14.174418604651164,1858.0,-32.5439453125,11.292438,10.232479
1220,14.186046511627907,1843.0,-47.5439453125,14.66592,7.857492
1221,14.19767441860465,1847.0,-43.5439453125,16.146931,4.263505
1222,14.209302325581396,1838.0,-52.5439453125,15.630965,-0.275779
1223,14.220930232558139,1830.0,-60.5439453125,13.467297,-5.112768
1224,14.232558139534882,1834.0,-56.5439453125,10.181918,-9.536294
1225,14.24418604651163,1838.0,-52.5439453125,6.396398,-12.850029
1226,14.255813953488373,1839.0,-51.5439453125,2.604334,-14.613308
1227,14.267441860465116,1835.0,-55.5439453125,-0.882787,-14.734601
1228,14.279069767441861,1840.0,-50.5439453125,-3.937943,-13.422655
1229,14.290697674418604,1840.0,-50.5439453125,-6.582852,-11.150725
1230,14.30232558139535,1840.0,-50.5439453125,-8.827773,-8.368464
1231,14.313953488372093,1841.0,-49.5439453125,-10.674813,-5.497917
1232,14.325581395348838,1840.0,-50.5439453125,-11.960758,-2.644779
1233,14.337209302325581,1842.0,-48.5439453125,-12.51916,0.149847
1234,14.348837209302324,1839.0,-51.5439453125,-12.130496,3.021407
1235,14.36046511627907,1842.0,-48.5439453125,-10.728383,5.948165
1236,14.372093023255815,1817.0,-73.5439453125,-8.370146,8.827394
1237,14.383720930232558,1837.0,-53.5439453125,-5.247317,11.400303
1238,14.395348837209303,1834.0,-56.5439453125,-1.67064,13.341646
1239,14.406976744186046,1831.0,-59.5439453125,2.032851,14.392666
1240,14.41860465116279,1835.0,-55.5439453125,5.596745,14.419407
1241,14.430232558139535,1832.0,-58.5439453125,8.815082,13.488585
1242,14.44186046511628,1851.0,-39.5439453125,11.514716,11.699596
1243,14.453488372093023,1840.0,-50.5439453125,13.505289,9.207087
1244,14.465116279069768,1855.0,-35.5439453125,14.567464,6.048011
1245,14.476744186046512,1851.0,-39.5439453125,14.448852,2.242867
1246,14.488372093023255,1872.0,-18.5439453125,12.944367,-2.23063
1247,14.5,1863.0,-27.5439453125,9.985815,-7.271282
1248,14.511627906976745,1874.0,-16.5439453125,5.754504,-12.584512
1249,14.523255813953488,1872.0,-18.5439453125,0.686511,-17.676153
1250,14.534883720930232,1873.0,-17.5439453125,-4.592398,-21.88084
1251,14.546511627906977,1875.0,-15.5439453125,-9.384836,-24.543915
1252,14.55813953488372,1866.0,-24.5439453125,-13.080336,-25.05999
1253,14.569767441860465,1871.0,-19.5439453125,-15.248322,-23.080887
1254,14.58139534883721,1849.0,-41.5439453125,-15.73708,-18.484344
1255,14.593023255813954,1857.0,-33.5439453125,-14.568406,-11.465
1256,14.604651162790697,1833.0,-57.5439453125,-11.975666,-2.50839
1257,14.616279069767442,1840.0,-50.5439453125,-8.244895,7.61003
1258,14.627906976744187,1826.0,-64.5439453125,-3.773989,17.852991
1259,14.63953488372093,1830.0,-60.5439453125,0.986336,27.011864
1260,14.651162790697674,1823.0,-67.5439453125,5.500917,33.823349
1261,14.662790697674419,1823.0,-67.5439453125,9.204165,37.248878
1262,14.674418604651162,1834.0,-56.5439453125,11.607599,36.617058
1263,14.686046511627906,1825.0,-65.5439453125,12.422394,31.913195
1264,14.697674418604652,1830.0,-60.5439453125,11.678535,23.68928
1265,14.709302325581396,1834.0,-56.5439453125,9.734167,13.099502
1266,14.720930232558139,1837.0,-53.5439453125,7.133823,1.451621
1267,14.732558139534884,1837.0,-53.5439453125,4.435541,-9.949405
1268,14.744186046511627,1843.0,-47.5439453125,1.973359,-20.180218
1269,14.755813953488373,1845.0,-45.5439453125,-0.21015,-28.667864
1270,14.767441860465118,1843.0,-47.5439453125,-2.314146,-35.114197
1271,14.779069767441861,1846.0,-44.5439453125,-4.543053,-39.28056
1272,14.790697674418604,1841.0,-49.5439453125,-6.884999,-40.725414
1273,14.802325581395348,1843.0,-47.5439453125,-8.926529,-38.855782
1274,14.813953488372093,1836.0,-54.5439453125,-9.990664,-33.024605
1275,14.825581395348838,1839.0,-51.5439453125,-9.349476,-22.968842
1276,14.837209302325581,1831.0,-59.5439453125,-6.675889,-9.122211
1277,14.848837209302326,1831.0,-59.5439453125,-2.265737,7.137162
1278,14.86046511627907,1837.0,-53.5439453125,2.895378,23.649227
1279,14.872093023255813,1827.0,-63.5439453125,7.383543,37.838413
1280,14.88372093023256,1834.0,-56.5439453125,9.886088,47.41782
1281,14.895348837209303,1834.0,-56.5439453125,9.615313,50.916893
1282,14.906976744186046,1833.0,-57.5439453125,6.71081,48.049973
1283,14.918604651162791,1835.0,-55.5439453125,2.091864,39.696823
1284,14.930232558139535,1843.0,-47.5439453125,-2.804701,27.511503
1285,14.941860465116278,1840.0,-50.5439453125,-6.629519,13.462818
1286,14.953488372093023,1847.0,-43.5439453125,-8.477767,-0.682816
1287,14.965116279069768,1842.0,-48.5439453125,-8.195745,-13.602875
1288,14.976744186046512,1850.0,-40.5439453125,-6.220346,-24.462992
1289,14.988372093023255,1845.0,-45.5439453125,-3.300323,-32.72123
1290,15.0,1845.0,-45.5439453125,-0.174157,-38.006271
1291,15.011627906976745,1851.0,-39.5439453125,2.719667,-39.947521
1292,15.023255813953488,1845.0,-45.5439453125,5.181532,-38.325546
1293,15.034883720930234,1845.0,-45.5439453125,7.19001,-33.169712
1294,15.046511627906977,1843.0,-47.5439453125,8.6717,-24.915436
1295,15.05813953488372,1839.0,-51.5439453125,9.432097,-14.435872
1296,15.069767441860465,1841.0,-49.5439453125,9.157825,-2.900235
1297,15.08139534883721,1843.0,-47.5439453125,7.625076,8.427298
1298,15.093023255813954,1840.0,-50.5439453125,4.804388,18.43626
1299,15.104651162790697,1840.0,-50.5439453125,1.02379,26.321089
1300,15.116279069767442,1831.0,-59.5439453125,-3.12812,31.605713
1301,15.127906976744185,1838.0,-52.5439453125,-6.930967,34.062794
1302,15.139534883720929,1811.0,-79.5439453125,-9.801008,33.603844
1303,15.151162790697676,1820.0,-70.5439453125,-11.362917,30.283346
1304,15.162790697674419,1808.0,-82.5439453125,-11.587705,24.246426
1305,15.174418604651162,1811.0,-79.5439453125,-10.649068,15.896018
1306,15.186046511627907,1807.0,-83.5439453125,-8.834125,5.918391
1307,15.19767441860465,1808.0,-82.5439453125,-6.386246,-4.671217
1308,15.209302325581396,1810.0,-80.5439453125,-3.472766,-14.690621
1309,15.22093023255814,1808.0,-82.5439453125,-0.171379,-22.907591
1310,15.232558139534884,1822.0,-68.5439453125,3.421026,-28.346832
1311,15.244186046511627,1813.0,-77.5439453125,7.105238,-30.417063
1312,15.25581395348837,1837.0,-53.5439453125,10.534323,-29.062033
1313,15.267441860465116,1829.0,-61.5439453125,13.22345,-24.674271
1314,15.279069767441861,1856.0,-34.5439453125,14.65864,-18.048903
1315,15.290697674418604,1845.0,-45.5439453125,14.415783,-10.14028
1316,15.30232558139535,1870.0,-20.5439453125,12.327987,-1.926077
1317,15.313953488372093,1863.0,-27.5439453125,8.540834,5.730074
1318,15.325581395348836,1874.0,-16.5439453125,3.561003,12.200665
1319,15.337209302325583,1871.0,-19.5439453125,-1.86369,17.062595
1320,15.348837209302326,1857.0,-33.5439453125,-6.890951,20.143753
1321,15.36046511627907,1869.0,-21.5439453125,-10.781723,21.368694
1322,15.372093023255815,1855.0,-35.5439453125,-13.084702,20.795601
1323,15.383720930232558,1857.0,-33.5439453125,-13.706011,18.471346
1324,15.395348837209301,1842.0,-48.5439453125,-12.838167,14.589796
1325,15.406976744186046,1850.0,-40.5439453125,-10.890949,9.372019
1326,15.418604651162791,1840.0,-50.5439453125,-8.276726,3.252873
1327,15.430232558139535,1840.0,-50.5439453125,-5.342071,-3.208863
1328,15.441860465116278,1840.0,-50.5439453125,-2.264203,-9.286269
1329,15.453488372093023,1840.0,-50.5439453125,0.852937,-14.211956
1330,15.465116279069768,1857.0,-33.5439453125,3.936884,-17.317074
1331,15.476744186046512,1840.0,-50.5439453125,6.784903,-18.162724
1332,15.488372093023257,1853.0,-37.5439453125,9.155578,-16.646809
1333,15.5,1853.0,-37.5439453125,10.721469,-13.030038
1334,15.511627906976743,1853.0,-37.5439453125,11.218528,-7.958167
1335,15.523255813953488,1853.0,-37.5439453125,10.542435,-2.243152
1336,15.534883720930234,1846.0,-44.5439453125,8.774627,3.185826
1337,15.546511627906977,1855.0,-35.5439453125,6.198987,7.559541
1338,15.55813953488372,1854.0,-36.5439453125,3.198887,10.34875
1339,15.569767441860465,1850.0,-40.5439453125,0.177429,11.352411
1340,15.581395348837209,1854.0,-36.5439453125,-2.503209,10.753083
1341,15.593023255813954,1860.0,-30.5439453125,-4.587175,8.924522
1342,15.604651162790699,1850.0,-40.5439453125,-5.977742,6.376649
1343,15.616279069767442,1847.0,-43.5439453125,-6.649319,3.564882
1344,15.627906976744185,1835.0,-55.5439453125,-6.685877,0.875805
1345,15.63953488372093,1841.0,-49.5439453125,-6.209885,-1.494894
1346,15.651162790697674,1824.0,-66.5439453125,-5.42602,-3.452052
1347,15.662790697674417,1831.0,-59.5439453125,-4.421636,-4.87187
1348,15.674418604651162,1808.0,-82.5439453125,-3.323238,-5.660521
1349,15.686046511627906,1817.0,-73.5439453125,-2.136579,-5.635995
1350,15.697674418604652,1808.0,-82.5439453125,-0.925153,-4.776218
1351,15.709302325581396,1807.0,-83.5439453125,0.240248,-3.138272
1352,15.72093023255814,1807.0,-83.5439453125,1.200886,-1.066334
1353,15.732558139534884,1808.0,-82.5439453125,1.754319,0.989494
1354,15.744186046511627,1808.0,-82.5439453125,1.772539,2.507856
1355,15.755813953488373,1809.0,-81.5439453125,1.318256,3.223281
1356,15.767441860465116,1809.0,-81.5439453125,0.701974,3.130646
1357,15.77906976744186,1808.0,-82.5439453125,0.412696,2.574458
1358,15.790697674418604,1815.0,-75.5439453125,0.956814,2.019194
1359,15.802325581395348,1819.0,-71.5439453125,2.580087,1.83597
1360,15.813953488372091,1823.0,-67.5439453125,5.087174,2.103607
1361,15.82558139534884,1819.0,-71.5439453125,7.815658,2.497125
1362,15.837209302325583,1830.0,-60.5439453125,9.84418,2.541558
1363,15.848837209302326,1830.0,-60.5439453125,10.311471,1.734972
1364,15.86046511627907,1833.0,-57.5439453125,8.782805,-0.026702
1365,15.872093023255815,1834.0,-56.5439453125,5.459737,-2.444264
1366,15.883720930232558,1840.0,-50.5439453125,1.046145,-4.833638
1367,15.895348837209301,1840.0,-50.5439453125,-3.457625,-6.430874
1368,15.906976744186046,1840.0,-50.5439453125,-7.193088,-6.699117
1369,15.91860465116279,1840.0,-50.5439453125,-9.731727,-5.594261
1370,15.930232558139533,1836.0,-54.5439453125,-11.123259,-3.557616
1371,15.941860465116278,1839.0,-51.5439453125,-11.729829,-1.277726
1372,15.953488372093025,1831.0,-59.5439453125,-11.870863,0.600815
1373,15.965116279069768,1833.0,-57.5439453125,-11.60658,1.809146
1374,15.976744186046513,1829.0,-61.5439453125,-10.628141,2.466036
1375,15.988372093023257,1833.0,-57.5439453125,-8.473726,3.007829
1376,16.0,1831.0,-59.5439453125,-4.798167,3.854309
1377,16.011627906976745,1830.0,-60.5439453125,0.276317,5.157432
1378,16.023255813953487,1837.0,-53.5439453125,6.117724,6.674006
1379,16.03488372093023,1834.0,-56.5439453125,11.683694,7.836538
1380,16.046511627906977,1835.0,-55.5439453125,15.891258,8.035517
1381,16.05813953488372,1839.0,-51.5439453125,17.970495,6.888583
1382,16.069767441860463,1835.0,-55.5439453125,17.649782,4.415694
1383,16.081395348837212,1831.0,-59.5439453125,15.216191,1.025256
1384,16.093023255813954,1819.0,-71.5439453125,11.247703,-2.664312
1385,16.1046511627907,1823.0,-67.5439453125,6.467811,-6.013682
1386,16.116279069767444,1813.0,-77.5439453125,1.432573,-8.604468
1387,16.127906976744185,1818.0,-72.5439453125,-3.391828,-10.217634
1388,16.13953488372093,1827.0,-63.5439453125,-7.65459,-10.802381
1389,16.151162790697676,1808.0,-82.5439453125,-10.995129,-10.348669
1390,16.162790697674417,1817.0,-73.5439453125,-12.999854,-8.79358
1391,16.174418604651162,1811.0,-79.5439453125,-13.367666,-6.11129
1392,16.186046511627907,1822.0,-68.5439453125,-12.003075,-2.399958
1393,16.19767441860465,1821.0,-69.5439453125,-9.238856,1.954437
1394,16.209302325581397,1813.0,-77.5439453125,-5.762924,6.265141
1395,16.220930232558143,1826.0,-64.5439453125,-2.423751,9.735744
1396,16.232558139534884,1830.0,-60.5439453125,0.027819,11.624054
1397,16.24418604651163,1829.0,-61.5439453125,1.236151,11.563767
1398,16.25581395348837,1829.0,-61.5439453125,1.383444,9.701114
1399,16.267441860465116,1834.0,-56.5439453125,1.084625,6.664132
1400,16.27906976744186,1835.0,-55.5439453125,1.088905,3.339789
1401,16.290697674418603,1833.0,-57.5439453125,1.960255,0.525538
1402,16.302325581395348,1827.0,-63.5439453125,3.804081,-1.286479
1403,16.313953488372093,1830.0,-60.5439453125,6.243863,-2.090162
1404,16.325581395348834,1830.0,-60.5439453125,8.536328,-2.265593
1405,16.337209302325583,1827.0,-63.5439453125,9.903502,-2.363412
1406,16.348837209302328,1838.0,-52.5439453125,9.814925,-2.849414
1407,16.36046511627907,1826.0,-64.5439453125,8.14843,-3.910839
1408,16.372093023255815,1845.0,-45.5439453125,5.276456,-5.347486
1409,16.38372093023256,1840.0,-50.5439453125,1.797344,-6.759466
1410,16.3953488372093,1859.0,-31.5439453125,-1.576863,-7.633102
1411,16.406976744186046,1852.0,-38.5439453125,-4.315525,-7.569425
1412,16.41860465116279,1867.0,-23.5439453125,-6.112745,-6.370378
1413,16.430232558139533,1871.0,-19.5439453125,-6.949039,-4.106523
1414,16.441860465116278,1872.0,-18.5439453125,-6.969855,-1.047248
1415,16.453488372093023,1872.0,-18.5439453125,-6.412461,2.377953
1416,16.46511627906977,1872.0,-18.5439453125,-5.491693,5.700007
1417,16.476744186046513,1872.0,-18.5439453125,-4.391946,8.437605
1418,16.48837209302326,1872.0,-18.5439453125,-3.225502,10.216499
1419,16.5,1872.0,-18.5439453125,-2.076188,10.797565
1420,16.511627906976745,1859.0,-31.5439453125,-1.006309,10.128588
1421,16.52325581395349,1868.0,-22.5439453125,-0.012456,8.386999
1422,16.53488372093023,1845.0,-45.5439453125,0.882931,5.866785
1423,16.546511627906977,1854.0,-36.5439453125,1.724467,2.992552
1424,16.558139534883722,1830.0,-60.5439453125,2.508664,0.106686
1425,16.569767441860463,1840.0,-50.5439453125,3.251628,-2.51757
1426,16.58139534883721,1812.0,-78.5439453125,3.891068,-4.781159
1427,16.59302325581395,1820.0,-70.5439453125,4.396201,-6.616775
1428,16.6046511627907,1808.0,-82.5439453125,4.682026,-8.010265
1429,16.616279069767444,1809.0,-81.5439453125,4.704291,-8.870609
1430,16.627906976744185,1808.0,-82.5439453125,4.403451,-9.071199
1431,16.63953488372093,1806.0,-84.5439453125,3.760952,-8.493055
1432,16.651162790697676,1821.0,-69.5439453125,2.714608,-7.144789
1433,16.662790697674417,1813.0,-77.5439453125,1.221613,-5.21195
1434,16.674418604651162,1840.0,-50.5439453125,-0.691717,-2.985369
1435,16.686046511627907,1830.0,-60.5439453125,-2.914861,-0.820861
1436,16.69767441860465,1855.0,-35.5439453125,-5.122531,1.107937
1437,16.709302325581394,1834.0,-56.5439453125,-6.881275,2.798857
1438,16.72093023255814,1872.0,-18.5439453125,-7.618556,4.526005
1439,16.732558139534884,1867.0,-23.5439453125,-6.967919,6.526133
1440,16.74418604651163,1870.0,-20.5439453125,-4.807331,8.909134
1441,16.755813953488374,1871.0,-19.5439453125,-1.489227,11.407713
1442,16.767441860465116,1859.0,-31.5439453125,2.273379,13.410736
1443,16.77906976744186,1865.0,-25.5439453125,5.532976,14.126999
1444,16.790697674418606,1843.0,-47.5439453125,7.449867,12.879612
1445,16.802325581395348,1852.0,-38.5439453125,7.551975,9.436289
1446,16.813953488372093,1827.0,-63.5439453125,5.908975,4.147418
1447,16.825581395348838,1834.0,-56.5439453125,3.101587,-2.089503
1448,16.83720930232558,1815.0,-75.5439453125,-0.037419,-8.150031
1449,16.848837209302324,1820.0,-70.5439453125,-2.68765,-13.000093
1450,16.86046511627907,1811.0,-79.5439453125,-4.397078,-16.044029
1451,16.872093023255815,1809.0,-81.5439453125,-5.08014,-17.161108
1452,16.88372093023256,1819.0,-71.5439453125,-5.010057,-16.613668
1453,16.8953488372093,1815.0,-75.5439453125,-4.567225,-14.831621
1454,16.906976744186046,1839.0,-51.5439453125,-4.007335,-12.127539
1455,16.91860465116279,1829.0,-61.5439453125,-3.344308,-8.650146
1456,16.930232558139533,1846.0,-44.5439453125,-2.342354,-4.370918
1457,16.941860465116278,1842.0,-48.5439453125,-0.7369,0.661679
1458,16.953488372093023,1856.0,-34.5439453125,1.607576,6.211873
1459,16.965116279069765,1853.0,-37.5439453125,4.48776,11.717525
1460,16.97674418604651,1853.0,-37.5439453125,7.445646,16.446951
1461,16.98837209302326,1853.0,-37.5439453125,9.804339,19.617851
1462,17.0,1845.0,-45.5439453125,10.953668,20.667858
1463,17.011627906976745,1851.0,-39.5439453125,10.527273,19.413067
1464,17.02325581395349,1826.0,-64.5439453125,8.466362,15.998693
1465,17.03488372093023,1841.0,-49.5439453125,5.091738,10.922379
1466,17.046511627906977,1834.0,-56.5439453125,0.883072,4.768148
1467,17.058139534883722,1835.0,-55.5439453125,-3.55026,-1.799295
1468,17.069767441860463,1825.0,-65.5439453125,-7.63509,-8.115218
1469,17.08139534883721,1824.0,-66.5439453125,-10.875561,-13.539308
1470,17.093023255813954,1825.0,-65.5439453125,-12.893178,-17.441515
1471,17.104651162790695,1831.0,-59.5439453125,-13.437955,-19.321854
1472,17.116279069767444,1808.0,-82.5439453125,-12.477504,-18.947556
1473,17.12790697674419,1813.0,-77.5439453125,-10.137476,-16.421482
1474,17.13953488372093,1825.0,-65.5439453125,-6.794109,-12.27014
1475,17.151162790697676,1823.0,-67.5439453125,-2.970407,-7.30248
1476,17.16279069767442,1831.0,-59.5439453125,0.752424,-2.407811
1477,17.174418604651162,1826.0,-64.5439453125,3.924159,1.764811
1478,17.186046511627907,1845.0,-45.5439453125,6.308598,4.919547
1479,17.19767441860465,1840.0,-50.5439453125,7.944575,7.217595
1480,17.209302325581394,1857.0,-33.5439453125,9.091736,9.04786
1481,17.22093023255814,1851.0,-39.5439453125,10.032416,10.792654
1482,17.23255813953488,1869.0,-21.5439453125,10.952683,12.562275
1483,17.24418604651163,1877.0,-13.5439453125,11.761333,14.106264
1484,17.255813953488374,1871.0,-19.5439453125,12.103818,14.849017
1485,17.267441860465116,1869.0,-21.5439453125,11.503743,14.205376
1486,17.27906976744186,1870.0,-20.5439453125,9.548953,11.79352
1487,17.290697674418606,1871.0,-19.5439453125,6.081736,7.67132
1488,17.302325581395348,1863.0,-27.5439453125,1.32188,2.340516
1489,17.313953488372093,1867.0,-23.5439453125,-4.145371,-3.38426
1490,17.325581395348838,1856.0,-34.5439453125,-9.545624,-8.635902
1491,17.33720930232558,1861.0,-29.5439453125,-14.109185,-12.75058
1492,17.348837209302324,1855.0,-35.5439453125,-17.266756,-15.356327
1493,17.36046511627907,1850.0,-40.5439453125,-18.745996,-16.415962
1494,17.372093023255815,1839.0,-51.5439453125,-18.55139,-16.056749
1495,17.38372093023256,1845.0,-45.5439453125,-16.845888,-14.474405
1496,17.395348837209305,1840.0,-50.5439453125,-13.848765,-11.815302
1497,17.406976744186046,1840.0,-50.5439453125,-9.73754,-8.1809
1498,17.41860465116279,1839.0,-51.5439453125,-4.664879,-3.686296
1499,17.430232558139537,1838.0,-52.5439453125,1.172418,1.44075
1500,17.441860465116278,1847.0,-43.5439453125,7.431171,6.783401
1501,17.453488372093023,1840.0,-50.5439453125,13.564445,11.768816
1502,17.46511627906977,1859.0,-31.5439453125,18.875582,15.727705
1503,17.47674418604651,1854.0,-36.5439453125,22.602419,18.031868
1504,17.488372093023255,1872.0,-18.5439453125,24.137825,18.246611
1505,17.5,1865.0,-25.5439453125,23.140471,16.237629
1506,17.511627906976745,1873.0,-17.5439453125,19.669306,12.228384
1507,17.52325581395349,1871.0,-19.5439453125,14.124277,6.757111
1508,17.53488372093023,1873.0,-17.5439453125,7.193769,0.611515
1509,17.546511627906977,1875.0,-15.5439453125,-0.325373,-5.352196
1510,17.558139534883722,1862.0,-28.5439453125,-7.660823,-10.359759
1511,17.569767441860463,1872.0,-18.5439453125,-14.112062,-13.825272
1512,17.58139534883721,1855.0,-35.5439453125,-19.163179,-15.455747
1513,17.593023255813954,1859.0,-31.5439453125,-22.396675,-15.22407
1514,17.604651162790695,1841.0,-49.5439453125,-23.564695,-13.313633
1515,17.61627906976744,1850.0,-40.5439453125,-22.488613,-9.999811
1516,17.62790697674419,1835.0,-55.5439453125,-19.210354,-5.616609
1517,17.63953488372093,1840.0,-50.5439453125,-13.956869,-0.545628
1518,17.651162790697676,1826.0,-64.5439453125,-7.23511,4.763159
1519,17.66279069767442,1830.0,-60.5439453125,0.157824,9.662624
1520,17.674418604651162,1826.0,-64.5439453125,7.246643,13.403206
1521,17.686046511627907,1822.0,-68.5439453125,13.025801,15.204793
1522,17.697674418604652,1833.0,-57.5439453125,16.731924,14.54307
1523,17.709302325581394,1827.0,-63.5439453125,17.989834,11.328981
1524,17.72093023255814,1841.0,-49.5439453125,16.948719,6.04884
1525,17.732558139534884,1837.0,-53.5439453125,14.22439,-0.256773
1526,17.744186046511626,1856.0,-34.5439453125,10.73182,-6.2783
1527,17.755813953488374,1853.0,-37.5439453125,7.332246,-10.786281
1528,17.76744186046512,1863.0,-27.5439453125,4.62056,-13.006775
1529,17.77906976744186,1854.0,-36.5439453125,2.737902,-12.79213
1530,17.790697674418606,1872.0,-18.5439453125,1.44526,-10.533197
1531,17.802325581395348,1870.0,-20.5439453125,0.242298,-7.03633
1532,17.813953488372093,1878.0,-12.5439453125,-1.327907,-3.091496
1533,17.825581395348838,1874.0,-16.5439453125,-3.477694,0.642972
1534,17.83720930232558,1879.0,-11.5439453125,-6.064877,3.860364
1535,17.848837209302324,1877.0,-13.5439453125,-8.700456,6.397252
1536,17.86046511627907,1882.0,-8.5439453125,-10.863705,8.253078
1537,17.87209302325581,1878.0,-12.5439453125,-12.176148,9.308808
1538,17.883720930232556,1881.0,-9.5439453125,-12.412354,9.490093
1539,17.895348837209305,1873.0,-17.5439453125,-11.597017,8.707285
1540,17.906976744186046,1856.0,-34.5439453125,-9.837516,7.054854
1541,17.91860465116279,1859.0,-31.5439453125,-7.281681,4.819307
1542,17.930232558139537,1848.0,-42.5439453125,-4.067041,2.359315
1543,17.941860465116278,1851.0,-39.5439453125,-0.341819,0.048956
1544,17.953488372093023,1841.0,-49.5439453125,3.623138,-1.992793
1545,17.96511627906977,1847.0,-43.5439453125,7.429056,-3.812389
1546,17.97674418604651,1847.0,-43.5439453125,10.555138,-5.659943
1547,17.988372093023255,1845.0,-45.5439453125,12.513631,-7.673896
1548,18.0,1847.0,-43.5439453125,13.025428,-9.782493
1549,18.01162790697674,1847.0,-43.5439453125,12.142773,-11.570383
1550,18.02325581395349,1853.0,-37.5439453125,10.22281,-12.412986
1551,18.034883720930235,1847.0,-43.5439453125,7.835688,-11.697298
1552,18.046511627906977,1849.0,-41.5439453125,5.490132,-9.097961
1553,18.058139534883722,1840.0,-50.5439453125,3.501361,-4.764571
1554,18.069767441860467,1843.0,-47.5439453125,1.843453,0.724387
1555,18.08139534883721,1844.0,-46.5439453125,0.285798,6.459421
1556,18.093023255813954,1840.0,-50.5439453125,-1.525883,11.506736
1557,18.104651162790695,1847.0,-43.5439453125,-3.763971,15.128231
1558,18.11627906976744,1840.0,-50.5439453125,-6.382619,16.924883
1559,18.127906976744185,1840.0,-50.5439453125,-9.048546,16.829079
1560,18.139534883720927,1845.0,-45.5439453125,-11.28108,15.04479
1561,18.151162790697676,1840.0,-50.5439453125,-12.637465,11.896886
1562,18.16279069767442,1850.0,-40.5439453125,-12.782336,7.799922
1563,18.174418604651162,1850.0,-40.5439453125,-11.659145,3.174986
1564,18.186046511627907,1851.0,-39.5439453125,-9.355615,-1.553123
1565,18.197674418604652,1847.0,-43.5439453125,-6.155694,-5.962499
1566,18.209302325581394,1855.0,-35.5439453125,-2.350744,-9.697263
1567,18.22093023255814,1853.0,-37.5439453125,1.640923,-12.556536
1568,18.232558139534884,1851.0,-39.5439453125,5.466057,-14.467836
1569,18.244186046511626,1847.0,-43.5439453125,8.738259,-15.466605
1570,18.25581395348837,1843.0,-47.5439453125,11.119255,-15.634464
1571,18.267441860465116,1846.0,-44.5439453125,12.383718,-14.972489
1572,18.27906976744186,1837.0,-53.5439453125,12.432078,-13.38672
1573,18.290697674418606,1845.0,-45.5439453125,11.408693,-10.679279
1574,18.30232558139535,1831.0,-59.5439453125,9.550933,-6.715707
1575,18.313953488372093,1838.0,-52.5439453125,7.253327,-1.530099
1576,18.325581395348838,1835.0,-55.5439453125,4.812386,4.52973
1577,18.337209302325583,1835.0,-55.5439453125,2.457808,10.810819
1578,18.348837209302324,1840.0,-50.5439453125,0.236626,16.488144
1579,18.36046511627907,1835.0,-55.5439453125,-1.898572,20.731842
1580,18.372093023255815,1851.0,-39.5439453125,-4.011919,22.9632
1581,18.383720930232556,1840.0,-50.5439453125,-6.132661,22.909967
1582,18.3953488372093,1859.0,-31.5439453125,-8.095735,20.713032
1583,18.406976744186046,1854.0,-36.5439453125,-9.672495,16.747829
1584,18.41860465116279,1866.0,-24.5439453125,-10.497283,11.550563
1585,18.430232558139537,1867.0,-23.5439453125,-10.316833,5.62547
1586,18.441860465116278,1872.0,-18.5439453125,-8.99528,-0.615911
1587,18.453488372093023,1877.0,-13.5439453125,-6.661017,-6.854954
1588,18.46511627906977,1871.0,-19.5439453125,-3.660493,-12.845577
1589,18.47674418604651,1872.0,-18.5439453125,-0.501953,-18.29323
1590,18.488372093023255,1861.0,-29.5439453125,2.265927,-22.863853
1591,18.5,1866.0,-24.5439453125,4.241395,-26.117153
1592,18.51162790697674,1846.0,-44.5439453125,5.220553,-27.615822
1593,18.523255813953487,1854.0,-36.5439453125,5.360389,-26.896599
1594,18.534883720930235,1834.0,-56.5439453125,4.971779,-23.67741
1595,18.546511627906977,1839.0,-51.5439453125,4.561754,-17.841608
1596,18.558139534883722,1835.0,-55.5439453125,4.526941,-9.579046
1597,18.569767441860467,1827.0,-63.5439453125,5.048871,0.509239
1598,18.58139534883721,1833.0,-57.5439453125,5.983523,11.47086
1599,18.593023255813954,1827.0,-63.5439453125,6.873813,21.97921
1600,18.6046511627907,1841.0,-49.5439453125,7.127295,30.598194
1601,18.61627906976744,1838.0,-52.5439453125,6.212476,35.994835
1602,18.627906976744185,1855.0,-35.5439453125,3.867691,37.235031
1603,18.63953488372093,1851.0,-39.5439453125,0.248848,34.052021
1604,18.651162790697672,1873.0,-17.5439453125,-3.998104,26.979603
1605,18.66279069767442,1863.0,-27.5439453125,-7.992023,17.209209
1606,18.674418604651166,1889.0,-1.5439453125,-10.755651,6.351812
1607,18.686046511627907,1881.0,-9.5439453125,-11.645335,-4.02698
1608,18.697674418604652,1899.0,8.4560546875,-10.412714,-12.702598
1609,18.709302325581397,1891.0,0.4560546875,-7.417589,-19.082308
1610,18.72093023255814,1899.0,8.4560546875,-3.388943,-23.131157
1611,18.732558139534884,1902.0,11.4560546875,0.704475,-25.218828
1612,18.744186046511626,1888.0,-2.5439453125,4.005301,-25.795584
1613,18.75581395348837,1885.0,-5.5439453125,6.0023,-25.110023
1614,18.767441860465116,1860.0,-30.5439453125,6.561266,-23.160181
1615,18.779069767441857,1882.0,-8.5439453125,5.948737,-19.729776
1616,18.790697674418606,1860.0,-30.5439453125,4.554834,-14.708807
1617,18.80232558139535,1865.0,-25.5439453125,2.827953,-8.218092
1618,18.813953488372093,1853.0,-37.5439453125,1.043682,-0.799235
1619,18.825581395348838,1856.0,-34.5439453125,-0.632338,6.721884
1620,18.837209302325583,1856.0,-34.5439453125,-2.157834,13.409134
1621,18.848837209302324,1866.0,-24.5439453125,-3.452359,18.519878
1622,18.86046511627907,1870.0,-20.5439453125,-4.378839,21.678122
1623,18.872093023255815,1859.0,-31.5439453125,-4.730982,22.882977
1624,18.883720930232556,1879.0,-11.5439453125,-4.294881,22.417126
1625,18.8953488372093,1872.0,-18.5439453125,-2.993924,20.603413
1626,18.906976744186046,1890.0,-0.5439453125,-0.919608,17.678341
1627,18.91860465116279,1887.0,-3.5439453125,1.607383,13.700143
1628,18.930232558139537,1893.0,2.4560546875,4.158624,8.686546
1629,18.94186046511628,1894.0,3.4560546875,6.276974,2.760879
1630,18.953488372093023,1892.0,1.4560546875,7.626765,-3.690546
1631,18.96511627906977,1893.0,2.4560546875,8.014818,-10.014202
1632,18.976744186046513,1890.0,-0.5439453125,7.453635,-15.364221
1633,18.988372093023255,1904.0,13.4560546875,6.06996,-18.95793
1634,19.0,1888.0,-2.5439453125,4.064988,-20.29208
1635,19.011627906976745,1889.0,-1.5439453125,1.668004,-19.271593
1636,19.023255813953487,1890.0,-0.5439453125,-0.897834,-16.215509
1637,19.03488372093023,1887.0,-3.5439453125,-3.449304,-11.785157
1638,19.046511627906973,1882.0,-8.5439453125,-5.830426,-6.765517
1639,19.058139534883722,1871.0,-19.5439453125,-7.905533,-1.914467
1640,19.069767441860467,1879.0,-11.5439453125,-9.567103,2.185316
1641,19.08139534883721,1875.0,-15.5439453125,-10.691608,5.161631
1642,19.093023255813954,1878.0,-12.5439453125,-11.148716,6.894588
1643,19.1046511627907,1882.0,-8.5439453125,-10.74556,7.480713
1644,19.11627906976744,1873.0,-17.5439453125,-9.322625,7.176429
1645,19.127906976744185,1876.0,-14.5439453125,-6.723595,6.355395
1646,19.13953488372093,1872.0,-18.5439453125,-2.990968,5.392106
1647,19.151162790697672,1872.0,-18.5439453125,1.633028,4.588032
1648,19.162790697674417,1866.0,-24.5439453125,6.62107,4.090035
1649,19.174418604651162,1872.0,-18.5439453125,11.299858,3.894125
1650,19.186046511627907,1863.0,-27.5439453125,14.947922,3.850551
1651,19.197674418604652,1861.0,-29.5439453125,17.004641,3.78089
1652,19.209302325581397,1859.0,-31.5439453125,17.216713,3.572733
1653,19.22093023255814,1859.0,-31.5439453125,15.629202,3.19633
1654,19.232558139534884,1871.0,-19.5439453125,12.573174,2.71414
1655,19.24418604651163,1861.0,-29.5439453125,8.448553,2.18297
1656,19.25581395348837,1873.0,-17.5439453125,3.719285,1.628922
1657,19.267441860465116,1871.0,-19.5439453125,-1.260013,0.98313
1658,19.27906976744186,1884.0,-6.5439453125,-6.13503,0.151439
1659,19.290697674418603,1879.0,-11.5439453125,-10.595967,-0.994344
1660,19.302325581395348,1883.0,-7.5439453125,-14.235076,-2.433243
1661,19.313953488372096,1890.0,-0.5439453125,-16.66255,-4.090416
1662,19.325581395348838,1894.0,3.4560546875,-17.57246,-5.802271
1663,19.337209302325583,1895.0,4.4560546875,-16.878952,-7.459878
1664,19.348837209302324,1874.0,-16.5439453125,-14.748408,-8.959614
1665,19.36046511627907,1882.0,-8.5439453125,-11.514315,-10.222709
1666,19.372093023255815,1869.0,-21.5439453125,-7.58888,-11.093288
1667,19.383720930232556,1872.0,-18.5439453125,-3.275683,-11.284721
1668,19.3953488372093,1865.0,-25.5439453125,1.275388,-10.370426
1669,19.406976744186046,1872.0,-18.5439453125,6.023688,-7.909118
1670,19.418604651162788,1859.0,-31.5439453125,10.812545,-3.754452
1671,19.430232558139533,1856.0,-34.5439453125,15.298091,1.879858
1672,19.44186046511628,1872.0,-18.5439453125,18.839449,8.213112
1673,19.453488372093023,1872.0,-18.5439453125,20.636936,14.126163
1674,19.46511627906977,1887.0,-3.5439453125,20.020582,18.411409
1675,19.476744186046513,1880.0,-10.5439453125,16.74721,20.231571
1676,19.488372093023255,1887.0,-3.5439453125,11.214672,19.365154
1677,19.5,1885.0,-5.5439453125,4.364123,16.268982
1678,19.511627906976745,1893.0,2.4560546875,-2.561014,11.84844
1679,19.523255813953487,1891.0,0.4560546875,-8.439261,7.064151
1680,19.53488372093023,1885.0,-5.5439453125,-12.555331,2.622011
1681,19.546511627906977,1886.0,-4.5439453125,-14.745999,-1.252715
1682,19.55813953488372,1874.0,-16.5439453125,-15.282234,-4.687727
1683,19.569767441860467,1881.0,-9.5439453125,-14.600842,-7.979883
1684,19.581395348837212,1872.0,-18.5439453125,-13.066673,-11.241681
1685,19.593023255813954,1870.0,-20.5439453125,-10.816948,-14.290539
1686,19.6046511627907,1861.0,-29.5439453125,-7.865237,-16.647308
1687,19.616279069767444,1865.0,-25.5439453125,-4.233176,-17.773109
1688,19.627906976744185,1856.0,-34.5439453125,-0.189587,-17.321508
1689,19.63953488372093,1856.0,-34.5439453125,3.760951,-15.265879
1690,19.651162790697676,1856.0,-34.5439453125,6.998952,-11.904242
1691,19.662790697674417,1855.0,-35.5439453125,9.006365,-7.667824
1692,19.674418604651162,1861.0,-29.5439453125,9.62199,-2.965642
1693,19.686046511627904,1859.0,-31.5439453125,9.063748,1.984984
1694,19.697674418604652,1879.0,-11.5439453125,7.843615,7.040451
1695,19.709302325581397,1873.0,-17.5439453125,6.443482,12.004274
1696,19.72093023255814,1899.0,8.4560546875,5.176383,16.482082
1697,19.732558139534884,1890.0,-0.5439453125,3.973876,19.812517
1698,19.74418604651163,1913.0,22.4560546875,2.583718,21.264936
1699,19.75581395348837,1906.0,15.4560546875,0.712031,20.261738
1700,19.767441860465116,1917.0,26.4560546875,-1.65402,16.746111
1701,19.77906976744186,1910.0,19.4560546875,-4.170313,11.2358
1702,19.790697674418603,1911.0,20.4560546875,-6.21211,4.806343
1703,19.802325581395348,1920.0,29.4560546875,-7.100781,-1.309187
1704,19.813953488372093,1904.0,13.4560546875,-6.48565,-6.101826
1705,19.825581395348838,1907.0,16.4560546875,-4.433369,-9.102495
1706,19.837209302325583,1887.0,-3.5439453125,-1.519038,-10.469622
1707,19.848837209302328,1894.0,3.4560546875,1.442815,-10.814512
1708,19.86046511627907,1868.0,-22.5439453125,3.633277,-10.888983
1709,19.872093023255815,1875.0,-15.5439453125,4.554026,-11.181057
1710,19.88372093023256,1851.0,-39.5439453125,4.117955,-11.772931
1711,19.8953488372093,1859.0,-31.5439453125,2.614653,-12.288024
1712,19.906976744186046,1845.0,-45.5439453125,0.530934,-12.18128
1713,19.91860465116279,1845.0,-45.5439453125,-1.652173,-10.957179
1714,19.930232558139533,1842.0,-48.5439453125,-3.581095,-8.470186
1715,19.941860465116278,1842.0,-48.5439453125,-5.06451,-4.925891
1716,19.953488372093023,1851.0,-39.5439453125,-5.993407,-0.829577
1717,19.96511627906977,1847.0,-43.5439453125,-6.265528,3.276144
1718,19.976744186046513,1872.0,-18.5439453125,-5.719292,7.002994
1719,19.988372093023255,1861.0,-29.5439453125,-4.219626,10.181085
1720,20.0,1894.0,3.4560546875,-1.687268,12.898044
1721,20.011627906976745,1881.0,-9.5439453125,1.723158,15.227821
1722,20.023255813953487,1910.0,19.4560546875,5.628672,17.162395
1723,20.03488372093023,1904.0,13.4560546875,9.412434,18.398447
1724,20.046511627906977,1925.0,34.4560546875,12.364035,18.460567
1725,20.05813953488372,1919.0,28.4560546875,13.823209,16.770445
1726,20.069767441860463,1910.0,19.4560546875,13.36661,12.980122
1727,20.081395348837212,1920.0,29.4560546875,10.896351,7.109067
1728,20.093023255813954,1904.0,13.4560546875,6.650128,-0.355986
1729,20.1046511627907,1904.0,13.4560546875,1.177431,-8.500031
1730,20.116279069767444,1873.0,-17.5439453125,-4.770096,-16.204924
1731,20.127906976744185,1899.0,8.4560546875,-10.323685,-22.317169
1732,20.13953488372093,1872.0,-18.5439453125,-14.716137,-26.029612
1733,20.151162790697676,1874.0,-16.5439453125,-17.324774,-26.883194
1734,20.162790697674417,1866.0,-24.5439453125,-17.775839,-24.879448
1735,20.174418604651162,1867.0,-23.5439453125,-16.046753,-20.405884
1736,20.186046511627907,1873.0,-17.5439453125,-12.388282,-14.078926
1737,20.19767441860465,1865.0,-25.5439453125,-7.376595,-6.706188
1738,20.209302325581397,1883.0,-7.5439453125,-1.695572,0.932365
1739,20.220930232558143,1873.0,-17.5439453125,3.857345,8.023305
1740,20.232558139534884,1904.0,13.4560546875,8.635238,13.933109
1741,20.24418604651163,1891.0,0.4560546875,12.137601,18.146229
1742,20.255813953488374,1909.0,18.4560546875,14.159842,20.45706
1743,20.267441860465116,1906.0,15.4560546875,14.748751,20.919796
1744,20.27906976744186,1929.0,38.4560546875,14.140436,19.856821
1745,20.290697674418603,1921.0,30.4560546875,12.695928,17.763639
1746,20.302325581395348,1924.0,33.4560546875,10.732232,15.101774
1747,20.313953488372093,1927.0,36.4560546875,8.459696,12.183647
1748,20.325581395348834,1918.0,27.4560546875,5.884039,9.004791
1749,20.33720930232558,1923.0,32.4560546875,2.906052,5.374852
1750,20.348837209302328,1899.0,8.4560546875,-0.636057,0.980983
1751,20.36046511627907,1914.0,23.4560546875,-4.723234,-4.25046
1752,20.372093023255815,1877.0,-13.5439453125,-9.156894,-10.11733
1753,20.38372093023256,1889.0,-1.5439453125,-13.430728,-15.957532
1754,20.3953488372093,1871.0,-19.5439453125,-16.866306,-20.878777
1755,20.406976744186046,1869.0,-21.5439453125,-18.778833,-23.975849
1756,20.41860465116279,1858.0,-32.5439453125,-18.670477,-24.622772
1757,20.430232558139533,1847.0,-43.5439453125,-16.42564,-22.712252
1758,20.441860465116278,1862.0,-28.5439453125,-12.323573,-18.599686
1759,20.453488372093023,1859.0,-31.5439453125,-7.016645,-13.056976
1760,20.465116279069765,1872.0,-18.5439453125,-1.289127,-6.896435
1761,20.476744186046513,1867.0,-23.5439453125,4.123422,-0.826189
1762,20.48837209302326,1889.0,-1.5439453125,8.734241,4.789555
1763,20.5,1881.0,-9.5439453125,12.334202,9.830617
1764,20.511627906976745,1911.0,20.4560546875,14.946644,14.325136
1765,20.52325581395349,1901.0,10.4560546875,16.633844,18.197277
1766,20.53488372093023,1932.0,41.4560546875,17.470474,21.269268
1767,20.546511627906977,1919.0,28.4560546875,17.355577,23.154785
1768,20.558139534883722,1939.0,48.4560546875,16.160027,23.484856
1769,20.569767441860463,1936.0,45.4560546875,13.711141,21.974575
1770,20.58139534883721,1940.0,49.4560546875,10.014796,18.616379
1771,20.59302325581395,1942.0,51.4560546875,5.267502,13.672157
1772,20.6046511627907,1942.0,51.4560546875,-0.125899,7.580971
1773,20.616279069767444,1946.0,55.4560546875,-5.626626,0.88828
1774,20.627906976744185,1938.0,47.4560546875,-10.729254,-5.934684
1775,20.63953488372093,1941.0,50.4560546875,-15.009433,-12.463014
1776,20.651162790697676,1929.0,38.4560546875,-18.227036,-18.343431
1777,20.662790697674417,1932.0,41.4560546875,-20.248211,-23.20892
1778,20.674418604651162,1914.0,23.4560546875,-21.039507,-26.673344
1779,20.686046511627907,1923.0,32.4560546875,-20.501581,-28.285275
1780,20.69767441860465,1906.0,15.4560546875,-18.545189,-27.683369
1781,20.709302325581394,1914.0,23.4560546875,-15.032015,-24.655094
1782,20.72093023255814,1913.0,22.4560546875,-9.934599,-19.245697
1783,20.732558139534884,1914.0,23.4560546875,-3.421141,-11.828695
1784,20.74418604651163,1904.0,13.4560546875,4.07999,-3.029396
1785,20.755813953488374,1904.0,13.4560546875,11.840831,6.310754
1786,20.767441860465116,1904.0,13.4560546875,18.951887,15.264592
1787,20.77906976744186,1903.0,12.4560546875,24.444435,22.911715
1788,20.790697674418606,1902.0,11.4560546875,27.533155,28.461216
1789,20.802325581395348,1901.0,10.4560546875,27.748652,31.34096
1790,20.813953488372093,1904.0,13.4560546875,25.06699,31.255606
1791,20.825581395348838,1904.0,13.4560546875,19.903387,28.284756
1792,20.83720930232558,1904.0,13.4560546875,13.011711,22.820793
1793,20.848837209302324,1904.0,13.4560546875,5.319314,15.575172
1794,20.860465116279073,1905.0,14.4560546875,-2.316273,7.35688
1795,20.872093023255815,1904.0,13.4560546875,-9.187917,-0.974144
1796,20.88372093023256,1904.0,13.4560546875,-14.86457,-8.711559
1797,20.8953488372093,1904.0,13.4560546875,-19.128399,-15.330561
1798,20.906976744186046,1905.0,14.4560546875,-21.922834,-20.521599
1799,20.91860465116279,1910.0,19.4560546875,-23.210882,-24.086758
1800,20.930232558139533,1909.0,18.4560546875,-22.96837,-25.908245
1801,20.941860465116278,1895.0,4.4560546875,-21.168407,-25.928833
1802,20.953488372093023,1909.0,18.4560546875,-17.778812,-24.052874
1803,20.965116279069765,1907.0,16.4560546875,-12.959615,-20.38377
1804,20.97674418604651,1914.0,23.4560546875,-7.024565,-15.130125
1805,20.98837209302326,1910.0,19.4560546875,-0.51446,-8.760498
1806,21.0,1915.0,24.4560546875,5.958241,-1.843183
1807,21.011627906976745,1913.0,22.4560546875,11.780432,4.992117
1808,21.02325581395349,1920.0,29.4560546875,16.500116,11.223361
1809,21.03488372093023,1910.0,19.4560546875,19.828522,16.459435
1810,21.046511627906977,1920.0,29.4560546875,21.655481,20.442619
1811,21.058139534883722,1925.0,34.4560546875,21.954073,22.995794
1812,21.069767441860463,1945.0,54.4560546875,20.707775,23.915565
1813,21.08139534883721,1936.0,45.4560546875,17.902397,23.021755
1814,21.093023255813954,1967.0,76.4560546875,13.618935,20.216677
1815,21.104651162790695,1950.0,59.4560546875,8.037711,15.55279
1816,21.116279069767444,1969.0,78.4560546875,1.605074,9.401883
1817,21.12790697674419,1968.0,77.4560546875,-5.04428,2.403871
1818,21.13953488372093,1972.0,81.4560546875,-11.165936,-4.626863
1819,21.151162790697676,1970.0,79.4560546875,-16.06933,-10.886774
1820,21.16279069767442,1955.0,64.4560546875,-19.269505,-15.745426
1821,21.174418604651162,1967.0,76.4560546875,-20.541021,-18.841856
1822,21.186046511627907,1920.0,29.4560546875,-19.972055,-20.138449
1823,21.19767441860465,1936.0,45.4560546875,-17.762438,-19.721439
1824,21.209302325581394,1899.0,8.4560546875,-14.243271,-17.80921
1825,21.22093023255814,1907.0,16.4560546875,-9.750116,-14.639206
1826,21.23255813953488,1882.0,-8.5439453125,-4.667296,-10.505848
1827,21.24418604651163,1889.0,-1.5439453125,0.546828,-5.807081
1828,21.255813953488374,1888.0,-2.5439453125,5.378001,-1.036194
1829,21.267441860465116,1882.0,-8.5439453125,9.285798,3.251743
1830,21.27906976744186,1899.0,8.4560546875,11.915125,6.670007
1831,21.290697674418606,1891.0,0.4560546875,13.127028,9.01434
1832,21.302325581395348,1913.0,22.4560546875,13.130154,10.43442
1833,21.313953488372093,1904.0,13.4560546875,12.329004,11.257017
1834,21.325581395348838,1919.0,28.4560546875,11.151411,11.804219
1835,21.33720930232558,1922.0,31.4560546875,9.836556,12.176376
1836,21.348837209302324,1932.0,41.4560546875,8.310017,12.126157
1837,21.36046511627907,1928.0,37.4560546875,6.310184,11.22835
1838,21.372093023255815,1925.0,34.4560546875,3.545867,9.061946
1839,21.38372093023256,1933.0,42.4560546875,0.033355,5.605613
1840,21.395348837209305,1915.0,24.4560546875,-3.89195,1.249496
1841,21.406976744186046,1925.0,34.4560546875,-7.497975,-3.136086
1842,21.41860465116279,1903.0,12.4560546875,-10.057404,-6.660396
1843,21.430232558139537,1908.0,17.4560546875,-11.045726,-8.657928
1844,21.441860465116278,1904.0,13.4560546875,-10.444975,-9.049776
1845,21.453488372093023,1899.0,8.4560546875,-8.714889,-8.304554
1846,21.46511627906977,1901.0,10.4560546875,-6.557076,-7.174608
1847,21.47674418604651,1893.0,2.4560546875,-4.657318,-6.375205
1848,21.488372093023255,1910.0,19.4560546875,-3.310792,-6.154598
1849,21.5,1904.0,13.4560546875,-2.506876,-6.380674
1850,21.511627906976745,1922.0,31.4560546875,-1.86515,-6.478053
1851,21.52325581395349,1915.0,24.4560546875,-1.068927,-5.96302
1852,21.53488372093023,1936.0,45.4560546875,0.112835,-4.487148
1853,21.546511627906977,1930.0,39.4560546875,1.575612,-2.194789
1854,21.558139534883722,1950.0,59.4560546875,3.117563,0.566438
1855,21.569767441860463,1941.0,50.4560546875,4.467004,3.266834
1856,21.58139534883721,1958.0,67.4560546875,5.489699,5.516811
1857,21.593023255813954,1955.0,64.4560546875,6.188531,7.118581
1858,21.604651162790695,1954.0,63.4560546875,6.611198,8.026632
1859,21.61627906976744,1954.0,63.4560546875,6.789898,8.305722
1860,21.627906976744185,1953.0,62.4560546875,6.60106,7.946157
1861,21.63953488372093,1953.0,62.4560546875,5.969525,7.058983
1862,21.651162790697676,1948.0,57.4560546875,4.843245,5.745411
1863,21.66279069767442,1952.0,61.4560546875,3.374973,4.299751
1864,21.674418604651162,1938.0,47.4560546875,1.825688,3.025881
1865,21.686046511627907,1943.0,52.4560546875,0.479298,2.211316
1866,21.697674418604652,1936.0,45.4560546875,-0.58019,1.84602
1867,21.709302325581394,1941.0,50.4560546875,-1.571448,1.581516
1868,21.72093023255814,1927.0,36.4560546875,-2.911375,0.811791
1869,21.732558139534884,1934.0,43.4560546875,-5.014456,-1.05967
1870,21.744186046511626,1915.0,24.4560546875,-7.958847,-4.259531
1871,21.75581395348837,1918.0,27.4560546875,-11.359102,-8.473013
1872,21.76744186046512,1904.0,13.4560546875,-14.387457,-12.837003
1873,21.77906976744186,1907.0,16.4560546875,-16.058344,-16.236767
1874,21.790697674418606,1893.0,2.4560546875,-15.568453,-17.647053
1875,21.80232558139535,1897.0,6.4560546875,-12.611219,-16.531538
1876,21.813953488372093,1891.0,0.4560546875,-7.473022,-12.948579
1877,21.825581395348838,1890.0,-0.5439453125,-0.864703,-7.45313
1878,21.83720930232558,1903.0,12.4560546875,6.305506,-0.83364
1879,21.848837209302324,1898.0,7.4560546875,13.18791,6.129926
1880,21.86046511627907,1916.0,25.4560546875,19.065805,12.7635
1881,21.87209302325581,1905.0,14.4560546875,23.365425,18.514019
1882,21.883720930232556,1936.0,45.4560546875,25.517759,22.754147
1883,21.895348837209305,1926.0,35.4560546875,24.967077,24.779699
1884,21.906976744186046,1950.0,59.4560546875,21.332685,23.910555
1885,21.91860465116279,1941.0,50.4560546875,14.599169,19.756443
1886,21.930232558139537,1951.0,60.4560546875,5.391443,12.519718
1887,21.941860465116278,1949.0,58.4560546875,-5.064212,3.111694
1888,21.953488372093023,1943.0,52.4560546875,-15.082954,-6.92608
1889,21.96511627906977,1950.0,59.4560546875,-22.997208,-15.836492
1890,21.97674418604651,1939.0,48.4560546875,-27.605299,-22.123205
1891,21.988372093023255,1944.0,53.4560546875,-28.482872,-24.994225
1892,22.0,1920.0,29.4560546875,-25.982786,-24.456757
1893,22.01162790697674,1935.0,44.4560546875,-20.992725,-21.201258
1894,22.02325581395349,1925.0,34.4560546875,-14.543083,-16.197771
1895,22.034883720930235,1934.0,43.4560546875,-7.514471,-10.382148
1896,22.046511627906977,1925.0,34.4560546875,-0.440262,-4.326408
1897,22.058139534883722,1921.0,30.4560546875,6.344705,1.647692
1898,22.069767441860467,1930.0,39.4560546875,12.588897,7.40288
1899,22.08139534883721,1931.0,40.4560546875,17.872332,12.648157
1900,22.093023255813954,1935.0,44.4560546875,21.63048,16.900328
1901,22.1046511627907,1927.0,36.4560546875,23.271166,19.526264
1902,22.11627906976744,1936.0,45.4560546875,22.429165,19.977425
1903,22.127906976744185,1934.0,43.4560546875,19.130409,18.036966
1904,22.139534883720927,1934.0,43.4560546875,13.843599,13.935755
1905,22.151162790697676,1936.0,45.4560546875,7.391369,8.380672
1906,22.16279069767442,1930.0,39.4560546875,0.683316,2.272794
1907,22.174418604651162,1931.0,40.4560546875,-5.442587,-3.456288
1908,22.186046511627907,1922.0,31.4560546875,-10.439939,-8.173615
1909,22.197674418604652,1926.0,35.4560546875,-13.973509,-11.518797
1910,22.209302325581394,1915.0,24.4560546875,-15.964199,-13.470217
1911,22.22093023255814,1921.0,30.4560546875,-16.401939,-14.106858
1912,22.232558139534884,1914.0,23.4560546875,-15.375458,-13.555801
1913,22.244186046511626,1909.0,18.4560546875,-13.032473,-11.901592
1914,22.25581395348837,1904.0,13.4560546875,-9.652559,-9.240887
1915,22.267441860465116,1904.0,13.4560546875,-5.636967,-5.758546
1916,22.27906976744186,1906.0,15.4560546875,-1.485345,-1.770412
1917,22.290697674418606,1901.0,10.4560546875,2.283852,2.251892
1918,22.30232558139535,1913.0,22.4560546875,5.258717,5.796642
1919,22.313953488372093,1911.0,20.4560546875,7.167992,8.37404
1920,22.325581395348838,1922.0,31.4560546875,7.955071,9.673428
1921,22.337209302325583,1923.0,32.4560546875,7.709922,9.607
1922,22.348837209302324,1935.0,44.4560546875,6.652271,8.3156
1923,22.36046511627907,1929.0,38.4560546875,5.050737,6.09958
1924,22.372093023255815,1946.0,55.4560546875,3.246674,3.393909
1925,22.383720930232556,1936.0,45.4560546875,1.564744,0.639675
1926,22.3953488372093,1941.0,50.4560546875,0.349233,-1.716429
1927,22.40697674418605,1938.0,47.4560546875,-0.143588,-3.307829
1928,22.41860465116279,1947.0,56.4560546875,0.204933,-3.907718
1929,22.430232558139537,1941.0,50.4560546875,1.28657,-3.498566
1930,22.441860465116278,1961.0,70.4560546875,2.795887,-2.256988
1931,22.453488372093023,1952.0,61.4560546875,4.187898,-0.65063
1932,22.46511627906977,1974.0,83.4560546875,4.952054,0.832067
1933,22.47674418604651,1967.0,76.4560546875,4.636611,1.668423
1934,22.488372093023255,1984.0,93.4560546875,3.090304,1.598768
1935,22.5,1981.0,90.4560546875,0.419727,0.602886
1936,22.51162790697674,1977.0,86.4560546875,-2.974909,-1.018763
1937,22.523255813953487,1982.0,91.4560546875,-6.537888,-2.788444
1938,22.534883720930235,1964.0,73.4560546875,-9.694276,-4.22097
1939,22.546511627906977,1968.0,77.4560546875,-11.956128,-4.961344
1940,22.558139534883722,1940.0,49.4560546875,-13.010446,-4.901299
1941,22.569767441860467,1951.0,60.4560546875,-12.670768,-4.10176
1942,22.58139534883721,1917.0,26.4560546875,-10.920812,-2.767481
1943,22.593023255813954,1929.0,38.4560546875,-7.851622,-1.096376
1944,22.6046511627907,1905.0,14.4560546875,-3.673772,0.767428
1945,22.61627906976744,1910.0,19.4560546875,1.2462,2.701243
1946,22.627906976744185,1904.0,13.4560546875,6.398335,4.570385
1947,22.63953488372093,1904.0,13.4560546875,11.14124,6.150381
1948,22.651162790697672,1911.0,20.4560546875,14.798382,7.134561
1949,22.66279069767442,1904.0,13.4560546875,16.772503,7.179577
1950,22.674418604651166,1925.0,34.4560546875,16.700621,6.067119
1951,22.686046511627907,1913.0,22.4560546875,14.578271,3.848823
1952,22.697674418604652,1926.0,35.4560546875,10.71964,0.825033
1953,22.709302325581397,1930.0,39.4560546875,5.787433,-2.394131
1954,22.72093023255814,1928.0,37.4560546875,0.516663,-5.191597
1955,22.732558139534884,1931.0,40.4560546875,-4.334909,-6.989202
1956,22.74418604651163,1906.0,15.4560546875,-8.264897,-7.553259
1957,22.75581395348837,1919.0,28.4560546875,-10.953198,-6.875132
1958,22.767441860465116,1888.0,-2.5439453125,-12.379604,-5.266267
1959,22.779069767441857,1898.0,7.4560546875,-12.64238,-3.108843
1960,22.790697674418603,1871.0,-19.5439453125,-11.919952,-0.793199
1961,22.80232558139535,1879.0,-11.5439453125,-10.368562,1.389837
1962,22.813953488372093,1867.0,-23.5439453125,-8.117228,3.258009
1963,22.825581395348838,1870.0,-20.5439453125,-5.320705,4.657101
1964,22.837209302325583,1873.0,-17.5439453125,-2.180315,5.441735
1965,22.848837209302324,1869.0,-21.5439453125,1.001873,5.453821
1966,22.86046511627907,1899.0,8.4560546875,3.911593,4.644744
1967,22.872093023255815,1886.0,-4.5439453125,6.18906,3.030802
1968,22.883720930232556,1923.0,32.4560546875,7.645325,0.89871
1969,22.8953488372093,1911.0,20.4560546875,8.222643,-1.347193
1970,22.906976744186046,1949.0,58.4560546875,8.066978,-3.199087
1971,22.918604651162788,1936.0,45.4560546875,7.395805,-4.281721
1972,22.930232558139537,1968.0,77.4560546875,6.443171,-4.430326
1973,22.94186046511628,1963.0,72.4560546875,5.303192,-3.815711
1974,22.953488372093023,1978.0,87.4560546875,3.965932,-2.809496
1975,22.96511627906977,1971.0,80.4560546875,2.297021,-1.887488
1976,22.976744186046513,1981.0,90.4560546875,0.229209,-1.366256
1977,22.988372093023255,1983.0,92.4560546875,-2.193918,-1.321572
1978,23.0,1974.0,83.4560546875,-4.668176,-1.490505
1979,23.011627906976745,1978.0,87.4560546875,-6.707078,-1.409022
1980,23.023255813953487,1968.0,77.4560546875,-7.748849,-0.574079
1981,23.03488372093023,1986.0,95.4560546875,-7.384174,1.27263
1982,23.046511627906977,1958.0,67.4560546875,-5.549003,4.015382
1983,23.058139534883722,1966.0,75.4560546875,-2.583395,7.122873
1984,23.069767441860467,1939.0,48.4560546875,0.783824,9.774309
1985,23.08139534883721,1950.0,59.4560546875,3.643738,11.061441
1986,23.093023255813954,1927.0,36.4560546875,5.142691,10.267692
1987,23.1046511627907,1925.0,34.4560546875,4.786248,7.124836
1988,23.11627906976744,1913.0,22.4560546875,2.559949,1.913739
1989,23.127906976744185,1919.0,28.4560546875,-1.007805,-4.533969
1990,23.13953488372093,1903.0,12.4560546875,-5.025427,-11.039762
1991,23.151162790697672,1906.0,15.4560546875,-8.409339,-16.27626
1992,23.162790697674417,1890.0,-0.5439453125,-10.22331,-19.134357
1993,23.174418604651162,1894.0,3.4560546875,-9.824034,-18.879433
1994,23.186046511627907,1897.0,6.4560546875,-7.088416,-15.434847
1995,23.197674418604652,1888.0,-2.5439453125,-2.37782,-9.294809
1996,23.209302325581397,1905.0,14.4560546875,3.543283,-1.469647
1997,23.22093023255814,1901.0,10.4560546875,9.64688,6.741075
1998,23.232558139534884,1920.0,29.4560546875,14.8544,13.997545
1999,23.24418604651163,1911.0,20.4560546875,18.229864,19.183189
2000,23.25581395348837,1926.0,35.4560546875,19.147305,21.585419
2001,23.267441860465116,1924.0,33.4560546875,17.384359,20.985991
2002,23.27906976744186,1936.0,45.4560546875,13.142136,17.635803
2003,23.290697674418603,1931.0,40.4560546875,6.99131,12.149102
2004,23.302325581395348,1928.0,37.4560546875,-0.260168,5.344226
2005,23.313953488372096,1934.0,43.4560546875,-7.682389,-1.896785
2006,23.325581395348838,1918.0,27.4560546875,-14.423742,-8.774772
2007,23.337209302325583,1927.0,36.4560546875,-19.75561,-14.622836
2008,23.348837209302328,1919.0,28.4560546875,-23.155731,-18.910952
2009,23.36046511627907,1916.0,25.4560546875,-24.315996,-21.273098
2010,23.372093023255815,1928.0,37.4560546875,-23.064581,-21.411039
2011,23.383720930232556,1923.0,32.4560546875,-19.467949,-19.249901
2012,23.3953488372093,1950.0,59.4560546875,-13.673627,-14.797065
2013,23.406976744186046,1942.0,51.4560546875,-6.139501,-8.417902
2014,23.418604651162788,1949.0,58.4560546875,2.516685,-0.695
2015,23.430232558139533,1953.0,62.4560546875,11.383706,7.447805
2016,23.44186046511628,1968.0,77.4560546875,19.404026,14.908505
2017,23.453488372093023,1970.0,79.4560546875,25.466612,20.541342
2018,23.46511627906977,1978.0,87.4560546875,28.6366,23.40247
2019,23.476744186046513,1978.0,87.4560546875,28.379236,23.004173
2020,23.488372093023255,1975.0,84.4560546875,24.678194,19.420376
2021,23.5,1975.0,84.4560546875,18.123228,13.351072
2022,23.511627906976745,1962.0,71.4560546875,9.703599,5.876762
2023,23.523255813953487,1968.0,77.4560546875,0.709506,-1.690229
2024,23.53488372093023,1939.0,48.4560546875,-7.680097,-8.248658
2025,23.546511627906977,1951.0,60.4560546875,-14.486398,-13.007328
2026,23.55813953488372,1926.0,35.4560546875,-19.209585,-15.725096
2027,23.569767441860467,1936.0,45.4560546875,-21.697399,-16.53064
2028,23.581395348837212,1907.0,16.4560546875,-22.101929,-15.787238
2029,23.593023255813954,1920.0,29.4560546875,-20.636549,-13.827662
2030,23.6046511627907,1900.0,9.4560546875,-17.566273,-10.899132
2031,23.616279069767444,1904.0,13.4560546875,-13.140058,-7.132873
2032,23.627906976744185,1898.0,7.4560546875,-7.694327,-2.689704
2033,23.63953488372093,1895.0,4.4560546875,-1.742036,2.088581
2034,23.651162790697676,1895.0,4.4560546875,4.006042,6.605254
2035,23.662790697674417,1895.0,4.4560546875,8.753518,10.118713
2036,23.674418604651162,1904.0,13.4560546875,11.825642,11.946659
2037,23.686046511627904,1898.0,7.4560546875,12.907856,11.756566
2038,23.697674418604652,1907.0,16.4560546875,12.194842,9.732098
2039,23.709302325581397,1904.0,13.4560546875,10.33617,6.570725
2040,23.72093023255814,1921.0,30.4560546875,8.192964,3.208756
2041,23.732558139534884,1911.0,20.4560546875,6.488828,0.499232
2042,23.74418604651163,1927.0,36.4560546875,5.566615,-1.090192
2043,23.75581395348837,1922.0,31.4560546875,5.233739,-1.641799
2044,23.767441860465116,1936.0,45.4560546875,4.959752,-1.598686
2045,23.77906976744186,1933.0,42.4560546875,4.13358,-1.564449
2046,23.790697674418603,1938.0,47.4560546875,2.429757,-1.926668
2047,23.802325581395348,1937.0,46.4560546875,-0.070038,-2.753886
