muestra,tiempo_ms,adc,adc_centrado,adc_filtrado,residual
0,0.0,2750.0,56.25634765625,0.034281,0.027199
1,0.011627906976744186,2754.0,60.25634765625,0.053853,0.03604
2,0.023255813953488372,2743.0,49.25634765625,0.041747,0.034992
3,0.03488372093023256,2768.0,74.25634765625,0.026821,0.028175
4,0.046511627906976744,2720.0,26.25634765625,-0.028444,0.005488
5,0.058139534883720936,2722.0,28.25634765625,-0.06675,-0.023913
6,0.06976744186046512,2672.0,-21.74365234375,-0.106567,-0.040932
7,0.0813953488372093,2704.0,10.25634765625,-0.088433,-0.037488
8,0.09302325581395349,2624.0,-69.74365234375,-0.108233,-0.046352
9,0.10465116279069767,2651.0,-42.74365234375,-0.112649,-0.070255
10,0.11627906976744187,2559.0,-134.74365234375,-0.19733,-0.132047
11,0.12790697674418605,2602.0,-91.74365234375,-0.253754,-0.196612
12,0.13953488372093023,2535.0,-158.74365234375,-0.326218,-0.265071
13,0.1511627906976744,2550.0,-143.74365234375,-0.314132,-0.310219
14,0.1627906976744186,2480.0,-213.74365234375,-0.249364,-0.31879
15,0.1744186046511628,2512.0,-181.74365234375,-0.066086,-0.275068
16,0.18604651162790697,2447.0,-246.74365234375,0.123154,-0.220672
17,0.19767441860465115,2455.0,-238.74365234375,0.315038,-0.175546
18,0.20930232558139533,2420.0,-273.74365234375,0.445437,-0.138501
19,0.22093023255813954,2432.0,-261.74365234375,0.559308,-0.115118
20,0.23255813953488375,2367.0,-326.74365234375,0.657899,-0.090824
21,0.2441860465116279,2389.0,-304.74365234375,0.866855,-0.001105
22,0.2558139534883721,2346.0,-347.74365234375,1.158176,0.176298
23,0.2674418604651163,2362.0,-331.74365234375,1.514455,0.40654
24,0.27906976744186046,2320.0,-373.74365234375,1.771997,0.631708
25,0.29069767441860467,2333.0,-360.74365234375,1.843651,0.771629
26,0.3023255813953488,2287.0,-406.74365234375,1.630972,0.776483
27,0.313953488372093,2294.0,-399.74365234375,1.22581,0.664196
28,0.3255813953488372,2266.0,-427.74365234375,0.742249,0.511056
29,0.3372093023255814,2266.0,-427.74365234375,0.341774,0.403327
30,0.3488372093023256,2215.0,-478.74365234375,0.04217,0.356387
31,0.3604651162790698,2231.0,-462.74365234375,-0.18636,0.341766
32,0.37209302325581395,2191.0,-502.74365234375,-0.550223,0.23625
33,0.38372093023255816,2222.0,-471.74365234375,-1.140857,-0.037442
34,0.3953488372093023,2144.0,-549.74365234375,-2.027553,-0.562333
35,0.4069767441860465,2189.0,-504.74365234375,-2.919228,-1.162685
36,0.41860465116279066,2142.0,-551.74365234375,-3.560631,-1.71088
37,0.43023255813953487,2160.0,-533.74365234375,-3.631159,-2.004739
38,0.4418604651162791,2139.0,-554.74365234375,-3.092403,-1.968819
39,0.4534883720930233,2141.0,-552.74365234375,-2.121468,-1.713391
40,0.4651162790697675,2125.0,-568.74365234375,-1.07867,-1.41201
41,0.4767441860465116,2117.0,-576.74365234375,-0.245177,-1.260018
42,0.4883720930232558,2101.0,-592.74365234375,0.343009,-1.259145
43,0.5,2137.0,-556.74365234375,0.9882,-1.226615
44,0.5116279069767442,2101.0,-592.74365234375,2.041513,-0.914869
45,0.5232558139534884,2105.0,-588.74365234375,3.787188,-0.113197
46,0.5348837209302326,2079.0,-614.74365234375,6.066524,1.173332
47,0.5465116279069767,2096.0,-597.74365234375,8.340759,2.665915
48,0.5581395348837209,2080.0,-613.74365234375,9.817746,3.899232
49,0.5697674418604651,2082.0,-611.74365234375,9.943581,4.48463
50,0.5813953488372093,2055.0,-638.74365234375,8.672256,4.340324
51,0.5930232558139535,2053.0,-640.74365234375,6.587706,3.758107
52,0.6046511627906976,2042.0,-651.74365234375,4.523886,3.244599
53,0.6162790697674418,2046.0,-647.74365234375,3.06633,3.149547
54,0.627906976744186,2013.0,-680.74365234375,2.046793,3.387061
55,0.6395348837209301,2017.0,-676.74365234375,0.572212,3.372265
56,0.6511627906976744,1979.0,-714.74365234375,-2.632269,2.212528
57,0.6627906976744186,1993.0,-700.74365234375,-8.304646,-0.738235
58,0.6744186046511628,1951.0,-742.74365234375,-16.04801,-5.45713
59,0.686046511627907,1957.0,-736.74365234375,-23.931349,-10.932814
60,0.6976744186046512,1936.0,-757.74365234375,-29.100922,-15.43618
61,0.7093023255813954,1954.0,-739.74365234375,-28.772024,-17.149187
62,0.7209302325581396,1924.0,-769.74365234375,-21.579107,-14.982437
63,0.7325581395348838,1935.0,-758.74365234375,-8.262964,-9.060281
64,0.7441860465116279,1911.0,-782.74365234375,8.24667,-0.858873
65,0.7558139534883721,1967.0,-726.74365234375,23.885557,7.418177
66,0.7674418604651163,1911.0,-782.74365234375,34.679157,13.481855
67,0.7790697674418604,1919.0,-774.74365234375,38.353001,16.043739
68,0.7906976744186046,1904.0,-789.74365234375,34.822762,15.05447
69,0.8023255813953488,1909.0,-784.74365234375,26.054831,11.613643
70,0.813953488372093,1901.0,-792.74365234375,15.04664,7.355351
71,0.8255813953488372,1903.0,-790.74365234375,4.652604,3.706731
72,0.8372093023255813,1873.0,-820.74365234375,-3.377749,1.383703
73,0.8488372093023255,1904.0,-789.74365234375,-8.58893,0.284986
74,0.8604651162790697,1859.0,-834.74365234375,-11.631983,-0.261784
75,0.872093023255814,1879.0,-814.74365234375,-13.380174,-0.914677
76,0.8837209302325582,1860.0,-833.74365234375,-14.492463,-2.052649
77,0.8953488372093024,1867.0,-826.74365234375,-15.043965,-3.597128
78,0.9069767441860466,1855.0,-838.74365234375,-14.762381,-5.203869
79,0.9186046511627908,1857.0,-836.74365234375,-13.35052,-6.567859
80,0.930232558139535,1845.0,-848.74365234375,-10.847836,-7.589672
81,0.9418604651162791,1851.0,-842.74365234375,-7.649092,-8.349306
82,0.9534883720930232,1846.0,-847.74365234375,-4.339105,-8.93281
83,0.9651162790697674,1841.0,-852.74365234375,-1.343673,-9.165409
84,0.9767441860465116,1856.0,-837.74365234375,1.287323,-8.575031
85,0.9883720930232557,1842.0,-851.74365234375,3.798272,-6.626954
86,1.0,1859.0,-834.74365234375,6.549097,-2.970045
87,1.0116279069767442,1863.0,-830.74365234375,9.620525,2.128459
88,1.0232558139534884,1838.0,-855.74365234375,12.654815,7.776893
89,1.0348837209302326,1857.0,-836.74365234375,14.987366,12.690292
90,1.0465116279069768,1819.0,-874.74365234375,15.814384,15.593657
91,1.0581395348837208,1835.0,-858.74365234375,14.703397,15.770242
92,1.0697674418604652,1786.0,-907.74365234375,11.672025,13.266857
93,1.0813953488372092,1803.0,-890.74365234375,7.369405,8.932929
94,1.0930232558139534,1770.0,-923.74365234375,2.671612,3.995114
95,1.1046511627906976,1794.0,-899.74365234375,-1.49724,-0.377176
96,1.1162790697674418,1769.0,-924.74365234375,-4.6036,-3.497449
97,1.127906976744186,1755.0,-938.74365234375,-6.500105,-5.256634
98,1.1395348837209303,1741.0,-952.74365234375,-7.403194,-6.018535
99,1.1511627906976745,1752.0,-941.74365234375,-7.675489,-6.324801
100,1.1627906976744187,1759.0,-934.74365234375,-7.656916,-6.613204
101,1.1744186046511629,1748.0,-945.74365234375,-7.516191,-6.983304
102,1.186046511627907,1795.0,-898.74365234375,-7.167942,-7.232381
103,1.197674418604651,1765.0,-928.74365234375,-6.495115,-7.047416
104,1.2093023255813953,1808.0,-885.74365234375,-5.264542,-6.159629
105,1.2209302325581395,1807.0,-886.74365234375,-3.430864,-4.539066
106,1.2325581395348837,1856.0,-837.74365234375,-1.055172,-2.471915
107,1.244186046511628,1840.0,-853.74365234375,1.5473,-0.414537
108,1.255813953488372,1883.0,-810.74365234375,4.042744,1.190088
109,1.2674418604651163,1878.0,-815.74365234375,6.029427,2.063165
110,1.2790697674418603,1885.0,-808.74365234375,7.288474,2.365477
111,1.2906976744186047,1904.0,-789.74365234375,7.832325,2.510925
112,1.3023255813953487,1831.0,-862.74365234375,7.839289,3.128898
113,1.3139534883720931,1872.0,-821.74365234375,7.757668,4.704924
114,1.3255813953488371,1761.0,-932.74365234375,7.767512,7.260579
115,1.3372093023255816,1802.0,-891.74365234375,7.979596,10.201859
116,1.3488372093023255,1679.0,-1014.74365234375,7.902666,12.387362
117,1.36046511627907,1707.0,-986.74365234375,6.996573,12.516808
118,1.372093023255814,1601.0,-1092.74365234375,4.538245,9.700308
119,1.383720930232558,1638.0,-1055.74365234375,0.392772,3.929842
120,1.3953488372093024,1522.0,-1171.74365234375,-5.119863,-3.738244
121,1.4069767441860463,1556.0,-1137.74365234375,-10.785577,-11.334687
122,1.4186046511627908,1506.0,-1187.74365234375,-15.185109,-16.760834
123,1.4302325581395348,1515.0,-1178.74365234375,-16.939333,-18.435553
124,1.4418604651162792,1534.0,-1159.74365234375,-15.362889,-16.088703
125,1.4534883720930232,1521.0,-1172.74365234375,-10.734966,-10.664112
126,1.4651162790697676,1645.0,-1048.74365234375,-4.069666,-4.121976
127,1.4767441860465116,1585.0,-1108.74365234375,2.956375,1.509195
128,1.4883720930232558,1779.0,-914.74365234375,9.090916,4.870486
129,1.5,1703.0,-990.74365234375,13.223546,5.699718
130,1.5116279069767442,1905.0,-788.74365234375,15.412617,4.859426
131,1.5232558139534884,1843.0,-850.74365234375,15.829268,3.607379
132,1.5348837209302326,2011.0,-682.74365234375,15.129126,3.048133
133,1.5465116279069768,1965.0,-728.74365234375,13.584242,3.519119
134,1.5581395348837208,2022.0,-671.74365234375,11.346898,4.69527
135,1.5697674418604652,2028.0,-665.74365234375,8.37379,5.766065
136,1.5813953488372092,1938.0,-755.74365234375,4.55975,6.134287
137,1.5930232558139534,1990.0,-703.74365234375,0.31925,5.665635
138,1.6046511627906976,1807.0,-886.74365234375,-4.171722,4.71385
139,1.6162790697674418,1874.0,-819.74365234375,-8.232911,3.741959
140,1.627906976744186,1611.0,-1082.74365234375,-11.971303,2.948825
141,1.6395348837209303,1697.0,-996.74365234375,-15.084082,2.04347
142,1.6511627906976745,1379.0,-1314.74365234375,-18.019588,0.419075
143,1.6627906976744187,1477.0,-1216.74365234375,-20.31423,-2.393927
144,1.6744186046511627,1227.0,-1466.74365234375,-21.74728,-6.386507
145,1.686046511627907,1281.0,-1412.74365234375,-21.085037,-10.707329
146,1.697674418604651,1183.0,-1510.74365234375,-17.488495,-14.114323
147,1.7093023255813955,1170.0,-1523.74365234375,-10.344369,-15.365683
148,1.7209302325581395,1265.0,-1428.74365234375,-0.013932,-13.890684
149,1.7325581395348837,1191.0,-1502.74365234375,12.018588,-9.96696
150,1.744186046511628,1466.0,-1227.74365234375,23.854324,-4.76379
151,1.755813953488372,1353.0,-1340.74365234375,33.194714,0.424988
152,1.7674418604651163,1777.0,-916.74365234375,39.001362,4.582066
153,1.7790697674418603,1629.0,-1064.74365234375,40.586815,7.343327
154,1.7906976744186047,2039.0,-654.74365234375,38.931217,9.020981
155,1.8023255813953487,1921.0,-772.74365234375,34.75835,10.126245
156,1.8139534883720931,2246.0,-447.74365234375,29.229006,11.061897
157,1.8255813953488371,2147.0,-546.74365234375,22.386902,11.671012
158,1.8372093023255816,2241.0,-452.74365234375,14.142089,11.717552
159,1.8488372093023255,2256.0,-437.74365234375,4.104503,10.852646
160,1.86046511627907,2071.0,-622.74365234375,-7.948544,9.165178
161,1.872093023255814,2175.0,-518.74365234375,-21.16169,7.014336
162,1.8837209302325582,1751.0,-942.74365234375,-34.723927,4.90181
163,1.8953488372093024,1943.0,-750.74365234375,-46.59761,3.031887
164,1.9069767441860463,1392.0,-1301.74365234375,-56.011929,0.944683
165,1.9186046511627908,1571.0,-1122.74365234375,-61.400024,-2.076904
166,1.9302325581395348,1074.0,-1619.74365234375,-62.723442,-6.731945
167,1.9418604651162792,1226.0,-1467.74365234375,-59.160957,-12.972034
168,1.9534883720930232,896.0,-1797.74365234375,-50.803734,-19.801105
169,1.9651162790697676,955.0,-1738.74365234375,-37.168095,-25.266901
170,1.9767441860465114,954.0,-1739.74365234375,-18.4657,-27.460142
171,1.9883720930232558,907.0,-1786.74365234375,4.395276,-25.048767
172,2.0,1226.0,-1467.74365234375,29.798092,-18.330318
173,2.011627906976744,1073.0,-1620.74365234375,54.799412,-8.740829
174,2.0232558139534884,1675.0,-1018.74365234375,76.912369,1.257996
175,2.0348837209302326,1446.0,-1247.74365234375,92.946693,9.43721
176,2.046511627906977,2137.0,-556.74365234375,101.882973,14.504295
177,2.058139534883721,1917.0,-776.74365234375,102.673676,16.554512
178,2.0697674418604652,2480.0,-213.74365234375,96.456596,16.852097
179,2.0813953488372094,2338.0,-355.74365234375,83.830269,16.838661
180,2.0930232558139537,2578.0,-115.74365234375,66.083046,17.711575
181,2.1046511627906974,2579.0,-114.74365234375,43.735901,19.423914
182,2.1162790697674416,2404.0,-289.74365234375,17.098436,21.260424
183,2.1279069767441863,2535.0,-158.74365234375,-13.003938,21.759602
184,2.1395348837209305,1995.0,-698.74365234375,-45.882675,19.879608
185,2.1511627906976742,2217.0,-476.74365234375,-78.90258,15.048477
186,2.1627906976744184,1437.0,-1256.74365234375,-109.930237,7.702187
187,2.174418604651163,1698.0,-995.74365234375,-134.879028,-1.092529
188,2.186046511627907,943.0,-1750.74365234375,-151.352936,-10.075073
189,2.197674418604651,1172.0,-1521.74365234375,-156.188141,-18.012573
190,2.2093023255813953,656.0,-2037.74365234375,-148.601471,-24.325531
191,2.22093023255814,782.0,-1911.74365234375,-128.014236,-28.453918
192,2.2325581395348837,719.0,-1974.74365234375,-95.741089,-30.645706
193,2.244186046511628,651.0,-2042.74365234375,-53.958485,-30.834095
194,2.255813953488372,1097.0,-1596.74365234375,-5.382857,-29.454832
195,2.267441860465116,883.0,-1810.74365234375,46.040661,-26.424168
196,2.2790697674418605,1693.0,-1000.74365234375,97.17952,-22.017502
197,2.2906976744186047,1392.0,-1301.74365234375,143.482361,-16.280563
198,2.302325581395349,2303.0,-390.74365234375,182.31424,-9.29071
199,2.3139534883720927,2010.0,-683.74365234375,209.828033,-1.251068
200,2.3255813953488373,2739.0,45.25634765625,224.346817,7.809418
201,2.3372093023255816,2551.0,-142.74365234375,223.499954,17.354324
202,2.3488372093023258,2838.0,144.25634765625,206.591248,27.04953
203,2.3604651162790695,2831.0,137.25634765625,173.338318,35.912247
204,2.372093023255814,2544.0,-149.74365234375,124.447708,43.213631
205,2.3837209302325584,2736.0,42.25634765625,62.49028,47.850594
206,2.395348837209302,1984.0,-709.74365234375,-9.640071,49.082455
207,2.4069767441860463,2288.0,-405.74365234375,-86.295959,46.183319
208,2.4186046511627906,1323.0,-1370.74365234375,-162.476212,38.864319
209,2.430232558139535,1664.0,-1029.74365234375,-230.77388,27.326828
210,2.441860465116279,815.0,-1878.74365234375,-285.62384,12.063721
211,2.453488372093023,1049.0,-1644.74365234375,-320.48288,-5.556427
212,2.4651162790697674,588.0,-2105.74365234375,-331.355896,-24.028412
213,2.4767441860465116,655.0,-2038.74365234375,-315.179352,-41.007965
214,2.488372093023256,787.0,-1906.74365234375,-271.427155,-54.576523
215,2.5,630.0,-2063.74365234375,-202.358063,-62.832916
216,2.511627906976744,1286.0,-1407.74365234375,-111.970154,-65.027985
217,2.5232558139534884,990.0,-1703.74365234375,-7.783056,-61.243649
218,2.5348837209302326,1922.0,-771.74365234375,102.483467,-52.784462
219,2.546511627906977,1606.0,-1087.74365234375,208.599594,-41.456467
220,2.5581395348837206,2480.0,-213.74365234375,302.18219,-29.055145
221,2.5697674418604652,2242.0,-451.74365234375,374.431213,-16.806702
222,2.5813953488372094,2819.0,125.25634765625,419.683624,-4.791168
223,2.5930232558139537,2699.0,5.25634765625,433.513763,7.485138
224,2.6046511627906974,2761.0,67.25634765625,414.379974,21.264587
225,2.6162790697674416,2839.0,145.25634765625,362.899963,36.998169
226,2.6279069767441863,2379.0,-314.74365234375,281.325653,54.449432
227,2.6395348837209305,2590.0,-103.74365234375,174.741318,71.69046
228,2.6511627906976742,1800.0,-893.74365234375,48.976387,85.927139
229,2.6627906976744184,2098.0,-595.74365234375,-86.750107,93.888275
230,2.674418604651163,1243.0,-1450.74365234375,-223.172272,92.81665
231,2.686046511627907,1516.0,-1177.74365234375,-348.391113,81.477386
232,2.697674418604651,918.0,-1775.74365234375,-451.696716,60.221649
233,2.7093023255813953,1056.0,-1637.74365234375,-522.366516,31.350403
234,2.72093023255814,881.0,-1812.74365234375,-552.617981,-2.073669
235,2.7325581395348837,866.0,-1827.74365234375,-537.713623,-36.247559
236,2.744186046511628,1172.0,-1521.74365234375,-476.738892,-68.085114
237,2.755813953488372,990.0,-1703.74365234375,-373.626587,-94.918091
238,2.767441860465116,1614.0,-1079.74365234375,-235.190842,-114.936974
239,2.7790697674418605,1374.0,-1319.74365234375,-72.632523,-126.784592
240,2.7906976744186047,2083.0,-610.74365234375,101.932404,-129.349365
241,2.802325581395349,1855.0,-838.74365234375,273.957001,-121.801697
242,2.8139534883720927,2409.0,-284.74365234375,429.834259,-103.638275
243,2.8255813953488373,2277.0,-416.74365234375,555.929443,-75.313538
244,2.8372093023255816,2501.0,-192.74365234375,640.909485,-38.242004
245,2.8488372093023253,2484.0,-209.74365234375,675.932495,4.733093
246,2.8604651162790695,2396.0,-297.74365234375,655.654602,49.946106
247,2.872093023255814,2495.0,-198.74365234375,579.488464,92.960693
248,2.8837209302325584,2113.0,-580.74365234375,451.07373,129.573669
249,2.895348837209302,2270.0,-423.74365234375,279.936432,156.143951
250,2.9069767441860463,1797.0,-896.74365234375,78.983978,170.053909
251,2.918604651162791,1947.0,-746.74365234375,-134.507202,169.505096
252,2.930232558139535,1453.0,-1240.74365234375,-342.523773,154.026031
253,2.941860465116279,1531.0,-1162.74365234375,-526.216309,124.323303
254,2.953488372093023,1391.0,-1302.74365234375,-669.119507,82.059509
255,2.9651162790697674,1399.0,-1294.74365234375,-757.972656,30.376587
256,2.9767441860465116,1489.0,-1204.74365234375,-783.777588,-26.506958
257,2.988372093023256,1429.0,-1264.74365234375,-743.141235,-83.266357
258,3.0,1651.0,-1042.74365234375,-637.457703,-134.228271
259,3.011627906976744,1561.0,-1132.74365234375,-474.430969,-173.898437
260,3.0232558139534884,1863.0,-830.74365234375,-266.086823,-197.950256
261,3.0348837209302326,1795.0,-898.74365234375,-29.84527,-203.755402
262,3.046511627906977,2065.0,-628.74365234375,214.410004,-190.746765
263,3.0581395348837206,1968.0,-725.74365234375,444.532928,-160.3414
264,3.0697674418604652,2193.0,-500.74365234375,639.568176,-115.51355
265,3.0813953488372094,2131.0,-562.74365234375,780.985535,-60.483215
266,3.0930232558139537,2240.0,-453.74365234375,855.217163,-0.042969
267,3.1046511627906974,2213.0,-480.74365234375,854.955627,60.549622
268,3.1162790697674416,2208.0,-485.74365234375,779.522339,116.273254
269,3.1279069767441863,2240.0,-453.74365234375,635.414795,162.206879
270,3.1395348837209305,2135.0,-558.74365234375,434.575256,194.348404
271,3.1511627906976742,2156.0,-537.74365234375,194.611435,209.590469
272,3.1627906976744184,1950.0,-743.74365234375,-64.13665,206.523193
273,3.174418604651163,2029.0,-664.74365234375,-318.479401,185.417908
274,3.186046511627907,1799.0,-894.74365234375,-546.035583,148.255554
275,3.197674418604651,1872.0,-821.74365234375,-725.670593,98.479614
276,3.2093023255813953,1679.0,-1014.74365234375,-840.942566,40.382324
277,3.22093023255814,1742.0,-951.74365234375,-881.026733,-21.178284
278,3.2325581395348837,1627.0,-1066.74365234375,-842.387329,-81.412903
279,3.244186046511628,1635.0,-1058.74365234375,-729.134338,-135.413269
280,3.255813953488372,1663.0,-1030.74365234375,-551.798767,-178.673431
281,3.2674418604651163,1623.0,-1070.74365234375,-327.158203,-206.867401
282,3.2790697674418605,1795.0,-898.74365234375,-74.814346,-216.550629
283,3.2906976744186047,1726.0,-967.74365234375,182.458893,-205.693268
284,3.302325581395349,1961.0,-732.74365234375,422.670502,-174.508453
285,3.3139534883720927,1872.0,-821.74365234375,623.951416,-125.867981
286,3.3255813953488373,2123.0,-570.74365234375,768.48938,-65.134338
287,3.3372093023255816,2032.0,-661.74365234375,842.346924,0.367065
288,3.3488372093023253,2241.0,-452.74365234375,838.766541,63.079224
289,3.3604651162790695,2202.0,-491.74365234375,758.447205,116.212402
290,3.372093023255814,2251.0,-442.74365234375,609.979065,155.315338
291,3.3837209302325584,2256.0,-437.74365234375,409.444733,178.242737
292,3.395348837209302,2192.0,-501.74365234375,176.976944,185.122955
293,3.4069767441860463,2240.0,-453.74365234375,-64.041534,177.213425
294,3.418604651162791,2106.0,-587.74365234375,-292.003632,156.256622
295,3.430232558139535,2157.0,-536.74365234375,-486.626617,123.891754
296,3.441860465116279,1981.0,-712.74365234375,-632.721741,82.054504
297,3.453488372093023,2032.0,-661.74365234375,-718.539429,33.519287
298,3.4651162790697674,1901.0,-792.74365234375,-738.307251,-17.836487
299,3.4767441860465116,1926.0,-767.74365234375,-691.318359,-66.764465
300,3.488372093023256,1874.0,-819.74365234375,-583.158997,-107.957733
301,3.5,1874.0,-819.74365234375,-425.778076,-136.641846
302,3.511627906976744,1968.0,-725.74365234375,-235.731552,-150.535004
303,3.5232558139534884,1920.0,-773.74365234375,-33.763783,-149.61203
304,3.5348837209302326,2155.0,-538.74365234375,160.602661,-136.313995
305,3.546511627906977,2055.0,-638.74365234375,328.934296,-113.975616
306,3.5581395348837206,2353.0,-340.74365234375,459.499725,-85.760895
307,3.5697674418604652,2256.0,-437.74365234375,544.297363,-53.806641
308,3.5813953488372094,2511.0,-182.74365234375,581.592407,-19.094482
309,3.5930232558139537,2433.0,-260.74365234375,571.520752,17.383179
310,3.6046511627906974,2640.0,-53.74365234375,516.914185,54.016296
311,3.616279069767442,2597.0,-96.74365234375,421.709656,87.325317
312,3.6279069767441863,2643.0,-50.74365234375,292.058014,112.966049
313,3.63953488372093,2659.0,-34.74365234375,138.279678,126.250427
314,3.6511627906976742,2589.0,-104.74365234375,-26.201405,124.468979
315,3.6627906976744184,2627.0,-66.74365234375,-183.282761,107.679794
316,3.674418604651163,2501.0,-192.74365234375,-315.811584,79.383911
317,3.686046511627907,2538.0,-155.74365234375,-407.843842,45.506439
318,3.697674418604651,2422.0,-271.74365234375,-451.354401,12.541443
319,3.7093023255813953,2469.0,-224.74365234375,-444.98642,-14.111115
320,3.72093023255814,2368.0,-325.74365234375,-396.311523,-32.166443
321,3.7325581395348837,2384.0,-309.74365234375,-317.406311,-41.805542
322,3.744186046511628,2361.0,-332.74365234375,-222.340408,-45.87764
323,3.755813953488372,2357.0,-336.74365234375,-123.99247,-47.485817
324,3.7674418604651163,2434.0,-259.74365234375,-30.810017,-49.393402
325,3.7790697674418605,2403.0,-290.74365234375,51.315758,-52.368408
326,3.7906976744186047,2521.0,-172.74365234375,121.126381,-55.631416
327,3.802325581395349,2476.0,-217.74365234375,176.904388,-57.157379
328,3.8139534883720927,2636.0,-57.74365234375,219.092148,-54.724503
329,3.8255813953488373,2583.0,-110.74365234375,245.933014,-47.08017
330,3.8372093023255816,2742.0,48.25634765625,257.250641,-33.964752
331,3.8488372093023253,2701.0,7.25634765625,252.085831,-16.865067
332,3.8604651162790695,2813.0,119.25634765625,231.275528,2.29718
333,3.872093023255814,2781.0,87.25634765625,196.61673,20.825592
334,3.8837209302325584,2847.0,153.25634765625,150.491882,36.767807
335,3.895348837209302,2839.0,145.25634765625,96.756866,48.574558
336,3.9069767441860463,2848.0,154.25634765625,38.118553,55.83638
337,3.9186046511627906,2841.0,147.25634765625,-21.066635,58.714165
338,3.930232558139535,2819.0,125.25634765625,-78.329216,57.779411
339,3.941860465116279,2837.0,143.25634765625,-129.473663,53.725998
340,3.9534883720930227,2808.0,114.25634765625,-172.156723,46.784409
341,3.9651162790697674,2796.0,102.25634765625,-203.068024,37.199524
342,3.9767441860465116,2737.0,43.25634765625,-220.32077,24.810425
343,3.9883720930232562,2758.0,64.25634765625,-222.305664,10.200562
344,4.0,2726.0,32.25634765625,-208.075882,-5.948334
345,4.011627906976744,2709.0,15.25634765625,-178.425385,-22.035126
346,4.023255813953488,2721.0,27.25634765625,-134.069031,-36.436142
347,4.034883720930233,2715.0,21.25634765625,-78.704933,-47.532154
348,4.046511627906977,2747.0,53.25634765625,-15.668852,-54.441208
349,4.058139534883721,2736.0,42.25634765625,48.720398,-57.035912
350,4.069767441860465,2827.0,133.25634765625,109.307785,-55.76619
351,4.081395348837209,2791.0,97.25634765625,159.740158,-51.447388
352,4.093023255813954,2914.0,220.25634765625,196.180817,-44.298996
353,4.104651162790698,2852.0,158.25634765625,215.795731,-34.500565
354,4.116279069767442,2955.0,261.25634765625,218.073807,-21.477982
355,4.127906976744186,2928.0,234.25634765625,204.266342,-5.317566
356,4.1395348837209305,3009.0,315.25634765625,175.824158,13.483734
357,4.151162790697675,2989.0,295.25634765625,135.578644,33.026382
358,4.162790697674419,3019.0,325.25634765625,85.117783,50.700706
359,4.174418604651162,3018.0,324.25634765625,27.936367,63.62693
360,4.186046511627907,3012.0,318.25634765625,-33.269905,69.454704
361,4.1976744186046515,3017.0,323.25634765625,-93.28196,67.312157
362,4.209302325581395,2974.0,280.25634765625,-147.130264,57.624832
363,4.22093023255814,2989.0,295.25634765625,-188.817841,42.40686
364,4.232558139534883,2935.0,241.25634765625,-213.611069,23.975555
365,4.2441860465116275,2960.0,266.25634765625,-218.673569,4.983017
366,4.2558139534883725,2923.0,229.25634765625,-203.18277,-12.744568
367,4.267441860465116,2928.0,234.25634765625,-169.682846,-27.816513
368,4.279069767441861,2931.0,237.25634765625,-121.532715,-39.526581
369,4.290697674418605,2934.0,240.25634765625,-64.540802,-47.39909
370,4.3023255813953485,2943.0,249.25634765625,-3.543629,-51.184719
371,4.313953488372094,2928.0,234.25634765625,55.549969,-50.838886
372,4.325581395348837,2967.0,273.25634765625,108.374672,-46.504448
373,4.337209302325581,2960.0,266.25634765625,150.364899,-38.788147
374,4.348837209302326,3017.0,323.25634765625,178.260071,-28.491608
375,4.3604651162790695,3001.0,307.25634765625,189.741409,-16.79631
376,4.372093023255814,3034.0,340.25634765625,183.943298,-4.651276
377,4.383720930232558,3042.0,348.25634765625,162.256622,7.05545
378,4.395348837209302,3056.0,362.25634765625,127.14801,17.680237
379,4.406976744186047,3037.0,343.25634765625,83.257164,26.609806
380,4.4186046511627906,3040.0,346.25634765625,35.028164,33.660309
381,4.430232558139535,3055.0,361.25634765625,-12.335515,38.333195
382,4.44186046511628,3063.0,369.25634765625,-55.267014,40.176697
383,4.453488372093023,3017.0,323.25634765625,-90.721878,38.938156
384,4.465116279069767,3079.0,385.25634765625,-116.820068,34.655075
385,4.476744186046512,3052.0,358.25634765625,-132.627151,27.62146
386,4.488372093023256,3067.0,373.25634765625,-137.604126,18.392761
387,4.5,3067.0,373.25634765625,-132.147461,7.849823
388,4.511627906976744,3088.0,394.25634765625,-116.826157,-3.142784
389,4.523255813953488,3082.0,388.25634765625,-93.432182,-13.526192
390,4.534883720930232,3095.0,401.25634765625,-63.851208,-22.327
391,4.546511627906977,3078.0,384.25634765625,-31.01984,-28.575974
392,4.558139534883721,3086.0,392.25634765625,2.427468,-31.704441
393,4.569767441860465,3103.0,409.25634765625,33.445225,-31.629398
394,4.5813953488372094,3110.0,416.25634765625,59.802601,-28.904575
395,4.593023255813954,3103.0,409.25634765625,79.569534,-24.585724
396,4.604651162790698,3092.0,398.25634765625,91.803062,-19.742508
397,4.616279069767442,3092.0,398.25634765625,96.276367,-15.245605
398,4.627906976744185,3088.0,394.25634765625,93.518631,-11.104134
399,4.6395348837209305,3088.0,394.25634765625,84.829597,-6.763199
400,4.651162790697675,3059.0,365.25634765625,71.67025,-1.15847
401,4.662790697674418,3079.0,385.25634765625,55.819473,6.351158
402,4.674418604651163,3086.0,392.25634765625,38.30368,15.53274
403,4.686046511627906,3079.0,385.25634765625,20.041006,25.005196
404,4.6976744186046515,3088.0,394.25634765625,1.077571,32.607346
405,4.709302325581396,3085.0,391.25634765625,-18.274233,36.195663
406,4.720930232558139,3111.0,417.25634765625,-37.691193,34.474808
407,4.732558139534884,3103.0,409.25634765625,-55.873814,27.756618
408,4.744186046511628,3143.0,449.25634765625,-70.939568,17.743706
409,4.755813953488372,3114.0,420.25634765625,-80.679893,7.046036
410,4.767441860465117,3149.0,455.25634765625,-83.089767,-1.95726
411,4.77906976744186,3139.0,445.25634765625,-77.528084,-7.987877
412,4.790697674418604,3126.0,432.25634765625,-64.479454,-11.298363
413,4.802325581395349,3140.0,446.25634765625,-46.155567,-13.172787
414,4.813953488372093,3125.0,431.25634765625,-25.106354,-15.290922
415,4.825581395348837,3107.0,413.25634765625,-4.235916,-18.576265
416,4.837209302325581,3115.0,421.25634765625,14.851147,-22.644756
417,4.848837209302325,3133.0,439.25634765625,31.118299,-26.013647
418,4.86046511627907,3120.0,426.25634765625,44.651688,-26.63649
419,4.872093023255814,3115.0,421.25634765625,55.49025,-23.102379
420,4.883720930232558,3111.0,417.25634765625,63.335175,-15.256096
421,4.895348837209303,3105.0,411.25634765625,67.263855,-4.592468
422,4.906976744186046,3127.0,433.25634765625,65.887001,6.391525
423,4.9186046511627906,3136.0,442.25634765625,58.305527,15.013268
424,4.930232558139535,3152.0,458.25634765625,44.390961,19.605671
425,4.941860465116279,3147.0,453.25634765625,25.686853,19.92992
426,4.953488372093023,3155.0,461.25634765625,4.659839,17.296734
427,4.965116279069767,3152.0,458.25634765625,-15.418412,13.817794
428,4.976744186046512,3184.0,490.25634765625,-31.87096,11.407772
429,4.988372093023256,3134.0,440.25634765625,-43.07095,10.92474
430,5.0,3187.0,493.25634765625,-48.739822,11.800266
431,5.011627906976744,3178.0,484.25634765625,-49.831528,12.449364
432,5.023255813953488,3182.0,488.25634765625,-47.46389,10.930679
433,5.034883720930233,3185.0,491.25634765625,-42.750061,6.229137
434,5.046511627906977,3184.0,490.25634765625,-35.679859,-1.382111
435,5.058139534883721,3188.0,494.25634765625,-26.232775,-10.121122
436,5.069767441860465,3168.0,474.25634765625,-13.889586,-17.470591
437,5.081395348837209,3184.0,490.25634765625,0.659866,-21.105942
438,5.093023255813954,3166.0,472.25634765625,16.054298,-20.033268
439,5.104651162790698,3188.0,494.25634765625,29.606936,-14.924734
440,5.116279069767441,3171.0,477.25634765625,38.728035,-7.829094
441,5.127906976744186,3169.0,475.25634765625,41.376404,-1.359344
442,5.1395348837209305,3159.0,465.25634765625,37.124699,2.530701
443,5.151162790697675,3159.0,465.25634765625,27.403593,3.212212
444,5.162790697674419,3157.0,463.25634765625,14.858192,1.622304
445,5.174418604651162,3138.0,444.25634765625,2.726886,-0.443792
446,5.186046511627907,3173.0,479.25634765625,-6.595451,-1.147527
447,5.1976744186046515,3167.0,473.25634765625,-11.940888,0.256333
448,5.209302325581395,3194.0,500.25634765625,-13.785199,3.263785
449,5.22093023255814,3184.0,490.25634765625,-13.37919,6.41618
450,5.232558139534883,3195.0,501.25634765625,-12.227481,8.045667
451,5.2441860465116275,3193.0,499.25634765625,-11.132762,7.351159
452,5.2558139534883725,3233.0,539.25634765625,-10.010316,4.640862
453,5.267441860465116,3221.0,527.25634765625,-8.264332,1.284685
454,5.279069767441861,3246.0,552.25634765625,-5.082568,-1.062882
455,5.290697674418605,3233.0,539.25634765625,-0.471138,-1.247162
456,5.3023255813953485,3246.0,552.25634765625,4.993836,0.751322
457,5.313953488372094,3244.0,550.25634765625,9.815619,3.910374
458,5.325581395348837,3216.0,522.25634765625,12.71,6.705266
459,5.337209302325581,3214.0,520.25634765625,12.636916,7.859111
460,5.348837209302326,3191.0,497.25634765625,9.655266,6.868406
461,5.3604651162790695,3202.0,508.25634765625,4.396,4.052437
462,5.372093023255814,3152.0,458.25634765625,-1.936761,0.217018
463,5.383720930232558,3181.0,487.25634765625,-8.20279,-3.79901
464,5.395348837209302,3145.0,451.25634765625,-13.503773,-7.483932
465,5.406976744186046,3135.0,441.25634765625,-17.222593,-10.665114
466,5.4186046511627906,3134.0,440.25634765625,-18.891144,-13.14751
467,5.430232558139535,3147.0,453.25634765625,-18.103552,-14.628931
468,5.44186046511628,3121.0,427.25634765625,-14.6643,-14.507632
469,5.453488372093023,3149.0,455.25634765625,-8.608309,-12.169032
470,5.465116279069767,3175.0,481.25634765625,-0.65184,-7.423718
471,5.476744186046512,3163.0,469.25634765625,7.886561,-0.920017
472,5.488372093023256,3200.0,506.25634765625,15.32541,6.045017
473,5.5,3167.0,473.25634765625,20.184317,11.890388
474,5.511627906976744,3216.0,522.25634765625,21.740383,15.422792
475,5.523255813953488,3197.0,503.25634765625,20.075676,16.209042
476,5.534883720930232,3219.0,525.25634765625,16.13575,14.692513
477,5.546511627906977,3219.0,525.25634765625,11.051089,11.89117
478,5.558139534883721,3230.0,536.25634765625,5.781345,8.678965
479,5.569767441860465,3234.0,540.25634765625,0.645953,5.543124
480,5.5813953488372094,3216.0,522.25634765625,-4.296497,2.378267
481,5.593023255813954,3246.0,552.25634765625,-9.182742,-1.107571
482,5.604651162790698,3190.0,496.25634765625,-13.666424,-5.022582
483,5.616279069767442,3215.0,521.25634765625,-17.104855,-8.874804
484,5.627906976744185,3175.0,481.25634765625,-18.598351,-11.769817
485,5.6395348837209305,3186.0,492.25634765625,-17.667377,-12.804995
486,5.651162790697675,3133.0,439.25634765625,-14.494917,-11.504982
487,5.662790697674418,3146.0,452.25634765625,-10.039437,-8.195248
488,5.674418604651163,3116.0,422.25634765625,-5.64955,-3.893119
489,5.686046511627907,3104.0,410.25634765625,-2.39276,0.09385
490,5.697674418604651,3149.0,455.25634765625,-0.571416,2.844598
491,5.709302325581396,3103.0,409.25634765625,0.289628,3.883596
492,5.720930232558139,3129.0,435.25634765625,1.176131,3.545688
493,5.732558139534884,3103.0,409.25634765625,2.929818,2.430914
494,5.744186046511628,3154.0,460.25634765625,5.730507,1.212813
495,5.755813953488372,3139.0,445.25634765625,9.013331,0.304994
496,5.767441860465117,3174.0,480.25634765625,11.829987,-0.086348
497,5.77906976744186,3179.0,485.25634765625,13.374101,0.170452
498,5.790697674418604,3213.0,519.25634765625,13.470297,1.172716
499,5.802325581395349,3181.0,487.25634765625,12.486819,2.981474
500,5.813953488372093,3210.0,516.25634765625,11.141903,5.388144
501,5.825581395348837,3214.0,520.25634765625,9.74832,7.829119
502,5.837209302325582,3231.0,537.25634765625,8.11453,9.353975
503,5.848837209302325,3229.0,535.25634765625,5.45959,9.073259
504,5.86046511627907,3189.0,495.25634765625,1.094571,6.613602
505,5.872093023255814,3211.0,517.25634765625,-5.107507,2.421364
506,5.883720930232558,3158.0,464.25634765625,-12.446755,-2.357631
507,5.895348837209303,3177.0,483.25634765625,-19.448471,-6.298887
508,5.906976744186046,3120.0,426.25634765625,-24.600195,-8.452694
509,5.9186046511627906,3130.0,436.25634765625,-26.860346,-8.777603
510,5.930232558139535,3122.0,428.25634765625,-26.131611,-8.088936
511,5.941860465116279,3120.0,426.25634765625,-23.047791,-7.566299
512,5.953488372093023,3120.0,426.25634765625,-18.473665,-7.876457
513,5.965116279069767,3138.0,444.25634765625,-13.094713,-8.893017
514,5.976744186046512,3142.0,448.25634765625,-6.935714,-9.419798
515,5.988372093023256,3134.0,440.25634765625,0.238452,-8.014444
516,6.0,3126.0,432.25634765625,8.553605,-3.826883
517,6.011627906976744,3129.0,435.25634765625,17.4828,2.75288
518,6.023255813953488,3136.0,442.25634765625,25.773325,10.061436
519,6.034883720930233,3147.0,453.25634765625,31.744205,15.831755
520,6.046511627906977,3157.0,463.25634765625,34.015717,18.218069
521,6.058139534883721,3139.0,445.25634765625,32.028397,16.641315
522,6.069767441860465,3137.0,443.25634765625,26.351269,12.027075
523,6.081395348837209,3152.0,458.25634765625,18.3437,6.297354
524,6.093023255813954,3138.0,444.25634765625,9.471737,1.338682
525,6.104651162790698,3138.0,444.25634765625,0.766425,-1.882802
526,6.116279069767441,3083.0,389.25634765625,-7.47415,-3.544773
527,6.127906976744186,3117.0,423.25634765625,-15.26105,-4.597562
528,6.1395348837209305,3042.0,348.25634765625,-22.650127,-6.016691
529,6.151162790697675,3061.0,367.25634765625,-28.999088,-7.907982
530,6.162790697674419,2997.0,303.25634765625,-33.295616,-9.549208
531,6.174418604651162,3035.0,341.25634765625,-34.242943,-9.564156
532,6.186046511627907,3049.0,355.25634765625,-31.203949,-7.121389
533,6.1976744186046515,3031.0,337.25634765625,-24.641754,-2.512161
534,6.209302325581395,3066.0,372.25634765625,-16.013494,2.698271
535,6.22093023255814,3041.0,347.25634765625,-7.401424,6.275858
536,6.232558139534883,3104.0,410.25634765625,-0.398261,6.458196
537,6.2441860465116275,3090.0,396.25634765625,4.279061,2.840557
538,6.2558139534883725,3164.0,470.25634765625,7.354633,-3.133897
539,6.267441860465116,3122.0,428.25634765625,10.107574,-8.931125
540,6.279069767441861,3177.0,483.25634765625,13.988614,-11.750333
541,6.290697674418605,3175.0,481.25634765625,19.42503,-9.979429
542,6.3023255813953485,3170.0,476.25634765625,25.611366,-3.873085
543,6.313953488372094,3181.0,487.25634765625,30.823792,4.641708
544,6.325581395348837,3162.0,468.25634765625,33.078892,12.764637
545,6.337209302325581,3184.0,490.25634765625,31.073488,17.932497
546,6.348837209302326,3136.0,442.25634765625,24.633749,18.815872
547,6.3604651162790695,3152.0,458.25634765625,14.8964,15.630582
548,6.372093023255814,3106.0,412.25634765625,3.556711,9.771688
549,6.383720930232558,3126.0,432.25634765625,-7.614986,3.039229
550,6.395348837209302,3059.0,365.25634765625,-17.494165,-3.081016
551,6.406976744186046,3091.0,397.25634765625,-25.509226,-7.71208
552,6.4186046511627906,3056.0,362.25634765625,-31.596687,-10.677185
553,6.430232558139535,3056.0,362.25634765625,-35.661446,-12.05859
554,6.44186046511628,3059.0,365.25634765625,-37.388725,-12.000412
555,6.453488372093023,3026.0,332.25634765625,-36.337929,-10.568056
556,6.465116279069767,3085.0,391.25634765625,-32.087471,-7.892036
557,6.476744186046512,3069.0,375.25634765625,-24.838526,-4.387253
558,6.488372093023256,3120.0,426.25634765625,-15.220291,-0.703653
559,6.5,3110.0,416.25634765625,-4.525199,2.249508
560,6.511627906976744,3152.0,458.25634765625,6.122733,3.899209
561,6.523255813953488,3136.0,442.25634765625,15.843741,4.189777
562,6.534883720930233,3171.0,477.25634765625,24.36471,3.629293
563,6.546511627906977,3163.0,469.25634765625,31.661602,3.090551
564,6.558139534883721,3163.0,469.25634765625,37.613747,3.281372
565,6.569767441860465,3187.0,493.25634765625,41.605328,4.430561
566,6.5813953488372094,3181.0,487.25634765625,42.346691,5.972416
567,6.593023255813954,3180.0,486.25634765625,38.430729,6.96771
568,6.604651162790698,3159.0,465.25634765625,28.916361,6.490965
569,6.616279069767442,3164.0,470.25634765625,14.199139,4.218042
570,6.627906976744185,3111.0,417.25634765625,-3.862324,0.598094
571,6.6395348837209305,3134.0,440.25634765625,-22.05703,-3.255058
572,6.651162790697675,3067.0,373.25634765625,-36.950214,-6.097248
573,6.662790697674418,3071.0,377.25634765625,-45.748173,-7.025845
574,6.674418604651163,3038.0,344.25634765625,-47.381214,-5.881527
575,6.686046511627907,3057.0,363.25634765625,-42.708408,-3.393818
576,6.697674418604651,3045.0,351.25634765625,-34.070316,-0.706112
577,6.709302325581396,3047.0,353.25634765625,-24.336069,1.042543
578,6.720930232558139,3060.0,366.25634765625,-15.7442,1.18331
579,6.732558139534884,3056.0,362.25634765625,-9.257515,-0.205853
580,6.744186046511628,3099.0,405.25634765625,-4.301057,-2.486332
581,6.755813953488372,3069.0,375.25634765625,0.552788,-4.656363
582,6.767441860465117,3135.0,441.25634765625,7.020713,-5.637774
583,6.77906976744186,3119.0,425.25634765625,15.852339,-4.820507
584,6.790697674418604,3147.0,453.25634765625,26.64094,-2.078325
585,6.802325581395349,3136.0,442.25634765625,37.586651,2.09948
586,6.813953488372093,3171.0,477.25634765625,46.196129,6.808945
587,6.825581395348837,3165.0,471.25634765625,49.931957,10.829052
588,6.837209302325582,3143.0,449.25634765625,47.043415,13.031715
589,6.848837209302325,3149.0,455.25634765625,37.190662,12.717651
590,6.86046511627907,3148.0,454.25634765625,21.451363,9.861442
591,6.872093023255814,3159.0,465.25634765625,2.192477,5.141123
592,6.883720930232558,3124.0,430.25634765625,-17.717768,-0.298456
593,6.895348837209303,3132.0,438.25634765625,-35.280422,-5.106945
594,6.906976744186046,3090.0,396.25634765625,-48.261772,-8.336075
595,6.9186046511627906,3120.0,426.25634765625,-55.335564,-9.683453
596,6.930232558139535,3077.0,383.25634765625,-56.348354,-9.569584
597,6.941860465116279,3093.0,399.25634765625,-51.870434,-8.688438
598,6.953488372093023,3088.0,394.25634765625,-43.091385,-7.771965
599,6.965116279069767,3092.0,398.25634765625,-31.268858,-6.992207
600,6.976744186046512,3119.0,425.25634765625,-17.523161,-6.012695
601,6.988372093023256,3056.0,362.25634765625,-2.971003,-4.2928
602,7.0,3113.0,419.25634765625,11.550811,-1.375713
603,7.011627906976744,3091.0,397.25634765625,24.874746,2.476387
604,7.023255813953488,3131.0,437.25634765625,35.948246,6.398863
605,7.034883720930233,3128.0,434.25634765625,43.630253,9.213696
606,7.046511627906977,3147.0,453.25634765625,47.206108,9.995842
607,7.058139534883721,3136.0,442.25634765625,46.487232,8.689667
608,7.069767441860465,3136.0,442.25634765625,41.980858,6.145859
609,7.081395348837209,3136.0,442.25634765625,34.659454,3.806189
610,7.093023255813954,3136.0,442.25634765625,25.523264,2.867559
611,7.104651162790698,3155.0,461.25634765625,15.37317,3.712233
612,7.116279069767441,3125.0,431.25634765625,4.363029,5.414854
613,7.127906976744186,3137.0,443.25634765625,-7.496118,6.352785
614,7.1395348837209305,3129.0,435.25634765625,-20.190144,4.956066
615,7.151162790697675,3129.0,435.25634765625,-32.993904,0.657242
616,7.162790697674419,3085.0,391.25634765625,-44.475895,-5.660606
617,7.174418604651162,3089.0,395.25634765625,-52.463223,-11.80891
618,7.186046511627907,3088.0,394.25634765625,-54.945629,-15.316986
619,7.1976744186046515,3083.0,389.25634765625,-50.865139,-14.716789
620,7.209302325581395,3056.0,362.25634765625,-40.593067,-10.092682
621,7.22093023255814,3069.0,375.25634765625,-26.135029,-3.398672
622,7.232558139534884,3047.0,353.25634765625,-10.408154,2.562778
623,7.2441860465116275,3059.0,365.25634765625,3.722119,5.3627
624,7.2558139534883725,3083.0,389.25634765625,14.564454,4.209144
625,7.267441860465116,3079.0,385.25634765625,21.894396,0.184599
626,7.27906976744186,3088.0,394.25634765625,26.903109,-4.165581
627,7.290697674418605,3091.0,397.25634765625,31.192379,-6.082802
628,7.3023255813953485,3105.0,411.25634765625,35.854515,-3.946232
629,7.313953488372094,3095.0,401.25634765625,40.562893,1.897579
630,7.325581395348837,3120.0,426.25634765625,43.778175,9.357697
631,7.337209302325581,3118.0,424.25634765625,43.273804,15.54212
632,7.348837209302326,3117.0,423.25634765625,37.316505,18.057735
633,7.3604651162790695,3115.0,421.25634765625,25.552422,16.009642
634,7.372093023255814,3093.0,399.25634765625,9.246571,10.235617
635,7.383720930232559,3105.0,411.25634765625,-8.873611,2.847119
636,7.395348837209302,3111.0,417.25634765625,-25.781435,-3.871023
637,7.406976744186046,3099.0,405.25634765625,-38.890137,-8.392029
638,7.4186046511627906,3071.0,377.25634765625,-46.874733,-10.348671
639,7.430232558139535,3089.0,395.25634765625,-49.549046,-10.370964
640,7.44186046511628,3057.0,363.25634765625,-47.668037,-9.442974
641,7.453488372093023,3088.0,394.25634765625,-42.202908,-8.314346
642,7.465116279069767,3042.0,348.25634765625,-34.114967,-7.167408
643,7.476744186046512,3039.0,345.25634765625,-24.024824,-5.685007
644,7.488372093023256,3055.0,361.25634765625,-12.508467,-3.498978
645,7.5,3045.0,351.25634765625,-0.355565,-0.635546
646,7.511627906976744,3035.0,341.25634765625,11.396564,2.412475
647,7.523255813953488,3040.0,346.25634765625,21.610647,4.924721
648,7.534883720930233,3056.0,362.25634765625,29.320208,6.250837
649,7.546511627906977,3047.0,353.25634765625,33.971977,6.234577
650,7.558139534883721,3091.0,397.25634765625,35.595337,5.201548
651,7.569767441860464,3056.0,362.25634765625,34.461475,3.68782
652,7.5813953488372094,3089.0,395.25634765625,31.066338,2.221012
653,7.593023255813954,3088.0,394.25634765625,25.79295,1.0308
654,7.604651162790698,3097.0,403.25634765625,18.923679,0.114576
655,7.616279069767442,3091.0,397.25634765625,10.799705,-0.633924
656,7.627906976744185,3067.0,373.25634765625,1.85212,-1.179785
657,7.6395348837209305,3089.0,395.25634765625,-7.052221,-1.185794
658,7.651162790697675,3052.0,358.25634765625,-15.144312,-0.442347
659,7.662790697674418,3053.0,359.25634765625,-21.58366,1.084215
660,7.674418604651163,3024.0,330.25634765625,-26.04604,2.796249
661,7.686046511627907,3026.0,332.25634765625,-28.455719,3.858307
662,7.697674418604651,3029.0,335.25634765625,-28.986076,3.464554
663,7.709302325581396,3024.0,330.25634765625,-27.875019,1.26416
664,7.720930232558139,2992.0,298.25634765625,-25.117811,-2.198589
665,7.732558139534884,2994.0,300.25634765625,-20.628828,-5.670727
666,7.744186046511628,3001.0,307.25634765625,-14.317171,-7.692208
667,7.755813953488372,2994.0,300.25634765625,-6.595923,-7.395243
668,7.767441860465117,2987.0,293.25634765625,1.773513,-4.849548
669,7.77906976744186,3002.0,308.25634765625,9.537642,-1.166366
670,7.790697674418604,3015.0,321.25634765625,15.575617,2.034909
671,7.802325581395349,3011.0,317.25634765625,19.216475,3.471881
672,7.813953488372093,3034.0,340.25634765625,20.558359,2.796843
673,7.825581395348837,3029.0,335.25634765625,20.348169,0.809776
674,7.837209302325581,3059.0,365.25634765625,19.553553,-0.947586
675,7.848837209302326,3029.0,335.25634765625,18.841009,-1.046324
676,7.86046511627907,3056.0,362.25634765625,18.179047,1.159084
677,7.872093023255814,3041.0,347.25634765625,16.871771,5.017252
678,7.883720930232558,3061.0,367.25634765625,13.892182,8.949856
679,7.895348837209302,3069.0,375.25634765625,8.569558,11.079409
680,7.9069767441860455,3049.0,355.25634765625,0.848158,10.031656
681,7.918604651162791,3063.0,369.25634765625,-8.268713,5.680109
682,7.930232558139535,3054.0,360.25634765625,-17.263687,-0.930836
683,7.941860465116279,3070.0,376.25634765625,-24.473915,-7.930237
684,7.953488372093023,3065.0,371.25634765625,-28.693823,-13.314289
685,7.9651162790697665,3057.0,363.25634765625,-29.557812,-15.735151
686,7.9767441860465125,3052.0,358.25634765625,-27.311838,-14.698833
687,7.988372093023257,3053.0,359.25634765625,-22.755604,-10.697305
688,8.0,3046.0,352.25634765625,-16.7108,-4.85078
689,8.011627906976743,3055.0,361.25634765625,-9.920598,1.481452
690,8.023255813953488,3045.0,351.25634765625,-2.882973,7.011171
691,8.034883720930232,3056.0,362.25634765625,3.946824,10.848542
692,8.046511627906977,3051.0,357.25634765625,10.122727,12.481852
693,8.058139534883722,3060.0,366.25634765625,15.125295,11.933733
694,8.069767441860465,3077.0,383.25634765625,18.465672,9.523119
695,8.081395348837209,3069.0,375.25634765625,19.899137,5.947764
696,8.093023255813954,3090.0,396.25634765625,19.551012,2.047691
697,8.104651162790699,3082.0,388.25634765625,17.855694,-1.396872
698,8.116279069767442,3081.0,387.25634765625,15.394382,-3.828931
699,8.127906976744185,3103.0,409.25634765625,12.715905,-5.040746
700,8.13953488372093,3097.0,403.25634765625,9.935539,-5.235437
701,8.151162790697674,3088.0,394.25634765625,6.974485,-4.787895
702,8.162790697674417,3066.0,372.25634765625,3.449579,-4.120781
703,8.174418604651164,3091.0,397.25634765625,-0.845937,-3.460454
704,8.186046511627907,3070.0,376.25634765625,-5.976191,-2.860276
705,8.19767441860465,3067.0,373.25634765625,-11.547784,-2.188798
706,8.209302325581396,3087.0,393.25634765625,-16.931337,-1.315294
707,8.220930232558139,3066.0,372.25634765625,-21.46384,-0.331772
708,8.232558139534884,3088.0,394.25634765625,-24.501869,0.583691
709,8.24418604651163,3079.0,385.25634765625,-25.68766,1.116947
710,8.255813953488373,3081.0,387.25634765625,-24.717178,1.218655
711,8.267441860465116,3057.0,363.25634765625,-21.544937,0.961527
712,8.279069767441861,3056.0,362.25634765625,-16.065756,0.797714
713,8.290697674418604,3071.0,377.25634765625,-8.467516,1.154563
714,8.30232558139535,3047.0,353.25634765625,0.722939,2.200102
715,8.313953488372093,3050.0,356.25634765625,10.498632,3.705236
716,8.325581395348838,3047.0,353.25634765625,19.479265,5.040483
717,8.337209302325581,3046.0,352.25634765625,26.137215,5.459965
718,8.348837209302324,3057.0,363.25634765625,29.218861,4.406328
719,8.36046511627907,3027.0,333.25634765625,28.193535,1.843697
720,8.372093023255815,3071.0,377.25634765625,23.555727,-1.530634
721,8.383720930232558,3042.0,348.25634765625,16.568895,-4.711302
722,8.395348837209303,3056.0,362.25634765625,8.90267,-6.669733
723,8.406976744186046,3050.0,356.25634765625,2.042928,-6.849294
724,8.41860465116279,3065.0,371.25634765625,-3.268389,-5.386941
725,8.430232558139535,3056.0,362.25634765625,-7.058156,-3.010118
726,8.44186046511628,3017.0,323.25634765625,-10.053897,-0.727046
727,8.453488372093023,3056.0,362.25634765625,-12.955829,0.774132
728,8.465116279069766,3053.0,359.25634765625,-16.161934,1.232704
729,8.476744186046512,3053.0,359.25634765625,-19.355577,1.026398
730,8.488372093023255,3066.0,372.25634765625,-21.532543,0.89838
731,8.5,3047.0,353.25634765625,-21.69552,1.398912
732,8.511627906976745,3049.0,355.25634765625,-19.032471,2.774504
733,8.523255813953488,3056.0,362.25634765625,-13.618172,4.673792
734,8.534883720930232,3048.0,354.25634765625,-6.33158,6.333694
735,8.546511627906977,3056.0,362.25634765625,1.335606,6.989029
736,8.558139534883722,3056.0,362.25634765625,7.830197,6.111095
737,8.569767441860465,3056.0,362.25634765625,12.019849,3.689482
738,8.58139534883721,3042.0,348.25634765625,13.544807,0.155492
739,8.593023255813954,3027.0,333.25634765625,12.851144,-3.729381
740,8.604651162790697,3028.0,334.25634765625,10.909018,-7.161358
741,8.61627906976744,3030.0,336.25634765625,8.823924,-9.486331
742,8.627906976744187,3015.0,321.25634765625,7.317251,-10.358068
743,8.63953488372093,3026.0,332.25634765625,6.649581,-9.65851
744,8.651162790697674,3005.0,311.25634765625,6.493141,-7.49303
745,8.662790697674419,3017.0,323.25634765625,6.280819,-4.114542
746,8.674418604651162,3010.0,316.25634765625,5.322563,-0.04324
747,8.686046511627907,3015.0,321.25634765625,3.248457,4.077974
748,8.697674418604652,3009.0,315.25634765625,0.083777,7.55162
749,8.709302325581396,3007.0,313.25634765625,-3.738848,9.71759
750,8.720930232558139,3019.0,325.25634765625,-7.611651,10.124268
751,8.732558139534884,3008.0,314.25634765625,-10.908675,8.692601
752,8.744186046511627,3014.0,320.25634765625,-13.206052,5.77617
753,8.755813953488373,3039.0,345.25634765625,-14.303773,2.050241
754,8.767441860465116,3018.0,324.25634765625,-14.191338,-1.62324
755,8.779069767441861,3005.0,311.25634765625,-12.896597,-4.41151
756,8.790697674418604,3018.0,324.25634765625,-10.389905,-5.726339
757,8.802325581395348,3006.0,312.25634765625,-6.688836,-5.359126
758,8.813953488372094,3010.0,316.25634765625,-1.895786,-3.453978
759,8.825581395348838,3034.0,340.25634765625,3.533618,-0.507631
760,8.837209302325581,2998.0,304.25634765625,8.747438,2.685876
761,8.848837209302326,3018.0,324.25634765625,12.695129,5.310868
762,8.86046511627907,3013.0,319.25634765625,14.321401,6.564665
763,8.872093023255813,2979.0,285.25634765625,13.043124,5.920545
764,8.88372093023256,3009.0,315.25634765625,9.074043,3.253027
765,8.895348837209303,3007.0,313.25634765625,3.403205,-1.085727
766,8.906976744186046,3033.0,339.25634765625,-2.387854,-6.192609
767,8.91860465116279,3041.0,347.25634765625,-6.722106,-10.925158
768,8.930232558139535,3036.0,342.25634765625,-8.569254,-14.068314
769,8.941860465116278,3037.0,343.25634765625,-7.664058,-14.628601
770,8.953488372093023,3011.0,317.25634765625,-4.71133,-12.144252
771,8.965116279069768,3020.0,326.25634765625,-0.849157,-6.858776
772,8.976744186046512,2988.0,294.25634765625,2.525657,0.250026
773,8.988372093023255,2997.0,303.25634765625,4.409289,7.603394
774,9.0,2962.0,268.25634765625,4.356,13.517366
775,9.011627906976745,2961.0,267.25634765625,2.574571,16.594223
776,9.023255813953488,2931.0,237.25634765625,-0.318685,16.157104
777,9.034883720930234,2945.0,251.25634765625,-3.426993,12.584478
778,9.046511627906977,2930.0,236.25634765625,-5.892138,7.100816
779,9.05813953488372,2925.0,231.25634765625,-7.087731,1.473005
780,9.069767441860463,2907.0,213.25634765625,-6.6495,-2.622697
781,9.08139534883721,2906.0,212.25634765625,-4.717878,-4.235491
782,9.093023255813954,2915.0,221.25634765625,-1.784983,-3.473197
783,9.104651162790697,2899.0,205.25634765625,1.303855,-1.405548
784,9.116279069767442,2923.0,229.25634765625,3.700498,0.44527
785,9.127906976744185,2910.0,216.25634765625,4.724962,0.740295
786,9.13953488372093,2946.0,252.25634765625,4.167708,-1.06938
787,9.151162790697676,2918.0,224.25634765625,2.342956,-4.481414
788,9.162790697674419,2961.0,267.25634765625,-0.024209,-8.236823
789,9.174418604651162,2934.0,240.25634765625,-2.178938,-10.908593
790,9.186046511627907,2973.0,279.25634765625,-3.540353,-11.468721
791,9.19767441860465,2960.0,266.25634765625,-3.984976,-9.798239
792,9.209302325581396,2971.0,277.25634765625,-3.669074,-6.467949
793,9.220930232558139,2974.0,280.25634765625,-2.888976,-2.455558
794,9.232558139534884,2973.0,279.25634765625,-1.885115,1.293218
795,9.244186046511627,2982.0,288.25634765625,-0.672556,4.289563
796,9.25581395348837,2974.0,280.25634765625,0.83054,6.529768
797,9.267441860465118,2983.0,289.25634765625,2.60813,8.220499
798,9.279069767441861,2957.0,263.25634765625,4.314088,9.418827
799,9.290697674418604,2976.0,282.25634765625,5.42462,10.021538
800,9.30232558139535,2946.0,252.25634765625,5.343989,9.662361
801,9.313953488372093,2982.0,288.25634765625,3.830813,8.131306
802,9.325581395348836,2938.0,244.25634765625,1.09783,5.441039
803,9.337209302325583,2946.0,252.25634765625,-2.118383,2.068867
804,9.348837209302326,2935.0,241.25634765625,-4.898859,-1.25645
805,9.36046511627907,2933.0,239.25634765625,-6.627548,-3.926399
806,9.372093023255813,2943.0,249.25634765625,-7.120715,-5.567688
807,9.383720930232558,2928.0,234.25634765625,-6.74815,-6.23262
808,9.395348837209303,2946.0,252.25634765625,-5.977957,-6.169071
809,9.406976744186046,2925.0,231.25634765625,-5.114762,-5.652543
810,9.418604651162791,2958.0,264.25634765625,-4.040706,-4.829832
811,9.430232558139535,2950.0,256.25634765625,-2.374187,-3.786651
812,9.441860465116278,2961.0,267.25634765625,0.209555,-2.602405
813,9.453488372093023,2978.0,284.25634765625,3.616947,-1.568767
814,9.465116279069768,2975.0,281.25634765625,7.153528,-0.999498
815,9.476744186046512,2971.0,277.25634765625,9.805129,-1.088271
816,9.488372093023257,2977.0,283.25634765625,10.728113,-1.559517
817,9.5,2963.0,269.25634765625,9.688413,-1.699616
818,9.511627906976743,2959.0,265.25634765625,7.199194,-0.608291
819,9.523255813953487,2959.0,265.25634765625,4.218671,2.294669
820,9.534883720930234,2954.0,260.25634765625,1.505907,6.648742
821,9.546511627906977,2960.0,266.25634765625,-0.803718,11.110472
822,9.55813953488372,2927.0,233.25634765625,-3.357837,13.653245
823,9.569767441860465,2949.0,255.25634765625,-7.000033,12.595399
824,9.581395348837209,2941.0,247.25634765625,-12.121518,7.402337
825,9.593023255813954,2960.0,266.25634765625,-18.01322,-0.74353
826,9.604651162790699,2933.0,239.25634765625,-22.829084,-9.307899
827,9.616279069767442,2941.0,247.25634765625,-24.193863,-15.281568
828,9.627906976744185,2928.0,234.25634765625,-20.383867,-16.642038
829,9.63953488372093,2929.0,235.25634765625,-11.213722,-13.11169
830,9.651162790697674,2919.0,225.25634765625,1.496496,-6.414716
831,9.662790697674419,2905.0,211.25634765625,14.481372,0.58096
832,9.674418604651162,2942.0,248.25634765625,24.221138,5.207935
833,9.686046511627907,2923.0,229.25634765625,28.298222,6.180603
834,9.69767441860465,2953.0,259.25634765625,26.317102,4.148703
835,9.709302325581394,2937.0,243.25634765625,19.809708,1.087561
836,9.72093023255814,2937.0,243.25634765625,11.568253,-0.571886
837,9.732558139534884,2931.0,237.25634765625,4.233295,0.511697
838,9.744186046511627,2935.0,241.25634765625,-0.623255,4.172279
839,9.755813953488373,2926.0,232.25634765625,-3.012094,8.633181
840,9.767441860465116,2907.0,213.25634765625,-4.092911,11.579681
841,9.77906976744186,2924.0,230.25634765625,-5.35281,11.236389
842,9.790697674418606,2917.0,223.25634765625,-7.766891,7.218201
843,9.80232558139535,2919.0,225.25634765625,-11.22742,0.740371
844,9.813953488372093,2912.0,218.25634765625,-14.787178,-6.034515
845,9.825581395348838,2914.0,220.25634765625,-17.131874,-10.8994
846,9.837209302325581,2928.0,234.25634765625,-17.294912,-12.537578
847,9.848837209302326,2929.0,235.25634765625,-15.113267,-10.975673
848,9.86046511627907,2913.0,219.25634765625,-11.174569,-7.338689
849,9.872093023255815,2918.0,224.25634765625,-6.551108,-3.342557
850,9.883720930232558,2912.0,218.25634765625,-2.169023,-0.398445
851,9.895348837209301,2916.0,222.25634765625,1.406718,0.739568
852,9.906976744186046,2909.0,215.25634765625,4.15061,0.237127
853,9.918604651162791,2922.0,228.25634765625,6.354547,-1.11334
854,9.930232558139535,2928.0,234.25634765625,8.338654,-2.272871
855,9.94186046511628,2917.0,223.25634765625,10.19295,-2.390434
856,9.953488372093023,2919.0,225.25634765625,11.668394,-1.125797
857,9.965116279069766,2933.0,239.25634765625,12.453788,1.433042
858,9.976744186046512,2917.0,223.25634765625,12.248493,4.706426
859,9.988372093023257,2928.0,234.25634765625,11.019219,7.942077
860,10.0,2930.0,236.25634765625,8.994788,10.345989
861,10.011627906976743,2945.0,251.25634765625,6.514362,11.298415
862,10.023255813953488,2947.0,253.25634765625,3.861383,10.506076
863,10.034883720930232,2930.0,236.25634765625,1.151453,8.114886
864,10.046511627906977,2938.0,244.25634765625,-1.682141,4.594754
865,10.058139534883722,2929.0,235.25634765625,-4.799442,0.652337
866,10.069767441860465,2944.0,250.25634765625,-8.243776,-3.026152
867,10.081395348837209,2942.0,248.25634765625,-11.844811,-6.016094
868,10.093023255813954,2922.0,228.25634765625,-15.171486,-8.23096
869,10.104651162790699,2954.0,260.25634765625,-17.577055,-9.813462
870,10.116279069767442,2937.0,243.25634765625,-18.472204,-11.01373
871,10.127906976744187,2945.0,251.25634765625,-17.38204,-11.813365
872,10.13953488372093,2933.0,239.25634765625,-14.205644,-11.902314
873,10.151162790697674,2937.0,243.25634765625,-9.128928,-10.658067
874,10.162790697674417,2935.0,241.25634765625,-2.721038,-7.542725
875,10.174418604651164,2922.0,228.25634765625,4.240676,-2.420103
876,10.186046511627907,2923.0,229.25634765625,10.82865,4.110121
877,10.19767441860465,2928.0,234.25634765625,16.082363,10.72628
878,10.209302325581396,2945.0,251.25634765625,19.12985,15.715055
879,10.220930232558139,2945.0,251.25634765625,19.346569,17.565763
880,10.232558139534882,2951.0,257.25634765625,16.627892,15.630148
881,10.24418604651163,2953.0,259.25634765625,11.454133,10.381712
882,10.255813953488373,2959.0,265.25634765625,4.925201,3.404912
883,10.267441860465116,2951.0,257.25634765625,-1.427429,-3.149539
884,10.279069767441861,2933.0,239.25634765625,-6.128868,-7.37599
885,10.290697674418604,2947.0,253.25634765625,-8.204843,-8.314367
886,10.30232558139535,2899.0,205.25634765625,-7.599149,-6.2787
887,10.313953488372093,2938.0,244.25634765625,-5.14571,-2.632443
888,10.325581395348838,2912.0,218.25634765625,-2.457505,0.63769
889,10.337209302325581,2925.0,231.25634765625,-1.078412,1.93813
890,10.348837209302324,2917.0,223.25634765625,-2.064447,0.504762
891,10.36046511627907,2914.0,220.25634765625,-5.309628,-3.148359
892,10.372093023255815,2917.0,223.25634765625,-9.576578,-7.498469
893,10.383720930232558,2913.0,219.25634765625,-13.018249,-10.705395
894,10.395348837209303,2901.0,207.25634765625,-13.788885,-11.187626
895,10.406976744186046,2903.0,209.25634765625,-10.914156,-8.313026
896,10.41860465116279,2889.0,195.25634765625,-4.724153,-2.608678
897,10.430232558139537,2917.0,223.25634765625,3.214049,4.421884
898,10.44186046511628,2891.0,197.25634765625,10.529092,10.740944
899,10.453488372093023,2906.0,212.25634765625,15.069558,14.581521
900,10.465116279069766,2914.0,220.25634765625,15.536511,14.952608
901,10.476744186046512,2891.0,197.25634765625,12.046526,11.934298
902,10.488372093023255,2896.0,202.25634765625,5.994595,6.671157
903,10.5,2922.0,228.25634765625,-0.444958,0.871718
904,10.511627906976745,2918.0,224.25634765625,-5.273682,-3.819384
905,10.523255813953488,2925.0,231.25634765625,-7.223967,-6.373823
906,10.534883720930232,2926.0,232.25634765625,-6.259736,-6.680973
907,10.546511627906977,2930.0,236.25634765625,-3.344618,-5.449568
908,10.558139534883722,2918.0,224.25634765625,-0.039479,-3.81855
909,10.569767441860465,2927.0,233.25634765625,2.24095,-2.799123
910,10.58139534883721,2909.0,215.25634765625,2.675577,-2.862502
911,10.593023255813954,2927.0,233.25634765625,1.363214,-3.713048
912,10.604651162790697,2899.0,205.25634765625,-0.921151,-4.575459
913,10.61627906976744,2919.0,225.25634765625,-3.113477,-4.563494
914,10.627906976744187,2885.0,191.25634765625,-4.395992,-3.232294
915,10.63953488372093,2886.0,192.25634765625,-4.507053,-0.784148
916,10.651162790697674,2881.0,187.25634765625,-3.726236,2.012737
917,10.662790697674419,2900.0,206.25634765625,-2.747418,4.136298
918,10.674418604651162,2862.0,168.25634765625,-2.156702,4.872766
919,10.686046511627907,2876.0,182.25634765625,-2.156369,4.160341
920,10.697674418604652,2863.0,169.25634765625,-2.420469,2.616491
921,10.709302325581396,2870.0,176.25634765625,-2.329096,1.251585
922,10.720930232558139,2886.0,192.25634765625,-1.312081,0.888788
923,10.732558139534884,2873.0,179.25634765625,0.741545,1.75519
924,10.744186046511627,2881.0,187.25634765625,3.379757,3.35644
925,10.755813953488373,2892.0,198.25634765625,5.714886,4.655638
926,10.767441860465116,2867.0,173.25634765625,6.772711,4.589561
927,10.779069767441861,2895.0,201.25634765625,6.11699,2.705556
928,10.790697674418604,2891.0,197.25634765625,3.930372,-0.686337
929,10.802325581395348,2897.0,203.25634765625,1.188562,-4.379838
930,10.813953488372093,2906.0,212.25634765625,-0.923492,-6.897398
931,10.825581395348838,2889.0,195.25634765625,-1.434091,-7.010356
932,10.837209302325581,2885.0,191.25634765625,-0.244588,-4.461395
933,10.848837209302326,2909.0,215.25634765625,1.832283,-0.122751
934,10.86046511627907,2894.0,200.25634765625,3.256919,4.167824
935,10.872093023255813,2890.0,196.25634765625,2.548248,6.393442
936,10.88372093023256,2903.0,209.25634765625,-0.958105,5.216119
937,10.895348837209303,2912.0,218.25634765625,-6.715883,0.582712
938,10.906976744186046,2899.0,205.25634765625,-12.923492,-6.002753
939,10.91860465116279,2890.0,196.25634765625,-17.22747,-12.06369
940,10.930232558139535,2895.0,201.25634765625,-17.560045,-14.933238
941,10.941860465116278,2897.0,203.25634765625,-13.16828,-13.017984
942,10.953488372093023,2911.0,217.25634765625,-4.974209,-6.454691
943,10.965116279069768,2917.0,223.25634765625,4.663803,2.803027
944,10.976744186046512,2922.0,228.25634765625,12.797778,11.663132
945,10.988372093023255,2922.0,228.25634765625,17.008429,17.074526
946,11.0,2928.0,234.25634765625,16.355268,17.31505
947,11.011627906976745,2914.0,220.25634765625,11.619704,12.632712
948,11.023255813953488,2928.0,234.25634765625,4.972517,5.110418
949,11.034883720930234,2925.0,231.25634765625,-1.027689,-2.263127
950,11.046511627906977,2914.0,220.25634765625,-4.45501,-6.882074
951,11.05813953488372,2938.0,244.25634765625,-4.642923,-7.53624
952,11.069767441860463,2914.0,220.25634765625,-2.447895,-4.900376
953,11.08139534883721,2907.0,213.25634765625,0.524072,-0.856818
954,11.093023255813954,2907.0,213.25634765625,2.603256,2.393177
955,11.104651162790697,2894.0,200.25634765625,2.866907,3.476982
956,11.116279069767442,2885.0,191.25634765625,1.344917,2.277361
957,11.127906976744185,2918.0,224.25634765625,-1.101365,-0.130149
958,11.13953488372093,2887.0,193.25634765625,-3.505801,-2.397417
959,11.151162790697676,2889.0,195.25634765625,-5.166474,-3.509564
960,11.162790697674419,2913.0,219.25634765625,-6.008798,-3.432584
961,11.174418604651162,2918.0,224.25634765625,-6.495923,-3.01143
962,11.186046511627907,2914.0,220.25634765625,-7.048636,-3.185201
963,11.19767441860465,2910.0,216.25634765625,-7.78271,-4.420677
964,11.209302325581396,2921.0,227.25634765625,-8.2222,-6.193974
965,11.220930232558139,2923.0,229.25634765625,-7.657565,-7.359584
966,11.232558139534884,2923.0,229.25634765625,-5.51079,-6.698019
967,11.244186046511627,2926.0,232.25634765625,-1.769543,-3.728883
968,11.25581395348837,2928.0,234.25634765625,2.907836,1.005026
969,11.267441860465118,2919.0,225.25634765625,7.405759,6.094954
970,11.279069767441861,2906.0,212.25634765625,10.605595,9.90942
971,11.290697674418604,2926.0,232.25634765625,11.933875,11.446341
972,11.30232558139535,2901.0,207.25634765625,11.407542,10.597256
973,11.313953488372093,2921.0,227.25634765625,9.641034,8.228944
974,11.325581395348836,2914.0,220.25634765625,7.327992,5.472535
975,11.337209302325583,2917.0,223.25634765625,4.957004,3.192594
976,11.348837209302326,2906.0,212.25634765625,2.625411,1.586364
977,11.36046511627907,2913.0,219.25634765625,0.171488,0.259968
978,11.372093023255815,2909.0,215.25634765625,-2.620111,-1.40205
979,11.383720930232558,2899.0,205.25634765625,-5.680857,-3.706801
980,11.395348837209301,2896.0,202.25634765625,-8.615431,-6.391084
981,11.406976744186046,2894.0,200.25634765625,-10.837286,-8.731163
982,11.418604651162791,2894.0,200.25634765625,-11.869623,-9.970729
983,11.430232558139535,2899.0,205.25634765625,-11.517893,-9.63056
984,11.441860465116278,2919.0,225.25634765625,-9.919036,-7.802321
985,11.453488372093023,2913.0,219.25634765625,-7.47189,-5.063679
986,11.465116279069768,2896.0,202.25634765625,-4.568499,-2.108235
987,11.476744186046512,2906.0,212.25634765625,-1.422649,0.61628
988,11.488372093023257,2918.0,224.25634765625,1.784365,2.916418
989,11.5,2906.0,212.25634765625,4.844981,4.829291
990,11.511627906976743,2905.0,211.25634765625,7.431808,6.43418
991,11.523255813953488,2923.0,229.25634765625,9.144587,7.678077
992,11.534883720930234,2911.0,217.25634765625,9.632816,8.327003
993,11.546511627906977,2907.0,213.25634765625,8.836554,8.181948
994,11.55813953488372,2891.0,197.25634765625,7.100535,7.157562
995,11.569767441860465,2905.0,211.25634765625,5.028657,5.399969
996,11.581395348837209,2909.0,215.25634765625,3.173567,3.158148
997,11.593023255813954,2901.0,207.25634765625,1.725233,0.608304
998,11.604651162790699,2883.0,189.25634765625,0.356196,-2.241068
999,11.616279069767442,2901.0,207.25634765625,-1.431234,-5.340957
1000,11.627906976744185,2871.0,177.25634765625,-4.112397,-8.573458
1001,11.63953488372093,2871.0,177.25634765625,-7.546417,-11.431232
1002,11.651162790697674,2859.0,165.25634765625,-10.99334,-13.142782
1003,11.662790697674419,2875.0,181.25634765625,-13.272669,-12.865912
1004,11.674418604651164,2877.0,183.25634765625,-13.366243,-10.171894
1005,11.686046511627907,2848.0,154.25634765625,-10.944443,-5.412283
1006,11.69767441860465,2874.0,180.25634765625,-6.492286,0.41176
1007,11.709302325581394,2874.0,180.25634765625,-1.228428,5.825252
1008,11.72093023255814,2879.0,185.25634765625,3.547626,9.625399
1009,11.732558139534884,2882.0,188.25634765625,6.967868,11.273973
1010,11.744186046511627,2864.0,170.25634765625,8.90205,11.107698
1011,11.755813953488373,2890.0,196.25634765625,9.856449,10.045362
1012,11.767441860465116,2886.0,192.25634765625,10.413603,8.956138
1013,11.77906976744186,2877.0,183.25634765625,10.785819,8.156618
1014,11.790697674418606,2878.0,184.25634765625,10.570921,7.266966
1015,11.80232558139535,2894.0,200.25634765625,9.063684,5.54942
1016,11.813953488372093,2881.0,187.25634765625,5.578531,2.293833
1017,11.825581395348838,2878.0,184.25634765625,0.250519,-2.392062
1018,11.837209302325581,2896.0,202.25634765625,-5.983547,-7.646107
1019,11.848837209302326,2882.0,188.25634765625,-11.605901,-12.107388
1020,11.86046511627907,2871.0,177.25634765625,-15.137387,-14.545936
1021,11.872093023255815,2873.0,179.25634765625,-15.770246,-14.425367
1022,11.883720930232558,2869.0,175.25634765625,-13.679774,-12.076956
1023,11.895348837209301,2864.0,170.25634765625,-9.840116,-8.498269
1024,11.906976744186046,2853.0,159.25634765625,-5.517426,-4.76939
1025,11.918604651162791,2871.0,177.25634765625,-1.632673,-1.549507
1026,11.930232558139535,2852.0,158.25634765625,1.407793,1.07489
1027,11.94186046511628,2880.0,186.25634765625,3.830858,3.446369
1028,11.953488372093023,2826.0,132.25634765625,5.828987,5.748935
1029,11.965116279069766,2832.0,138.25634765625,7.475363,7.819807
1030,11.976744186046512,2815.0,121.25634765625,8.427274,9.116526
1031,11.988372093023257,2845.0,151.25634765625,8.193996,9.017033
1032,12.0,2795.0,101.25634765625,6.470217,7.280689
1033,12.011627906976743,2813.0,119.25634765625,3.694765,4.52872
1034,12.023255813953488,2790.0,96.25634765625,0.780114,1.884983
1035,12.034883720930232,2800.0,106.25634765625,-1.11919,0.554446
1036,12.046511627906977,2787.0,93.25634765625,-1.298602,1.069222
1037,12.058139534883722,2778.0,84.25634765625,0.143578,2.948429
1038,12.069767441860465,2779.0,85.25634765625,2.230463,4.847509
1039,12.081395348837209,2798.0,104.25634765625,3.602821,5.190753
1040,12.093023255813954,2802.0,108.25634765625,3.093926,2.959495
1041,12.104651162790697,2800.0,106.25634765625,0.443637,-1.608343
1042,12.116279069767442,2820.0,126.25634765625,-3.643572,-7.16312
1043,12.127906976744187,2798.0,104.25634765625,-7.747113,-11.750141
1044,12.13953488372093,2803.0,109.25634765625,-10.417365,-13.721287
1045,12.151162790697674,2787.0,93.25634765625,-10.807683,-12.530663
1046,12.162790697674417,2814.0,120.25634765625,-8.967851,-8.866013
1047,12.174418604651164,2815.0,121.25634765625,-5.738313,-4.277829
1048,12.186046511627907,2817.0,123.25634765625,-2.349257,-0.459675
1049,12.19767441860465,2811.0,117.25634765625,0.241607,1.631807
1050,12.209302325581396,2829.0,135.25634765625,1.648626,2.045091
1051,12.220930232558139,2822.0,128.25634765625,2.06498,1.627462
1052,12.232558139534882,2815.0,121.25634765625,2.074237,1.52869
1053,12.24418604651163,2823.0,129.25634765625,2.210351,2.433197
1054,12.255813953488373,2821.0,127.25634765625,2.714784,4.294192
1055,12.267441860465116,2846.0,152.25634765625,3.552126,6.455472
1056,12.279069767441861,2809.0,115.25634765625,4.378026,7.958492
1057,12.290697674418604,2819.0,125.25634765625,5.014172,8.30979
1058,12.30232558139535,2800.0,106.25634765625,5.34198,7.514771
1059,12.313953488372093,2802.0,108.25634765625,5.388347,6.065985
1060,12.325581395348838,2797.0,103.25634765625,5.147124,4.516239
1061,12.337209302325581,2787.0,93.25634765625,4.436963,3.042697
1062,12.348837209302324,2801.0,107.25634765625,2.962248,1.375765
1063,12.36046511627907,2800.0,106.25634765625,0.51043,-0.998494
1064,12.372093023255815,2828.0,134.25634765625,-2.824865,-4.364486
1065,12.383720930232558,2793.0,99.25634765625,-6.549707,-8.471449
1066,12.395348837209303,2799.0,105.25634765625,-9.675101,-12.230665
1067,12.406976744186046,2801.0,107.25634765625,-11.151711,-14.25444
1068,12.41860465116279,2807.0,113.25634765625,-10.321303,-13.437621
1069,12.430232558139537,2795.0,101.25634765625,-7.287706,-9.660789
1070,12.44186046511628,2799.0,105.25634765625,-2.921486,-3.89406
1071,12.453488372093023,2803.0,109.25634765625,1.382109,2.054196
1072,12.465116279069766,2809.0,115.25634765625,4.299814,6.354515
1073,12.476744186046512,2813.0,119.25634765625,5.121627,7.91854
1074,12.488372093023255,2817.0,123.25634765625,4.056107,6.950242
1075,12.5,2824.0,130.25634765625,2.08523,4.757727
1076,12.511627906976745,2823.0,129.25634765625,0.469881,3.074639
1077,12.523255813953488,2805.0,111.25634765625,0.060829,3.119707
1078,12.534883720930232,2799.0,105.25634765625,0.949948,5.034718
1079,12.546511627906977,2816.0,122.25634765625,2.3982,7.764651
1080,12.558139534883722,2800.0,106.25634765625,3.189894,9.539353
1081,12.569767441860465,2796.0,102.25634765625,2.453543,8.921545
1082,12.58139534883721,2804.0,110.25634765625,0.057111,5.380558
1083,12.593023255813954,2804.0,110.25634765625,-3.225909,-0.361945
1084,12.604651162790697,2782.0,88.25634765625,-6.050806,-6.726361
1085,12.61627906976744,2800.0,106.25634765625,-7.129436,-11.957044
1086,12.627906976744187,2790.0,96.25634765625,-5.952808,-14.925301
1087,12.63953488372093,2767.0,73.25634765625,-2.877037,-15.331447
1088,12.651162790697674,2768.0,74.25634765625,0.970512,-13.650983
1089,12.662790697674419,2790.0,96.25634765625,4.300812,-10.576654
1090,12.674418604651162,2781.0,87.25634765625,6.245419,-6.579438
1091,12.686046511627906,2775.0,81.25634765625,6.67995,-1.778769
1092,12.697674418604652,2784.0,90.25634765625,6.072386,3.812075
1093,12.709302325581396,2779.0,85.25634765625,5.008667,9.774309
1094,12.720930232558139,2782.0,88.25634765625,3.81007,15.066683
1095,12.732558139534884,2786.0,92.25634765625,2.322109,18.191793
1096,12.744186046511627,2785.0,91.25634765625,0.134743,17.831558
1097,12.755813953488373,2790.0,96.25634765625,-2.940469,13.569798
1098,12.767441860465116,2793.0,99.25634765625,-6.495136,6.351099
1099,12.779069767441861,2785.0,91.25634765625,-9.511164,-1.71379
1100,12.790697674418604,2788.0,94.25634765625,-10.767711,-8.142612
1101,12.802325581395348,2797.0,103.25634765625,-9.425839,-11.042848
1102,12.813953488372093,2795.0,101.25634765625,-5.681675,-10.072813
1103,12.825581395348838,2800.0,106.25634765625,-0.701002,-6.386878
1104,12.837209302325581,2797.0,103.25634765625,3.740198,-2.157842
1105,12.848837209302326,2779.0,85.25634765625,6.087014,0.533846
1106,12.86046511627907,2805.0,111.25634765625,5.713892,0.618531
1107,12.872093023255813,2769.0,75.25634765625,3.11021,-1.640646
1108,12.88372093023256,2788.0,94.25634765625,-0.298641,-4.862255
1109,12.895348837209303,2787.0,93.25634765625,-3.002705,-7.442176
1110,12.906976744186046,2800.0,106.25634765625,-4.021793,-8.291492
1111,12.918604651162791,2797.0,103.25634765625,-3.292391,-7.253988
1112,12.930232558139535,2804.0,110.25634765625,-1.459606,-4.909814
1113,12.941860465116278,2797.0,103.25634765625,0.601291,-2.058739
1114,12.953488372093023,2801.0,107.25634765625,2.374296,0.832026
1115,12.965116279069768,2807.0,113.25634765625,3.831747,3.80175
1116,12.976744186046512,2777.0,83.25634765625,5.181527,7.017387
1117,12.988372093023255,2813.0,119.25634765625,6.567389,10.473328
1118,13.0,2832.0,138.25634765625,7.599391,13.546021
1119,13.011627906976745,2815.0,121.25634765625,7.412357,15.027166
1120,13.023255813953488,2832.0,138.25634765625,5.221999,13.821537
1121,13.034883720930234,2821.0,127.25634765625,0.898466,9.563052
1122,13.046511627906977,2833.0,139.25634765625,-4.642492,3.033041
1123,13.05813953488372,2817.0,123.25634765625,-9.645644,-3.943212
1124,13.069767441860465,2823.0,129.25634765625,-12.206429,-9.270319
1125,13.08139534883721,2845.0,151.25634765625,-11.188443,-11.43996
1126,13.093023255813954,2807.0,113.25634765625,-6.951775,-10.318639
1127,13.104651162790697,2821.0,127.25634765625,-1.211666,-7.113273
1128,13.116279069767442,2825.0,131.25634765625,3.533854,-3.896086
1129,13.127906976744185,2832.0,138.25634765625,5.27762,-2.463764
1130,13.13953488372093,2821.0,127.25634765625,3.333639,-3.558919
1131,13.151162790697676,2821.0,127.25634765625,-1.218703,-6.428725
1132,13.162790697674419,2813.0,119.25634765625,-6.118284,-9.306372
1133,13.174418604651162,2817.0,123.25634765625,-8.907454,-10.196272
1134,13.186046511627907,2802.0,108.25634765625,-8.113126,-7.895946
1135,13.19767441860465,2815.0,121.25634765625,-3.908573,-2.62908
1136,13.209302325581396,2800.0,106.25634765625,2.068475,4.182204
1137,13.22093023255814,2807.0,113.25634765625,7.517947,10.436224
1138,13.232558139534884,2783.0,89.25634765625,10.486458,14.306
1139,13.244186046511627,2799.0,105.25634765625,10.26256,14.925102
1140,13.25581395348837,2789.0,95.25634765625,7.414623,12.549893
1141,13.267441860465116,2797.0,103.25634765625,3.536362,8.462209
1142,13.279069767441861,2768.0,74.25634765625,0.308623,4.21123
1143,13.290697674418604,2794.0,100.25634765625,-1.152293,1.093922
1144,13.30232558139535,2783.0,89.25634765625,-0.799196,-0.424543
1145,13.313953488372093,2779.0,85.25634765625,0.598047,-0.620346
1146,13.325581395348836,2783.0,89.25634765625,1.847401,-0.387754
1147,13.337209302325583,2800.0,106.25634765625,1.940986,-0.716999
1148,13.348837209302326,2795.0,101.25634765625,0.494134,-2.259121
1149,13.36046511627907,2783.0,89.25634765625,-2.176628,-5.052413
1150,13.372093023255815,2787.0,93.25634765625,-5.230062,-8.45387
1151,13.383720930232558,2768.0,74.25634765625,-7.68931,-11.409823
1152,13.395348837209301,2782.0,88.25634765625,-8.763751,-12.754993
1153,13.406976744186046,2759.0,65.25634765625,-8.178967,-11.823166
1154,13.418604651162791,2791.0,97.25634765625,-6.154939,-8.555067
1155,13.430232558139535,2781.0,87.25634765625,-3.355769,-3.77191
1156,13.441860465116278,2779.0,85.25634765625,-0.649927,1.253586
1157,13.453488372093023,2783.0,89.25634765625,1.296186,5.228762
1158,13.465116279069768,2777.0,83.25634765625,2.070667,7.352284
1159,13.476744186046512,2768.0,74.25634765625,1.831658,7.644415
1160,13.488372093023257,2769.0,75.25634765625,1.155492,6.928505
1161,13.5,2782.0,88.25634765625,0.912943,6.411963
1162,13.511627906976743,2791.0,97.25634765625,1.67711,6.916306
1163,13.523255813953488,2771.0,77.25634765625,3.557278,8.474865
1164,13.534883720930234,2766.0,72.25634765625,5.983938,10.157698
1165,13.546511627906977,2779.0,85.25634765625,7.938433,10.535667
1166,13.55813953488372,2789.0,95.25634765625,8.319055,8.284953
1167,13.569767441860465,2777.0,83.25634765625,6.496673,3.002121
1168,13.581395348837209,2800.0,106.25634765625,2.741672,-4.381197
1169,13.593023255813954,2778.0,84.25634765625,-1.846659,-11.881785
1170,13.604651162790699,2768.0,74.25634765625,-5.695555,-17.183983
1171,13.616279069767442,2784.0,90.25634765625,-7.483978,-18.594824
1172,13.627906976744185,2769.0,75.25634765625,-6.741016,-15.776119
1173,13.63953488372093,2774.0,80.25634765625,-4.1057,-9.899431
1174,13.651162790697674,2754.0,60.25634765625,-1.037903,-3.107432
1175,13.662790697674419,2762.0,68.25634765625,0.853669,2.414957
1176,13.674418604651164,2752.0,58.25634765625,0.60558,5.32616
1177,13.686046511627907,2761.0,67.25634765625,-1.62812,5.582928
1178,13.69767441860465,2763.0,69.25634765625,-4.648415,4.300963
1179,13.709302325581394,2763.0,69.25634765625,-6.784338,3.045288
1180,13.72093023255814,2750.0,56.25634765625,-6.659703,3.112926
1181,13.732558139534884,2781.0,87.25634765625,-3.876281,4.827835
1182,13.744186046511627,2749.0,55.25634765625,0.668374,7.468822
1183,13.755813953488373,2747.0,53.25634765625,5.318364,9.681308
1184,13.767441860465116,2741.0,47.25634765625,8.277896,10.111734
1185,13.77906976744186,2753.0,59.25634765625,8.524879,8.147911
1186,13.790697674418606,2743.0,49.25634765625,6.078516,4.00951
1187,13.80232558139535,2750.0,56.25634765625,2.115911,-1.146698
1188,13.813953488372093,2743.0,49.25634765625,-1.710502,-5.862854
1189,13.825581395348838,2753.0,59.25634765625,-3.924032,-8.852023
1190,13.837209302325581,2768.0,74.25634765625,-3.882371,-9.54195
1191,13.848837209302324,2755.0,61.25634765625,-2.008008,-8.218441
1192,13.86046511627907,2768.0,74.25634765625,0.595212,-5.755929
1193,13.872093023255815,2765.0,71.25634765625,2.594199,-3.313991
1194,13.883720930232558,2768.0,74.25634765625,3.170466,-1.734215
1195,13.895348837209301,2762.0,68.25634765625,2.198674,-1.365299
1196,13.906976744186046,2773.0,79.25634765625,0.335903,-1.861291
1197,13.918604651162791,2771.0,77.25634765625,-1.439943,-2.483109
1198,13.930232558139535,2774.0,80.25634765625,-2.299879,-2.420988
1199,13.94186046511628,2772.0,78.25634765625,-2.02874,-1.251424
1200,13.953488372093023,2778.0,84.25634765625,-1.064741,0.902882
1201,13.965116279069766,2787.0,93.25634765625,-0.266769,3.344857
1202,13.976744186046512,2765.0,71.25634765625,-0.451444,5.171483
1203,13.988372093023257,2785.0,91.25634765625,-1.862611,5.742111
1204,14.0,2771.0,77.25634765625,-4.068558,4.96351
1205,14.011627906976743,2791.0,97.25634765625,-6.003425,3.426248
1206,14.023255813953488,2769.0,75.25634765625,-6.533097,2.079346
1207,14.034883720930232,2770.0,76.25634765625,-4.943997,1.747197
1208,14.046511627906977,2764.0,70.25634765625,-1.393501,2.669457
1209,14.058139534883722,2759.0,65.25634765625,3.137363,4.354479
1210,14.069767441860465,2736.0,42.25634765625,7.123196,5.674956
1211,14.081395348837209,2736.0,42.25634765625,9.186033,5.501
1212,14.093023255813954,2747.0,53.25634765625,8.660563,3.238814
1213,14.104651162790697,2745.0,51.25634765625,5.869352,-0.817167
1214,14.116279069767442,2768.0,74.25634765625,1.964422,-5.58623
1215,14.127906976744187,2739.0,45.25634765625,-1.571125,-9.635918
1216,14.13953488372093,2751.0,57.25634765625,-3.505299,-11.758999
1217,14.151162790697674,2752.0,58.25634765625,-3.46336,-11.531039
1218,14.162790697674417,2755.0,61.25634765625,-1.953158,-9.390935
1219,14.174418604651164,2768.0,74.25634765625,-0.028408,-6.238944
1220,14.186046511627907,2767.0,73.25634765625,1.16699,-3.05878
1221,14.19767441860465,2757.0,63.25634765625,0.950442,-0.439668
1222,14.209302325581396,2770.0,76.25634765625,-0.596899,1.586301
1223,14.220930232558139,2768.0,74.25634765625,-2.817976,3.266987
1224,14.232558139534882,2752.0,58.25634765625,-4.794309,4.844124
1225,14.24418604651163,2756.0,62.25634765625,-5.74782,6.256973
1226,14.255813953488373,2752.0,58.25634765625,-5.378971,7.19179
1227,14.267441860465116,2741.0,47.25634765625,-3.860967,7.273279
1228,14.279069767441861,2720.0,26.25634765625,-1.658046,6.484633
1229,14.290697674418604,2736.0,42.25634765625,0.735314,5.230488
1230,14.30232558139535,2715.0,21.25634765625,2.897684,4.123602
1231,14.313953488372093,2707.0,13.25634765625,4.600706,3.652061
1232,14.325581395348838,2691.0,-2.74365234375,5.641998,3.747129
1233,14.337209302325581,2702.0,8.25634765625,5.818169,3.721495
1234,14.348837209302324,2713.0,19.25634765625,4.894403,2.518157
1235,14.36046511627907,2707.0,13.25634765625,2.722889,-0.637291
1236,14.372093023255815,2706.0,12.25634765625,-0.401386,-5.610044
1237,14.383720930232558,2704.0,10.25634765625,-3.816198,-11.215801
1238,14.395348837209303,2720.0,26.25634765625,-6.455344,-15.516404
1239,14.406976744186046,2710.0,16.25634765625,-7.313568,-16.682192
1240,14.41860465116279,2730.0,36.25634765625,-5.781065,-13.764582
1241,14.430232558139535,2736.0,42.25634765625,-2.099419,-7.362221
1242,14.44186046511628,2730.0,36.25634765625,2.664889,0.603679
1243,14.453488372093023,2726.0,32.25634765625,6.920181,7.651142
1244,14.465116279069768,2752.0,58.25634765625,9.167156,11.71982
1245,14.476744186046512,2751.0,57.25634765625,8.564574,12.03076
1246,14.488372093023255,2733.0,39.25634765625,5.239507,9.232009
1247,14.5,2752.0,58.25634765625,0.395161,5.153863
1248,14.511627906976745,2742.0,48.25634765625,-4.286263,1.804573
1249,14.523255813953488,2738.0,44.25634765625,-7.313118,0.447682
1250,14.534883720930232,2721.0,27.25634765625,-7.911388,1.152483
1251,14.546511627906977,2732.0,38.25634765625,-6.304315,2.9126
1252,14.55813953488372,2723.0,29.25634765625,-3.511671,4.24906
1253,14.569767441860465,2714.0,20.25634765625,-0.853574,3.9963
1254,14.58139534883721,2714.0,20.25634765625,0.668854,1.864309
1255,14.593023255813954,2717.0,23.25634765625,0.791956,-1.458415
1256,14.604651162790697,2700.0,6.25634765625,-0.144961,-4.833154
1257,14.616279069767442,2661.0,-32.74365234375,-1.371163,-7.157812
1258,14.627906976744187,2704.0,10.25634765625,-2.116284,-7.880866
1259,14.63953488372093,2701.0,7.25634765625,-2.099153,-7.246712
1260,14.651162790697674,2711.0,17.25634765625,-1.484768,-6.006369
1261,14.662790697674419,2688.0,-5.74365234375,-0.689752,-4.898632
1262,14.674418604651162,2711.0,17.25634765625,0.030459,-4.195508
1263,14.686046511627906,2717.0,23.25634765625,0.752992,-3.611919
1264,14.697674418604652,2725.0,31.25634765625,1.85675,-2.523778
1265,14.709302325581396,2717.0,23.25634765625,3.770599,-0.366606
1266,14.720930232558139,2727.0,33.25634765625,6.538383,2.928325
1267,14.732558139534884,2736.0,42.25634765625,9.607575,6.782535
1268,14.744186046511627,2740.0,46.25634765625,11.841232,10.121109
1269,14.755813953488373,2763.0,69.25634765625,12.060985,11.904449
1270,14.767441860465118,2736.0,42.25634765625,9.47651,11.466916
1271,14.779069767441861,2763.0,69.25634765625,4.302989,8.967812
1272,14.790697674418604,2734.0,40.25634765625,-2.448234,5.158924
1273,14.802325581395348,2751.0,57.25634765625,-9.060939,1.196879
1274,14.813953488372093,2734.0,40.25634765625,-13.973536,-1.984246
1275,14.825581395348838,2746.0,52.25634765625,-16.239876,-3.904066
1276,14.837209302325581,2736.0,42.25634765625,-15.88267,-4.704906
1277,14.848837209302326,2725.0,31.25634765625,-13.654975,-4.909478
1278,14.86046511627907,2736.0,42.25634765625,-10.605845,-5.087086
1279,14.872093023255813,2718.0,24.25634765625,-7.611719,-5.64332
1280,14.88372093023256,2714.0,20.25634765625,-4.941969,-6.524585
1281,14.895348837209303,2725.0,31.25634765625,-2.38196,-7.428267
1282,14.906976744186046,2704.0,10.25634765625,0.515564,-7.875885
1283,14.918604651162791,2725.0,31.25634765625,4.010818,-7.549465
1284,14.930232558139535,2688.0,-5.74365234375,7.94165,-6.241213
1285,14.941860465116278,2700.0,6.25634765625,11.778291,-4.018938
1286,14.953488372093023,2684.0,-9.74365234375,14.757824,-1.030679
1287,14.965116279069768,2688.0,-5.74365234375,16.28639,2.46463
1288,14.976744186046512,2678.0,-15.74365234375,16.066725,6.113793
1289,14.988372093023255,2676.0,-17.74365234375,14.155783,9.445612
1290,15.0,2671.0,-22.74365234375,10.832161,11.861867
1291,15.011627906976745,2679.0,-14.74365234375,6.485234,12.78488
1292,15.023255813953488,2689.0,-4.74365234375,1.533446,11.873554
1293,15.034883720930234,2691.0,-2.74365234375,-3.595814,9.187773
1294,15.046511627906977,2697.0,3.25634765625,-8.362312,5.302541
1295,15.05813953488372,2693.0,-0.74365234375,-12.131241,1.195593
1296,15.069767441860465,2675.0,-18.74365234375,-14.319392,-2.094752
1297,15.08139534883721,2673.0,-20.74365234375,-14.65998,-3.916917
1298,15.093023255813954,2662.0,-31.74365234375,-13.31744,-4.246677
1299,15.104651162790697,2679.0,-14.74365234375,-10.921847,-3.709266
1300,15.116279069767442,2659.0,-34.74365234375,-8.355447,-3.32174
1301,15.127906976744185,2651.0,-42.74365234375,-6.231661,-3.814398
1302,15.139534883720929,2666.0,-27.74365234375,-4.698843,-5.405795
1303,15.151162790697676,2668.0,-25.74365234375,-3.366621,-7.546356
1304,15.162790697674419,2675.0,-18.74365234375,-1.600269,-9.341618
1305,15.174418604651162,2672.0,-21.74365234375,1.089535,-9.870787
1306,15.186046511627907,2679.0,-14.74365234375,4.644595,-8.754152
1307,15.19767441860465,2674.0,-19.74365234375,8.396486,-6.275322
1308,15.209302325581396,2691.0,-2.74365234375,11.362528,-3.171978
1309,15.22093023255814,2694.0,0.25634765625,12.701221,-0.275169
1310,15.232558139534884,2689.0,-4.74365234375,12.137071,2.039692
1311,15.244186046511627,2705.0,11.25634765625,10.224622,4.02909
1312,15.25581395348837,2683.0,-10.74365234375,7.870707,6.222592
1313,15.267441860465116,2709.0,15.25634765625,5.99526,9.082365
1314,15.279069767441861,2677.0,-16.74365234375,4.866853,12.367075
1315,15.290697674418604,2687.0,-6.74365234375,4.126211,15.18043
1316,15.30232558139535,2696.0,2.25634765625,2.885397,16.154354
1317,15.313953488372093,2688.0,-5.74365234375,0.355369,14.15098
1318,15.325581395348836,2682.0,-11.74365234375,-3.623808,8.981194
1319,15.337209302325583,2675.0,-18.74365234375,-8.3481,1.685716
1320,15.348837209302326,2662.0,-31.74365234375,-12.485388,-5.751889
1321,15.36046511627907,2671.0,-22.74365234375,-14.720181,-11.222036
1322,15.372093023255815,2667.0,-26.74365234375,-14.367496,-13.397265
1323,15.383720930232558,2672.0,-21.74365234375,-11.70522,-12.261482
1324,15.395348837209301,2670.0,-23.74365234375,-7.819977,-9.101366
1325,15.406976744186046,2640.0,-53.74365234375,-4.081908,-5.881608
1326,15.418604651162791,2681.0,-12.74365234375,-1.370924,-4.142286
1327,15.430232558139535,2658.0,-35.74365234375,0.120213,-4.474326
1328,15.441860465116278,2697.0,3.25634765625,1.036852,-6.122112
1329,15.453488372093023,2672.0,-21.74365234375,2.211147,-7.621441
1330,15.465116279069768,2694.0,0.25634765625,4.254922,-7.436346
1331,15.476744186046512,2685.0,-8.74365234375,7.05284,-4.815399
1332,15.488372093023257,2683.0,-10.74365234375,9.7877,-0.16612
1333,15.5,2694.0,0.25634765625,11.43247,5.29447
1334,15.511627906976743,2695.0,1.25634765625,11.186762,10.043194
1335,15.523255813953488,2698.0,4.25634765625,9.003901,13.037344
1336,15.534883720930234,2709.0,15.25634765625,5.515236,13.957491
1337,15.546511627906977,2706.0,12.25634765625,1.74543,13.173067
1338,15.55813953488372,2706.0,12.25634765625,-1.372638,11.30783
1339,15.569767441860465,2702.0,8.25634765625,-3.36698,8.834244
1340,15.581395348837209,2699.0,5.25634765625,-4.32864,5.828466
1341,15.593023255813954,2705.0,11.25634765625,-4.640915,2.143567
1342,15.604651162790699,2672.0,-21.74365234375,-4.661191,-2.215415
1343,15.616279069767442,2677.0,-16.74365234375,-4.455711,-6.768917
1344,15.627906976744185,2663.0,-30.74365234375,-3.85966,-10.587629
1345,15.63953488372093,2662.0,-31.74365234375,-2.798839,-12.643114
1346,15.651162790697674,2645.0,-48.74365234375,-1.50349,-12.351482
1347,15.662790697674417,2677.0,-16.74365234375,-0.550425,-9.834228
1348,15.674418604651162,2643.0,-50.74365234375,-0.73644,-6.151762
1349,15.686046511627906,2675.0,-18.74365234375,-2.416439,-2.621628
1350,15.697674418604652,2662.0,-31.74365234375,-5.289808,-0.450904
1351,15.709302325581396,2644.0,-49.74365234375,-8.225333,-0.069081
1352,15.72093023255814,2672.0,-21.74365234375,-9.569467,-0.90077
1353,15.732558139534884,2669.0,-24.74365234375,-7.965601,-1.805882
1354,15.744186046511627,2683.0,-10.74365234375,-2.999145,-1.516345
1355,15.755813953488373,2669.0,-24.74365234375,4.423866,0.592791
1356,15.767441860465116,2690.0,-3.74365234375,12.333573,4.371429
1357,15.77906976744186,2681.0,-12.74365234375,18.311892,8.764545
1358,15.790697674418604,2692.0,-1.74365234375,20.452105,12.359867
1359,15.802325581395348,2688.0,-5.74365234375,18.102404,13.958691
1360,15.813953488372091,2693.0,-0.74365234375,12.025742,12.980373
1361,15.82558139534884,2701.0,7.25634765625,4.055638,9.640581
1362,15.837209302325583,2695.0,1.25634765625,-3.69945,4.735962
1363,15.848837209302326,2705.0,11.25634765625,-9.553863,-0.572765
1364,15.86046511627907,2707.0,13.25634765625,-12.765521,-5.293169
1365,15.872093023255815,2727.0,33.25634765625,-13.548001,-8.721867
1366,15.883720930232558,2705.0,11.25634765625,-12.736611,-10.636177
1367,15.895348837209301,2691.0,-2.74365234375,-11.198573,-11.158221
1368,15.906976744186046,2704.0,10.25634765625,-9.411791,-10.578613
1369,15.91860465116279,2722.0,28.25634765625,-7.462133,-9.281953
1370,15.930232558139533,2721.0,27.25634765625,-5.146708,-7.564818
1371,15.941860465116278,2677.0,-16.74365234375,-2.305291,-5.585037
1372,15.953488372093025,2706.0,12.25634765625,1.022115,-3.321473
1373,15.965116279069768,2707.0,13.25634765625,4.376583,-0.796412
1374,15.976744186046513,2717.0,23.25634765625,7.200639,1.977304
1375,15.988372093023257,2720.0,26.25634765625,9.013773,4.851863
1376,16.0,2729.0,35.25634765625,9.613314,7.461593
1377,16.011627906976745,2733.0,39.25634765625,9.20136,9.400577
1378,16.023255813953487,2704.0,10.25634765625,8.180542,10.281672
1379,16.03488372093023,2702.0,8.25634765625,7.021686,10.003082
1380,16.046511627906977,2725.0,31.25634765625,5.953083,8.696505
1381,16.05813953488372,2719.0,25.25634765625,4.891396,6.723248
1382,16.069767441860463,2725.0,31.25634765625,3.534623,4.491624
1383,16.081395348837212,2720.0,26.25634765625,1.525092,2.267248
1384,16.093023255813954,2726.0,32.25634765625,-1.271352,0.061941
1385,16.1046511627907,2723.0,29.25634765625,-4.625469,-2.26819
1386,16.116279069767444,2746.0,52.25634765625,-7.923893,-4.820292
1387,16.127906976744185,2720.0,26.25634765625,-10.488138,-7.531932
1388,16.13953488372093,2730.0,36.25634765625,-11.563986,-9.847627
1389,16.151162790697676,2735.0,41.25634765625,-10.831078,-11.016361
1390,16.162790697674417,2715.0,21.25634765625,-8.49063,-10.412681
1391,16.174418604651162,2721.0,27.25634765625,-5.277663,-7.946315
1392,16.186046511627907,2679.0,-14.74365234375,-2.203528,-4.222789
1393,16.19767441860465,2710.0,16.25634765625,-0.098786,-0.328794
1394,16.209302325581397,2719.0,25.25634765625,0.617357,2.476763
1395,16.220930232558143,2709.0,15.25634765625,0.16947,3.395134
1396,16.232558139534884,2718.0,24.25634765625,-0.583484,2.59557
1397,16.24418604651163,2707.0,13.25634765625,-0.558954,1.092155
1398,16.25581395348837,2721.0,27.25634765625,1.093717,0.370304
1399,16.267441860465116,2721.0,27.25634765625,4.562529,1.599078
1400,16.27906976744186,2704.0,10.25634765625,9.099507,4.959591
1401,16.290697674418603,2714.0,20.25634765625,13.392581,9.457239
1402,16.302325581395348,2707.0,13.25634765625,15.844201,13.20785
1403,16.313953488372093,2705.0,11.25634765625,15.355657,14.328537
1404,16.325581395348834,2687.0,-6.74365234375,11.664328,11.71315
1405,16.337209302325583,2709.0,15.25634765625,5.599258,5.709329
1406,16.348837209302328,2706.0,12.25634765625,-1.336409,-2.055932
1407,16.36046511627907,2707.0,13.25634765625,-7.457901,-9.258781
1408,16.372093023255815,2717.0,23.25634765625,-11.46099,-13.809647
1409,16.38372093023256,2720.0,26.25634765625,-12.896588,-14.734221
1410,16.3953488372093,2715.0,21.25634765625,-12.162747,-12.45756
1411,16.406976744186046,2720.0,26.25634765625,-10.148902,-8.446383
1412,16.41860465116279,2704.0,10.25634765625,-7.880272,-4.524703
1413,16.430232558139533,2721.0,27.25634765625,-5.917101,-1.947183
1414,16.441860465116278,2725.0,31.25634765625,-4.401714,-0.901183
1415,16.453488372093023,2718.0,24.25634765625,-3.008628,-0.630603
1416,16.46511627906977,2717.0,23.25634765625,-1.335105,0.120086
1417,16.476744186046513,2702.0,8.25634765625,0.798133,2.251113
1418,16.48837209302326,2704.0,10.25634765625,3.171204,5.766526
1419,16.5,2719.0,25.25634765625,5.233882,9.670473
1420,16.511627906976745,2736.0,42.25634765625,6.357264,12.377299
1421,16.52325581395349,2713.0,19.25634765625,6.171071,12.487035
1422,16.53488372093023,2720.0,26.25634765625,4.862504,9.547007
1423,16.546511627906977,2735.0,41.25634765625,3.069726,4.288754
1424,16.558139534883722,2711.0,17.25634765625,1.624039,-1.619895
1425,16.569767441860463,2719.0,25.25634765625,1.242675,-6.228229
1426,16.58139534883721,2703.0,9.25634765625,2.077916,-8.26011
1427,16.59302325581395,2703.0,9.25634765625,3.701273,-7.515584
1428,16.6046511627907,2686.0,-7.74365234375,5.163559,-5.012869
1429,16.616279069767444,2694.0,0.25634765625,5.499638,-2.359844
1430,16.627906976744185,2687.0,-6.74365234375,4.034359,-1.136404
1431,16.63953488372093,2693.0,-0.74365234375,0.785668,-2.020525
1432,16.651162790697676,2698.0,4.25634765625,-3.466671,-4.53716
1433,16.662790697674417,2687.0,-6.74365234375,-7.463935,-7.247686
1434,16.674418604651162,2679.0,-14.74365234375,-9.88628,-8.423771
1435,16.686046511627907,2690.0,-3.74365234375,-9.886926,-6.830271
1436,16.69767441860465,2682.0,-11.74365234375,-7.441364,-2.329295
1437,16.709302325581394,2672.0,-21.74365234375,-3.379581,4.011661
1438,16.72093023255814,2663.0,-30.74365234375,0.944513,10.354285
1439,16.732558139534884,2666.0,-27.74365234375,4.125343,14.710701
1440,16.74418604651163,2677.0,-16.74365234375,5.187749,15.685741
1441,16.755813953488374,2660.0,-33.74365234375,3.963185,13.019009
1442,16.767441860465116,2678.0,-15.74365234375,1.092025,7.592087
1443,16.77906976744186,2666.0,-27.74365234375,-2.192249,1.089582
1444,16.790697674418606,2681.0,-12.74365234375,-4.569973,-4.577049
1445,16.802325581395348,2677.0,-16.74365234375,-5.066915,-7.934079
1446,16.813953488372093,2682.0,-11.74365234375,-3.333216,-8.276661
1447,16.825581395348838,2680.0,-13.74365234375,0.212182,-5.919298
1448,16.83720930232558,2704.0,10.25634765625,4.574887,-2.01112
1449,16.848837209302324,2679.0,-14.74365234375,8.422838,1.807179
1450,16.86046511627907,2687.0,-6.74365234375,10.552383,3.959109
1451,16.872093023255815,2693.0,-0.74365234375,10.189039,3.389898
1452,16.88372093023256,2686.0,-7.74365234375,7.192888,-0.095917
1453,16.8953488372093,2694.0,0.25634765625,2.180302,-5.685494
1454,16.906976744186046,2690.0,-3.74365234375,-3.63028,-11.707419
1455,16.91860465116279,2697.0,3.25634765625,-8.7617,-16.141624
1456,16.930232558139533,2686.0,-7.74365234375,-11.757631,-17.108902
1457,16.941860465116278,2711.0,17.25634765625,-11.745822,-13.630092
1458,16.953488372093023,2681.0,-12.74365234375,-8.680214,-5.998557
1459,16.965116279069765,2683.0,-10.74365234375,-3.452647,4.169346
1460,16.97674418604651,2683.0,-10.74365234375,2.389254,14.360462
1461,16.98837209302326,2685.0,-8.74365234375,7.082846,21.89674
1462,17.0,2697.0,3.25634765625,9.26681,24.805782
1463,17.011627906976745,2698.0,4.25634765625,8.450473,22.49054
1464,17.02325581395349,2691.0,-2.74365234375,5.158227,15.854872
1465,17.03488372093023,2697.0,3.25634765625,0.711251,7.037031
1466,17.046511627906977,2703.0,9.25634765625,-3.303299,-1.465753
1467,17.058139534883722,2702.0,8.25634765625,-5.650271,-7.608017
1468,17.069767441860463,2691.0,-2.74365234375,-5.837453,-10.464563
1469,17.08139534883721,2711.0,17.25634765625,-4.164869,-10.312771
1470,17.093023255813954,2694.0,0.25634765625,-1.537074,-8.394218
1471,17.104651162790695,2691.0,-2.74365234375,1.108999,-6.119357
1472,17.116279069767444,2693.0,-0.74365234375,3.062081,-4.58152
1473,17.12790697674419,2699.0,5.25634765625,4.100245,-4.109764
1474,17.13953488372093,2685.0,-8.74365234375,4.310478,-4.440516
1475,17.151162790697676,2688.0,-5.74365234375,3.916812,-4.92755
1476,17.16279069767442,2687.0,-6.74365234375,2.950079,-5.128857
1477,17.174418604651162,2699.0,5.25634765625,1.372058,-4.876312
1478,17.186046511627907,2693.0,-0.74365234375,-0.954974,-4.397038
1479,17.19767441860465,2685.0,-8.74365234375,-3.790818,-3.842005
1480,17.209302325581394,2678.0,-15.74365234375,-6.479053,-3.106457
1481,17.22093023255814,2679.0,-14.74365234375,-8.07095,-1.750011
1482,17.23255813953488,2690.0,-3.74365234375,-7.621747,0.880833
1483,17.24418604651163,2683.0,-10.74365234375,-4.791348,5.023983
1484,17.255813953488374,2673.0,-20.74365234375,-0.082909,10.267825
1485,17.267441860465116,2677.0,-16.74365234375,5.11699,15.329926
1486,17.27906976744186,2672.0,-21.74365234375,9.054363,18.484598
1487,17.290697674418606,2678.0,-15.74365234375,10.259349,18.188311
1488,17.302325581395348,2673.0,-20.74365234375,8.216501,13.833363
1489,17.313953488372093,2673.0,-20.74365234375,3.622959,6.18879
1490,17.325581395348838,2708.0,14.25634765625,-1.827021,-2.805155
1491,17.33720930232558,2666.0,-27.74365234375,-6.195431,-10.733587
1492,17.348837209302324,2672.0,-21.74365234375,-7.955729,-15.524996
1493,17.36046511627907,2672.0,-21.74365234375,-6.658834,-16.239193
1494,17.372093023255815,2689.0,-4.74365234375,-3.027895,-13.367477
1495,17.38372093023256,2671.0,-22.74365234375,1.425223,-8.494828
1496,17.395348837209305,2672.0,-21.74365234375,5.059029,-3.520872
1497,17.406976744186046,2683.0,-10.74365234375,6.716206,0.043791
1498,17.41860465116279,2677.0,-16.74365234375,6.092113,1.582765
1499,17.430232558139537,2671.0,-22.74365234375,3.719076,1.452801
1500,17.441860465116278,2679.0,-14.74365234375,0.596147,0.568242
1501,17.453488372093023,2674.0,-19.74365234375,-2.396576,-0.250808
1502,17.46511627906977,2672.0,-21.74365234375,-4.623311,-0.4337
1503,17.47674418604651,2674.0,-19.74365234375,-5.870151,0.086416
1504,17.488372093023255,2679.0,-14.74365234375,-6.180527,1.11658
1505,17.5,2686.0,-7.74365234375,-5.68193,2.414885
1506,17.511627906976745,2685.0,-8.74365234375,-4.46207,3.854777
1507,17.52325581395349,2688.0,-5.74365234375,-2.571401,5.387879
1508,17.53488372093023,2682.0,-11.74365234375,-0.224983,6.815279
1509,17.546511627906977,2653.0,-40.74365234375,2.160738,7.697389
1510,17.558139534883722,2685.0,-8.74365234375,4.124341,7.523239
1511,17.569767441860463,2671.0,-22.74365234375,5.141222,5.805442
1512,17.58139534883721,2689.0,-4.74365234375,5.038411,2.511955
1513,17.593023255813954,2693.0,-0.74365234375,4.016593,-1.74611
1514,17.604651162790695,2665.0,-28.74365234375,2.643311,-5.879402
1515,17.61627906976744,2674.0,-19.74365234375,1.613654,-8.647142
1516,17.62790697674419,2673.0,-20.74365234375,1.396012,-9.198147
1517,17.63953488372093,2666.0,-27.74365234375,1.9043,-7.548891
1518,17.651162790697676,2672.0,-21.74365234375,2.594671,-4.503559
1519,17.66279069767442,2659.0,-34.74365234375,2.679928,-1.378386
1520,17.674418604651162,2677.0,-16.74365234375,1.544681,0.658841
1521,17.686046511627907,2688.0,-5.74365234375,-0.873653,1.061555
1522,17.697674418604652,2675.0,-18.74365234375,-4.085285,0.087702
1523,17.709302325581394,2663.0,-30.74365234375,-7.044147,-1.275688
1524,17.72093023255814,2683.0,-10.74365234375,-8.634666,-1.850517
1525,17.732558139534884,2679.0,-14.74365234375,-8.228202,-1.006836
1526,17.744186046511626,2678.0,-15.74365234375,-5.854469,1.201781
1527,17.755813953488374,2687.0,-6.74365234375,-2.25637,3.930761
1528,17.76744186046512,2687.0,-6.74365234375,1.460555,6.105096
1529,17.77906976744186,2675.0,-18.74365234375,4.263952,6.889894
1530,17.790697674418606,2688.0,-5.74365234375,5.565567,6.105456
1531,17.802325581395348,2674.0,-19.74365234375,5.370111,4.257045
1532,17.813953488372093,2679.0,-14.74365234375,4.175869,2.229537
1533,17.825581395348838,2696.0,2.25634765625,2.659916,0.81572
1534,17.83720930232558,2683.0,-10.74365234375,1.28796,0.176257
1535,17.848837209302324,2689.0,-4.74365234375,0.304858,-0.010891
1536,17.86046511627907,2677.0,-16.74365234375,-0.355022,-0.486059
1537,17.87209302325581,2700.0,6.25634765625,-0.812454,-1.810392
1538,17.883720930232556,2671.0,-22.74365234375,-1.142935,-4.041929
1539,17.895348837209305,2691.0,-2.74365234375,-1.193752,-6.54174
1540,17.906976744186046,2638.0,-55.74365234375,-0.857637,-8.317172
1541,17.91860465116279,2661.0,-32.74365234375,-0.037073,-8.426885
1542,17.930232558139537,2637.0,-56.74365234375,0.958972,-6.569278
1543,17.941860465116278,2627.0,-66.74365234375,1.655729,-3.276702
1544,17.953488372093023,2631.0,-62.74365234375,1.55956,0.402968
1545,17.96511627906977,2635.0,-58.74365234375,0.43832,3.248362
1546,17.97674418604651,2645.0,-48.74365234375,-1.430781,4.549211
1547,17.988372093023255,2635.0,-58.74365234375,-3.35373,4.339868
1548,18.0,2641.0,-52.74365234375,-4.446828,3.378732
1549,18.01162790697674,2652.0,-41.74365234375,-4.094007,2.67305
1550,18.02325581395349,2639.0,-54.74365234375,-2.273845,2.911025
1551,18.034883720930235,2634.0,-59.74365234375,0.353749,4.07942
1552,18.046511627906977,2649.0,-44.74365234375,2.785544,5.499213
1553,18.058139534883722,2665.0,-28.74365234375,4.157804,6.233963
1554,18.069767441860467,2648.0,-45.74365234375,4.081944,5.522509
1555,18.08139534883721,2651.0,-42.74365234375,2.937819,3.373041
1556,18.093023255813954,2672.0,-21.74365234375,1.528907,0.430915
1557,18.104651162790695,2667.0,-26.74365234375,0.624048,-2.354261
1558,18.11627906976744,2683.0,-10.74365234375,0.520019,-4.217831
1559,18.127906976744185,2669.0,-24.74365234375,0.873373,-4.948593
1560,18.139534883720927,2669.0,-24.74365234375,0.952283,-4.928659
1561,18.151162790697676,2677.0,-16.74365234375,0.119464,-4.80516
1562,18.16279069767442,2697.0,3.25634765625,-1.700043,-5.035218
1563,18.174418604651162,2677.0,-16.74365234375,-3.931395,-5.581489
1564,18.186046511627907,2655.0,-38.74365234375,-5.550261,-5.892725
1565,18.197674418604652,2680.0,-13.74365234375,-5.600369,-5.240838
1566,18.209302325581394,2705.0,11.25634765625,-3.848735,-3.285758
1567,18.22093023255814,2704.0,10.25634765625,-0.957552,-0.377369
1568,18.232558139534884,2704.0,10.25634765625,1.838693,2.61749
1569,18.244186046511626,2719.0,25.25634765625,3.366614,4.705486
1570,18.25581395348837,2700.0,6.25634765625,3.125834,5.313222
1571,18.267441860465116,2713.0,19.25634765625,1.574344,4.63154
1572,18.27906976744186,2688.0,-5.74365234375,-0.125461,3.52281
1573,18.290697674418606,2702.0,8.25634765625,-0.739491,2.996241
1574,18.30232558139535,2687.0,-6.74365234375,0.309898,3.612125
1575,18.313953488372093,2687.0,-6.74365234375,2.619395,5.11496
1576,18.325581395348838,2671.0,-22.74365234375,4.978506,6.530474
1577,18.337209302325583,2685.0,-8.74365234375,6.033841,6.701912
1578,18.348837209302324,2677.0,-16.74365234375,5.036588,4.925556
1579,18.36046511627907,2672.0,-21.74365234375,2.21298,1.343616
1580,18.372093023255815,2679.0,-14.74365234375,-1.283567,-3.018003
1581,18.383720930232556,2674.0,-19.74365234375,-4.007593,-6.811375
1582,18.3953488372093,2673.0,-20.74365234375,-4.963269,-8.997116
1583,18.406976744186046,2682.0,-11.74365234375,-4.052987,-9.249937
1584,18.41860465116279,2673.0,-20.74365234375,-2.103664,-8.085317
1585,18.430232558139537,2691.0,-2.74365234375,-0.277089,-6.318966
1586,18.441860465116278,2703.0,9.25634765625,0.479966,-4.684451
1587,18.453488372093023,2674.0,-19.74365234375,-0.008421,-3.304309
1588,18.46511627906977,2709.0,15.25634765625,-1.185751,-1.79177
1589,18.47674418604651,2704.0,10.25634765625,-2.255031,0.303804
1590,18.488372093023255,2722.0,28.25634765625,-2.638389,3.11167
1591,18.5,2729.0,35.25634765625,-2.381954,6.1087
1592,18.51162790697674,2739.0,45.25634765625,-2.005466,8.331018
1593,18.523255813953487,2725.0,31.25634765625,-2.092444,8.843901
1594,18.534883720930235,2725.0,31.25634765625,-2.741251,7.297303
1595,18.546511627906977,2716.0,22.25634765625,-3.357317,4.20139
1596,18.558139534883722,2710.0,16.25634765625,-2.880412,0.738379
1597,18.569767441860467,2704.0,10.25634765625,-0.42302,-1.80333
1598,18.58139534883721,2689.0,-4.74365234375,4.039209,-2.694781
1599,18.593023255813954,2691.0,-2.74365234375,9.477554,-2.018558
1600,18.6046511627907,2668.0,-25.74365234375,13.961298,-0.664788
1601,18.61627906976744,2687.0,-6.74365234375,15.549174,0.260658
1602,18.627906976744185,2655.0,-38.74365234375,13.075438,-0.033257
1603,18.63953488372093,2657.0,-36.74365234375,6.879329,-1.498845
1604,18.651162790697672,2681.0,-12.74365234375,-1.346009,-3.424548
1605,18.66279069767442,2663.0,-30.74365234375,-9.18951,-4.823585
1606,18.674418604651166,2673.0,-20.74365234375,-14.39794,-4.913999
1607,18.686046511627907,2674.0,-19.74365234375,-15.741146,-3.54909
1608,18.697674418604652,2690.0,-3.74365234375,-13.353232,-1.246753
1609,18.709302325581397,2688.0,-5.74365234375,-8.536427,1.138732
1610,18.72093023255814,2694.0,0.25634765625,-3.082488,2.767509
1611,18.732558139534884,2688.0,-5.74365234375,1.418201,3.202993
1612,18.744186046511626,2725.0,31.25634765625,4.13696,2.516659
1613,18.75581395348837,2721.0,27.25634765625,4.985741,1.071304
1614,18.767441860465116,2721.0,27.25634765625,4.498271,-0.589776
1615,18.779069767441857,2727.0,33.25634765625,3.473523,-1.905384
1616,18.790697674418606,2729.0,35.25634765625,2.616484,-2.373266
1617,18.80232558139535,2725.0,31.25634765625,2.386327,-1.608675
1618,18.813953488372093,2724.0,30.25634765625,2.912298,0.560979
1619,18.825581395348838,2722.0,28.25634765625,3.974693,3.875383
1620,18.837209302325583,2719.0,25.25634765625,5.139158,7.623871
1621,18.848837209302324,2721.0,27.25634765625,5.665741,10.47905
1622,18.86046511627907,2704.0,10.25634765625,4.79625,10.964863
1623,18.872093023255815,2699.0,5.25634765625,2.035951,8.028985
1624,18.883720930232556,2705.0,11.25634765625,-2.502405,1.688504
1625,18.8953488372093,2700.0,6.25634765625,-8.011894,-6.760811
1626,18.906976744186046,2710.0,16.25634765625,-13.018312,-14.925858
1627,18.91860465116279,2699.0,5.25634765625,-15.838992,-20.096243
1628,18.930232558139537,2718.0,24.25634765625,-15.182775,-20.338778
1629,18.94186046511628,2727.0,33.25634765625,-10.778627,-15.309352
1630,18.953488372093023,2735.0,41.25634765625,-3.531711,-6.441483
1631,18.96511627906977,2738.0,44.25634765625,4.694282,3.559282
1632,18.976744186046513,2754.0,60.25634765625,11.753692,11.764518
1633,18.988372093023255,2743.0,49.25634765625,15.95117,16.101267
1634,19.0,2773.0,79.25634765625,16.668858,16.059513
1635,19.011627906976745,2752.0,58.25634765625,14.361356,12.583594
1636,19.023255813953487,2775.0,81.25634765625,10.31644,7.554219
1637,19.03488372093023,2757.0,63.25634765625,5.934522,2.778188
1638,19.046511627906973,2780.0,86.25634765625,2.287349,-0.503476
1639,19.058139534883722,2775.0,81.25634765625,-0.32738,-2.158858
1640,19.069767441860467,2747.0,53.25634765625,-2.097874,-2.624043
1641,19.08139534883721,2758.0,64.25634765625,-3.469109,-2.554613
1642,19.093023255813954,2745.0,51.25634765625,-4.818881,-2.407794
1643,19.1046511627907,2755.0,61.25634765625,-6.237973,-2.267671
1644,19.11627906976744,2735.0,41.25634765625,-7.707925,-2.101301
1645,19.127906976744185,2743.0,49.25634765625,-9.083884,-1.867792
1646,19.13953488372093,2732.0,38.25634765625,-10.307367,-1.741302
1647,19.151162790697672,2727.0,33.25634765625,-11.3354,-2.030973
1648,19.162790697674417,2737.0,43.25634765625,-11.981201,-2.87361
1649,19.174418604651162,2729.0,35.25634765625,-11.889375,-4.147444
1650,19.186046511627907,2741.0,47.25634765625,-10.461985,-5.302901
1651,19.197674418604652,2740.0,46.25634765625,-7.159184,-5.654025
1652,19.209302325581397,2763.0,69.25634765625,-1.818789,-4.716001
1653,19.22093023255814,2757.0,63.25634765625,5.027791,-2.540123
1654,19.232558139534884,2764.0,70.25634765625,12.292984,0.356305
1655,19.24418604651163,2765.0,71.25634765625,18.520914,3.173078
1656,19.25581395348837,2736.0,42.25634765625,22.364641,5.17387
1657,19.267441860465116,2766.0,72.25634765625,23.11474,6.106413
1658,19.27906976744186,2741.0,47.25634765625,20.74531,6.092893
1659,19.290697674418603,2741.0,47.25634765625,15.931767,5.548203
1660,19.302325581395348,2740.0,46.25634765625,9.725574,4.876564
1661,19.313953488372096,2752.0,58.25634765625,3.14808,4.197392
1662,19.325581395348838,2738.0,44.25634765625,-3.053483,3.32883
1663,19.337209302325583,2741.0,47.25634765625,-8.377044,2.071706
1664,19.348837209302324,2736.0,42.25634765625,-12.597646,0.36403
1665,19.36046511627907,2721.0,27.25634765625,-15.572711,-1.542557
1666,19.372093023255815,2746.0,52.25634765625,-17.21439,-3.11202
1667,19.383720930232556,2727.0,33.25634765625,-17.508888,-3.8613
1668,19.3953488372093,2732.0,38.25634765625,-16.590609,-3.618644
1669,19.406976744186046,2721.0,27.25634765625,-14.661028,-2.650565
1670,19.418604651162788,2734.0,40.25634765625,-12.046383,-1.609519
1671,19.430232558139533,2735.0,41.25634765625,-8.937348,-1.17453
1672,19.44186046511628,2729.0,35.25634765625,-5.413184,-1.687328
1673,19.453488372093023,2736.0,42.25634765625,-1.429076,-3.005292
1674,19.46511627906977,2747.0,53.25634765625,3.030194,-4.508052
1675,19.476744186046513,2735.0,41.25634765625,7.762738,-5.416387
1676,19.488372093023255,2742.0,48.25634765625,12.35191,-5.077208
1677,19.5,2741.0,47.25634765625,16.155594,-3.328276
1678,19.511627906976745,2726.0,32.25634765625,18.564274,-0.515257
1679,19.523255813953487,2738.0,44.25634765625,19.262566,2.699217
1680,19.53488372093023,2721.0,27.25634765625,18.210836,5.485603
1681,19.546511627906977,2733.0,39.25634765625,15.668032,7.206681
1682,19.55813953488372,2721.0,27.25634765625,11.953537,7.520361
1683,19.569767441860467,2717.0,23.25634765625,7.35321,6.507083
1684,19.581395348837212,2741.0,47.25634765625,2.011798,4.527682
1685,19.593023255813954,2715.0,21.25634765625,-3.962857,2.060515
1686,19.6046511627907,2723.0,29.25634765625,-10.145882,-0.262765
1687,19.616279069767444,2703.0,9.25634765625,-15.853453,-1.939079
1688,19.627906976744185,2704.0,10.25634765625,-20.094393,-2.635229
1689,19.63953488372093,2721.0,27.25634765625,-21.985268,-2.338703
1690,19.651162790697676,2713.0,19.25634765625,-21.10675,-1.399263
1691,19.662790697674417,2707.0,13.25634765625,-17.680992,-0.357592
1692,19.674418604651162,2702.0,8.25634765625,-12.495866,0.248464
1693,19.686046511627904,2702.0,8.25634765625,-6.648026,0.083328
1694,19.697674418604652,2704.0,10.25634765625,-1.128735,-0.888485
1695,19.709302325581397,2693.0,-0.74365234375,3.555436,-2.333824
1696,19.72093023255814,2714.0,20.25634765625,7.445567,-3.663515
1697,19.732558139534884,2711.0,17.25634765625,10.773818,-4.436103
1698,19.74418604651163,2704.0,10.25634765625,13.677048,-4.434622
1699,19.75581395348837,2702.0,8.25634765625,16.000492,-3.679901
1700,19.767441860465116,2692.0,-1.74365234375,17.224072,-2.434738
1701,19.77906976744186,2691.0,-2.74365234375,16.84729,-0.867796
1702,19.790697674418603,2677.0,-16.74365234375,14.594403,0.892575
1703,19.802325581395348,2697.0,3.25634765625,10.756599,2.899254
1704,19.813953488372093,2706.0,12.25634765625,5.966011,5.056929
1705,19.825581395348838,2701.0,7.25634765625,0.979477,7.017561
1706,19.837209302325583,2703.0,9.25634765625,-3.687389,8.125425
1707,19.848837209302328,2693.0,-0.74365234375,-7.866992,7.65971
1708,19.86046511627907,2725.0,31.25634765625,-11.618924,5.214395
1709,19.872093023255815,2718.0,24.25634765625,-14.996605,0.933644
1710,19.88372093023256,2731.0,37.25634765625,-17.626091,-4.166934
1711,19.8953488372093,2734.0,40.25634765625,-18.75367,-8.573602
1712,19.906976744186046,2739.0,45.25634765625,-17.497068,-10.799348
1713,19.91860465116279,2739.0,45.25634765625,-13.332197,-9.959239
1714,19.930232558139533,2730.0,36.25634765625,-6.583015,-6.247619
1715,19.941860465116278,2730.0,36.25634765625,1.534904,-0.856398
1716,19.953488372093023,2711.0,17.25634765625,9.201962,4.446934
1717,19.96511627906977,2730.0,36.25634765625,14.587544,7.939195
1718,19.976744186046513,2708.0,14.25634765625,16.576393,8.648993
1719,19.988372093023255,2709.0,15.25634765625,15.148977,6.649606
1720,20.0,2704.0,10.25634765625,11.321253,2.921304
1721,20.011627906976745,2720.0,26.25634765625,6.678599,-1.093987
1722,20.023255813953487,2702.0,8.25634765625,2.698436,-4.082982
1723,20.03488372093023,2693.0,-0.74365234375,0.244182,-5.284924
1724,20.046511627906977,2689.0,-4.74365234375,-0.629366,-4.668853
1725,20.05813953488372,2711.0,17.25634765625,-0.525799,-2.763273
1726,20.069767441860463,2717.0,23.25634765625,-0.344654,-0.429593
1727,20.081395348837212,2688.0,-5.74365234375,-0.824525,1.522082
1728,20.093023255813954,2738.0,44.25634765625,-2.194045,2.585508
1729,20.1046511627907,2730.0,36.25634765625,-4.251236,2.537202
1730,20.116279069767444,2737.0,43.25634765625,-6.430431,1.530522
1731,20.127906976744185,2724.0,30.25634765625,-8.004989,0.017967
1732,20.13953488372093,2756.0,62.25634765625,-8.390374,-1.450239
1733,20.151162790697676,2747.0,53.25634765625,-7.357118,-2.415756
1734,20.162790697674417,2736.0,42.25634765625,-4.97109,-2.472271
1735,20.174418604651162,2737.0,43.25634765625,-1.68582,-1.578899
1736,20.186046511627907,2743.0,49.25634765625,1.825757,0.020716
1737,20.19767441860465,2747.0,53.25634765625,4.805777,1.800331
1738,20.209302325581397,2704.0,10.25634765625,6.632814,3.154017
1739,20.220930232558143,2705.0,11.25634765625,7.045055,3.679037
1740,20.232558139534884,2688.0,-5.74365234375,6.129985,3.222548
1741,20.24418604651163,2699.0,5.25634765625,4.288397,1.965159
1742,20.255813953488374,2672.0,-21.74365234375,2.093539,0.322099
1743,20.267441860465116,2678.0,-15.74365234375,0.096266,-1.205936
1744,20.27906976744186,2669.0,-24.74365234375,-1.383792,-2.284336
1745,20.290697674418603,2671.0,-22.74365234375,-2.238885,-2.749157
1746,20.302325581395348,2673.0,-20.74365234375,-2.546563,-2.639318
1747,20.313953488372093,2677.0,-16.74365234375,-2.465321,-2.132355
1748,20.325581395348834,2674.0,-19.74365234375,-2.152651,-1.466031
1749,20.33720930232558,2674.0,-19.74365234375,-1.733255,-0.874463
1750,20.348837209302328,2701.0,7.25634765625,-1.316552,-0.578801
1751,20.36046511627907,2695.0,1.25634765625,-1.04138,-0.739844
1752,20.372093023255815,2705.0,11.25634765625,-0.987412,-1.36358
1753,20.38372093023256,2726.0,32.25634765625,-1.102566,-2.226508
1754,20.3953488372093,2736.0,42.25634765625,-1.139222,-2.893219
1755,20.406976744186046,2717.0,23.25634765625,-0.731248,-2.849655
1756,20.41860465116279,2727.0,33.25634765625,0.521434,-1.622085
1757,20.430232558139533,2724.0,30.25634765625,2.667912,0.829487
1758,20.441860465116278,2710.0,16.25634765625,5.329357,4.102412
1759,20.453488372093023,2699.0,5.25634765625,7.703492,7.381389
1760,20.465116279069765,2674.0,-19.74365234375,8.817082,9.732238
1761,20.476744186046513,2701.0,7.25634765625,7.968445,10.472151
1762,20.48837209302326,2662.0,-31.74365234375,4.985321,9.349663
1763,20.5,2671.0,-22.74365234375,0.421699,6.674264
1764,20.511627906976745,2653.0,-40.74365234375,-4.663054,3.068599
1765,20.52325581395349,2660.0,-33.74365234375,-9.157139,-0.853508
1766,20.53488372093023,2669.0,-24.74365234375,-12.227895,-4.685884
1767,20.546511627906977,2669.0,-24.74365234375,-13.62322,-8.318611
1768,20.558139534883722,2683.0,-10.74365234375,-13.443722,-11.584105
1769,20.569767441860463,2655.0,-38.74365234375,-11.965142,-14.116821
1770,20.58139534883721,2672.0,-21.74365234375,-9.319466,-15.268335
1771,20.59302325581395,2673.0,-20.74365234375,-5.460962,-14.302915
1772,20.6046511627907,2674.0,-19.74365234375,-0.388242,-10.85576
1773,20.616279069767444,2672.0,-21.74365234375,5.601181,-5.21665
1774,20.627906976744185,2704.0,10.25634765625,11.669664,1.453608
1775,20.63953488372093,2698.0,4.25634765625,16.559513,7.48406
1776,20.651162790697676,2703.0,9.25634765625,19.065279,11.411021
1777,20.662790697674417,2686.0,-7.74365234375,18.526426,12.546993
1778,20.674418604651162,2706.0,12.25634765625,15.261172,11.391903
1779,20.686046511627907,2720.0,26.25634765625,10.356768,9.243004
1780,20.69767441860465,2688.0,-5.74365234375,5.230102,7.564698
1781,20.709302325581394,2685.0,-8.74365234375,0.998485,7.194501
1782,20.72093023255814,2645.0,-48.74365234375,-2.03521,7.893114
1783,20.732558139534884,2677.0,-16.74365234375,-4.358944,8.494793
1784,20.74418604651163,2679.0,-14.74365234375,-6.919816,7.507046
1785,20.755813953488374,2672.0,-21.74365234375,-10.357795,4.060214
1786,20.767441860465116,2665.0,-28.74365234375,-14.574233,-1.608693
1787,20.77906976744186,2669.0,-24.74365234375,-18.518972,-8.048069
1788,20.790697674418606,2675.0,-18.74365234375,-20.782118,-13.339519
1789,20.802325581395348,2682.0,-11.74365234375,-20.216772,-15.946098
1790,20.813953488372093,2688.0,-5.74365234375,-16.5438,-15.460518
1791,20.825581395348838,2683.0,-10.74365234375,-10.462117,-12.645891
1792,20.83720930232558,2695.0,1.25634765625,-3.327194,-9.011015
1793,20.848837209302324,2690.0,-3.74365234375,3.491135,-5.963424
1794,20.860465116279073,2687.0,-6.74365234375,9.18888,-4.028504
1795,20.872093023255815,2685.0,-8.74365234375,13.649173,-2.831414
1796,20.88372093023256,2667.0,-26.74365234375,17.252514,-1.306969
1797,20.8953488372093,2676.0,-17.74365234375,20.283701,1.376047
1798,20.906976744186046,2643.0,-50.74365234375,22.502085,5.296936
1799,20.91860465116279,2650.0,-43.74365234375,23.149044,9.572981
1800,20.930232558139533,2655.0,-38.74365234375,21.294333,12.810883
1801,20.941860465116278,2659.0,-34.74365234375,16.43251,13.826291
1802,20.953488372093023,2643.0,-50.74365234375,8.915131,12.32075
1803,20.965116279069765,2639.0,-54.74365234375,0.042043,9.100022
1804,20.97674418604651,2637.0,-56.74365234375,-8.400567,5.655519
1805,20.98837209302326,2637.0,-56.74365234375,-14.887474,3.319441
1806,21.0,2629.0,-64.74365234375,-18.70462,2.574219
1807,21.011627906976745,2634.0,-59.74365234375,-20.115713,2.788937
1808,21.02325581395349,2644.0,-49.74365234375,-20.092758,2.522968
1809,21.03488372093023,2637.0,-56.74365234375,-19.614504,0.41186
1810,21.046511627906977,2672.0,-21.74365234375,-19.090345,-4.053617
1811,21.058139534883722,2661.0,-32.74365234375,-18.145605,-10.066445
1812,21.069767441860463,2652.0,-41.74365234375,-15.822001,-15.795022
1813,21.08139534883721,2654.0,-39.74365234375,-11.183547,-19.119173
1814,21.093023255813954,2684.0,-9.74365234375,-3.862871,-18.542952
1815,21.104651162790695,2654.0,-39.74365234375,5.414972,-13.988331
1816,21.116279069767444,2672.0,-21.74365234375,15.190398,-6.70374
1817,21.12790697674419,2669.0,-24.74365234375,23.551174,1.171799
1818,21.13953488372093,2695.0,1.25634765625,28.871956,7.507824
1819,21.151162790697676,2693.0,-0.74365234375,30.236208,10.978664
1820,21.16279069767442,2691.0,-2.74365234375,27.601912,11.410831
1821,21.174418604651162,2683.0,-10.74365234375,21.642698,9.58997
1822,21.186046511627907,2687.0,-6.74365234375,13.45075,6.770536
1823,21.19767441860465,2691.0,-2.74365234375,4.233771,4.102641
1824,21.209302325581394,2693.0,-0.74365234375,-4.827643,2.307678
1825,21.22093023255814,2693.0,-0.74365234375,-12.672339,1.52706
1826,21.23255813953488,2691.0,-2.74365234375,-18.332455,1.648687
1827,21.24418604651163,2687.0,-6.74365234375,-21.123821,2.407843
1828,21.255813953488374,2673.0,-20.74365234375,-20.861702,3.507708
1829,21.267441860465116,2675.0,-18.74365234375,-17.996784,4.582218
1830,21.27906976744186,2668.0,-25.74365234375,-13.647475,5.073802
1831,21.290697674418606,2666.0,-27.74365234375,-9.226836,4.3544
1832,21.302325581395348,2654.0,-39.74365234375,-5.97285,1.884106
1833,21.313953488372093,2655.0,-38.74365234375,-4.321939,-2.336485
1834,21.325581395348838,2672.0,-21.74365234375,-3.711595,-7.57468
1835,21.33720930232558,2660.0,-33.74365234375,-2.856141,-12.442
1836,21.348837209302324,2653.0,-40.74365234375,-0.303722,-15.3145
1837,21.36046511627907,2678.0,-15.74365234375,4.71068,-14.981878
1838,21.372093023255815,2674.0,-19.74365234375,11.740514,-11.256328
1839,21.38372093023256,2679.0,-14.74365234375,19.082441,-5.187239
1840,21.395348837209305,2673.0,-20.74365234375,24.38283,1.324093
1841,21.406976744186046,2704.0,10.25634765625,25.605238,6.320564
1842,21.41860465116279,2689.0,-4.74365234375,21.83548,8.505959
1843,21.430232558139537,2685.0,-8.74365234375,13.786366,7.867742
1844,21.441860465116278,2693.0,-0.74365234375,3.470158,5.560802
1845,21.453488372093023,2704.0,10.25634765625,-6.5877,3.299206
1846,21.46511627906977,2690.0,-3.74365234375,-14.373663,2.454475
1847,21.47674418604651,2707.0,13.25634765625,-18.873701,3.506897
1848,21.488372093023255,2704.0,10.25634765625,-20.318504,5.791395
1849,21.5,2701.0,7.25634765625,-19.588882,7.909916
1850,21.511627906976745,2702.0,8.25634765625,-17.564901,8.494535
1851,21.52325581395349,2685.0,-8.74365234375,-14.582994,6.837243
1852,21.53488372093023,2697.0,3.25634765625,-10.435927,3.223967
1853,21.546511627906977,2672.0,-21.74365234375,-4.855453,-1.33695
1854,21.558139534883722,2672.0,-21.74365234375,1.97527,-5.640053
1855,21.569767441860463,2682.0,-11.74365234375,9.072423,-8.791034
1856,21.58139534883721,2642.0,-51.74365234375,14.785707,-10.575945
1857,21.593023255813954,2672.0,-21.74365234375,17.494131,-11.215946
1858,21.604651162790695,2640.0,-53.74365234375,16.4212,-11.077095
1859,21.61627906976744,2657.0,-36.74365234375,12.155272,-10.186117
1860,21.627906976744185,2650.0,-43.74365234375,6.448263,-8.289314
1861,21.63953488372093,2663.0,-30.74365234375,1.468417,-4.995656
1862,21.651162790697676,2665.0,-28.74365234375,-1.158253,-0.235309
1863,21.66279069767442,2657.0,-36.74365234375,-1.158216,5.319696
1864,21.674418604651162,2673.0,-20.74365234375,0.355976,10.396407
1865,21.686046511627907,2670.0,-23.74365234375,1.505071,13.444926
1866,21.697674418604652,2667.0,-26.74365234375,0.739007,13.439724
1867,21.709302325581394,2673.0,-20.74365234375,-2.264679,10.356244
1868,21.72093023255814,2717.0,23.25634765625,-6.455066,5.330302
1869,21.732558139534884,2677.0,-16.74365234375,-9.93779,0.12565
1870,21.744186046511626,2678.0,-15.74365234375,-10.895214,-3.435346
1871,21.75581395348837,2681.0,-12.74365234375,-8.602983,-4.316488
1872,21.76744186046512,2681.0,-12.74365234375,-3.912025,-2.734653
1873,21.77906976744186,2683.0,-10.74365234375,1.225081,0.136508
1874,21.790697674418606,2627.0,-66.74365234375,4.627129,2.607269
1875,21.80232558139535,2677.0,-16.74365234375,5.103191,3.483384
1876,21.813953488372093,2669.0,-24.74365234375,2.778097,2.271833
1877,21.825581395348838,2672.0,-21.74365234375,-0.894786,-0.49807
1878,21.83720930232558,2676.0,-17.74365234375,-3.985341,-3.796797
1879,21.848837209302324,2679.0,-14.74365234375,-5.058648,-6.58082
1880,21.86046511627907,2688.0,-5.74365234375,-3.755653,-8.231752
1881,21.87209302325581,2683.0,-10.74365234375,-0.914402,-8.733449
1882,21.883720930232556,2686.0,-7.74365234375,2.058062,-8.419151
1883,21.895348837209305,2687.0,-6.74365234375,3.974647,-7.601084
1884,21.906976744186046,2699.0,5.25634765625,4.469995,-6.296283
1885,21.91860465116279,2675.0,-18.74365234375,3.992291,-4.290683
1886,21.930232558139537,2691.0,-2.74365234375,3.550854,-1.221483
1887,21.941860465116278,2672.0,-21.74365234375,3.931766,2.887829
1888,21.953488372093023,2704.0,10.25634765625,5.294251,7.555383
1889,21.96511627906977,2701.0,7.25634765625,6.974025,11.753583
1890,21.97674418604651,2693.0,-0.74365234375,7.857251,14.335585
1891,21.988372093023255,2699.0,5.25634765625,7.081177,14.5662
1892,22.0,2688.0,-5.74365234375,4.316092,12.291073
1893,22.01162790697674,2689.0,-4.74365234375,0.095634,8.152486
1894,22.02325581395349,2699.0,5.25634765625,-4.523395,3.233591
1895,22.034883720930235,2695.0,1.25634765625,-8.383395,-1.287903
1896,22.046511627906977,2697.0,3.25634765625,-10.652231,-4.579909
1897,22.058139534883722,2698.0,4.25634765625,-11.104391,-6.341197
1898,22.069767441860467,2695.0,1.25634765625,-10.01653,-6.775544
1899,22.08139534883721,2669.0,-24.74365234375,-8.031525,-6.419389
1900,22.093023255813954,2709.0,15.25634765625,-5.688704,-5.789106
1901,22.1046511627907,2709.0,15.25634765625,-3.43128,-5.283046
1902,22.11627906976744,2710.0,16.25634765625,-1.453348,-5.091749
1903,22.127906976744185,2704.0,10.25634765625,0.163319,-5.219884
1904,22.139534883720927,2704.0,10.25634765625,1.447721,-5.515568
1905,22.151162790697676,2708.0,14.25634765625,2.39681,-5.804478
1906,22.16279069767442,2686.0,-7.74365234375,3.039048,-5.846135
1907,22.174418604651162,2694.0,0.25634765625,3.483657,-5.303535
1908,22.186046511627907,2675.0,-18.74365234375,3.929612,-3.84905
1909,22.197674418604652,2702.0,8.25634765625,4.690166,-1.208264
1910,22.209302325581394,2714.0,20.25634765625,5.878695,2.565509
1911,22.22093023255814,2704.0,10.25634765625,7.422947,7.028613
1912,22.232558139534884,2704.0,10.25634765625,8.921828,11.363457
1913,22.244186046511626,2698.0,4.25634765625,9.831807,14.553143
1914,22.25581395348837,2713.0,19.25634765625,9.580726,15.72706
1915,22.267441860465116,2704.0,10.25634765625,7.738864,14.370573
1916,22.27906976744186,2699.0,5.25634765625,4.259034,10.612167
1917,22.290697674418606,2700.0,6.25634765625,-0.444613,5.198334
1918,22.30232558139535,2705.0,11.25634765625,-5.571972,-0.710469
1919,22.313953488372093,2700.0,6.25634765625,-10.150143,-5.891473
1920,22.325581395348838,2690.0,-3.74365234375,-13.297054,-9.450603
1921,22.337209302325583,2704.0,10.25634765625,-14.500271,-11.036503
1922,22.348837209302324,2699.0,5.25634765625,-13.771873,-10.944597
1923,22.36046511627907,2685.0,-8.74365234375,-11.605972,-9.923722
1924,22.372093023255815,2698.0,4.25634765625,-8.722028,-8.733631
1925,22.383720930232556,2705.0,11.25634765625,-5.777444,-7.909476
1926,22.3953488372093,2689.0,-4.74365234375,-3.109879,-7.3862
1927,22.40697674418605,2695.0,1.25634765625,-0.510318,-6.566427
1928,22.41860465116279,2700.0,6.25634765625,2.458136,-4.616712
1929,22.430232558139537,2693.0,-0.74365234375,6.189526,-0.943824
1930,22.441860465116278,2699.0,5.25634765625,10.626539,4.40263
1931,22.453488372093023,2702.0,8.25634765625,15.019448,10.480091
1932,22.46511627906977,2704.0,10.25634765625,18.026115,15.630375
1933,22.47674418604651,2707.0,13.25634765625,18.225157,18.064346
1934,22.488372093023255,2715.0,21.25634765625,14.769673,16.554508
1935,22.5,2705.0,11.25634765625,7.905965,11.065394
1936,22.51162790697674,2733.0,39.25634765625,-0.876887,2.921153
1937,22.523255813953487,2711.0,17.25634765625,-9.335049,-5.635478
1938,22.534883720930235,2736.0,42.25634765625,-15.128314,-12.108656
1939,22.546511627906977,2743.0,49.25634765625,-16.858416,-14.818018
1940,22.558139534883722,2724.0,30.25634765625,-14.457217,-13.42016
1941,22.569767441860467,2724.0,30.25634765625,-9.214485,-8.95537
1942,22.58139534883721,2715.0,21.25634765625,-3.221607,-3.407141
1943,22.593023255813954,2715.0,21.25634765625,1.523885,1.206697
1944,22.6046511627907,2704.0,10.25634765625,3.916059,3.684232
1945,22.61627906976744,2703.0,9.25634765625,3.930919,3.897764
1946,22.627906976744185,2714.0,20.25634765625,2.505851,2.700071
1947,22.63953488372093,2698.0,4.25634765625,0.837332,1.274529
1948,22.651162790697672,2713.0,19.25634765625,-0.09701,0.583679
1949,22.66279069767442,2705.0,11.25634765625,-0.028012,0.849258
1950,22.674418604651166,2704.0,10.25634765625,0.742088,1.650815
1951,22.686046511627907,2704.0,10.25634765625,1.648233,2.320018
1952,22.697674418604652,2731.0,37.25634765625,2.296833,2.414527
1953,22.709302325581397,2715.0,21.25634765625,2.583004,1.865932
1954,22.72093023255814,2723.0,29.25634765625,2.692067,1.077952
1955,22.732558139534884,2711.0,17.25634765625,2.746962,0.439615
1956,22.74418604651163,2736.0,42.25634765625,2.65311,0.100281
1957,22.75581395348837,2714.0,20.25634765625,2.017035,-0.231183
1958,22.767441860465116,2737.0,43.25634765625,0.520156,-0.960668
1959,22.779069767441857,2733.0,39.25634765625,-1.798245,-2.283725
1960,22.790697674418603,2743.0,49.25634765625,-4.291137,-3.862273
1961,22.80232558139535,2730.0,36.25634765625,-5.89443,-4.883738
1962,22.813953488372093,2727.0,33.25634765625,-5.594498,-4.432209
1963,22.825581395348838,2733.0,39.25634765625,-3.030659,-2.113336
1964,22.837209302325583,2727.0,33.25634765625,1.165653,1.573126
1965,22.848837209302324,2715.0,21.25634765625,5.449254,5.26184
1966,22.86046511627907,2723.0,29.25634765625,7.978292,7.273402
1967,22.872093023255815,2727.0,33.25634765625,7.469585,6.450596
1968,22.883720930232556,2733.0,39.25634765625,3.802199,2.787003
1969,22.8953488372093,2734.0,40.25634765625,-1.809008,-2.418293
1970,22.906976744186046,2735.0,41.25634765625,-7.31522,-7.124529
1971,22.918604651162788,2729.0,35.25634765625,-10.61627,-9.309511
1972,22.930232558139537,2736.0,42.25634765625,-10.518373,-8.03129
1973,22.94186046511628,2762.0,68.25634765625,-7.183428,-3.781047
1974,22.953488372093023,2730.0,36.25634765625,-2.037713,1.657003
1975,22.96511627906977,2721.0,27.25634765625,3.017705,6.186775
1976,22.976744186046513,2729.0,35.25634765625,6.328343,8.191231
1977,22.988372093023255,2741.0,47.25634765625,7.194209,7.246586
1978,23.0,2753.0,59.25634765625,5.986267,4.184299
1979,23.011627906976745,2739.0,45.25634765625,3.803043,0.546797
1980,23.023255813953487,2751.0,57.25634765625,1.918376,-2.113595
1981,23.03488372093023,2739.0,45.25634765625,1.071256,-3.031196
1982,23.046511627906977,2738.0,44.25634765625,1.331811,-2.332564
1983,23.058139534883722,2737.0,43.25634765625,2.098826,-0.885372
1984,23.069767441860467,2735.0,41.25634765625,2.568739,0.298728
1985,23.08139534883721,2741.0,47.25634765625,2.227066,0.655267
1986,23.093023255813954,2743.0,49.25634765625,0.964972,0.163866
1987,23.1046511627907,2737.0,43.25634765625,-0.76484,-0.586691
1988,23.11627906976744,2733.0,39.25634765625,-2.384607,-1.001373
1989,23.127906976744185,2736.0,42.25634765625,-3.413228,-0.717673
1990,23.13953488372093,2726.0,32.25634765625,-3.794943,0.060372
1991,23.151162790697672,2723.0,29.25634765625,-3.818288,0.768595
1992,23.162790697674417,2735.0,41.25634765625,-3.93559,0.753005
1993,23.174418604651162,2736.0,42.25634765625,-4.505501,-0.366239
1994,23.186046511627907,2736.0,42.25634765625,-5.469605,-2.382561
1995,23.197674418604652,2751.0,57.25634765625,-6.345201,-4.596211
1996,23.209302325581397,2748.0,54.25634765625,-6.427895,-6.061627
1997,23.22093023255814,2737.0,43.25634765625,-5.090134,-6.02022
1998,23.232558139534884,2727.0,33.25634765625,-2.000646,-4.076665
1999,23.24418604651163,2739.0,45.25634765625,2.502943,-0.529801
2000,23.25581395348837,2718.0,24.25634765625,7.503111,3.742572
2001,23.267441860465116,2731.0,37.25634765625,11.8228,7.633069
2002,23.27906976744186,2705.0,11.25634765625,14.301991,10.032901
2003,23.290697674418603,2709.0,15.25634765625,14.311877,10.335844
2004,23.302325581395348,2718.0,24.25634765625,11.739675,8.379637
2005,23.313953488372096,2718.0,24.25634765625,7.227536,4.698472
2006,23.325581395348838,2730.0,36.25634765625,1.814107,0.212633
2007,23.337209302325583,2710.0,16.25634765625,-3.395317,-4.026912
2008,23.348837209302328,2708.0,14.25634765625,-7.483545,-7.086171
2009,23.36046511627907,2704.0,10.25634765625,-9.969416,-8.458704
2010,23.372093023255815,2713.0,19.25634765625,-10.784301,-8.074977
2011,23.383720930232556,2719.0,25.25634765625,-10.207963,-6.340892
2012,23.3953488372093,2671.0,-22.74365234375,-8.693853,-3.906502
2013,23.406976744186046,2704.0,10.25634765625,-6.614068,-1.361476
2014,23.418604651162788,2693.0,-0.74365234375,-4.34019,0.744863
2015,23.430232558139533,2695.0,1.25634765625,-2.187428,2.117865
2016,23.44186046511628,2710.0,16.25634765625,-0.336787,2.739536
2017,23.453488372093023,2699.0,5.25634765625,1.063458,2.728104
2018,23.46511627906977,2706.0,12.25634765625,2.130357,2.416523
2019,23.476744186046513,2704.0,10.25634765625,3.109817,2.178207
2020,23.488372093023255,2721.0,27.25634765625,4.313116,2.299519
2021,23.5,2709.0,15.25634765625,5.901769,2.861955
2022,23.511627906976745,2701.0,7.25634765625,7.702088,3.644922
2023,23.523255813953487,2707.0,13.25634765625,9.136599,4.159163
2024,23.53488372093023,2687.0,-6.74365234375,9.359295,3.766783
2025,23.546511627906977,2704.0,10.25634765625,7.667313,2.012922
2026,23.55813953488372,2688.0,-5.74365234375,3.86183,-1.169963
2027,23.569767441860467,2703.0,9.25634765625,-1.384729,-5.164469
2028,23.581395348837212,2658.0,-35.74365234375,-6.707078,-8.849512
2029,23.593023255813954,2672.0,-21.74365234375,-10.445186,-10.897188
2030,23.6046511627907,2672.0,-21.74365234375,-11.330043,-10.304913
2031,23.616279069767444,2672.0,-21.74365234375,-9.115757,-6.950954
2032,23.627906976744185,2666.0,-27.74365234375,-4.744308,-1.67185
2033,23.63953488372093,2658.0,-35.74365234375,0.004868,3.911342
2034,23.651162790697676,2656.0,-37.74365234375,3.292428,8.061797
2035,23.662790697674417,2673.0,-20.74365234375,4.05889,9.642377
2036,23.674418604651162,2640.0,-53.74365234375,2.382081,8.480527
2037,23.686046511627904,2647.0,-46.74365234375,-0.434232,5.532923
2038,23.697674418604652,2670.0,-23.74365234375,-2.683746,2.271911
2039,23.709302325581397,2672.0,-21.74365234375,-3.033096,-0.007133
2040,23.72093023255814,2667.0,-26.74365234375,-1.16532,-0.695717
2041,23.732558139534884,2654.0,-39.74365234375,2.071809,-0.147327
2042,23.74418604651163,2673.0,-20.74365234375,5.197333,0.719023
2043,23.75581395348837,2662.0,-31.74365234375,6.785767,0.922456
2044,23.767441860465116,2658.0,-35.74365234375,6.282911,0.098979
2045,23.77906976744186,2661.0,-32.74365234375,4.156399,-1.344969
2046,23.790697674418603,2666.0,-27.74365234375,1.573977,-2.53484
2047,23.802325581395348,2672.0,-21.74365234375,-0.284606,-2.692087
