muestra,tiempo_ms,adc,adc_centrado,adc_filtrado,residual
0,0.0,1854.0,-42.08740234375,-0.025647,-0.029831
1,0.011627906976744186,1857.0,-39.08740234375,-0.036638,-0.044863
2,0.023255813953488372,1857.0,-39.08740234375,-0.03077,-0.039405
3,0.03488372093023256,1860.0,-36.08740234375,-0.00959,-0.013903
4,0.046511627906976744,1870.0,-26.08740234375,0.020739,0.014998
5,0.058139534883720936,1859.0,-37.08740234375,0.033493,0.031641
6,0.06976744186046512,1879.0,-17.08740234375,0.044865,0.035884
7,0.0813953488372093,1872.0,-24.08740234375,0.039524,0.03289
8,0.09302325581395349,1903.0,6.91259765625,0.055564,0.048515
9,0.10465116279069767,1889.0,-7.08740234375,0.07287,0.079529
10,0.11627906976744187,1898.0,1.91259765625,0.113635,0.133508
11,0.12790697674418605,1893.0,-3.08740234375,0.160826,0.206387
12,0.13953488372093023,1907.0,10.91259765625,0.207527,0.272684
13,0.1511627906976744,1904.0,7.91259765625,0.217219,0.304906
14,0.1627906976744186,1905.0,8.91259765625,0.179945,0.277745
15,0.1744186046511628,1905.0,8.91259765625,0.103862,0.216866
16,0.18604651162790697,1931.0,34.91259765625,0.03257,0.164078
17,0.19767441860465115,1930.0,33.91259765625,-0.027454,0.133344
18,0.20930232558139533,1935.0,38.91259765625,-0.061829,0.129946
19,0.22093023255813954,1927.0,30.91259765625,-0.093651,0.12402
20,0.23255813953488375,1939.0,42.91259765625,-0.140782,0.077747
21,0.2441860465116279,1936.0,39.91259765625,-0.243614,-0.045728
22,0.2558139534883721,1921.0,24.91259765625,-0.410889,-0.256825
23,0.2674418604651163,1937.0,40.91259765625,-0.581701,-0.477243
24,0.27906976744186046,1925.0,28.91259765625,-0.712937,-0.656591
25,0.29069767441860467,1920.0,23.91259765625,-0.743299,-0.724481
26,0.3023255813953488,1927.0,30.91259765625,-0.649179,-0.663292
27,0.313953488372093,1927.0,30.91259765625,-0.474761,-0.535025
28,0.3255813953488372,1918.0,21.91259765625,-0.296981,-0.427484
29,0.3372093023255814,1919.0,22.91259765625,-0.165331,-0.391012
30,0.3488372093023256,1923.0,26.91259765625,-0.081122,-0.405057
31,0.3604651162790698,1920.0,23.91259765625,0.00884,-0.380232
32,0.37209302325581395,1916.0,19.91259765625,0.190592,-0.205757
33,0.38372093023255816,1920.0,23.91259765625,0.524227,0.181077
34,0.3953488372093023,1913.0,16.91259765625,0.973617,0.732553
35,0.4069767441860465,1917.0,20.91259765625,1.430773,1.296429
36,0.41860465116279066,1920.0,23.91259765625,1.741575,1.700006
37,0.43023255813953487,1915.0,18.91259765625,1.791812,1.819321
38,0.4418604651162791,1920.0,23.91259765625,1.589306,1.698641
39,0.4534883720930233,1904.0,7.91259765625,1.232726,1.472916
40,0.4651162790697675,1921.0,24.91259765625,0.90257,1.346261
41,0.4767441860465116,1923.0,26.91259765625,0.682817,1.379054
42,0.4883720930232558,1923.0,26.91259765625,0.531479,1.470353
43,0.5,1916.0,19.91259765625,0.278753,1.365056
44,0.5116279069767442,1920.0,23.91259765625,-0.258331,0.836593
45,0.5232558139534884,1924.0,27.91259765625,-1.161244,-0.196478
46,0.5348837209302326,1919.0,22.91259765625,-2.31606,-1.561356
47,0.5465116279069767,1904.0,7.91259765625,-3.425244,-2.881032
48,0.5581395348837209,1913.0,16.91259765625,-4.121664,-3.739549
49,0.5697674418604651,1914.0,17.91259765625,-4.205711,-3.965937
50,0.5813953488372093,1920.0,23.91259765625,-3.739685,-3.697456
51,0.5930232558139535,1918.0,21.91259765625,-3.039871,-3.342015
52,0.6046511627906976,1922.0,25.91259765625,-2.470416,-3.296726
53,0.6162790697674418,1926.0,29.91259765625,-2.200985,-3.662393
54,0.627906976744186,1917.0,20.91259765625,-2.03256,-4.068713
55,0.6395348837209301,1919.0,22.91259765625,-1.400611,-3.761924
56,0.6511627906976744,1915.0,18.91259765625,0.327812,-1.974674
57,0.6627906976744186,1914.0,17.91259765625,3.4721,1.614117
58,0.6744186046511628,1910.0,13.91259765625,7.692804,6.540542
59,0.686046511627907,1913.0,16.91259765625,11.931194,11.559016
60,0.6976744186046512,1909.0,12.91259765625,14.674612,15.007314
61,0.7093023255813954,1909.0,12.91259765625,14.534247,15.448643
62,0.7209302325581396,1911.0,14.91259765625,10.848625,12.284019
63,0.7325581395348838,1905.0,8.91259765625,4.0715,6.060215
64,0.7441860465116279,1905.0,8.91259765625,-4.234042,-1.618656
65,0.7558139534883721,1913.0,16.91259765625,-11.869214,-8.667423
66,0.7674418604651163,1911.0,14.91259765625,-16.750921,-13.224345
67,0.7790697674418604,1926.0,29.91259765625,-17.603218,-14.270347
68,0.7906976744186046,1917.0,20.91259765625,-14.431065,-11.941717
69,0.8023255813953488,1910.0,13.91259765625,-8.44045,-7.376549
70,0.813953488372093,1904.0,7.91259765625,-1.59855,-2.239239
71,0.8255813953488372,1904.0,7.91259765625,4.066376,1.860898
72,0.8372093023255813,1904.0,7.91259765625,7.124695,3.877331
73,0.8488372093023255,1903.0,6.91259765625,7.155471,3.57418
74,0.8604651162790697,1911.0,14.91259765625,4.781428,1.509928
75,0.872093023255814,1907.0,10.91259765625,1.325252,-1.261102
76,0.8837209302325582,1897.0,0.91259765625,-1.694958,-3.539333
77,0.8953488372093024,1914.0,17.91259765625,-3.081731,-4.362712
78,0.9069767441860466,1906.0,9.91259765625,-2.3852,-3.324942
79,0.9186046511627908,1913.0,16.91259765625,0.06917,-0.629156
80,0.930232558139535,1904.0,7.91259765625,3.314368,2.95595
81,0.9418604651162791,1904.0,7.91259765625,6.161364,6.395587
82,0.9534883720930232,1904.0,7.91259765625,7.608665,8.696997
83,0.9651162790697674,1905.0,8.91259765625,7.187014,9.240572
84,0.9767441860465116,1898.0,1.91259765625,5.080132,7.965705
85,0.9883720930232557,1899.0,2.91259765625,2.021222,5.368397
86,1.0,1899.0,2.91259765625,-1.039643,2.26022
87,1.0116279069767442,1902.0,5.91259765625,-3.300732,-0.554213
88,1.0232558139534884,1902.0,5.91259765625,-4.392709,-2.571721
89,1.0348837209302326,1899.0,2.91259765625,-4.440666,-3.716805
90,1.0465116279069768,1902.0,5.91259765625,-3.899654,-4.230398
91,1.0581395348837208,1904.0,7.91259765625,-3.275835,-4.46462
92,1.0697674418604652,1904.0,7.91259765625,-2.854042,-4.634732
93,1.0813953488372092,1905.0,8.91259765625,-2.588841,-4.695868
94,1.0930232558139534,1903.0,6.91259765625,-2.213991,-4.445716
95,1.1046511627906976,1905.0,8.91259765625,-1.477818,-3.705955
96,1.1162790697674418,1905.0,8.91259765625,-0.38043,-2.539139
97,1.127906976744186,1904.0,7.91259765625,0.767734,-1.25334
98,1.1395348837209303,1902.0,5.91259765625,1.499146,-0.258281
99,1.1511627906976745,1903.0,6.91259765625,1.482658,0.212793
100,1.1627906976744187,1908.0,11.91259765625,0.774145,0.286977
101,1.1744186046511629,1899.0,2.91259765625,-0.149049,0.422054
102,1.186046511627907,1893.0,-3.08740234375,-0.581387,1.18573
103,1.197674418604651,1904.0,7.91259765625,0.016167,2.840431
104,1.2093023255813953,1879.0,-17.08740234375,1.618874,5.070317
105,1.2209302325581395,1892.0,-4.08740234375,3.630055,7.040146
106,1.2325581395348837,1868.0,-28.08740234375,5.016638,7.684092
107,1.244186046511628,1874.0,-22.08740234375,4.896696,6.278069
108,1.255813953488372,1857.0,-39.08740234375,2.942723,2.85264
109,1.2674418604651163,1864.0,-32.08740234375,-0.317894,-1.682318
110,1.2790697674418603,1855.0,-41.08740234375,-3.733834,-5.867721
111,1.2906976744186047,1854.0,-42.08740234375,-5.984877,-8.282623
112,1.3023255813953487,1840.0,-56.08740234375,-6.204852,-8.150684
113,1.3139534883720931,1847.0,-49.08740234375,-4.332832,-5.656548
114,1.3255813953488371,1861.0,-35.08740234375,-1.147348,-1.836792
115,1.3372093023255816,1840.0,-56.08740234375,2.099783,1.89314
116,1.3488372093023255,1858.0,-38.08740234375,4.326226,4.390801
117,1.36046511627907,1859.0,-37.08740234375,4.973895,5.165926
118,1.372093023255814,1883.0,-13.08740234375,4.205607,4.44636
119,1.383720930232558,1874.0,-22.08740234375,2.621139,2.900662
120,1.3953488372093024,1905.0,8.91259765625,0.942713,1.221362
121,1.4069767441860463,1899.0,2.91259765625,-0.443389,-0.214557
122,1.4186046511627908,1922.0,25.91259765625,-1.492979,-1.39375
123,1.4302325581395348,1909.0,12.91259765625,-2.432787,-2.475349
124,1.4418604651162792,1935.0,38.91259765625,-3.363916,-3.480325
125,1.4534883720930232,1938.0,41.91259765625,-4.142668,-4.187434
126,1.4651162790697676,1920.0,23.91259765625,-4.3477,-4.173205
127,1.4767441860465116,1938.0,41.91259765625,-3.497652,-3.067445
128,1.4883720930232558,1903.0,6.91259765625,-1.500648,-0.911775
129,1.5,1917.0,20.91259765625,1.292227,1.802579
130,1.5116279069767442,1869.0,-27.08740234375,3.908313,4.148329
131,1.5232558139534884,1876.0,-20.08740234375,5.367063,5.246754
132,1.5348837209302326,1817.0,-79.08740234375,4.94976,4.668746
133,1.5465116279069768,1838.0,-58.08740234375,2.738163,2.660805
134,1.5581395348837208,1783.0,-113.08740234375,-0.538635,0.025929
135,1.5697674418604652,1802.0,-94.08740234375,-3.644795,-2.217378
136,1.5813953488372092,1776.0,-120.08740234375,-5.451538,-3.281542
137,1.5930232558139534,1776.0,-120.08740234375,-5.349424,-2.949584
138,1.6046511627906976,1773.0,-123.08740234375,-3.42914,-1.542082
139,1.6162790697674418,1778.0,-118.08740234375,-0.449414,0.247975
140,1.627906976744186,1797.0,-99.08740234375,2.59281,1.709607
141,1.6395348837209303,1773.0,-123.08740234375,4.795321,2.444162
142,1.6511627906976745,1840.0,-56.08740234375,5.82059,2.457035
143,1.6627906976744187,1823.0,-73.08740234375,5.68,2.010838
144,1.6744186046511627,1898.0,1.91259765625,4.830898,1.388138
145,1.686046511627907,1870.0,-26.08740234375,3.631805,0.732543
146,1.697674418604651,1951.0,54.91259765625,2.481086,0.051306
147,1.7093023255813955,1930.0,33.91259765625,1.38397,-0.767601
148,1.7209302325581395,1970.0,73.91259765625,0.327181,-1.742096
149,1.7325581395348837,1968.0,71.91259765625,-0.812366,-2.708368
150,1.744186046511628,1974.0,77.91259765625,-2.002929,-3.361745
151,1.755813953488372,1974.0,77.91259765625,-3.117102,-3.379003
152,1.7674418604651163,1938.0,41.91259765625,-4.043007,-2.624448
153,1.7790697674418603,1957.0,60.91259765625,-4.627474,-1.187934
154,1.7906976744186047,1882.0,-14.08740234375,-4.974089,0.563733
155,1.8023255813953487,1908.0,11.91259765625,-5.159794,2.131595
156,1.8139534883720931,1807.0,-89.08740234375,-5.42192,3.126721
157,1.8255813953488371,1845.0,-51.08740234375,-5.705651,3.337635
158,1.8372093023255816,1736.0,-160.08740234375,-5.998867,2.791128
159,1.8488372093023255,1761.0,-135.08740234375,-5.918613,1.712901
160,1.86046511627907,1705.0,-191.08740234375,-5.162949,0.418288
161,1.872093023255814,1713.0,-183.08740234375,-3.415571,-0.797154
162,1.8837209302325582,1698.0,-198.08740234375,-0.653047,-1.712698
163,1.8953488372093024,1700.0,-196.08740234375,2.899011,-2.178235
164,1.9069767441860463,1758.0,-138.08740234375,6.765687,-2.170627
165,1.9186046511627908,1721.0,-175.08740234375,10.248387,-1.74985
166,1.9302325581395348,1840.0,-56.08740234375,12.8894,-1.012892
167,1.9418604651162792,1786.0,-110.08740234375,14.209558,-0.134961
168,1.9534883720930232,1946.0,49.91259765625,14.332156,0.783511
169,1.9651162790697676,1895.0,-1.08740234375,13.306829,1.590031
170,1.9767441860465114,2010.0,113.91259765625,11.614291,2.259982
171,1.9883720930232558,1981.0,84.91259765625,9.445056,2.790359
172,2.0,2033.0,136.91259765625,6.947655,3.162339
173,2.011627906976744,2030.0,133.91259765625,3.926824,3.278129
174,2.0232558139534884,2009.0,112.91259765625,0.110624,2.976577
175,2.0348837209302326,2036.0,139.91259765625,-4.617763,2.116601
176,2.046511627906977,1931.0,34.91259765625,-10.190078,0.677409
177,2.058139534883721,1970.0,73.91259765625,-15.967631,-1.183561
178,2.0697674418604652,1820.0,-76.08740234375,-21.217087,-3.067978
179,2.0813953488372094,1867.0,-29.08740234375,-24.882891,-4.550074
180,2.0930232558139537,1711.0,-185.08740234375,-26.429579,-5.292719
181,2.1046511627906974,1765.0,-131.08740234375,-25.492111,-5.251507
182,2.1162790697674416,1635.0,-261.08740234375,-22.447908,-4.669096
183,2.1279069767441863,1671.0,-225.08740234375,-17.690498,-3.895938
184,2.1395348837209305,1638.0,-258.08740234375,-11.791567,-3.196436
185,2.1511627906976742,1625.0,-271.08740234375,-5.012288,-2.522556
186,2.1627906976744184,1695.0,-201.08740234375,2.682259,-1.516773
187,2.174418604651163,1657.0,-239.08740234375,11.255032,0.276407
188,2.186046511627907,1808.0,-88.08740234375,20.603607,3.035582
189,2.197674418604651,1744.0,-152.08740234375,29.821873,6.419857
190,2.2093023255813953,1947.0,50.91259765625,37.792305,9.526131
191,2.22093023255814,1883.0,-13.08740234375,42.766384,11.150581
192,2.2325581395348837,2064.0,167.91259765625,43.627525,10.386715
193,2.244186046511628,2007.0,110.91259765625,39.672852,7.033211
194,2.255813953488372,2099.0,202.91259765625,31.504072,1.916765
195,2.267441860465116,2089.0,192.91259765625,20.447727,-3.406847
196,2.2790697674418605,2062.0,165.91259765625,8.275528,-7.23762
197,2.2906976744186047,2089.0,192.91259765625,-3.39387,-8.446125
198,2.302325581395349,1953.0,56.91259765625,-13.826732,-6.957047
199,2.3139534883720927,2001.0,104.91259765625,-22.866644,-3.809355
200,2.3255813953488373,1799.0,-97.08740234375,-31.179815,-0.605444
201,2.3372093023255816,1876.0,-20.08740234375,-38.999477,1.188259
202,2.3488372093023258,1665.0,-231.08740234375,-46.380497,0.926548
203,2.3604651162790695,1744.0,-152.08740234375,-52.177567,-0.965324
204,2.372093023255814,1613.0,-283.08740234375,-55.014156,-3.282917
205,2.3837209302325584,1637.0,-259.08740234375,-53.243008,-4.664665
206,2.395348837209302,1621.0,-275.08740234375,-46.011417,-4.293488
207,2.4069767441860463,1601.0,-295.08740234375,-33.456577,-2.215675
208,2.4186046511627906,1742.0,-154.08740234375,-16.714823,0.686903
209,2.430232558139535,1672.0,-224.08740234375,2.11909,3.190461
210,2.441860465116279,1911.0,14.91259765625,21.156448,4.361845
211,2.453488372093023,1821.0,-75.08740234375,38.430973,3.923267
212,2.4651162790697674,2062.0,165.91259765625,53.060726,2.399521
213,2.4767441860465116,1987.0,90.91259765625,64.244102,0.712139
214,2.488372093023256,2147.0,250.91259765625,71.806503,-0.272003
215,2.5,2116.0,219.91259765625,75.221504,-0.13166
216,2.511627906976744,2154.0,257.91259765625,73.97435,0.946014
217,2.5232558139534884,2162.0,265.91259765625,67.431381,2.375015
218,2.5348837209302326,2062.0,165.91259765625,55.152706,3.497807
219,2.546511627906977,2118.0,221.91259765625,37.433933,3.848839
220,2.5581395348837206,1894.0,-2.08740234375,14.99962,3.311245
221,2.5697674418604652,1979.0,82.91259765625,-10.313063,2.07437
222,2.5813953488372094,1735.0,-161.08740234375,-36.648319,0.406883
223,2.5930232558139537,1807.0,-89.08740234375,-61.50539,-1.434761
224,2.6046511627906974,1617.0,-279.08740234375,-82.876549,-3.264244
225,2.6162790697674416,1676.0,-220.08740234375,-98.632027,-4.850548
226,2.6279069767441863,1602.0,-294.08740234375,-107.266846,-5.950539
227,2.6395348837209305,1600.0,-296.08740234375,-107.565529,-6.233742
228,2.6511627906976742,1702.0,-194.08740234375,-98.863434,-5.469704
229,2.6627906976744184,1638.0,-258.08740234375,-81.409805,-3.716362
230,2.674418604651163,1847.0,-49.08740234375,-55.980595,-1.305355
231,2.686046511627907,1769.0,-127.08740234375,-24.630014,1.121889
232,2.697674418604651,2011.0,114.91259765625,10.284594,2.920618
233,2.7093023255813953,1935.0,38.91259765625,45.558464,3.695469
234,2.72093023255814,2129.0,232.91259765625,78.285355,3.458366
235,2.7325581395348837,2074.0,177.91259765625,105.508423,2.627869
236,2.744186046511628,2150.0,253.91259765625,124.995834,1.774864
237,2.755813953488372,2149.0,252.91259765625,135.015167,1.337646
238,2.767441860465116,2089.0,192.91259765625,134.470459,1.388031
239,2.7790697674418605,2126.0,229.91259765625,123.092834,1.657333
240,2.7906976744186047,1936.0,39.91259765625,101.130104,1.715355
241,2.802325581395349,2009.0,112.91259765625,70.040596,1.293144
242,2.8139534883720927,1791.0,-105.08740234375,31.751034,0.436913
243,2.8255813953488373,1863.0,-33.08740234375,-10.584537,-0.472011
244,2.8372093023255816,1680.0,-216.08740234375,-53.612667,-0.94722
245,2.8488372093023253,1727.0,-169.08740234375,-93.508812,-0.745033
246,2.8604651162790695,1671.0,-225.08740234375,-126.888931,-0.041992
247,2.872093023255814,1668.0,-228.08740234375,-150.862762,0.551941
248,2.8837209302325584,1721.0,-175.08740234375,-163.268906,0.352341
249,2.895348837209302,1683.0,-213.08740234375,-162.915909,-1.047058
250,2.9069767441860463,1907.0,10.91259765625,-149.110443,-3.408524
251,2.918604651162791,1781.0,-115.08740234375,-122.451469,-5.892548
252,2.930232558139535,2032.0,135.91259765625,-83.891762,-7.312767
253,2.941860465116279,1972.0,75.91259765625,-36.026707,-6.749104
254,2.953488372093023,2110.0,213.91259765625,17.73844,-3.908804
255,2.9651162790697674,2081.0,184.91259765625,72.604897,0.550171
256,2.9767441860465116,2084.0,187.91259765625,123.147041,5.261116
257,2.988372093023256,2103.0,206.91259765625,163.965454,8.736618
258,3.0,2008.0,111.91259765625,190.331192,9.889786
259,3.011627906976744,2057.0,160.91259765625,199.381302,8.545517
260,3.0232558139534884,1903.0,6.91259765625,189.980255,5.408081
261,3.0348837209302326,1954.0,57.91259765625,163.433578,1.780228
262,3.046511627906977,1792.0,-104.08740234375,122.318352,-1.115105
263,3.0581395348837206,1841.0,-55.08740234375,70.691238,-2.554794
264,3.0697674418604652,1746.0,-150.08740234375,12.733108,-2.67744
265,3.0813953488372094,1763.0,-133.08740234375,-46.988892,-2.239525
266,3.0930232558139537,1750.0,-146.08740234375,-104.05809,-2.169952
267,3.1046511627906974,1744.0,-152.08740234375,-153.993835,-3.064148
268,3.1162790697674416,1808.0,-88.08740234375,-192.31813,-4.846115
269,3.1279069767441863,1776.0,-120.08740234375,-215.008301,-6.783203
270,3.1395348837209305,1902.0,5.91259765625,-218.730133,-7.83551
271,3.1511627906976742,1855.0,-41.08740234375,-202.102448,-7.238358
272,3.1627906976744184,1968.0,71.91259765625,-165.591415,-4.770386
273,3.174418604651163,1939.0,42.91259765625,-112.42836,-0.964661
274,3.186046511627907,2022.0,125.91259765625,-47.651859,3.157528
275,3.197674418604651,2006.0,109.91259765625,22.026693,6.471006
276,3.2093023255813953,2018.0,121.91259765625,89.760124,8.277901
277,3.22093023255814,2027.0,130.91259765625,149.112656,8.509537
278,3.2325581395348837,1970.0,73.91259765625,194.86087,7.625366
279,3.244186046511628,2000.0,103.91259765625,223.307007,6.400833
280,3.255813953488372,1909.0,12.91259765625,232.070358,5.401367
281,3.2674418604651163,1953.0,56.91259765625,220.362106,4.799759
282,3.2790697674418605,1856.0,-40.08740234375,188.554443,4.20697
283,3.2906976744186047,1887.0,-9.08740234375,138.91391,3.023438
284,3.302325581395349,1823.0,-73.08740234375,75.189552,0.716858
285,3.3139534883720927,1838.0,-58.08740234375,3.184791,-2.804681
286,3.3255813953488373,1808.0,-88.08740234375,-70.202866,-7.072517
287,3.3372093023255816,1810.0,-86.08740234375,-137.256577,-11.140472
288,3.3488372093023253,1833.0,-63.08740234375,-190.985565,-13.954086
289,3.3604651162790695,1819.0,-77.08740234375,-225.85173,-14.730835
290,3.372093023255814,1872.0,-24.08740234375,-238.629669,-13.203934
291,3.3837209302325584,1843.0,-53.08740234375,-228.650574,-9.741592
292,3.395348837209302,1920.0,23.91259765625,-197.417892,-5.110367
293,3.4069767441860463,1890.0,-6.08740234375,-148.390396,-0.232056
294,3.418604651162791,1942.0,45.91259765625,-86.035286,4.240921
295,3.430232558139535,1925.0,28.91259765625,-15.98443,7.933367
296,3.441860465116279,1941.0,44.91259765625,55.796108,10.860237
297,3.453488372093023,1952.0,55.91259765625,122.629799,13.086205
298,3.4651162790697674,1926.0,29.91259765625,178.137421,14.610641
299,3.4767441860465116,1942.0,45.91259765625,216.433487,15.192886
300,3.488372093023256,1889.0,-7.08740234375,233.336365,14.377411
301,3.5,1914.0,17.91259765625,226.946915,11.831192
302,3.511627906976744,1854.0,-42.08740234375,198.080124,7.465057
303,3.5232558139534884,1878.0,-18.08740234375,150.231064,1.766174
304,3.5348837209302326,1808.0,-88.08740234375,88.649261,-4.379929
305,3.546511627906977,1831.0,-65.08740234375,19.859146,-9.832962
306,3.5581395348837206,1788.0,-108.08740234375,-49.769169,-13.711391
307,3.5697674418604652,1795.0,-101.08740234375,-113.937416,-15.625298
308,3.5813953488372094,1765.0,-131.08740234375,-167.291931,-15.790375
309,3.5930232558139537,1771.0,-125.08740234375,-204.81311,-14.821625
310,3.6046511627906974,1758.0,-138.08740234375,-222.665451,-13.385544
311,3.616279069767442,1751.0,-145.08740234375,-218.041962,-11.790588
312,3.6279069767441863,1778.0,-118.08740234375,-190.42012,-9.850937
313,3.63953488372093,1764.0,-132.08740234375,-141.915588,-7.032288
314,3.6511627906976742,1807.0,-89.08740234375,-77.65966,-2.753609
315,3.6627906976744184,1786.0,-110.08740234375,-5.499251,3.095325
316,3.674418604651163,1830.0,-66.08740234375,65.553085,9.996323
317,3.686046511627907,1809.0,-87.08740234375,126.431114,16.761536
318,3.697674418604651,1843.0,-53.08740234375,170.311768,21.966049
319,3.7093023255813953,1840.0,-56.08740234375,192.93222,24.361664
320,3.72093023255814,1845.0,-51.08740234375,193.725708,23.38298
321,3.7325581395348837,1849.0,-47.08740234375,174.591751,19.277054
322,3.744186046511628,1840.0,-56.08740234375,139.689026,12.975204
323,3.755813953488372,1840.0,-56.08740234375,93.860031,5.702744
324,3.7674418604651163,1808.0,-88.08740234375,42.292934,-1.428791
325,3.7790697674418605,1837.0,-59.08740234375,-10.027992,-7.650762
326,3.7906976744186047,1799.0,-97.08740234375,-58.642818,-12.700279
327,3.802325581395349,1807.0,-89.08740234375,-99.346962,-16.565186
328,3.8139534883720927,1792.0,-104.08740234375,-128.934738,-19.299133
329,3.8255813953488373,1787.0,-109.08740234375,-144.883606,-20.886795
330,3.8372093023255816,1786.0,-110.08740234375,-146.38649,-21.104919
331,3.8488372093023253,1771.0,-125.08740234375,-133.745895,-19.709053
332,3.8604651162790695,1798.0,-98.08740234375,-109.063759,-16.504143
333,3.872093023255814,1789.0,-107.08740234375,-75.264954,-11.567364
334,3.8837209302325584,1811.0,-85.08740234375,-36.170559,-5.253475
335,3.895348837209302,1808.0,-88.08740234375,4.247381,1.792862
336,3.9069767441860463,1837.0,-59.08740234375,42.157391,8.774342
337,3.9186046511627906,1824.0,-72.08740234375,73.980614,14.863846
338,3.930232558139535,1857.0,-39.08740234375,97.163338,19.416275
339,3.941860465116279,1843.0,-53.08740234375,109.665649,21.977135
340,3.9534883720930227,1866.0,-30.08740234375,111.129578,22.461761
341,3.9651162790697674,1866.0,-30.08740234375,101.933876,21.005493
342,3.9767441860465116,1858.0,-38.08740234375,84.0569,17.962669
343,3.9883720930232562,1873.0,-23.08740234375,59.896461,13.789806
344,4.0,1851.0,-45.08740234375,32.4249,8.831829
345,4.011627906976744,1855.0,-41.08740234375,4.341906,3.403976
346,4.023255813953488,1830.0,-66.08740234375,-22.05385,-2.311323
347,4.034883720930233,1842.0,-54.08740234375,-44.869202,-8.103912
348,4.046511627906977,1821.0,-75.08740234375,-62.880749,-13.680656
349,4.058139534883721,1823.0,-73.08740234375,-74.825417,-18.553333
350,4.069767441860465,1825.0,-71.08740234375,-80.167725,-22.130596
351,4.081395348837209,1823.0,-73.08740234375,-78.317673,-23.839485
352,4.093023255813954,1831.0,-65.08740234375,-69.71521,-23.273415
353,4.104651162790698,1826.0,-70.08740234375,-55.12376,-20.378506
354,4.116279069767442,1853.0,-43.08740234375,-36.329929,-15.450037
355,4.127906976744186,1842.0,-54.08740234375,-15.37125,-9.068331
356,4.1395348837209305,1869.0,-27.08740234375,5.507755,-1.922032
357,4.151162790697675,1856.0,-40.08740234375,24.223671,5.26981
358,4.162790697674419,1884.0,-12.08740234375,39.439568,11.942595
359,4.174418604651162,1873.0,-23.08740234375,50.023048,17.540733
360,4.186046511627907,1887.0,-9.08740234375,55.815933,21.590218
361,4.1976744186046515,1885.0,-11.08740234375,56.621021,23.659439
362,4.209302325581395,1889.0,-7.08740234375,53.04388,23.444775
363,4.22093023255814,1889.0,-7.08740234375,45.548038,20.895729
364,4.232558139534883,1883.0,-13.08740234375,35.209068,16.322163
365,4.2441860465116275,1888.0,-8.08740234375,23.019678,10.387321
366,4.2558139534883725,1867.0,-29.08740234375,10.137705,3.936055
367,4.267441860465116,1874.0,-22.08740234375,-2.363701,-2.178665
368,4.279069767441861,1855.0,-41.08740234375,-13.809397,-7.419963
369,4.290697674418605,1863.0,-33.08740234375,-23.542166,-11.605517
370,4.3023255813953485,1854.0,-42.08740234375,-31.508259,-14.905064
371,4.313953488372094,1863.0,-33.08740234375,-37.310959,-17.555302
372,4.325581395348837,1854.0,-42.08740234375,-40.933331,-19.628979
373,4.337209302325581,1853.0,-43.08740234375,-41.844223,-20.840908
374,4.348837209302326,1863.0,-33.08740234375,-39.823071,-20.602526
375,4.3604651162790695,1867.0,-29.08740234375,-34.567871,-18.295704
376,4.372093023255814,1878.0,-18.08740234375,-26.207615,-13.526438
377,4.383720930232558,1874.0,-22.08740234375,-15.347901,-6.49606
378,4.395348837209302,1887.0,-9.08740234375,-2.914654,1.990133
379,4.406976744186047,1877.0,-19.08740234375,9.583838,10.609262
380,4.4186046511627906,1914.0,17.91259765625,21.066019,17.964851
381,4.430232558139535,1906.0,9.91259765625,30.05299,22.855488
382,4.44186046511628,1913.0,16.91259765625,35.985657,24.685524
383,4.453488372093023,1909.0,12.91259765625,38.402157,23.492748
384,4.465116279069767,1914.0,17.91259765625,37.544628,19.880836
385,4.476744186046512,1919.0,22.91259765625,33.808205,14.720217
386,4.488372093023256,1913.0,16.91259765625,27.722593,8.792389
387,4.5,1920.0,23.91259765625,19.933577,2.710497
388,4.511627906976744,1903.0,6.91259765625,10.827451,-3.228749
389,4.523255813953488,1915.0,18.91259765625,1.06226,-8.796377
390,4.534883720930232,1894.0,-2.08740234375,-8.967315,-13.818703
391,4.546511627906977,1897.0,0.91259765625,-18.380066,-17.920382
392,4.558139534883721,1886.0,-10.08740234375,-26.473579,-20.627165
393,4.569767441860465,1882.0,-14.08740234375,-32.233116,-21.403597
394,4.5813953488372094,1872.0,-24.08740234375,-34.979687,-19.890282
395,4.593023255813954,1873.0,-23.08740234375,-34.280346,-16.102674
396,4.604651162790698,1882.0,-14.08740234375,-30.223606,-10.480892
397,4.616279069767442,1872.0,-24.08740234375,-23.451832,-3.858482
398,4.627906976744185,1890.0,-6.08740234375,-14.789744,2.822131
399,4.6395348837209305,1878.0,-18.08740234375,-5.383561,8.661696
400,4.651162790697675,1895.0,-1.08740234375,4.020485,13.1481
401,4.662790697674418,1884.0,-12.08740234375,12.628809,16.06979
402,4.674418604651163,1906.0,9.91259765625,20.105434,17.563322
403,4.686046511627906,1901.0,4.91259765625,25.969868,17.846745
404,4.6976744186046515,1909.0,12.91259765625,29.879005,17.094107
405,4.709302325581396,1911.0,14.91259765625,31.321278,15.312977
406,4.720930232558139,1919.0,22.91259765625,29.856089,12.338572
407,4.732558139534884,1918.0,21.91259765625,25.32349,8.043388
408,4.744186046511628,1914.0,17.91259765625,17.900984,2.438722
409,4.755813953488372,1910.0,13.91259765625,8.446098,-4.048497
410,4.767441860465117,1919.0,22.91259765625,-1.918071,-10.707894
411,4.77906976744186,1916.0,19.91259765625,-11.694899,-16.540556
412,4.790697674418604,1904.0,7.91259765625,-19.693399,-20.597692
413,4.802325581395349,1909.0,12.91259765625,-24.93329,-22.145815
414,4.813953488372093,1904.0,7.91259765625,-27.106426,-20.942856
415,4.825581395348837,1898.0,1.91259765625,-26.327583,-17.261147
416,4.837209302325581,1891.0,-5.08740234375,-23.146194,-11.836775
417,4.848837209302325,1901.0,4.91259765625,-18.283052,-5.625135
418,4.86046511627907,1892.0,-4.08740234375,-12.454037,0.437757
419,4.872093023255814,1893.0,-3.08740234375,-6.316597,5.675704
420,4.883720930232558,1901.0,4.91259765625,-0.258269,9.812668
421,4.895348837209303,1894.0,-2.08740234375,5.342066,12.8556
422,4.906976744186046,1883.0,-13.08740234375,10.374133,15.060474
423,4.9186046511627906,1903.0,6.91259765625,14.646351,16.579561
424,4.930232558139535,1899.0,2.91259765625,17.984682,17.362968
425,4.941860465116279,1903.0,6.91259765625,20.080456,17.061756
426,4.953488372093023,1896.0,-0.08740234375,20.585487,15.204576
427,4.965116279069767,1904.0,7.91259765625,19.249529,11.479858
428,4.976744186046512,1903.0,6.91259765625,15.953398,5.933575
429,4.988372093023256,1904.0,7.91259765625,10.998774,-0.817039
430,5.0,1904.0,7.91259765625,4.944743,-7.752544
431,5.011627906976744,1904.0,7.91259765625,-1.278026,-13.636327
432,5.023255813953488,1903.0,6.91259765625,-6.834774,-17.504711
433,5.034883720930233,1905.0,8.91259765625,-10.998366,-18.872322
434,5.046511627906977,1910.0,13.91259765625,-13.587883,-17.955162
435,5.058139534883721,1904.0,7.91259765625,-14.733429,-15.376678
436,5.069767441860465,1921.0,24.91259765625,-14.863393,-11.930035
437,5.081395348837209,1909.0,12.91259765625,-14.362744,-8.19726
438,5.093023255813954,1929.0,32.91259765625,-13.395217,-4.406527
439,5.104651162790698,1922.0,25.91259765625,-11.850153,-0.480503
440,5.116279069767441,1930.0,33.91259765625,-9.464172,3.684184
441,5.127906976744186,1936.0,39.91259765625,-6.109787,7.943953
442,5.1395348837209305,1921.0,24.91259765625,-1.923486,11.818485
443,5.151162790697675,1931.0,34.91259765625,2.575563,14.570505
444,5.162790697674419,1911.0,14.91259765625,6.72604,15.551035
445,5.174418604651162,1923.0,26.91259765625,9.902563,14.466576
446,5.186046511627907,1891.0,-5.08740234375,11.844414,11.623529
447,5.1976744186046515,1904.0,7.91259765625,12.668173,7.764332
448,5.209302325581395,1872.0,-24.08740234375,12.751974,3.798045
449,5.22093023255814,1878.0,-18.08740234375,12.489009,0.427346
450,5.232558139534883,1864.0,-32.08740234375,11.970011,-2.128222
451,5.2441860465116275,1872.0,-24.08740234375,10.975284,-4.077106
452,5.2558139534883725,1870.0,-26.08740234375,9.040736,-5.85673
453,5.267441860465116,1869.0,-27.08740234375,5.832204,-7.719085
454,5.279069767441861,1888.0,-8.08740234375,1.345647,-9.610974
455,5.290697674418605,1863.0,-33.08740234375,-3.868322,-11.020145
456,5.3023255813953485,1892.0,-4.08740234375,-8.887094,-11.325359
457,5.313953488372094,1889.0,-7.08740234375,-12.73957,-10.078315
458,5.325581395348837,1921.0,24.91259765625,-14.726151,-7.288181
459,5.337209302325581,1903.0,6.91259765625,-14.723038,-3.491625
460,5.348837209302326,1926.0,29.91259765625,-13.040778,0.534509
461,5.3604651162790695,1921.0,24.91259765625,-10.378208,3.975695
462,5.372093023255814,1917.0,20.91259765625,-7.35403,6.373995
463,5.383720930232558,1923.0,26.91259765625,-4.394103,7.650873
464,5.395348837209302,1910.0,13.91259765625,-1.610664,8.043606
465,5.406976744186046,1918.0,21.91259765625,1.05814,7.839456
466,5.4186046511627906,1882.0,-14.08740234375,3.679458,7.22369
467,5.430232558139535,1902.0,5.91259765625,6.177036,6.173254
468,5.44186046511628,1872.0,-24.08740234375,8.286509,4.586661
469,5.453488372093023,1877.0,-19.08740234375,9.666976,2.403066
470,5.465116279069767,1846.0,-50.08740234375,10.050506,-0.182341
471,5.476744186046512,1854.0,-42.08740234375,9.41154,-2.727473
472,5.488372093023256,1849.0,-47.08740234375,7.878051,-4.743427
473,5.5,1845.0,-51.08740234375,5.765531,-5.800818
474,5.511627906976744,1872.0,-24.08740234375,3.379331,-5.801637
475,5.523255813953488,1851.0,-45.08740234375,0.938403,-4.943178
476,5.534883720930232,1907.0,10.91259765625,-1.375111,-3.622727
477,5.546511627906977,1887.0,-9.08740234375,-3.46453,-2.234243
478,5.558139534883721,1936.0,39.91259765625,-5.13833,-1.021394
479,5.569767441860465,1919.0,22.91259765625,-6.245244,-0.01715
480,5.5813953488372094,1963.0,66.91259765625,-6.557516,0.900195
481,5.593023255813954,1967.0,70.91259765625,-6.039285,1.796732
482,5.604651162790698,1965.0,68.91259765625,-4.782795,2.60384
483,5.616279069767442,1968.0,71.91259765625,-3.058232,3.103552
484,5.627906976744185,1931.0,34.91259765625,-1.179933,3.070441
485,5.6395348837209305,1943.0,46.91259765625,0.596288,2.383814
486,5.651162790697675,1890.0,-6.08740234375,2.109337,1.152989
487,5.662790697674418,1904.0,7.91259765625,3.341976,-0.298328
488,5.674418604651163,1843.0,-53.08740234375,4.257802,-1.558037
489,5.686046511627907,1872.0,-24.08740234375,4.820855,-2.27276
490,5.697674418604651,1811.0,-85.08740234375,4.789629,-2.339601
491,5.709302325581396,1830.0,-66.08740234375,3.985623,-1.829827
492,5.720930232558139,1809.0,-87.08740234375,2.240022,-1.005671
493,5.732558139534884,1808.0,-88.08740234375,-0.350744,-0.11618
494,5.744186046511628,1837.0,-59.08740234375,-3.426601,0.681434
495,5.755813953488372,1819.0,-77.08740234375,-6.451824,1.347388
496,5.767441860465117,1888.0,-8.08740234375,-8.787066,1.888493
497,5.77906976744186,1857.0,-39.08740234375,-10.004636,2.271676
498,5.790697674418604,1942.0,45.91259765625,-9.777849,2.43953
499,5.802325581395349,1915.0,18.91259765625,-8.130686,2.247658
500,5.813953488372093,1981.0,84.91259765625,-5.120793,1.672431
501,5.825581395348837,1966.0,69.91259765625,-0.999719,0.76869
502,5.837209302325582,1995.0,98.91259765625,3.958036,-0.232434
503,5.848837209302325,1989.0,92.91259765625,9.266562,-1.104419
504,5.86046511627907,1982.0,85.91259765625,14.268433,-1.662195
505,5.872093023255814,1995.0,98.91259765625,18.126638,-1.916883
506,5.883720930232558,1909.0,12.91259765625,19.910368,-2.078558
507,5.895348837209303,1934.0,37.91259765625,19.044521,-2.346361
508,5.906976744186046,1845.0,-51.08740234375,15.299735,-2.873166
509,5.9186046511627906,1873.0,-23.08740234375,9.156827,-3.498845
510,5.930232558139535,1798.0,-98.08740234375,1.516019,-3.908914
511,5.941860465116279,1824.0,-72.08740234375,-6.379531,-3.636567
512,5.953488372093023,1786.0,-110.08740234375,-13.484379,-2.478965
513,5.965116279069767,1784.0,-112.08740234375,-19.040657,-0.474514
514,5.976744186046512,1808.0,-88.08740234375,-22.702126,1.94525
515,5.988372093023256,1787.0,-109.08740234375,-24.453621,4.183348
516,6.0,1870.0,-26.08740234375,-24.279585,5.694756
517,6.011627906976744,1837.0,-59.08740234375,-22.230919,6.172392
518,6.023255813953488,1936.0,39.91259765625,-18.152475,5.723019
519,6.034883720930233,1903.0,6.91259765625,-12.104196,4.621818
520,6.046511627906977,2000.0,103.91259765625,-4.261924,3.338761
521,6.058139534883721,1968.0,71.91259765625,4.667248,2.083608
522,6.069767441860465,2046.0,149.91259765625,13.807207,1.009933
523,6.081395348837209,2022.0,125.91259765625,22.012939,-0.046
524,6.093023255813954,2058.0,161.91259765625,28.371078,-1.118534
525,6.104651162790698,2062.0,165.91259765625,32.218922,-2.241577
526,6.116279069767441,2030.0,133.91259765625,33.273903,-3.207596
527,6.127906976744186,2047.0,150.91259765625,31.553953,-3.746622
528,6.1395348837209305,1968.0,71.91259765625,27.152592,-3.6712
529,6.151162790697675,1997.0,100.91259765625,20.312374,-2.918991
530,6.162790697674419,1893.0,-3.08740234375,11.207193,-1.780422
531,6.174418604651162,1933.0,36.91259765625,0.327035,-0.58952
532,6.186046511627907,1815.0,-81.08740234375,-11.73531,0.094172
533,6.1976744186046515,1847.0,-49.08740234375,-23.883656,0.021563
534,6.209302325581395,1776.0,-120.08740234375,-34.956161,-1.025261
535,6.22093023255814,1790.0,-106.08740234375,-43.596748,-2.857742
536,6.232558139534883,1763.0,-133.08740234375,-48.651455,-5.16074
537,6.2441860465116275,1763.0,-133.08740234375,-49.203316,-7.340218
538,6.2558139534883725,1791.0,-105.08740234375,-44.729836,-8.743664
539,6.267441860465116,1775.0,-121.08740234375,-35.23597,-8.738667
540,6.279069767441861,1867.0,-29.08740234375,-21.1411,-6.762792
541,6.290697674418605,1829.0,-67.08740234375,-3.635654,-2.752915
542,6.3023255813953485,1958.0,61.91259765625,15.678509,3.05974
543,6.313953488372094,1906.0,9.91259765625,34.49633,9.690619
544,6.325581395348837,2044.0,147.91259765625,50.584049,16.074657
545,6.337209302325581,2000.0,103.91259765625,61.668282,20.804592
546,6.348837209302326,2094.0,197.91259765625,66.342278,22.99292
547,6.3604651162790695,2071.0,174.91259765625,63.984386,22.162014
548,6.372093023255814,2074.0,177.91259765625,55.05027,18.593338
549,6.383720930232558,2085.0,188.91259765625,40.780945,13.037268
550,6.395348837209302,2011.0,114.91259765625,22.817726,6.38493
551,6.406976744186046,2057.0,160.91259765625,3.031777,-0.49619
552,6.4186046511627906,1926.0,29.91259765625,-17.076902,-7.271556
553,6.430232558139535,1968.0,71.91259765625,-35.911781,-13.639309
554,6.44186046511628,1809.0,-87.08740234375,-52.298508,-19.661873
555,6.453488372093023,1868.0,-28.08740234375,-64.823891,-24.967407
556,6.465116279069767,1739.0,-157.08740234375,-72.474884,-29.22538
557,6.476744186046512,1766.0,-130.08740234375,-74.190399,-31.660439
558,6.488372093023256,1717.0,-179.08740234375,-69.483612,-31.66608
559,6.5,1718.0,-178.08740234375,-58.335209,-28.793022
560,6.511627906976744,1765.0,-131.08740234375,-41.361694,-22.992409
561,6.523255813953488,1743.0,-153.08740234375,-19.853203,-14.647015
562,6.534883720930233,1872.0,-24.08740234375,4.563676,-4.285792
563,6.546511627906977,1813.0,-83.08740234375,29.664242,7.242682
564,6.558139534883721,2003.0,106.91259765625,53.314861,19.315392
565,6.569767441860465,1935.0,38.91259765625,72.923676,30.891594
566,6.5813953488372094,2117.0,220.91259765625,86.449646,41.10791
567,6.593023255813954,2070.0,173.91259765625,91.92527,48.592434
568,6.604651162790698,2173.0,276.91259765625,88.49984,52.203079
569,6.616279069767442,2149.0,252.91259765625,76.170387,50.858368
570,6.627906976744185,2135.0,238.91259765625,56.205719,44.173233
571,6.6395348837209305,2158.0,261.91259765625,30.892416,32.598347
572,6.651162790697675,2030.0,133.91259765625,2.943804,17.27177
573,6.662790697674418,2095.0,198.91259765625,-24.549631,0.134075
574,6.674418604651163,1872.0,-24.08740234375,-49.225548,-17.067989
575,6.686046511627907,1958.0,61.91259765625,-68.856766,-32.443581
576,6.697674418604651,1739.0,-157.08740234375,-82.404175,-45.057838
577,6.709302325581396,1799.0,-97.08740234375,-88.969048,-54.114582
578,6.720930232558139,1661.0,-235.08740234375,-88.570213,-59.535385
579,6.732558139534884,1690.0,-206.08740234375,-81.374054,-61.122829
580,6.744186046511628,1671.0,-225.08740234375,-68.161728,-58.812771
581,6.755813953488372,1655.0,-241.08740234375,-50.062923,-52.422218
582,6.767441860465117,1769.0,-127.08740234375,-28.462584,-41.80225
583,6.77906976744186,1712.0,-184.08740234375,-5.153364,-27.245201
584,6.790697674418604,1919.0,22.91259765625,18.433939,-9.21842
585,6.802325581395349,1840.0,-56.08740234375,40.56506,10.912249
586,6.813953488372093,2065.0,168.91259765625,60.192932,31.712082
587,6.825581395348837,1995.0,98.91259765625,75.94973,51.083885
588,6.837209302325582,2159.0,262.91259765625,86.973495,67.24324
589,6.848837209302325,2117.0,220.91259765625,92.074921,78.309036
590,6.86046511627907,2164.0,267.91259765625,90.506149,83.057892
591,6.872093023255814,2170.0,273.91259765625,81.832077,80.809448
592,6.883720930232558,2077.0,180.91259765625,66.261948,71.57563
593,6.895348837209303,2135.0,238.91259765625,45.021564,56.23571
594,6.906976744186046,1935.0,38.91259765625,19.741615,35.985199
595,6.9186046511627906,2015.0,118.91259765625,-7.114964,12.699499
596,6.930232558139535,1786.0,-110.08740234375,-33.588547,-12.068827
597,6.941860465116279,1858.0,-38.08740234375,-57.561897,-36.473862
598,6.953488372093023,1675.0,-221.08740234375,-77.857803,-59.15855
599,6.965116279069767,1714.0,-182.08740234375,-93.290268,-78.562538
600,6.976744186046512,1653.0,-243.08740234375,-103.113403,-93.30632
601,6.988372093023256,1654.0,-242.08740234375,-106.39798,-101.83744
602,7.0,1717.0,-179.08740234375,-102.207817,-102.676239
603,7.011627906976744,1680.0,-216.08740234375,-89.967537,-94.846413
604,7.023255813953488,1851.0,-45.08740234375,-69.439743,-77.933304
605,7.034883720930233,1778.0,-118.08740234375,-41.750893,-52.935364
606,7.046511627906977,1987.0,90.91259765625,-8.618609,-21.639278
607,7.058139534883721,1923.0,26.91259765625,26.848139,12.878277
608,7.069767441860465,2114.0,217.91259765625,61.551983,47.415543
609,7.081395348837209,2063.0,166.91259765625,92.022179,78.522377
610,7.093023255813954,2145.0,248.91259765625,115.650658,103.530411
611,7.104651162790698,2141.0,244.91259765625,130.409622,120.401283
612,7.116279069767441,2107.0,210.91259765625,135.088837,127.865562
613,7.127906976744186,2133.0,236.91259765625,129.258408,125.357018
614,7.1395348837209305,1995.0,98.91259765625,112.864609,112.658615
615,7.151162790697675,2064.0,167.91259765625,86.802483,90.354584
616,7.162790697674419,1861.0,-35.08740234375,52.24514,59.368595
617,7.174418604651162,1935.0,38.91259765625,11.687686,21.829842
618,7.186046511627907,1751.0,-145.08740234375,-32.034935,-19.622091
619,7.1976744186046515,1804.0,-92.08740234375,-74.955215,-61.271557
620,7.209302325581395,1706.0,-190.08740234375,-113.243042,-99.336456
621,7.22093023255814,1716.0,-180.08740234375,-143.036179,-129.967575
622,7.232558139534884,1717.0,-179.08740234375,-161.318085,-150.04155
623,7.2441860465116275,1712.0,-184.08740234375,-166.140244,-157.405991
624,7.2558139534883725,1799.0,-97.08740234375,-156.64743,-151.018036
625,7.267441860465116,1754.0,-142.08740234375,-133.442825,-131.163177
626,7.27906976744186,1902.0,5.91259765625,-97.869766,-99.023811
627,7.290697674418605,1843.0,-53.08740234375,-52.698669,-57.114552
628,7.3023255813953485,2000.0,103.91259765625,-1.119111,-8.563602
629,7.313953488372094,1961.0,64.91259765625,52.487324,42.405804
630,7.325581395348837,2061.0,164.91259765625,103.575638,91.321426
631,7.337209302325581,2035.0,138.91259765625,147.17189,133.3992
632,7.348837209302326,2067.0,170.91259765625,178.853333,164.436432
633,7.3604651162790695,2069.0,172.91259765625,195.048035,181.077866
634,7.372093023255814,2006.0,109.91259765625,193.594269,181.353531
635,7.383720930232559,2032.0,135.91259765625,174.288467,165.001923
636,7.395348837209302,1921.0,24.91259765625,138.432404,133.188416
637,7.406976744186046,1967.0,70.91259765625,89.319809,88.747635
638,7.4186046511627906,1843.0,-53.08740234375,31.108116,35.38266
639,7.430232558139535,1877.0,-19.08740234375,-30.831232,-22.096859
640,7.44186046511628,1781.0,-115.08740234375,-91.095734,-78.665245
641,7.453488372093023,1809.0,-87.08740234375,-144.034012,-128.953781
642,7.465116279069767,1767.0,-129.08740234375,-184.691772,-168.165527
643,7.476744186046512,1763.0,-133.08740234375,-208.98111,-192.25267
644,7.488372093023256,1789.0,-107.08740234375,-214.186966,-198.596695
645,7.5,1771.0,-125.08740234375,-199.566895,-186.40004
646,7.511627906976744,1855.0,-41.08740234375,-166.144684,-156.698914
647,7.523255813953488,1821.0,-75.08740234375,-117.240295,-112.541153
648,7.534883720930233,1929.0,32.91259765625,-57.400085,-58.131584
649,7.546511627906977,1890.0,-6.08740234375,7.436895,1.210347
650,7.558139534883721,1991.0,94.91259765625,71.411674,60.233356
651,7.569767441860464,1953.0,56.91259765625,128.624039,113.633392
652,7.5813953488372094,2005.0,108.91259765625,174.290741,157.026703
653,7.593023255813954,1995.0,98.91259765625,204.499954,186.62326
654,7.604651162790698,1999.0,102.91259765625,216.721054,199.836777
655,7.616279069767442,2005.0,108.91259765625,209.804214,195.219635
656,7.627906976744185,1959.0,62.91259765625,184.014771,172.797287
657,7.6395348837209305,1971.0,74.91259765625,141.428925,134.32019
658,7.651162790697675,1889.0,-7.08740234375,85.513191,83.078415
659,7.662790697674418,1923.0,26.91259765625,21.51119,24.035049
660,7.674418604651163,1837.0,-59.08740234375,-44.685417,-37.180202
661,7.686046511627907,1859.0,-37.08740234375,-106.458519,-94.355469
662,7.697674418604651,1801.0,-95.08740234375,-157.96637,-142.080399
663,7.709302325581396,1818.0,-78.08740234375,-194.215576,-175.812546
664,7.720930232558139,1776.0,-120.08740234375,-212.096741,-192.807495
665,7.732558139534884,1777.0,-119.08740234375,-210.24762,-191.824448
666,7.744186046511628,1803.0,-93.08740234375,-189.278442,-173.467361
667,7.755813953488372,1787.0,-109.08740234375,-151.56839,-139.810455
668,7.767441860465117,1851.0,-45.08740234375,-100.771622,-94.194366
669,7.77906976744186,1818.0,-78.08740234375,-41.819519,-41.063976
670,7.790697674418604,1904.0,7.91259765625,20.051249,14.749794
671,7.802325581395349,1875.0,-21.08740234375,79.049263,67.943283
672,7.813953488372093,1952.0,55.91259765625,130.09639,113.890533
673,7.825581395348837,1933.0,36.91259765625,168.490921,148.380661
674,7.837209302325581,1971.0,74.91259765625,191.105453,168.766739
675,7.848837209302326,1968.0,71.91259765625,196.010071,173.484085
676,7.86046511627907,1968.0,71.91259765625,183.126434,162.698242
677,7.872093023255814,1968.0,71.91259765625,153.905853,137.742584
678,7.883720930232558,1935.0,38.91259765625,111.278488,101.249153
679,7.895348837209302,1968.0,71.91259765625,59.537983,56.833328
680,7.9069767441860455,1895.0,-1.08740234375,3.553499,8.642914
681,7.918604651162791,1913.0,16.91259765625,-51.104198,-38.621742
682,7.930232558139535,1850.0,-46.08740234375,-99.475319,-80.690041
683,7.941860465116279,1870.0,-26.08740234375,-137.051819,-113.655807
684,7.953488372093023,1814.0,-82.08740234375,-161.052002,-135.147156
685,7.9651162790697665,1825.0,-71.08740234375,-169.868301,-143.807755
686,7.9767441860465125,1808.0,-88.08740234375,-163.742722,-139.998474
687,7.988372093023257,1799.0,-97.08740234375,-143.998947,-124.929604
688,8.0,1823.0,-73.08740234375,-112.926872,-100.631195
689,8.011627906976743,1809.0,-87.08740234375,-73.432365,-69.364769
690,8.023255813953488,1855.0,-41.08740234375,-28.650789,-33.493065
691,8.034883720930232,1847.0,-49.08740234375,17.712387,4.33324
692,8.046511627906977,1905.0,8.91259765625,61.987076,41.379208
693,8.058139534883722,1893.0,-3.08740234375,99.982567,74.275513
694,8.069767441860465,1957.0,60.91259765625,128.269623,100.023987
695,8.081395348837209,1936.0,39.91259765625,143.819778,115.694275
696,8.093023255813954,1968.0,71.91259765625,145.486771,119.942184
697,8.104651162790699,1964.0,67.91259765625,133.547073,112.641006
698,8.116279069767442,1951.0,54.91259765625,110.146805,95.586861
699,8.127906976744185,1964.0,67.91259765625,78.511681,71.554077
700,8.13953488372093,1923.0,26.91259765625,42.222191,43.765411
701,8.151162790697674,1936.0,39.91259765625,4.849811,15.194338
702,8.162790697674417,1884.0,-12.08740234375,-30.955038,-12.183487
703,8.174418604651164,1902.0,5.91259765625,-62.707546,-36.814178
704,8.186046511627907,1843.0,-53.08740234375,-88.843735,-58.011688
705,8.19767441860465,1860.0,-36.08740234375,-107.425545,-74.570114
706,8.209302325581396,1822.0,-74.08740234375,-117.184761,-85.577316
707,8.220930232558139,1827.0,-69.08740234375,-116.862488,-89.625427
708,8.232558139534884,1835.0,-61.08740234375,-106.312164,-86.082741
709,8.24418604651163,1819.0,-77.08740234375,-86.412186,-74.979195
710,8.255813953488373,1867.0,-29.08740234375,-59.220596,-57.590218
711,8.267441860465116,1843.0,-53.08740234375,-27.888979,-36.218758
712,8.279069767441861,1897.0,0.91259765625,4.409679,-13.414196
713,8.290697674418604,1871.0,-25.08740234375,34.32967,8.186735
714,8.30232558139535,1929.0,32.91259765625,59.705379,27.062538
715,8.313953488372093,1905.0,8.91259765625,78.643967,42.079296
716,8.325581395348838,1963.0,66.91259765625,90.51432,53.271393
717,8.337209302325581,1947.0,50.91259765625,94.738731,60.468315
718,8.348837209302324,1961.0,64.91259765625,91.548203,63.915882
719,8.36046511627907,1969.0,72.91259765625,81.360397,63.424595
720,8.372093023255815,1952.0,55.91259765625,65.153763,59.000526
721,8.383720930232558,1958.0,61.91259765625,44.486198,50.810871
722,8.395348837209303,1914.0,17.91259765625,21.066982,39.264942
723,8.406976744186046,1935.0,38.91259765625,-2.887171,25.349798
724,8.41860465116279,1895.0,-1.08740234375,-25.788864,9.838703
725,8.430232558139535,1909.0,12.91259765625,-45.893585,-6.088993
726,8.44186046511628,1861.0,-35.08740234375,-62.335182,-21.782845
727,8.453488372093023,1868.0,-28.08740234375,-74.009697,-36.1758
728,8.465116279069766,1843.0,-53.08740234375,-80.317841,-48.505577
729,8.476744186046512,1843.0,-53.08740234375,-80.480637,-57.562634
730,8.488372093023255,1862.0,-34.08740234375,-74.091095,-62.31805
731,8.5,1857.0,-39.08740234375,-61.316593,-61.954327
732,8.511627906976745,1874.0,-22.08740234375,-42.962193,-56.207886
733,8.523255813953488,1872.0,-24.08740234375,-20.917181,-45.727955
734,8.534883720930232,1904.0,7.91259765625,2.68626,-31.613796
735,8.546511627906977,1895.0,-1.08740234375,25.127174,-15.672562
736,8.558139534883722,1936.0,39.91259765625,44.471325,0.703686
737,8.569767441860465,1920.0,23.91259765625,59.00156,16.08519
738,8.58139534883721,1950.0,53.91259765625,68.179512,29.910439
739,8.593023255813954,1936.0,39.91259765625,71.738914,41.580803
740,8.604651162790697,1939.0,42.91259765625,69.961823,50.803112
741,8.61627906976744,1946.0,49.91259765625,63.240242,57.002697
742,8.627906976744187,1901.0,4.91259765625,51.971916,59.47456
743,8.63953488372093,1920.0,23.91259765625,36.990318,57.670601
744,8.651162790697674,1877.0,-19.08740234375,19.0716,51.156563
745,8.662790697674419,1889.0,-7.08740234375,-0.258428,40.333591
746,8.674418604651162,1845.0,-51.08740234375,-19.72415,25.808008
747,8.686046511627907,1862.0,-34.08740234375,-37.555634,8.996769
748,8.697674418604652,1835.0,-61.08740234375,-52.559196,-8.865288
749,8.709302325581396,1833.0,-63.08740234375,-63.458969,-26.20755
750,8.720930232558139,1835.0,-61.08740234375,-69.421288,-41.773571
751,8.732558139534884,1831.0,-65.08740234375,-69.768303,-54.228004
752,8.744186046511627,1850.0,-46.08740234375,-64.085342,-62.416183
753,8.755813953488373,1840.0,-56.08740234375,-52.510147,-65.35392
754,8.767441860465116,1881.0,-15.08740234375,-35.620358,-62.391323
755,8.779069767441861,1878.0,-18.08740234375,-15.080648,-53.678978
756,8.790697674418604,1910.0,13.91259765625,7.090126,-39.938938
757,8.802325581395348,1893.0,-3.08740234375,28.163368,-22.835583
758,8.813953488372094,1936.0,39.91259765625,45.938225,-4.142471
759,8.825581395348838,1916.0,19.91259765625,58.523491,14.05336
760,8.837209302325581,1939.0,42.91259765625,65.183868,30.291458
761,8.848837209302326,1938.0,41.91259765625,65.854034,43.321037
762,8.86046511627907,1919.0,22.91259765625,61.103321,52.567638
763,8.872093023255813,1925.0,28.91259765625,51.787868,57.650429
764,8.88372093023256,1904.0,7.91259765625,38.63232,58.367409
765,8.895348837209303,1915.0,18.91259765625,22.591192,54.726273
766,8.906976744186046,1879.0,-17.08740234375,4.552818,46.832447
767,8.91860465116279,1890.0,-6.08740234375,-13.925283,35.360321
768,8.930232558139535,1869.0,-27.08740234375,-31.215097,21.17156
769,8.941860465116278,1872.0,-24.08740234375,-45.334496,5.662624
770,8.953488372093023,1870.0,-26.08740234375,-54.803333,-9.921124
771,8.965116279069768,1863.0,-33.08740234375,-58.690918,-24.262775
772,8.976744186046512,1904.0,7.91259765625,-56.97237,-36.527512
773,8.988372093023255,1892.0,-4.08740234375,-50.448498,-46.048229
774,9.0,1919.0,22.91259765625,-40.224266,-52.381096
775,9.011627906976745,1918.0,21.91259765625,-27.605185,-55.09922
776,9.023255813953488,1937.0,40.91259765625,-13.514292,-53.731606
777,9.034883720930234,1936.0,39.91259765625,1.118125,-48.062225
778,9.046511627906977,1949.0,52.91259765625,15.64391,-38.061462
779,9.05813953488372,1950.0,53.91259765625,29.063515,-24.447769
780,9.069767441860463,1950.0,53.91259765625,40.396542,-8.272141
781,9.08139534883721,1953.0,56.91259765625,48.440586,8.749126
782,9.093023255813954,1936.0,39.91259765625,52.27734,24.966772
783,9.104651162790697,1940.0,43.91259765625,51.413902,38.737564
784,9.116279069767442,1925.0,28.91259765625,45.912819,48.945034
785,9.127906976744185,1929.0,32.91259765625,36.432896,54.808105
786,9.13953488372093,1903.0,6.91259765625,23.879009,56.00005
787,9.151162790697676,1903.0,6.91259765625,9.475554,52.52964
788,9.162790697674419,1888.0,-8.08740234375,-5.681855,44.633209
789,9.174418604651162,1898.0,1.91259765625,-20.282732,33.01001
790,9.186046511627907,1879.0,-17.08740234375,-33.197784,18.531929
791,9.19767441860465,1878.0,-18.08740234375,-43.157093,2.584656
792,9.209302325581396,1870.0,-26.08740234375,-49.18108,-13.439022
793,9.220930232558139,1872.0,-24.08740234375,-50.545628,-27.943214
794,9.232558139534884,1875.0,-21.08740234375,-47.139023,-39.772118
795,9.244186046511627,1881.0,-15.08740234375,-39.417717,-47.94651
796,9.25581395348837,1888.0,-8.08740234375,-28.263496,-51.987434
797,9.267441860465118,1881.0,-15.08740234375,-14.91747,-51.680294
798,9.279069767441861,1915.0,18.91259765625,-0.508098,-47.032185
799,9.290697674418604,1890.0,-6.08740234375,13.678123,-38.462849
800,9.30232558139535,1915.0,18.91259765625,26.675514,-26.504398
801,9.313953488372093,1914.0,17.91259765625,37.335857,-12.283974
802,9.325581395348836,1919.0,22.91259765625,44.706459,2.953186
803,9.337209302325583,1907.0,10.91259765625,47.857552,17.550861
804,9.348837209302326,1901.0,4.91259765625,46.309902,30.147964
805,9.36046511627907,1904.0,7.91259765625,40.138107,39.534554
806,9.372093023255813,1909.0,12.91259765625,30.082031,45.175198
807,9.383720930232558,1904.0,7.91259765625,17.448399,46.89106
808,9.395348837209303,1894.0,-2.08740234375,3.732921,44.97163
809,9.406976744186046,1901.0,4.91259765625,-9.527437,39.889748
810,9.418604651162791,1898.0,1.91259765625,-21.311497,32.074753
811,9.430232558139535,1895.0,-1.08740234375,-30.877626,22.025328
812,9.441860465116278,1883.0,-13.08740234375,-37.876003,10.17931
813,9.453488372093023,1892.0,-4.08740234375,-41.886898,-2.654247
814,9.465116279069768,1877.0,-19.08740234375,-42.571743,-15.677776
815,9.476744186046512,1883.0,-13.08740234375,-39.508507,-27.700012
816,9.488372093023257,1885.0,-11.08740234375,-32.567387,-37.699879
817,9.5,1885.0,-11.08740234375,-22.151545,-44.670795
818,9.511627906976743,1895.0,-1.08740234375,-9.248724,-47.982315
819,9.523255813953487,1903.0,6.91259765625,4.544621,-47.268021
820,9.534883720930234,1904.0,7.91259765625,17.521263,-42.479988
821,9.546511627906977,1905.0,8.91259765625,28.131172,-33.833572
822,9.55813953488372,1915.0,18.91259765625,35.483917,-21.772163
823,9.569767441860465,1917.0,20.91259765625,39.209244,-7.227379
824,9.581395348837209,1921.0,24.91259765625,39.529259,8.624846
825,9.593023255813954,1915.0,18.91259765625,36.738403,24.031322
826,9.604651162790699,1909.0,12.91259765625,31.143978,37.289204
827,9.616279069767442,1904.0,7.91259765625,22.936247,46.666473
828,9.627906976744185,1893.0,-3.08740234375,12.344655,51.105522
829,9.63953488372093,1885.0,-11.08740234375,0.003736,50.217159
830,9.651162790697674,1878.0,-18.08740234375,-13.000948,44.481651
831,9.662790697674419,1884.0,-12.08740234375,-25.005062,34.983097
832,9.674418604651162,1872.0,-24.08740234375,-34.286358,23.047493
833,9.686046511627907,1872.0,-24.08740234375,-39.29361,10.058495
834,9.69767441860465,1866.0,-30.08740234375,-39.340321,-3.003189
835,9.709302325581394,1867.0,-29.08740234375,-34.607311,-15.248455
836,9.72093023255814,1871.0,-25.08740234375,-26.229816,-26.175035
837,9.732558139534884,1859.0,-37.08740234375,-15.849498,-35.148628
838,9.744186046511627,1878.0,-18.08740234375,-5.09819,-41.601757
839,9.755813953488373,1868.0,-28.08740234375,4.644913,-44.900978
840,9.767441860465116,1885.0,-11.08740234375,12.689371,-44.571083
841,9.77906976744186,1881.0,-15.08740234375,18.70562,-40.465748
842,9.790697674418606,1904.0,7.91259765625,22.801851,-32.84269
843,9.80232558139535,1891.0,-5.08740234375,24.985369,-22.502665
844,9.813953488372093,1901.0,4.91259765625,25.353781,-10.409109
845,9.825581395348838,1905.0,8.91259765625,23.812983,2.183613
846,9.837209302325581,1883.0,-13.08740234375,20.438871,14.321524
847,9.848837209302326,1904.0,7.91259765625,15.491955,25.126913
848,9.86046511627907,1888.0,-8.08740234375,9.459552,34.10363
849,9.872093023255815,1883.0,-13.08740234375,3.063223,40.791595
850,9.883720930232558,1872.0,-24.08740234375,-3.014069,44.869175
851,9.895348837209301,1872.0,-24.08740234375,-8.212003,45.900944
852,9.906976744186046,1849.0,-47.08740234375,-12.373904,43.415607
853,9.918604651162791,1862.0,-34.08740234375,-15.479222,37.089466
854,9.930232558139535,1843.0,-53.08740234375,-17.750027,26.866436
855,9.94186046511628,1846.0,-50.08740234375,-19.197191,13.361563
856,9.953488372093023,1847.0,-49.08740234375,-19.701429,-2.280458
857,9.965116279069766,1845.0,-51.08740234375,-18.85508,-18.20418
858,9.976744186046512,1856.0,-40.08740234375,-16.218325,-32.449371
859,9.988372093023257,1855.0,-41.08740234375,-11.572169,-43.092953
860,10.0,1870.0,-26.08740234375,-5.100795,-48.95927
861,10.011627906976743,1856.0,-40.08740234375,2.390132,-49.660873
862,10.023255813953488,1872.0,-24.08740234375,9.727516,-45.746552
863,10.034883720930232,1864.0,-32.08740234375,15.546097,-38.328739
864,10.046511627906977,1872.0,-24.08740234375,18.86191,-28.649035
865,10.058139534883722,1871.0,-25.08740234375,19.249081,-17.765423
866,10.069767441860465,1865.0,-31.08740234375,17.125637,-6.220856
867,10.081395348837209,1869.0,-27.08740234375,13.45266,5.663776
868,10.093023255813954,1860.0,-36.08740234375,9.459753,17.738331
869,10.104651162790699,1863.0,-33.08740234375,6.117509,29.419638
870,10.116279069767442,1853.0,-43.08740234375,3.817952,39.76466
871,10.127906976744187,1858.0,-38.08740234375,2.365451,47.361355
872,10.13953488372093,1849.0,-47.08740234375,1.014713,50.818111
873,10.151162790697674,1856.0,-40.08740234375,-0.926541,49.147125
874,10.162790697674417,1847.0,-49.08740234375,-3.924245,42.172771
875,10.174418604651164,1851.0,-45.08740234375,-7.794073,30.661959
876,10.186046511627907,1855.0,-41.08740234375,-11.93196,16.050987
877,10.19767441860465,1856.0,-40.08740234375,-15.404499,0.203498
878,10.209302325581396,1879.0,-17.08740234375,-17.392323,-15.160284
879,10.220930232558139,1859.0,-37.08740234375,-17.450472,-28.595041
880,10.232558139534882,1872.0,-24.08740234375,-15.493263,-39.117889
881,10.24418604651163,1863.0,-33.08740234375,-11.823559,-45.964863
882,10.255813953488373,1880.0,-16.08740234375,-6.830292,-48.660881
883,10.267441860465116,1872.0,-24.08740234375,-1.022373,-46.878616
884,10.279069767441861,1884.0,-12.08740234375,5.184638,-40.6418
885,10.290697674418604,1889.0,-7.08740234375,11.218378,-30.428873
886,10.30232558139535,1883.0,-13.08740234375,16.411552,-17.355675
887,10.313953488372093,1878.0,-18.08740234375,19.918282,-3.065979
888,10.325581395348838,1878.0,-18.08740234375,21.065918,10.712851
889,10.337209302325581,1879.0,-17.08740234375,19.462536,22.313726
890,10.348837209302324,1871.0,-25.08740234375,15.336908,30.827633
891,10.36046511627907,1870.0,-26.08740234375,9.530088,35.893578
892,10.372093023255815,1861.0,-35.08740234375,3.214884,37.862282
893,10.383720930232558,1872.0,-24.08740234375,-2.410182,37.232895
894,10.395348837209303,1869.0,-27.08740234375,-6.644501,34.467731
895,10.406976744186046,1866.0,-30.08740234375,-9.355921,29.699118
896,10.41860465116279,1859.0,-37.08740234375,-11.023354,22.835571
897,10.430232558139537,1861.0,-35.08740234375,-12.257845,13.857491
898,10.44186046511628,1859.0,-37.08740234375,-13.498872,3.037684
899,10.453488372093023,1862.0,-34.08740234375,-14.662133,-8.723003
900,10.465116279069766,1861.0,-35.08740234375,-15.177768,-20.148281
901,10.476744186046512,1860.0,-36.08740234375,-14.302742,-29.629681
902,10.488372093023255,1874.0,-22.08740234375,-11.418509,-35.863518
903,10.5,1881.0,-15.08740234375,-6.536324,-38.000942
904,10.511627906976745,1885.0,-11.08740234375,-0.259417,-36.006443
905,10.523255813953488,1881.0,-15.08740234375,6.322801,-30.432154
906,10.534883720930232,1878.0,-18.08740234375,12.080133,-22.299311
907,10.546511627906977,1885.0,-11.08740234375,16.157795,-12.757607
908,10.558139534883722,1881.0,-15.08740234375,18.197973,-2.859076
909,10.569767441860465,1878.0,-18.08740234375,18.303873,6.494908
910,10.58139534883721,1882.0,-14.08740234375,16.826933,14.710533
911,10.593023255813954,1886.0,-10.08740234375,14.125817,21.234146
912,10.604651162790697,1869.0,-27.08740234375,10.366324,25.700447
913,10.61627906976744,1874.0,-22.08740234375,5.653244,27.745543
914,10.627906976744187,1859.0,-37.08740234375,0.078931,27.246157
915,10.63953488372093,1872.0,-24.08740234375,-5.964237,24.239178
916,10.651162790697674,1861.0,-35.08740234375,-11.843744,19.101608
917,10.662790697674419,1862.0,-34.08740234375,-16.63719,12.492033
918,10.674418604651162,1852.0,-44.08740234375,-19.465416,5.295961
919,10.686046511627907,1845.0,-51.08740234375,-19.691683,-1.482275
920,10.697674418604652,1854.0,-42.08740234375,-17.222921,-7.058056
921,10.709302325581396,1851.0,-45.08740234375,-12.549436,-10.923512
922,10.720930232558139,1859.0,-37.08740234375,-6.602407,-13.116931
923,10.732558139534884,1857.0,-39.08740234375,-0.488699,-13.955664
924,10.744186046511627,1894.0,-2.08740234375,4.862054,-14.063062
925,10.755813953488373,1873.0,-23.08740234375,8.830402,-13.925371
926,10.767441860465116,1889.0,-7.08740234375,11.328177,-13.73842
927,10.779069767441861,1879.0,-17.08740234375,12.534374,-13.300013
928,10.790697674418604,1904.0,7.91259765625,12.874568,-12.073596
929,10.802325581395348,1898.0,1.91259765625,12.546814,-9.663425
930,10.813953488372093,1903.0,6.91259765625,11.596013,-5.907439
931,10.825581395348838,1902.0,5.91259765625,9.822179,-1.273211
932,10.837209302325581,1883.0,-13.08740234375,6.997354,3.450763
933,10.848837209302326,1894.0,-2.08740234375,3.111573,7.255485
934,10.86046511627907,1880.0,-16.08740234375,-1.513089,9.554463
935,10.872093023255813,1881.0,-15.08740234375,-6.14177,10.2786
936,10.88372093023256,1866.0,-30.08740234375,-9.871952,10.080811
937,10.895348837209303,1878.0,-18.08740234375,-11.926017,9.828732
938,10.906976744186046,1857.0,-39.08740234375,-12.046982,10.178471
939,10.91860465116279,1860.0,-36.08740234375,-10.508299,11.173874
940,10.930232558139535,1857.0,-39.08740234375,-8.072915,12.099246
941,10.941860465116278,1861.0,-35.08740234375,-5.605557,11.893981
942,10.953488372093023,1866.0,-30.08740234375,-3.713992,9.567375
943,10.965116279069768,1867.0,-29.08740234375,-2.439327,4.99632
944,10.976744186046512,1878.0,-18.08740234375,-1.337446,-1.132658
945,10.988372093023255,1875.0,-21.08740234375,0.235042,-7.296497
946,11.0,1888.0,-8.08740234375,2.708286,-11.959784
947,11.011627906976745,1886.0,-10.08740234375,5.921891,-14.10113
948,11.023255813953488,1901.0,4.91259765625,9.153865,-13.726548
949,11.034883720930234,1909.0,12.91259765625,11.371355,-11.717417
950,11.046511627906977,1900.0,3.91259765625,11.72074,-9.40265
951,11.05813953488372,1902.0,5.91259765625,9.985216,-7.818392
952,11.069767441860463,1903.0,6.91259765625,6.718536,-7.17351
953,11.08139534883721,1895.0,-1.08740234375,2.998404,-6.911555
954,11.093023255813954,1886.0,-10.08740234375,-0.044107,-5.918905
955,11.104651162790697,1904.0,7.91259765625,-1.746259,-3.371416
956,11.116279069767442,1875.0,-21.08740234375,-2.251873,0.879406
957,11.127906976744185,1892.0,-4.08740234375,-2.274688,6.039982
958,11.13953488372093,1873.0,-23.08740234375,-2.798697,10.766086
959,11.151162790697676,1883.0,-13.08740234375,-4.426985,13.709267
960,11.162790697674419,1869.0,-27.08740234375,-7.107846,14.132004
961,11.174418604651162,1886.0,-10.08740234375,-10.015822,12.266324
962,11.186046511627907,1863.0,-33.08740234375,-12.029968,9.022696
963,11.19767441860465,1865.0,-31.08740234375,-12.128471,5.685261
964,11.209302325581396,1881.0,-15.08740234375,-9.919477,3.157619
965,11.220930232558139,1871.0,-25.08740234375,-5.81798,1.744205
966,11.232558139534884,1879.0,-17.08740234375,-0.797698,1.001188
967,11.244186046511627,1879.0,-17.08740234375,3.926009,0.174271
968,11.25581395348837,1874.0,-22.08740234375,7.443904,-1.435924
969,11.267441860465118,1888.0,-8.08740234375,9.36834,-4.002505
970,11.279069767441861,1903.0,6.91259765625,9.895701,-7.148189
971,11.290697674418604,1893.0,-3.08740234375,9.527997,-10.094329
972,11.30232558139535,1885.0,-11.08740234375,8.885844,-11.914668
973,11.313953488372093,1897.0,0.91259765625,8.351777,-12.022136
974,11.325581395348836,1891.0,-5.08740234375,7.973333,-10.262968
975,11.337209302325583,1891.0,-5.08740234375,7.54134,-7.020958
976,11.348837209302326,1889.0,-7.08740234375,6.643702,-2.945473
977,11.36046511627907,1895.0,-1.08740234375,4.954117,1.182933
978,11.372093023255815,1873.0,-23.08740234375,2.24599,4.742544
979,11.383720930232558,1882.0,-14.08740234375,-1.416525,7.308586
980,11.395348837209301,1883.0,-13.08740234375,-5.750087,8.725824
981,11.406976744186046,1877.0,-19.08740234375,-10.211887,8.989861
982,11.418604651162791,1878.0,-18.08740234375,-14.131233,8.251657
983,11.430232558139535,1884.0,-12.08740234375,-16.757116,6.771505
984,11.441860465116278,1877.0,-19.08740234375,-17.520832,4.785021
985,11.453488372093023,1873.0,-23.08740234375,-16.11817,2.601072
986,11.465116279069768,1884.0,-12.08740234375,-12.631827,0.477496
987,11.476744186046512,1877.0,-19.08740234375,-7.571938,-1.341963
988,11.488372093023257,1882.0,-14.08740234375,-1.678432,-2.737954
989,11.5,1883.0,-13.08740234375,4.206124,-3.617756
990,11.511627906976743,1891.0,-5.08740234375,9.403115,-4.002832
991,11.523255813953488,1886.0,-10.08740234375,13.421037,-3.989276
992,11.534883720930234,1897.0,0.91259765625,16.078976,-3.678995
993,11.546511627906977,1890.0,-6.08740234375,17.313616,-3.215395
994,11.55813953488372,1904.0,7.91259765625,17.169493,-2.654982
995,11.569767441860465,1911.0,14.91259765625,15.666895,-2.026659
996,11.581395348837209,1905.0,8.91259765625,12.82673,-1.286687
997,11.593023255813954,1904.0,7.91259765625,8.793247,-0.394038
998,11.604651162790699,1903.0,6.91259765625,3.859218,0.68955
999,11.616279069767442,1904.0,7.91259765625,-1.479872,1.844131
1000,11.627906976744185,1901.0,4.91259765625,-6.641916,2.884767
1001,11.63953488372093,1889.0,-7.08740234375,-11.048858,3.499848
1002,11.651162790697674,1893.0,-3.08740234375,-14.278728,3.498035
1003,11.662790697674419,1894.0,-2.08740234375,-16.120531,2.800333
1004,11.674418604651164,1894.0,-2.08740234375,-16.57707,1.570692
1005,11.686046511627907,1894.0,-2.08740234375,-15.743259,0.179109
1006,11.69767441860465,1894.0,-2.08740234375,-13.717886,-0.918613
1007,11.709302325581394,1894.0,-2.08740234375,-10.588434,-1.364064
1008,11.72093023255814,1889.0,-7.08740234375,-6.419099,-1.062057
1009,11.732558139534884,1887.0,-9.08740234375,-1.448018,-0.214936
1010,11.744186046511627,1904.0,7.91259765625,3.920877,0.708649
1011,11.755813953488373,1898.0,1.91259765625,9.003563,1.20242
1012,11.767441860465116,1903.0,6.91259765625,13.077764,0.904568
1013,11.77906976744186,1899.0,2.91259765625,15.476746,-0.207059
1014,11.790697674418606,1911.0,14.91259765625,15.875933,-1.847948
1015,11.80232558139535,1909.0,12.91259765625,14.355381,-3.485828
1016,11.813953488372093,1915.0,18.91259765625,11.398644,-4.586936
1017,11.825581395348838,1922.0,25.91259765625,7.714909,-4.796279
1018,11.837209302325581,1915.0,18.91259765625,4.008508,-4.010307
1019,11.848837209302326,1916.0,19.91259765625,0.801437,-2.408518
1020,11.86046511627907,1914.0,17.91259765625,-1.716918,-0.305472
1021,11.872093023255815,1911.0,14.91259765625,-3.63216,1.869211
1022,11.883720930232558,1904.0,7.91259765625,-5.205477,3.78838
1023,11.895348837209301,1914.0,17.91259765625,-6.642873,5.182719
1024,11.906976744186046,1894.0,-2.08740234375,-8.045544,5.91383
1025,11.918604651162791,1903.0,6.91259765625,-9.277577,5.928108
1026,11.930232558139535,1902.0,5.91259765625,-10.095353,5.244097
1027,11.94186046511628,1895.0,-1.08740234375,-10.200583,3.977926
1028,11.953488372093023,1904.0,7.91259765625,-9.356753,2.314734
1029,11.965116279069766,1903.0,6.91259765625,-7.494448,0.563734
1030,11.976744186046512,1911.0,14.91259765625,-4.721244,-1.040244
1031,11.988372093023257,1909.0,12.91259765625,-1.339756,-2.268398
1032,12.0,1913.0,16.91259765625,2.256209,-3.075966
1033,12.011627906976743,1913.0,16.91259765625,5.612975,-3.520865
1034,12.023255813953488,1929.0,32.91259765625,8.316376,-3.799612
1035,12.034883720930232,1920.0,23.91259765625,10.011452,-4.105146
1036,12.046511627906977,1941.0,44.91259765625,10.533279,-4.516855
1037,12.058139534883722,1936.0,39.91259765625,9.886164,-4.965336
1038,12.069767441860465,1954.0,57.91259765625,8.288489,-5.187432
1039,12.081395348837209,1955.0,58.91259765625,6.059686,-4.942086
1040,12.093023255813954,1952.0,55.91259765625,3.58269,-3.993482
1041,12.104651162790697,1952.0,55.91259765625,1.215878,-2.305358
1042,12.116279069767442,1935.0,38.91259765625,-0.840712,-0.016324
1043,12.127906976744187,1943.0,46.91259765625,-2.460855,2.588717
1044,12.13953488372093,1911.0,14.91259765625,-3.702039,5.16024
1045,12.151162790697674,1929.0,32.91259765625,-4.570638,7.412249
1046,12.162790697674417,1907.0,10.91259765625,-5.167363,9.095929
1047,12.174418604651164,1918.0,21.91259765625,-5.511074,10.023243
1048,12.186046511627907,1899.0,2.91259765625,-5.66791,9.978603
1049,12.19767441860465,1904.0,7.91259765625,-5.677643,8.770831
1050,12.209302325581396,1895.0,-1.08740234375,-5.580112,6.264658
1051,12.220930232558139,1903.0,6.91259765625,-5.368075,2.568517
1052,12.232558139534882,1902.0,5.91259765625,-4.95504,-1.956101
1053,12.24418604651163,1897.0,0.91259765625,-4.187907,-6.581144
1054,12.255813953488373,1913.0,16.91259765625,-2.77852,-10.338482
1055,12.267441860465116,1905.0,8.91259765625,-0.607863,-12.394069
1056,12.279069767441861,1926.0,29.91259765625,2.317364,-12.267796
1057,12.290697674418604,1911.0,14.91259765625,5.607481,-10.116411
1058,12.30232558139535,1927.0,30.91259765625,8.699512,-6.619689
1059,12.313953488372093,1930.0,33.91259765625,10.853138,-2.838102
1060,12.325581395348838,1936.0,39.91259765625,11.473804,0.236691
1061,12.337209302325581,1936.0,39.91259765625,10.324227,2.020099
1062,12.348837209302324,1931.0,34.91259765625,7.608227,2.565656
1063,12.36046511627907,1931.0,34.91259765625,3.995614,2.45605
1064,12.372093023255815,1925.0,28.91259765625,0.318064,2.533992
1065,12.383720930232558,1921.0,24.91259765625,-2.666965,3.415621
1066,12.395348837209303,1917.0,20.91259765625,-4.58611,5.236647
1067,12.406976744186046,1921.0,24.91259765625,-5.465353,7.552034
1068,12.41860465116279,1907.0,10.91259765625,-5.74074,9.507965
1069,12.430232558139537,1906.0,9.91259765625,-5.915833,10.246356
1070,12.44186046511628,1902.0,5.91259765625,-6.356137,9.213705
1071,12.453488372093023,1903.0,6.91259765625,-7.08453,6.426344
1072,12.465116279069766,1909.0,12.91259765625,-7.782508,2.360072
1073,12.476744186046512,1907.0,10.91259765625,-7.969021,-2.180141
1074,12.488372093023255,1927.0,30.91259765625,-7.179737,-6.411427
1075,12.5,1911.0,14.91259765625,-5.269493,-9.771475
1076,12.511627906976745,1939.0,42.91259765625,-2.350202,-11.953998
1077,12.523255813953488,1919.0,22.91259765625,1.109093,-12.916649
1078,12.534883720930232,1946.0,49.91259765625,4.618833,-12.658226
1079,12.546511627906977,1936.0,39.91259765625,7.699929,-11.207206
1080,12.558139534883722,1952.0,55.91259765625,10.054121,-8.597288
1081,12.569767441860465,1951.0,54.91259765625,11.509711,-4.966603
1082,12.58139534883721,1954.0,57.91259765625,11.992208,-0.591831
1083,12.593023255813954,1957.0,60.91259765625,11.425817,4.025038
1084,12.604651162790697,1949.0,52.91259765625,9.715739,8.287145
1085,12.61627906976744,1949.0,52.91259765625,6.924191,11.671276
1086,12.627906976744187,1927.0,30.91259765625,3.223853,13.804471
1087,12.63953488372093,1936.0,39.91259765625,-0.867918,14.622184
1088,12.651162790697674,1911.0,14.91259765625,-4.747504,14.184794
1089,12.662790697674419,1918.0,21.91259765625,-7.74103,12.66477
1090,12.674418604651162,1901.0,4.91259765625,-9.504855,10.100213
1091,12.686046511627906,1907.0,10.91259765625,-10.023729,6.497541
1092,12.697674418604652,1897.0,0.91259765625,-9.754557,1.784356
1093,12.709302325581396,1897.0,0.91259765625,-9.312361,-3.899902
1094,12.720930232558139,1901.0,4.91259765625,-9.143961,-10.079428
1095,12.732558139534884,1907.0,10.91259765625,-9.30462,-15.874406
1096,12.744186046511627,1913.0,16.91259765625,-9.320038,-20.186188
1097,12.755813953488373,1909.0,12.91259765625,-8.384635,-21.92334
1098,12.767441860465116,1926.0,29.91259765625,-5.729156,-20.424191
1099,12.779069767441861,1919.0,22.91259765625,-1.066177,-15.684703
1100,12.790697674418604,1936.0,39.91259765625,5.21319,-8.423889
1101,12.802325581395348,1933.0,36.91259765625,11.95541,-0.014158
1102,12.813953488372093,1931.0,34.91259765625,17.625446,7.916778
1103,12.825581395348838,1923.0,26.91259765625,20.837227,13.944492
1104,12.837209302325581,1927.0,30.91259765625,20.804129,17.227392
1105,12.848837209302326,1932.0,35.91259765625,17.59271,17.617428
1106,12.86046511627907,1917.0,20.91259765625,12.041379,15.68256
1107,12.872093023255813,1922.0,25.91259765625,5.496776,12.427177
1108,12.88372093023256,1899.0,2.91259765625,-0.780633,8.870242
1109,12.895348837209303,1904.0,7.91259765625,-5.865276,5.753879
1110,12.906976744186046,1882.0,-14.08740234375,-9.451637,3.317941
1111,12.918604651162791,1890.0,-6.08740234375,-11.710588,1.309599
1112,12.930232558139535,1876.0,-20.08740234375,-13.095837,-0.791601
1113,12.941860465116278,1874.0,-22.08740234375,-13.964394,-3.426715
1114,12.953488372093023,1877.0,-19.08740234375,-14.422027,-6.691296
1115,12.965116279069768,1874.0,-22.08740234375,-14.288606,-10.24494
1116,12.976744186046512,1883.0,-13.08740234375,-13.177007,-13.313187
1117,12.988372093023255,1877.0,-19.08740234375,-10.79159,-15.061733
1118,13.0,1904.0,7.91259765625,-7.044291,-14.855753
1119,13.011627906976745,1890.0,-6.08740234375,-2.249055,-12.596912
1120,13.023255813953488,1911.0,14.91259765625,3.059885,-8.646651
1121,13.034883720930234,1905.0,8.91259765625,8.154871,-3.790071
1122,13.046511627906977,1922.0,25.91259765625,12.432554,1.163353
1123,13.05813953488372,1920.0,23.91259765625,15.439564,5.560693
1124,13.069767441860465,1915.0,18.91259765625,17.006189,9.097162
1125,13.08139534883721,1925.0,28.91259765625,17.172613,11.776591
1126,13.093023255813954,1919.0,22.91259765625,16.022139,13.633498
1127,13.104651162790697,1915.0,18.91259765625,13.641427,14.579872
1128,13.116279069767442,1902.0,5.91259765625,10.081402,14.354485
1129,13.127906976744185,1903.0,6.91259765625,5.457385,12.599291
1130,13.13953488372093,1893.0,-3.08740234375,0.026129,9.149514
1131,13.151162790697676,1890.0,-6.08740234375,-5.725826,4.191122
1132,13.162790697674419,1872.0,-24.08740234375,-11.0998,-1.577864
1133,13.174418604651162,1881.0,-15.08740234375,-15.301859,-7.123693
1134,13.186046511627907,1870.0,-26.08740234375,-17.732834,-11.438279
1135,13.19767441860465,1872.0,-24.08740234375,-18.134653,-13.879528
1136,13.209302325581396,1873.0,-23.08740234375,-16.703279,-14.391518
1137,13.22093023255814,1872.0,-24.08740234375,-13.977326,-13.419414
1138,13.232558139534884,1889.0,-7.08740234375,-10.591973,-11.661446
1139,13.244186046511627,1879.0,-17.08740234375,-7.055501,-9.67753
1140,13.25581395348837,1904.0,7.91259765625,-3.462411,-7.572573
1141,13.267441860465116,1897.0,0.91259765625,0.329672,-5.051803
1142,13.279069767441861,1903.0,6.91259765625,4.59987,-1.641722
1143,13.290697674418604,1919.0,22.91259765625,9.399548,2.925459
1144,13.30232558139535,1911.0,14.91259765625,14.354617,8.372598
1145,13.313953488372093,1907.0,10.91259765625,18.667719,13.856567
1146,13.325581395348836,1899.0,2.91259765625,21.339056,18.191376
1147,13.337209302325583,1907.0,10.91259765625,21.554289,20.263208
1148,13.348837209302326,1890.0,-6.08740234375,18.947678,19.417156
1149,13.36046511627907,1893.0,-3.08740234375,13.836516,15.695974
1150,13.372093023255815,1888.0,-8.08740234375,7.059813,9.822174
1151,13.383720930232558,1891.0,-5.08740234375,-0.278416,2.853887
1152,13.395348837209301,1876.0,-20.08740234375,-7.190357,-4.112864
1153,13.406976744186046,1879.0,-17.08740234375,-12.938904,-10.196845
1154,13.418604651162791,1873.0,-23.08740234375,-17.201267,-14.89201
1155,13.430232558139535,1874.0,-22.08740234375,-19.850489,-17.933218
1156,13.441860465116278,1882.0,-14.08740234375,-20.831343,-19.224396
1157,13.453488372093023,1873.0,-23.08740234375,-20.097347,-18.730072
1158,13.465116279069768,1895.0,-1.08740234375,-17.563286,-16.502378
1159,13.476744186046512,1886.0,-10.08740234375,-13.349687,-12.722823
1160,13.488372093023257,1909.0,12.91259765625,-7.794856,-7.79526
1161,13.5,1904.0,7.91259765625,-1.583541,-2.303014
1162,13.511627906976743,1920.0,23.91259765625,4.484694,3.100628
1163,13.523255813953488,1915.0,18.91259765625,9.643982,7.8697
1164,13.534883720930234,1934.0,37.91259765625,13.482212,11.739604
1165,13.546511627906977,1922.0,25.91259765625,15.884422,14.599049
1166,13.55813953488372,1917.0,20.91259765625,17.089193,16.549141
1167,13.569767441860465,1911.0,14.91259765625,17.3666,17.583895
1168,13.581395348837209,1920.0,23.91259765625,16.877001,17.602024
1169,13.593023255813954,1919.0,22.91259765625,15.50134,16.26738
1170,13.604651162790699,1872.0,-24.08740234375,12.91532,13.264898
1171,13.616279069767442,1904.0,7.91259765625,8.932549,8.538787
1172,13.627906976744185,1884.0,-12.08740234375,3.510403,2.343102
1173,13.63953488372093,1883.0,-13.08740234375,-2.888338,-4.595387
1174,13.651162790697674,1869.0,-27.08740234375,-9.511989,-11.297845
1175,13.662790697674419,1873.0,-23.08740234375,-15.342496,-16.697868
1176,13.674418604651164,1873.0,-23.08740234375,-19.523016,-20.021833
1177,13.686046511627907,1872.0,-24.08740234375,-21.478642,-20.899794
1178,13.69767441860465,1877.0,-19.08740234375,-21.102844,-19.491684
1179,13.709302325581394,1872.0,-24.08740234375,-18.661728,-16.28336
1180,13.72093023255814,1901.0,4.91259765625,-14.646085,-11.954458
1181,13.732558139534884,1892.0,-4.08740234375,-9.631736,-7.110822
1182,13.744186046511627,1919.0,22.91259765625,-4.06862,-2.184821
1183,13.755813953488373,1911.0,14.91259765625,1.636664,2.587606
1184,13.767441860465116,1936.0,39.91259765625,7.223759,7.124145
1185,13.77906976744186,1927.0,30.91259765625,12.331913,11.29207
1186,13.790697674418606,1931.0,34.91259765625,16.611553,14.866327
1187,13.80232558139535,1936.0,39.91259765625,19.597342,17.436007
1188,13.813953488372093,1925.0,28.91259765625,20.865559,18.535099
1189,13.825581395348838,1953.0,56.91259765625,20.161736,17.796974
1190,13.837209302325581,1916.0,19.91259765625,17.411926,15.093411
1191,13.848837209302324,1917.0,20.91259765625,12.909456,10.682926
1192,13.86046511627907,1885.0,-11.08740234375,7.141898,5.175873
1193,13.872093023255815,1883.0,-13.08740234375,0.786348,-0.623914
1194,13.883720930232558,1866.0,-30.08740234375,-5.523113,-5.930377
1195,13.895348837209301,1878.0,-18.08740234375,-11.235169,-10.202202
1196,13.906976744186046,1858.0,-38.08740234375,-15.994997,-13.238512
1197,13.918604651162791,1863.0,-33.08740234375,-19.489931,-15.071571
1198,13.930232558139535,1877.0,-19.08740234375,-21.465477,-15.851993
1199,13.94186046511628,1863.0,-33.08740234375,-21.654924,-15.632672
1200,13.953488372093023,1896.0,-0.08740234375,-19.750097,-14.28421
1201,13.965116279069766,1889.0,-7.08740234375,-15.639839,-11.570436
1202,13.976744186046512,1930.0,33.91259765625,-9.449183,-7.36867
1203,13.988372093023257,1911.0,14.91259765625,-1.831545,-1.916547
1204,14.0,1949.0,52.91259765625,6.270218,4.148085
1205,14.011627906976743,1947.0,50.91259765625,13.560061,9.770416
1206,14.023255813953488,1968.0,71.91259765625,18.942751,13.908315
1207,14.034883720930232,1965.0,68.91259765625,21.638395,15.751078
1208,14.046511627906977,1966.0,69.91259765625,21.560884,15.153769
1209,14.058139534883722,1973.0,76.91259765625,19.171822,12.579062
1210,14.069767441860465,1956.0,59.91259765625,15.298796,8.932579
1211,14.081395348837209,1966.0,69.91259765625,10.808052,5.160741
1212,14.093023255813954,1926.0,29.91259765625,6.240845,1.915325
1213,14.104651162790697,1939.0,42.91259765625,1.830437,-0.618559
1214,14.116279069767442,1904.0,7.91259765625,-2.570368,-2.688183
1215,14.127906976744187,1920.0,23.91259765625,-7.073367,-4.643144
1216,14.13953488372093,1888.0,-8.08740234375,-11.704756,-6.732667
1217,14.151162790697674,1904.0,7.91259765625,-16.049932,-8.768764
1218,14.162790697674417,1892.0,-4.08740234375,-19.51932,-10.333639
1219,14.174418604651164,1894.0,-2.08740234375,-21.372532,-10.840204
1220,14.186046511627907,1911.0,14.91259765625,-21.065186,-9.923072
1221,14.19767441860465,1898.0,1.91259765625,-18.401453,-7.55891
1222,14.209302325581396,1925.0,28.91259765625,-13.556085,-4.143786
1223,14.220930232558139,1923.0,26.91259765625,-7.091047,-0.317383
1224,14.232558139534882,1942.0,45.91259765625,0.253877,3.200258
1225,14.24418604651163,1936.0,39.91259765625,7.624033,5.884578
1226,14.255813953488373,1952.0,55.91259765625,14.224784,7.453292
1227,14.267441860465116,1954.0,57.91259765625,19.314686,7.876127
1228,14.279069767441861,1959.0,62.91259765625,22.38175,7.339915
1229,14.290697674418604,1956.0,59.91259765625,23.14312,6.11237
1230,14.30232558139535,1951.0,54.91259765625,21.680473,4.57505
1231,14.313953488372093,1957.0,60.91259765625,18.379972,3.09401
1232,14.325581395348838,1925.0,28.91259765625,13.79259,1.963305
1233,14.337209302325581,1945.0,48.91259765625,8.530217,1.317549
1234,14.348837209302324,1914.0,17.91259765625,2.977034,1.063375
1235,14.36046511627907,1919.0,22.91259765625,-2.635597,0.892407
1236,14.372093023255815,1904.0,7.91259765625,-8.296745,0.373081
1237,14.383720930232558,1914.0,17.91259765625,-13.88967,-0.817986
1238,14.395348837209303,1904.0,7.91259765625,-19.135122,-2.769648
1239,14.406976744186046,1900.0,3.91259765625,-23.389975,-5.145111
1240,14.41860465116279,1914.0,17.91259765625,-25.8626,-7.349367
1241,14.430232558139535,1905.0,8.91259765625,-25.853664,-8.72497
1242,14.44186046511628,1921.0,24.91259765625,-23.055717,-8.858159
1243,14.453488372093023,1919.0,22.91259765625,-17.752399,-7.749855
1244,14.465116279069768,1943.0,46.91259765625,-10.680178,-5.793095
1245,14.476744186046512,1922.0,25.91259765625,-2.849627,-3.583071
1246,14.488372093023255,1945.0,48.91259765625,4.94151,-1.527062
1247,14.5,1940.0,43.91259765625,12.157078,0.256372
1248,14.511627906976745,1951.0,54.91259765625,18.672913,2.085876
1249,14.523255813953488,1956.0,59.91259765625,24.383617,4.318228
1250,14.534883720930232,1952.0,55.91259765625,29.012093,7.144785
1251,14.546511627906977,1955.0,58.91259765625,31.878138,10.237432
1252,14.55813953488372,1939.0,42.91259765625,32.038803,12.835764
1253,14.569767441860465,1949.0,52.91259765625,28.658113,13.959026
1254,14.58139534883721,1932.0,35.91259765625,21.390203,12.847126
1255,14.593023255813954,1938.0,41.91259765625,10.808812,9.380263
1256,14.604651162790697,1915.0,18.91259765625,-1.695436,4.175212
1257,14.616279069767442,1923.0,26.91259765625,-14.157285,-1.571465
1258,14.627906976744187,1920.0,23.91259765625,-24.684057,-6.55788
1259,14.63953488372093,1921.0,24.91259765625,-31.900511,-9.847742
1260,14.651162790697674,1917.0,20.91259765625,-35.274578,-11.192535
1261,14.662790697674419,1919.0,22.91259765625,-35.02454,-10.959675
1262,14.674418604651162,1922.0,25.91259765625,-31.866726,-9.957119
1263,14.686046511627906,1923.0,26.91259765625,-26.561954,-8.874512
1264,14.697674418604652,1929.0,32.91259765625,-19.693232,-8.068176
1265,14.709302325581396,1923.0,26.91259765625,-11.599709,-7.365162
1266,14.720930232558139,1923.0,26.91259765625,-2.510421,-6.289161
1267,14.732558139534884,1923.0,26.91259765625,7.193939,-4.312292
1268,14.744186046511627,1930.0,33.91259765625,16.876431,-1.203289
1269,14.755813953488373,1936.0,39.91259765625,25.559418,2.786489
1270,14.767441860465118,1925.0,28.91259765625,32.181412,7.000378
1271,14.779069767441861,1931.0,34.91259765625,35.80545,10.560848
1272,14.790697674418604,1911.0,14.91259765625,35.826408,12.67976
1273,14.802325581395348,1925.0,28.91259765625,32.192112,12.928589
1274,14.813953488372093,1913.0,16.91259765625,25.271843,11.296524
1275,14.825581395348838,1917.0,20.91259765625,15.86367,8.204523
1276,14.837209302325581,1920.0,23.91259765625,5.002444,4.369107
1277,14.848837209302326,1919.0,22.91259765625,-6.12046,0.591197
1278,14.86046511627907,1925.0,28.91259765625,-16.338997,-2.434611
1279,14.872093023255813,1921.0,24.91259765625,-24.609858,-4.296513
1280,14.88372093023256,1916.0,19.91259765625,-30.150951,-4.927673
1281,14.895348837209303,1913.0,16.91259765625,-32.522038,-4.594185
1282,14.906976744186046,1915.0,18.91259765625,-31.719028,-3.805744
1283,14.918604651162791,1910.0,13.91259765625,-28.102825,-3.1019
1284,14.930232558139535,1930.0,33.91259765625,-22.281874,-2.889257
1285,14.941860465116278,1922.0,25.91259765625,-15.003637,-3.256986
1286,14.953488372093023,1933.0,36.91259765625,-6.92829,-3.971764
1287,14.965116279069768,1936.0,39.91259765625,1.330382,-4.613937
1288,14.976744186046512,1929.0,32.91259765625,9.284506,-4.757061
1289,14.988372093023255,1931.0,34.91259765625,16.430489,-4.163616
1290,15.0,1937.0,40.91259765625,22.261316,-2.885122
1291,15.011627906976745,1935.0,38.91259765625,26.193483,-1.270405
1292,15.023255813953488,1937.0,40.91259765625,27.740797,0.278856
1293,15.034883720930234,1934.0,37.91259765625,26.581179,1.415823
1294,15.046511627906977,1941.0,44.91259765625,22.77389,2.110367
1295,15.05813953488372,1936.0,39.91259765625,16.718859,2.508501
1296,15.069767441860465,1943.0,46.91259765625,9.16792,2.923285
1297,15.08139534883721,1927.0,30.91259765625,1.027433,3.541849
1298,15.093023255813954,1936.0,39.91259765625,-6.730808,4.445952
1299,15.104651162790697,1936.0,39.91259765625,-13.280942,5.45342
1300,15.116279069767442,1933.0,36.91259765625,-18.125893,6.188536
1301,15.127906976744185,1926.0,29.91259765625,-20.936295,6.372019
1302,15.139534883720929,1917.0,20.91259765625,-21.664816,5.852308
1303,15.151162790697676,1922.0,25.91259765625,-20.428041,4.665483
1304,15.162790697674419,1914.0,17.91259765625,-17.544825,2.912291
1305,15.174418604651162,1916.0,19.91259765625,-13.424883,0.739014
1306,15.186046511627907,1905.0,8.91259765625,-8.566442,-1.767893
1307,15.19767441860465,1904.0,7.91259765625,-3.453419,-4.484962
1308,15.209302325581396,1921.0,24.91259765625,1.52871,-7.185169
1309,15.22093023255814,1907.0,10.91259765625,6.06567,-9.487881
1310,15.232558139534884,1912.0,15.91259765625,10.064359,-10.803702
1311,15.244186046511627,1909.0,12.91259765625,13.413449,-10.62304
1312,15.25581395348837,1933.0,36.91259765625,16.009319,-8.714699
1313,15.267441860465116,1919.0,22.91259765625,17.50124,-5.415424
1314,15.279069767441861,1931.0,34.91259765625,17.500275,-1.498114
1315,15.290697674418604,1935.0,38.91259765625,15.578887,2.003774
1316,15.30232558139535,1936.0,39.91259765625,11.579092,4.233845
1317,15.313953488372093,1936.0,39.91259765625,5.830764,4.920039
1318,15.325581395348836,1936.0,39.91259765625,-0.839243,4.475722
1319,15.337209302325583,1943.0,46.91259765625,-7.157175,3.865398
1320,15.348837209302326,1936.0,39.91259765625,-11.93717,4.022659
1321,15.36046511627907,1934.0,37.91259765625,-14.34919,5.399504
1322,15.372093023255815,1931.0,34.91259765625,-14.312917,7.641137
1323,15.383720930232558,1941.0,44.91259765625,-12.407457,9.710764
1324,15.395348837209301,1925.0,28.91259765625,-9.670152,10.330789
1325,15.406976744186046,1943.0,46.91259765625,-6.987732,8.695093
1326,15.418604651162791,1920.0,23.91259765625,-4.875494,4.78223
1327,15.430232558139535,1919.0,22.91259765625,-3.189784,-0.481331
1328,15.441860465116278,1914.0,17.91259765625,-1.377677,-5.660316
1329,15.453488372093023,1919.0,22.91259765625,1.037561,-9.477637
1330,15.465116279069768,1914.0,17.91259765625,4.129346,-11.326759
1331,15.476744186046512,1923.0,26.91259765625,7.310696,-11.450794
1332,15.488372093023257,1923.0,26.91259765625,9.643077,-10.661191
1333,15.5,1923.0,26.91259765625,10.181613,-9.80762
1334,15.511627906976743,1938.0,41.91259765625,8.64075,-9.190389
1335,15.523255813953488,1935.0,38.91259765625,5.499708,-8.414368
1336,15.534883720930234,1946.0,49.91259765625,1.959903,-6.576504
1337,15.546511627906977,1943.0,46.91259765625,-0.675854,-2.917662
1338,15.55813953488372,1957.0,60.91259765625,-1.570138,2.63549
1339,15.569767441860465,1945.0,48.91259765625,-0.782049,9.18523
1340,15.581395348837209,1949.0,52.91259765625,0.773019,15.133373
1341,15.593023255813954,1941.0,44.91259765625,1.833044,18.761053
1342,15.604651162790699,1942.0,45.91259765625,1.36017,18.962429
1343,15.616279069767442,1943.0,46.91259765625,-0.812815,15.7212
1344,15.627906976744185,1929.0,32.91259765625,-4.013581,10.048347
1345,15.63953488372093,1939.0,42.91259765625,-6.902115,3.590767
1346,15.651162790697674,1920.0,23.91259765625,-8.304782,-2.172698
1347,15.662790697674417,1926.0,29.91259765625,-7.601871,-6.310802
1348,15.674418604651162,1915.0,18.91259765625,-5.132512,-8.758352
1349,15.686046511627906,1924.0,27.91259765625,-1.921231,-10.007866
1350,15.697674418604652,1918.0,21.91259765625,0.818656,-10.704848
1351,15.709302325581396,1915.0,18.91259765625,2.205,-11.219123
1352,15.72093023255814,1926.0,29.91259765625,2.117984,-11.467783
1353,15.732558139534884,1919.0,22.91259765625,1.055717,-11.047082
1354,15.744186046511627,1936.0,39.91259765625,-0.086394,-9.533817
1355,15.755813953488373,1929.0,32.91259765625,-0.591375,-6.797484
1356,15.767441860465116,1936.0,39.91259765625,-0.118964,-3.072594
1357,15.77906976744186,1936.0,39.91259765625,1.154677,1.106585
1358,15.790697674418604,1951.0,54.91259765625,2.765227,5.164642
1359,15.802325581395348,1945.0,48.91259765625,4.189116,8.597916
1360,15.813953488372091,1935.0,38.91259765625,5.098039,11.137222
1361,15.82558139534884,1946.0,49.91259765625,5.464553,12.671988
1362,15.837209302325583,1930.0,33.91259765625,5.315421,13.086412
1363,15.848837209302326,1939.0,42.91259765625,4.794264,12.30853
1364,15.86046511627907,1904.0,7.91259765625,3.849553,10.25811
1365,15.872093023255815,1927.0,30.91259765625,2.471313,7.092023
1366,15.883720930232558,1923.0,26.91259765625,0.581638,3.137301
1367,15.895348837209301,1925.0,28.91259765625,-1.714444,-1.052134
1368,15.906976744186046,1919.0,22.91259765625,-4.178176,-4.898189
1369,15.91860465116279,1911.0,14.91259765625,-6.468574,-7.98026
1370,15.930232558139533,1922.0,25.91259765625,-8.202147,-10.114999
1371,15.941860465116278,1924.0,27.91259765625,-9.149961,-11.385448
1372,15.953488372093025,1923.0,26.91259765625,-9.18439,-11.941832
1373,15.965116279069768,1924.0,27.91259765625,-8.317719,-11.786072
1374,15.976744186046513,1936.0,39.91259765625,-6.578211,-10.705931
1375,15.988372093023257,1933.0,36.91259765625,-4.135658,-8.455686
1376,16.0,1941.0,44.91259765625,-1.171541,-4.899403
1377,16.011627906976745,1938.0,41.91259765625,1.974907,-0.339006
1378,16.023255813953487,1941.0,44.91259765625,4.891873,4.5028
1379,16.03488372093023,1940.0,43.91259765625,7.146882,8.616739
1380,16.046511627906977,1936.0,39.91259765625,8.419061,11.116789
1381,16.05813953488372,1943.0,46.91259765625,8.664721,11.599421
1382,16.069767441860463,1933.0,36.91259765625,8.074869,10.325711
1383,16.081395348837212,1936.0,39.91259765625,7.095027,8.117883
1384,16.093023255813954,1923.0,26.91259765625,6.113996,5.950891
1385,16.1046511627907,1933.0,36.91259765625,5.372657,4.515967
1386,16.116279069767444,1913.0,16.91259765625,4.703078,3.835511
1387,16.127906976744185,1919.0,22.91259765625,3.728492,3.351662
1388,16.13953488372093,1909.0,12.91259765625,1.956442,2.203027
1389,16.151162790697676,1904.0,7.91259765625,-0.890853,-0.254085
1390,16.162790697674417,1916.0,19.91259765625,-4.688489,-4.097847
1391,16.174418604651162,1915.0,18.91259765625,-8.877239,-8.6471
1392,16.186046511627907,1921.0,24.91259765625,-12.567536,-12.739823
1393,16.19767441860465,1915.0,18.91259765625,-14.850354,-15.138334
1394,16.209302325581397,1919.0,22.91259765625,-15.054693,-15.028251
1395,16.220930232558143,1920.0,23.91259765625,-13.011564,-12.287957
1396,16.232558139534884,1933.0,36.91259765625,-9.063541,-7.541274
1397,16.24418604651163,1927.0,30.91259765625,-3.977139,-1.886398
1398,16.25581395348837,1909.0,12.91259765625,1.338192,3.524098
1399,16.267441860465116,1932.0,35.91259765625,6.117197,7.872068
1400,16.27906976744186,1909.0,12.91259765625,9.774244,10.741964
1401,16.290697674418603,1919.0,22.91259765625,12.126425,12.169748
1402,16.302325581395348,1906.0,9.91259765625,13.157707,12.392621
1403,16.313953488372093,1914.0,17.91259765625,13.049509,11.701324
1404,16.325581395348834,1902.0,5.91259765625,11.931602,10.231624
1405,16.337209302325583,1907.0,10.91259765625,9.926818,8.025619
1406,16.348837209302328,1895.0,-1.08740234375,7.117203,5.098351
1407,16.36046511627907,1897.0,0.91259765625,3.651913,1.585894
1408,16.372093023255815,1907.0,10.91259765625,-0.198753,-2.203159
1409,16.38372093023256,1904.0,7.91259765625,-4.069078,-5.836726
1410,16.3953488372093,1905.0,8.91259765625,-7.533428,-8.87873
1411,16.406976744186046,1905.0,8.91259765625,-10.229564,-11.010672
1412,16.41860465116279,1916.0,19.91259765625,-11.927512,-12.118816
1413,16.430232558139533,1919.0,22.91259765625,-12.603944,-12.240027
1414,16.441860465116278,1924.0,27.91259765625,-12.296585,-11.489716
1415,16.453488372093023,1920.0,23.91259765625,-11.084619,-9.92851
1416,16.46511627906977,1927.0,30.91259765625,-8.939772,-7.477764
1417,16.476744186046513,1936.0,39.91259765625,-5.785372,-4.035247
1418,16.48837209302326,1918.0,21.91259765625,-1.648767,0.355234
1419,16.5,1926.0,29.91259765625,3.248059,5.37206
1420,16.511627906976745,1920.0,23.91259765625,8.320304,10.368843
1421,16.52325581395349,1916.0,19.91259765625,12.69033,14.404527
1422,16.53488372093023,1904.0,7.91259765625,15.409554,16.607317
1423,16.546511627906977,1904.0,7.91259765625,15.790734,16.421749
1424,16.558139534883722,1894.0,-2.08740234375,13.690742,13.88533
1425,16.569767441860463,1892.0,-4.08740234375,9.605696,9.599553
1426,16.58139534883721,1894.0,-2.08740234375,4.541751,4.566311
1427,16.59302325581395,1900.0,3.91259765625,-0.39523,-0.258087
1428,16.6046511627907,1891.0,-5.08740234375,-4.34657,-4.227747
1429,16.616279069767444,1893.0,-3.08740234375,-6.949996,-7.144484
1430,16.627906976744185,1903.0,6.91259765625,-8.362813,-9.225911
1431,16.63953488372093,1894.0,-2.08740234375,-9.049253,-10.80769
1432,16.651162790697676,1904.0,7.91259765625,-9.409292,-12.067509
1433,16.662790697674417,1905.0,8.91259765625,-9.541336,-12.819796
1434,16.674418604651162,1907.0,10.91259765625,-9.210725,-12.645988
1435,16.686046511627907,1904.0,7.91259765625,-8.013073,-11.106014
1436,16.69767441860465,1916.0,19.91259765625,-5.68548,-8.038165
1437,16.709302325581394,1913.0,16.91259765625,-2.364024,-3.78052
1438,16.72093023255814,1905.0,8.91259765625,1.454121,0.982904
1439,16.732558139534884,1906.0,9.91259765625,5.025381,5.384809
1440,16.74418604651163,1889.0,-7.08740234375,7.687956,8.776247
1441,16.755813953488374,1889.0,-7.08740234375,9.120445,10.877373
1442,16.767441860465116,1871.0,-25.08740234375,9.437211,11.879317
1443,16.77906976744186,1882.0,-14.08740234375,9.009196,12.131297
1444,16.790697674418606,1873.0,-23.08740234375,8.195301,11.905581
1445,16.802325581395348,1877.0,-19.08740234375,7.139704,11.200762
1446,16.813953488372093,1878.0,-18.08740234375,5.671299,9.70675
1447,16.825581395348838,1874.0,-22.08740234375,3.457256,7.045079
1448,16.83720930232558,1881.0,-15.08740234375,0.283928,3.055459
1449,16.848837209302324,1881.0,-15.08740234375,-3.698654,-1.951136
1450,16.86046511627907,1894.0,-2.08740234375,-7.89707,-7.214499
1451,16.872093023255815,1889.0,-7.08740234375,-11.432298,-11.733525
1452,16.88372093023256,1904.0,7.91259765625,-13.407006,-14.606759
1453,16.8953488372093,1894.0,-2.08740234375,-13.254809,-15.350109
1454,16.906976744186046,1904.0,7.91259765625,-10.954492,-14.05976
1455,16.91860465116279,1904.0,7.91259765625,-6.989081,-11.270685
1456,16.930232558139533,1899.0,2.91259765625,-2.228531,-7.745888
1457,16.941860465116278,1904.0,7.91259765625,2.426897,-4.13334
1458,16.953488372093023,1897.0,0.91259765625,6.252566,-0.785166
1459,16.965116279069765,1906.0,9.91259765625,8.894693,2.270298
1460,16.97674418604651,1894.0,-2.08740234375,10.280063,5.129486
1461,16.98837209302326,1903.0,6.91259765625,10.586202,7.879211
1462,17.0,1899.0,2.91259765625,10.014422,10.375548
1463,17.011627906976745,1895.0,-1.08740234375,8.712856,12.257316
1464,17.02325581395349,1885.0,-11.08740234375,6.771404,13.08411
1465,17.03488372093023,1891.0,-5.08740234375,4.236626,12.502645
1466,17.046511627906977,1894.0,-2.08740234375,1.199649,10.412003
1467,17.058139534883722,1888.0,-8.08740234375,-2.169292,7.02405
1468,17.069767441860463,1889.0,-7.08740234375,-5.530096,2.834678
1469,17.08139534883721,1879.0,-17.08740234375,-8.493566,-1.549083
1470,17.093023255813954,1893.0,-3.08740234375,-10.618009,-5.523823
1471,17.104651162790695,1889.0,-7.08740234375,-11.599216,-8.699303
1472,17.116279069767444,1890.0,-6.08740234375,-11.282863,-10.87184
1473,17.12790697674419,1895.0,-1.08740234375,-9.709275,-12.006969
1474,17.13953488372093,1901.0,4.91259765625,-7.125088,-12.173841
1475,17.151162790697676,1892.0,-4.08740234375,-3.845607,-11.416827
1476,17.16279069767442,1907.0,10.91259765625,-0.201549,-9.742917
1477,17.174418604651162,1898.0,1.91259765625,3.524236,-7.155568
1478,17.186046511627907,1893.0,-3.08740234375,7.091494,-3.701854
1479,17.19767441860465,1893.0,-3.08740234375,10.271389,0.418488
1480,17.209302325581394,1893.0,-3.08740234375,12.729806,4.781072
1481,17.22093023255814,1903.0,6.91259765625,14.023978,8.754412
1482,17.23255813953488,1884.0,-12.08740234375,13.688074,11.658515
1483,17.24418604651163,1895.0,-1.08740234375,11.431586,12.956033
1484,17.255813953488374,1890.0,-6.08740234375,7.328554,12.438055
1485,17.267441860465116,1893.0,-3.08740234375,1.9175,10.322203
1486,17.27906976744186,1890.0,-6.08740234375,-3.850136,7.197477
1487,17.290697674418606,1883.0,-13.08740234375,-8.881797,3.794166
1488,17.302325581395348,1887.0,-9.08740234375,-12.250022,0.762968
1489,17.313953488372093,1886.0,-10.08740234375,-13.558913,-1.615838
1490,17.325581395348838,1873.0,-23.08740234375,-13.0458,-3.47714
1491,17.33720930232558,1879.0,-17.08740234375,-11.340004,-5.167282
1492,17.348837209302324,1887.0,-9.08740234375,-9.21636,-7.029612
1493,17.36046511627907,1879.0,-17.08740234375,-7.133448,-9.06012
1494,17.372093023255815,1892.0,-4.08740234375,-5.1108,-10.86305
1495,17.38372093023256,1881.0,-15.08740234375,-2.7284,-11.664265
1496,17.395348837209305,1899.0,2.91259765625,0.532061,-10.672633
1497,17.406976744186046,1899.0,2.91259765625,4.833434,-7.533578
1498,17.41860465116279,1904.0,7.91259765625,9.746202,-2.562174
1499,17.430232558139537,1895.0,-1.08740234375,14.23589,3.203975
1500,17.441860465116278,1899.0,2.91259765625,17.069111,8.386931
1501,17.453488372093023,1894.0,-2.08740234375,17.251068,11.690566
1502,17.46511627906977,1899.0,2.91259765625,14.478072,12.392897
1503,17.47674418604651,1902.0,5.91259765625,9.265019,10.579942
1504,17.488372093023255,1904.0,7.91259765625,2.79493,7.085884
1505,17.5,1903.0,6.91259765625,-3.549134,3.128087
1506,17.511627906976745,1905.0,8.91259765625,-8.612622,-0.181659
1507,17.52325581395349,1902.0,5.91259765625,-11.809135,-2.214857
1508,17.53488372093023,1901.0,4.91259765625,-13.121552,-2.944674
1509,17.546511627906977,1904.0,7.91259765625,-12.91159,-2.830727
1510,17.558139534883722,1903.0,6.91259765625,-11.646052,-2.514075
1511,17.569767441860463,1895.0,-1.08740234375,-9.646592,-2.463088
1512,17.58139534883721,1890.0,-6.08740234375,-7.076345,-2.820399
1513,17.593023255813954,1897.0,0.91259765625,-4.007387,-3.387642
1514,17.604651162790695,1891.0,-5.08740234375,-0.647029,-3.845465
1515,17.61627906976744,1881.0,-15.08740234375,2.674087,-3.889628
1516,17.62790697674419,1882.0,-14.08740234375,5.482654,-3.411755
1517,17.63953488372093,1887.0,-9.08740234375,7.375422,-2.507124
1518,17.651162790697676,1893.0,-3.08740234375,8.14817,-1.375697
1519,17.66279069767442,1885.0,-11.08740234375,7.876013,-0.206933
1520,17.674418604651162,1886.0,-10.08740234375,6.917713,0.933845
1521,17.686046511627907,1886.0,-10.08740234375,5.693027,2.071653
1522,17.697674418604652,1889.0,-7.08740234375,4.536675,3.275046
1523,17.709302325581394,1892.0,-4.08740234375,3.553748,4.508865
1524,17.72093023255814,1897.0,0.91259765625,2.655939,5.604353
1525,17.732558139534884,1893.0,-3.08740234375,1.638267,6.27286
1526,17.744186046511626,1903.0,6.91259765625,0.368963,6.242353
1527,17.755813953488374,1897.0,0.91259765625,-1.185411,5.290112
1528,17.76744186046512,1904.0,7.91259765625,-2.934721,3.357807
1529,17.77906976744186,1902.0,5.91259765625,-4.644175,0.630564
1530,17.790697674418606,1903.0,6.91259765625,-6.096004,-2.53896
1531,17.802325581395348,1911.0,14.91259765625,-7.05274,-5.642904
1532,17.813953488372093,1909.0,12.91259765625,-7.366086,-8.180956
1533,17.825581395348838,1904.0,7.91259765625,-6.908911,-9.664932
1534,17.83720930232558,1903.0,6.91259765625,-5.651258,-9.784799
1535,17.848837209302324,1898.0,1.91259765625,-3.659585,-8.434547
1536,17.86046511627907,1889.0,-7.08740234375,-1.173424,-5.802898
1537,17.87209302325581,1894.0,-2.08740234375,1.433616,-2.32101
1538,17.883720930232556,1894.0,-2.08740234375,3.702412,1.391366
1539,17.895348837209305,1893.0,-3.08740234375,5.199748,4.671317
1540,17.906976744186046,1907.0,10.91259765625,5.682429,6.964834
1541,17.91860465116279,1894.0,-2.08740234375,5.146454,7.995718
1542,17.930232558139537,1904.0,7.91259765625,3.925025,7.823693
1543,17.941860465116278,1903.0,6.91259765625,2.508051,6.788342
1544,17.953488372093023,1908.0,11.91259765625,1.4176,5.372365
1545,17.96511627906977,1905.0,8.91259765625,0.979133,3.973097
1546,17.97674418604651,1904.0,7.91259765625,1.237172,2.824423
1547,17.988372093023255,1904.0,7.91259765625,1.946223,1.895225
1548,18.0,1917.0,20.91259765625,2.616033,0.949972
1549,18.01162790697674,1905.0,8.91259765625,2.721949,-0.333447
1550,18.02325581395349,1917.0,20.91259765625,1.924493,-2.089766
1551,18.034883720930235,1913.0,16.91259765625,0.16807,-4.263391
1552,18.046511627906977,1911.0,14.91259765625,-2.252966,-6.513653
1553,18.058139534883722,1905.0,8.91259765625,-4.753454,-8.32138
1554,18.069767441860467,1901.0,4.91259765625,-6.649823,-9.153689
1555,18.08139534883721,1908.0,11.91259765625,-7.363207,-8.64502
1556,18.093023255813954,1878.0,-18.08740234375,-6.654438,-6.73859
1557,18.104651162790695,1887.0,-9.08740234375,-4.625354,-3.65382
1558,18.11627906976744,1858.0,-38.08740234375,-1.833372,0.043019
1559,18.127906976744185,1883.0,-13.08740234375,1.004523,3.71693
1560,18.139534883720927,1871.0,-25.08740234375,3.134699,6.682902
1561,18.151162790697676,1878.0,-18.08740234375,4.061802,8.439671
1562,18.16279069767442,1863.0,-33.08740234375,3.68142,8.735452
1563,18.174418604651162,1862.0,-34.08740234375,2.324138,7.648232
1564,18.186046511627907,1862.0,-34.08740234375,0.602413,5.514315
1565,18.197674418604652,1872.0,-24.08740234375,-0.813539,2.84931
1566,18.209302325581394,1869.0,-27.08740234375,-1.411165,0.208544
1567,18.22093023255814,1859.0,-37.08740234375,-0.999405,-1.940845
1568,18.232558139534884,1877.0,-19.08740234375,0.269658,-3.304114
1569,18.244186046511626,1875.0,-21.08740234375,1.956705,-3.856135
1570,18.25581395348837,1889.0,-7.08740234375,3.518715,-3.724129
1571,18.267441860465116,1879.0,-17.08740234375,4.488672,-3.157669
1572,18.27906976744186,1879.0,-17.08740234375,4.604553,-2.381492
1573,18.290697674418606,1879.0,-17.08740234375,3.890141,-1.530951
1574,18.30232558139535,1885.0,-11.08740234375,2.559429,-0.682863
1575,18.313953488372093,1878.0,-18.08740234375,0.926843,0.1173
1576,18.325581395348838,1872.0,-24.08740234375,-0.693983,0.807591
1577,18.337209302325583,1872.0,-24.08740234375,-2.093093,1.295639
1578,18.348837209302324,1878.0,-18.08740234375,-3.169081,1.487855
1579,18.36046511627907,1872.0,-24.08740234375,-3.937997,1.343324
1580,18.372093023255815,1878.0,-18.08740234375,-4.408779,0.968759
1581,18.383720930232556,1881.0,-15.08740234375,-4.611748,0.544406
1582,18.3953488372093,1873.0,-23.08740234375,-4.518822,0.267395
1583,18.406976744186046,1875.0,-21.08740234375,-4.111484,0.21947
1584,18.41860465116279,1879.0,-17.08740234375,-3.393479,0.291898
1585,18.430232558139537,1874.0,-22.08740234375,-2.446812,0.21461
1586,18.441860465116278,1889.0,-7.08740234375,-1.400319,-0.289984
1587,18.453488372093023,1886.0,-10.08740234375,-0.393499,-1.348817
1588,18.46511627906977,1891.0,-5.08740234375,0.509661,-2.75854
1589,18.47674418604651,1887.0,-9.08740234375,1.382834,-4.007035
1590,18.488372093023255,1889.0,-7.08740234375,2.379644,-4.504627
1591,18.5,1883.0,-13.08740234375,3.666864,-3.810441
1592,18.51162790697674,1886.0,-10.08740234375,5.274167,-1.897299
1593,18.523255813953487,1891.0,-5.08740234375,6.982061,0.78844
1594,18.534883720930235,1875.0,-21.08740234375,8.29102,3.453786
1595,18.546511627906977,1879.0,-17.08740234375,8.631348,5.352864
1596,18.558139534883722,1889.0,-7.08740234375,7.543055,6.072932
1597,18.569767441860467,1891.0,-5.08740234375,4.893639,5.66267
1598,18.58139534883721,1879.0,-17.08740234375,1.041266,4.568197
1599,18.593023255813954,1879.0,-17.08740234375,-3.229397,3.359346
1600,18.6046511627907,1882.0,-14.08740234375,-6.912028,2.43857
1601,18.61627906976744,1888.0,-8.08740234375,-9.156336,1.809477
1602,18.627906976744185,1899.0,2.91259765625,-9.554876,1.138332
1603,18.63953488372093,1884.0,-12.08740234375,-8.303349,-0.03151
1604,18.651162790697672,1899.0,2.91259765625,-6.046145,-1.911131
1605,18.66279069767442,1890.0,-6.08740234375,-3.719013,-4.372109
1606,18.674418604651166,1904.0,7.91259765625,-2.056669,-6.84203
1607,18.686046511627907,1904.0,7.91259765625,-1.413819,-8.623188
1608,18.697674418604652,1903.0,6.91259765625,-1.597025,-9.134356
1609,18.709302325581397,1904.0,7.91259765625,-1.974414,-8.114952
1610,18.72093023255814,1894.0,-2.08740234375,-1.780503,-5.717128
1611,18.732558139534884,1905.0,8.91259765625,-0.39644,-2.338201
1612,18.744186046511626,1875.0,-21.08740234375,2.240694,1.393106
1613,18.75581395348837,1889.0,-7.08740234375,5.724265,4.961303
1614,18.767441860465116,1869.0,-27.08740234375,9.13369,7.814541
1615,18.779069767441857,1875.0,-21.08740234375,11.453658,9.506555
1616,18.790697674418606,1851.0,-45.08740234375,11.844986,9.653899
1617,18.80232558139535,1857.0,-39.08740234375,10.020027,8.091614
1618,18.813953488372093,1850.0,-46.08740234375,6.319916,4.994441
1619,18.825581395348838,1851.0,-45.08740234375,1.655363,0.999825
1620,18.837209302325583,1866.0,-30.08740234375,-2.831587,-2.884107
1621,18.848837209302324,1850.0,-46.08740234375,-6.158159,-5.574193
1622,18.86046511627907,1863.0,-33.08740234375,-7.761604,-6.268402
1623,18.872093023255815,1863.0,-33.08740234375,-7.76538,-4.907595
1624,18.883720930232556,1876.0,-20.08740234375,-6.770895,-2.20036
1625,18.8953488372093,1872.0,-24.08740234375,-5.647723,0.572643
1626,18.906976744186046,1901.0,4.91259765625,-5.00486,2.207084
1627,18.91860465116279,1888.0,-8.08740234375,-5.023241,2.038544
1628,18.930232558139537,1899.0,2.91259765625,-5.260853,0.368902
1629,18.94186046511628,1904.0,7.91259765625,-4.971961,-1.750413
1630,18.953488372093023,1904.0,7.91259765625,-3.4549,-2.992668
1631,18.96511627906977,1904.0,7.91259765625,-0.482926,-2.47173
1632,18.976744186046513,1907.0,10.91259765625,3.508191,-0.223589
1633,18.988372093023255,1901.0,4.91259765625,7.503908,2.759958
1634,19.0,1873.0,-23.08740234375,10.296871,4.960823
1635,19.011627906976745,1889.0,-7.08740234375,11.027715,5.146579
1636,19.023255813953487,1865.0,-31.08740234375,9.462203,2.899304
1637,19.03488372093023,1875.0,-21.08740234375,6.175921,-1.051688
1638,19.046511627906973,1847.0,-49.08740234375,2.207382,-5.212504
1639,19.058139534883722,1863.0,-33.08740234375,-1.28397,-7.917588
1640,19.069767441860467,1859.0,-37.08740234375,-3.578898,-8.161605
1641,19.08139534883721,1855.0,-41.08740234375,-4.579691,-5.979539
1642,19.093023255813954,1870.0,-26.08740234375,-4.72623,-2.366053
1643,19.1046511627907,1863.0,-33.08740234375,-4.67518,1.227827
1644,19.11627906976744,1883.0,-13.08740234375,-4.856313,3.620743
1645,19.127906976744185,1872.0,-24.08740234375,-5.293897,4.341445
1646,19.13953488372093,1891.0,-5.08740234375,-5.519088,3.834685
1647,19.151162790697672,1878.0,-18.08740234375,-4.930656,3.030829
1648,19.162790697674417,1893.0,-3.08740234375,-3.080415,2.858683
1649,19.174418604651162,1893.0,-3.08740234375,-0.062706,3.675734
1650,19.186046511627907,1895.0,-1.08740234375,3.510674,5.122983
1651,19.197674418604652,1902.0,5.91259765625,6.715647,6.330656
1652,19.209302325581397,1889.0,-7.08740234375,8.678476,6.362654
1653,19.22093023255814,1902.0,5.91259765625,8.964459,4.770762
1654,19.232558139534884,1879.0,-17.08740234375,7.657321,1.746669
1655,19.24418604651163,1881.0,-15.08740234375,5.318393,-1.908475
1656,19.25581395348837,1859.0,-37.08740234375,2.660475,-5.164854
1657,19.267441860465116,1871.0,-25.08740234375,0.265395,-7.213367
1658,19.27906976744186,1847.0,-49.08740234375,-1.661456,-7.796102
1659,19.290697674418603,1858.0,-38.08740234375,-3.204382,-7.183702
1660,19.302325581395348,1840.0,-56.08740234375,-4.649714,-6.029537
1661,19.313953488372096,1854.0,-42.08740234375,-6.148797,-4.925989
1662,19.325581395348838,1853.0,-43.08740234375,-7.655626,-4.219397
1663,19.337209302325583,1837.0,-59.08740234375,-8.882119,-3.852275
1664,19.348837209302324,1866.0,-30.08740234375,-9.374494,-3.431837
1665,19.36046511627907,1850.0,-46.08740234375,-8.812492,-2.568981
1666,19.372093023255815,1886.0,-10.08740234375,-7.033579,-0.996441
1667,19.383720930232556,1873.0,-23.08740234375,-4.185528,1.223956
1668,19.3953488372093,1901.0,4.91259765625,-0.54493,3.823807
1669,19.406976744186046,1894.0,-2.08740234375,3.459504,6.383121
1670,19.418604651162788,1906.0,9.91259765625,7.46147,8.515864
1671,19.430232558139533,1899.0,2.91259765625,11.044921,9.910533
1672,19.44186046511628,1903.0,6.91259765625,13.830799,10.394337
1673,19.453488372093023,1904.0,7.91259765625,15.39933,9.861304
1674,19.46511627906977,1893.0,-3.08740234375,15.364996,8.280432
1675,19.476744186046513,1894.0,-2.08740234375,13.497521,5.70942
1676,19.488372093023255,1876.0,-20.08740234375,9.8237,2.345892
1677,19.5,1875.0,-21.08740234375,4.742118,-1.42772
1678,19.511627906976745,1869.0,-27.08740234375,-1.026165,-5.048703
1679,19.523255813953487,1869.0,-27.08740234375,-6.643765,-7.986763
1680,19.53488372093023,1854.0,-42.08740234375,-11.34257,-9.813603
1681,19.546511627906977,1859.0,-37.08740234375,-14.61724,-10.362418
1682,19.55813953488372,1858.0,-38.08740234375,-16.329008,-9.789916
1683,19.569767441860467,1852.0,-44.08740234375,-16.625578,-8.489723
1684,19.581395348837212,1853.0,-43.08740234375,-15.769267,-6.906568
1685,19.593023255813954,1861.0,-35.08740234375,-13.937352,-5.342216
1686,19.6046511627907,1878.0,-18.08740234375,-11.228249,-3.915512
1687,19.616279069767444,1870.0,-26.08740234375,-7.610373,-2.508096
1688,19.627906976744185,1889.0,-7.08740234375,-3.101453,-0.908427
1689,19.63953488372093,1875.0,-21.08740234375,2.149976,1.100542
1690,19.651162790697676,1885.0,-11.08740234375,7.773452,3.5954
1691,19.662790697674417,1886.0,-10.08740234375,13.205524,6.456489
1692,19.674418604651162,1892.0,-4.08740234375,17.776356,9.347112
1693,19.686046511627904,1887.0,-9.08740234375,20.858742,11.798826
1694,19.697674418604652,1873.0,-23.08740234375,21.97452,13.288613
1695,19.709302325581397,1888.0,-8.08740234375,20.893431,13.384235
1696,19.72093023255814,1858.0,-38.08740234375,17.546757,11.757447
1697,19.732558139534884,1867.0,-29.08740234375,12.132424,8.37028
1698,19.74418604651163,1867.0,-29.08740234375,5.10991,3.55356
1699,19.75581395348837,1859.0,-37.08740234375,-2.798435,-2.043064
1700,19.767441860465116,1861.0,-35.08740234375,-10.573944,-7.447729
1701,19.77906976744186,1848.0,-48.08740234375,-17.122236,-11.694551
1702,19.790697674418603,1857.0,-39.08740234375,-21.438734,-14.008264
1703,19.802325581395348,1854.0,-42.08740234375,-22.943972,-14.12653
1704,19.813953488372093,1856.0,-40.08740234375,-21.622215,-12.333018
1705,19.825581395348838,1854.0,-42.08740234375,-18.072523,-9.375565
1706,19.837209302325583,1868.0,-28.08740234375,-13.273006,-6.180305
1707,19.848837209302328,1860.0,-36.08740234375,-8.256113,-3.485548
1708,19.86046511627907,1870.0,-26.08740234375,-3.679816,-1.574631
1709,19.872093023255815,1858.0,-38.08740234375,0.277537,-0.243555
1710,19.88372093023256,1872.0,-24.08740234375,3.938133,1.054685
1711,19.8953488372093,1873.0,-23.08740234375,7.756632,2.852446
1712,19.906976744186046,1884.0,-12.08740234375,11.959345,5.339993
1713,19.91860465116279,1873.0,-23.08740234375,16.258804,8.231999
1714,19.930232558139533,1875.0,-21.08740234375,19.895317,10.884624
1715,19.941860465116278,1877.0,-19.08740234375,21.839027,12.515888
1716,19.953488372093023,1872.0,-24.08740234375,21.265123,12.584365
1717,19.96511627906977,1870.0,-26.08740234375,17.897484,10.950319
1718,19.976744186046513,1862.0,-34.08740234375,12.174613,7.954598
1719,19.988372093023255,1872.0,-24.08740234375,5.101983,4.215506
1720,20.0,1859.0,-37.08740234375,-2.140746,0.354972
1721,20.011627906976745,1861.0,-35.08740234375,-8.569515,-3.202459
1722,20.023255813953487,1868.0,-28.08740234375,-13.665416,-6.287833
1723,20.03488372093023,1863.0,-33.08740234375,-17.362022,-8.920528
1724,20.046511627906977,1871.0,-25.08740234375,-19.833591,-11.099082
1725,20.05813953488372,1872.0,-24.08740234375,-21.184578,-12.689367
1726,20.069767441860463,1882.0,-14.08740234375,-21.227579,-13.333202
1727,20.081395348837212,1872.0,-24.08740234375,-19.551668,-12.629667
1728,20.093023255813954,1885.0,-11.08740234375,-15.73989,-10.326731
1729,20.1046511627907,1875.0,-21.08740234375,-9.733031,-6.536583
1730,20.116279069767444,1872.0,-24.08740234375,-2.007702,-1.757429
1731,20.127906976744185,1877.0,-19.08740234375,6.401039,3.237703
1732,20.13953488372093,1887.0,-9.08740234375,14.165341,7.62025
1733,20.151162790697676,1887.0,-9.08740234375,19.986113,10.699732
1734,20.162790697674417,1891.0,-5.08740234375,23.06414,12.188625
1735,20.174418604651162,1884.0,-12.08740234375,23.202412,12.132433
1736,20.186046511627907,1883.0,-13.08740234375,20.838444,10.884303
1737,20.19767441860465,1890.0,-6.08740234375,16.74931,8.901117
1738,20.209302325581397,1881.0,-15.08740234375,11.724216,6.522637
1739,20.220930232558143,1879.0,-17.08740234375,6.372241,3.992814
1740,20.232558139534884,1877.0,-19.08740234375,0.995078,1.377392
1741,20.24418604651163,1887.0,-9.08740234375,-4.242914,-1.241812
1742,20.255813953488374,1885.0,-11.08740234375,-9.269404,-3.826854
1743,20.267441860465116,1878.0,-18.08740234375,-13.808582,-6.169242
1744,20.27906976744186,1871.0,-25.08740234375,-17.432468,-8.005972
1745,20.290697674418603,1881.0,-15.08740234375,-19.559675,-9.025838
1746,20.302325581395348,1883.0,-13.08740234375,-19.746067,-9.058662
1747,20.313953488372093,1876.0,-20.08740234375,-17.774553,-8.07774
1748,20.325581395348834,1887.0,-9.08740234375,-13.787827,-6.20327
1749,20.33720930232558,1873.0,-23.08740234375,-8.319758,-3.738485
1750,20.348837209302328,1887.0,-9.08740234375,-2.07648,-0.99642
1751,20.36046511627907,1877.0,-19.08740234375,4.08171,1.63491
1752,20.372093023255815,1894.0,-2.08740234375,9.450006,3.870128
1753,20.38372093023256,1888.0,-8.08740234375,13.469872,5.452132
1754,20.3953488372093,1895.0,-1.08740234375,15.868254,6.223564
1755,20.406976744186046,1902.0,5.91259765625,16.54475,6.091331
1756,20.41860465116279,1902.0,5.91259765625,15.618521,5.104134
1757,20.430232558139533,1898.0,1.91259765625,13.289642,3.420239
1758,20.441860465116278,1907.0,10.91259765625,9.88585,1.353301
1759,20.453488372093023,1903.0,6.91259765625,5.791552,-0.688973
1760,20.465116279069765,1904.0,7.91259765625,1.450867,-2.258124
1761,20.476744186046513,1904.0,7.91259765625,-2.690568,-3.013671
1762,20.48837209302326,1904.0,7.91259765625,-6.227952,-2.823404
1763,20.5,1905.0,8.91259765625,-8.856502,-1.817039
1764,20.511627906976745,1904.0,7.91259765625,-10.46813,-0.396254
1765,20.52325581395349,1904.0,7.91259765625,-11.036741,0.970899
1766,20.53488372093023,1906.0,9.91259765625,-10.696647,1.83839
1767,20.546511627906977,1911.0,14.91259765625,-9.587511,1.992647
1768,20.558139534883722,1899.0,2.91259765625,-7.929175,1.424496
1769,20.569767441860463,1905.0,8.91259765625,-5.849116,0.415417
1770,20.58139534883721,1890.0,-6.08740234375,-3.489347,-0.700607
1771,20.59302325581395,1894.0,-2.08740234375,-0.962068,-1.600411
1772,20.6046511627907,1882.0,-14.08740234375,1.627466,-2.0784
1773,20.616279069767444,1892.0,-4.08740234375,4.157481,-2.082005
1774,20.627906976744185,1884.0,-12.08740234375,6.500306,-1.664943
1775,20.63953488372093,1889.0,-7.08740234375,8.474702,-0.94094
1776,20.651162790697676,1890.0,-6.08740234375,9.884395,-0.033562
1777,20.662790697674417,1893.0,-3.08740234375,10.449739,0.894095
1778,20.674418604651162,1892.0,-4.08740234375,9.914418,1.627764
1779,20.686046511627907,1890.0,-6.08740234375,8.101104,1.930313
1780,20.69767441860465,1904.0,7.91259765625,5.048891,1.603228
1781,20.709302325581394,1893.0,-3.08740234375,1.090429,0.617159
1782,20.72093023255814,1909.0,12.91259765625,-3.122969,-0.824268
1783,20.732558139534884,1904.0,7.91259765625,-6.736496,-2.24306
1784,20.74418604651163,1903.0,6.91259765625,-8.966785,-3.057018
1785,20.755813953488374,1904.0,7.91259765625,-9.324124,-2.794455
1786,20.767441860465116,1897.0,0.91259765625,-7.895292,-1.384743
1787,20.77906976744186,1904.0,7.91259765625,-5.247886,0.811416
1788,20.790697674418606,1893.0,-3.08740234375,-2.368631,2.979917
1789,20.802325581395348,1902.0,5.91259765625,-0.162505,4.274687
1790,20.813953488372093,1894.0,-2.08740234375,0.770749,4.078818
1791,20.825581395348838,1881.0,-15.08740234375,0.463878,2.383365
1792,20.83720930232558,1887.0,-9.08740234375,-0.485308,-0.192532
1793,20.848837209302324,1881.0,-15.08740234375,-1.282706,-2.704392
1794,20.860465116279073,1887.0,-9.08740234375,-1.186163,-4.161574
1795,20.872093023255815,1883.0,-13.08740234375,0.002659,-4.062099
1796,20.88372093023256,1904.0,7.91259765625,2.013456,-2.484727
1797,20.8953488372093,1895.0,-1.08740234375,4.06875,-0.127004
1798,20.906976744186046,1907.0,10.91259765625,5.422121,2.099872
1799,20.91860465116279,1911.0,14.91259765625,5.566385,3.434124
1800,20.930232558139533,1906.0,9.91259765625,4.521155,3.555959
1801,20.941860465116278,1911.0,14.91259765625,2.75927,2.681486
1802,20.953488372093023,1913.0,16.91259765625,0.966462,1.368904
1803,20.965116279069765,1910.0,13.91259765625,-0.275563,0.210435
1804,20.97674418604651,1906.0,9.91259765625,-0.745698,-0.43998
1805,20.98837209302326,1916.0,19.91259765625,-0.585469,-0.572297
1806,21.0,1899.0,2.91259765625,-0.243357,-0.484346
1807,21.011627906976745,1905.0,8.91259765625,-0.12747,-0.534738
1808,21.02325581395349,1902.0,5.91259765625,-0.481172,-0.926923
1809,21.03488372093023,1905.0,8.91259765625,-1.25163,-1.640759
1810,21.046511627906977,1902.0,5.91259765625,-2.217897,-2.464405
1811,21.058139534883722,1900.0,3.91259765625,-3.081704,-3.099128
1812,21.069767441860463,1890.0,-6.08740234375,-3.630531,-3.300497
1813,21.08139534883721,1894.0,-2.08740234375,-3.775442,-2.95092
1814,21.093023255813954,1898.0,1.91259765625,-3.530313,-2.063427
1815,21.104651162790695,1887.0,-9.08740234375,-2.936492,-0.732699
1816,21.116279069767444,1891.0,-5.08740234375,-1.965454,0.934604
1817,21.12790697674419,1887.0,-9.08740234375,-0.654941,2.733908
1818,21.13953488372093,1891.0,-5.08740234375,0.914898,4.398491
1819,21.151162790697676,1879.0,-17.08740234375,2.450132,5.524611
1820,21.16279069767442,1892.0,-4.08740234375,3.585112,5.706051
1821,21.174418604651162,1899.0,2.91259765625,3.938749,4.664863
1822,21.186046511627907,1895.0,-1.08740234375,3.348488,2.457842
1823,21.19767441860465,1898.0,1.91259765625,2.013937,-0.44686
1824,21.209302325581394,1899.0,2.91259765625,0.441639,-3.276067
1825,21.22093023255814,1895.0,-1.08740234375,-0.653589,-5.155871
1826,21.23255813953488,1901.0,4.91259765625,-0.742632,-5.507259
1827,21.24418604651163,1890.0,-6.08740234375,0.317498,-4.27569
1828,21.255813953488374,1901.0,4.91259765625,2.192295,-1.917091
1829,21.267441860465116,1899.0,2.91259765625,4.11847,0.681048
1830,21.27906976744186,1885.0,-11.08740234375,5.256726,2.643897
1831,21.290697674418606,1893.0,-3.08740234375,5.011689,3.381559
1832,21.302325581395348,1897.0,0.91259765625,3.272036,2.855022
1833,21.313953488372093,1898.0,1.91259765625,0.421941,1.481995
1834,21.325581395348838,1894.0,-2.08740234375,-2.817948,-0.081741
1835,21.33720930232558,1885.0,-11.08740234375,-5.691927,-1.237812
1836,21.348837209302324,1901.0,4.91259765625,-7.605793,-1.666588
1837,21.36046511627907,1898.0,1.91259765625,-8.364149,-1.427289
1838,21.372093023255815,1904.0,7.91259765625,-8.029676,-0.821167
1839,21.38372093023256,1904.0,7.91259765625,-6.877367,-0.219128
1840,21.395348837209305,1907.0,10.91259765625,-5.163652,0.138818
1841,21.406976744186046,1906.0,9.91259765625,-3.096199,0.201376
1842,21.41860465116279,1910.0,13.91259765625,-0.789304,0.073992
1843,21.430232558139537,1918.0,21.91259765625,1.621567,-0.110451
1844,21.441860465116278,1906.0,9.91259765625,3.951118,-0.275301
1845,21.453488372093023,1895.0,-1.08740234375,5.999825,-0.390061
1846,21.46511627906977,1909.0,12.91259765625,7.591532,-0.413104
1847,21.47674418604651,1907.0,10.91259765625,8.592687,-0.36239
1848,21.488372093023255,1909.0,12.91259765625,8.945822,-0.19641
1849,21.5,1906.0,9.91259765625,8.652787,0.103561
1850,21.511627906976745,1911.0,14.91259765625,7.665488,0.505412
1851,21.52325581395349,1907.0,10.91259765625,5.869465,0.841997
1852,21.53488372093023,1910.0,13.91259765625,3.170711,0.96513
1853,21.546511627906977,1910.0,13.91259765625,-0.418872,0.739803
1854,21.558139534883722,1916.0,19.91259765625,-4.591032,0.227181
1855,21.569767441860463,1910.0,13.91259765625,-8.727448,-0.353595
1856,21.58139534883721,1915.0,18.91259765625,-11.940325,-0.65886
1857,21.593023255813954,1907.0,10.91259765625,-13.412828,-0.444168
1858,21.604651162790695,1914.0,17.91259765625,-12.614268,0.359212
1859,21.61627906976744,1917.0,20.91259765625,-9.62355,1.511617
1860,21.627906976744185,1904.0,7.91259765625,-5.13506,2.534094
1861,21.63953488372093,1913.0,16.91259765625,-0.214448,2.978643
1862,21.651162790697676,1918.0,21.91259765625,4.025251,2.578186
1863,21.66279069767442,1914.0,17.91259765625,6.785763,1.372963
1864,21.674418604651162,1910.0,13.91259765625,7.833673,-0.278963
1865,21.686046511627907,1910.0,13.91259765625,7.459755,-1.907503
1866,21.697674418604652,1904.0,7.91259765625,6.261681,-3.141095
1867,21.709302325581394,1910.0,13.91259765625,4.879788,-3.794862
1868,21.72093023255814,1904.0,7.91259765625,3.691672,-3.969729
1869,21.732558139534884,1907.0,10.91259765625,2.787146,-3.874247
1870,21.744186046511626,1913.0,16.91259765625,2.026306,-3.651249
1871,21.75581395348837,1905.0,8.91259765625,1.236586,-3.273519
1872,21.76744186046512,1913.0,16.91259765625,0.37142,-2.532866
1873,21.77906976744186,1909.0,12.91259765625,-0.496583,-1.236643
1874,21.790697674418606,1909.0,12.91259765625,-1.234067,0.626258
1875,21.80232558139535,1912.0,15.91259765625,-1.758627,2.800529
1876,21.813953488372093,1911.0,14.91259765625,-2.143489,4.785029
1877,21.825581395348838,1905.0,8.91259765625,-2.603146,5.991583
1878,21.83720930232558,1913.0,16.91259765625,-3.292649,6.076171
1879,21.848837209302324,1919.0,22.91259765625,-4.238616,5.018928
1880,21.86046511627907,1917.0,20.91259765625,-5.169115,3.228565
1881,21.87209302325581,1914.0,17.91259765625,-5.635429,1.316815
1882,21.883720930232556,1909.0,12.91259765625,-5.143661,-0.113031
1883,21.895348837209305,1914.0,17.91259765625,-3.456268,-0.766233
1884,21.906976744186046,1907.0,10.91259765625,-0.754405,-0.766884
1885,21.91860465116279,1915.0,18.91259765625,2.395456,-0.529866
1886,21.930232558139537,1904.0,7.91259765625,5.181754,-0.595616
1887,21.941860465116278,1910.0,13.91259765625,6.889477,-1.292206
1888,21.953488372093023,1917.0,20.91259765625,7.168482,-2.575724
1889,21.96511627906977,1903.0,6.91259765625,6.120047,-4.087244
1890,21.97674418604651,1905.0,8.91259765625,4.268255,-5.249473
1891,21.988372093023255,1907.0,10.91259765625,2.264648,-5.568485
1892,22.0,1914.0,17.91259765625,0.612153,-4.84649
1893,22.01162790697674,1905.0,8.91259765625,-0.535748,-3.288464
1894,22.02325581395349,1919.0,22.91259765625,-1.333851,-1.33519
1895,22.034883720930235,1914.0,17.91259765625,-2.121612,0.462961
1896,22.046511627906977,1920.0,23.91259765625,-3.11633,1.765702
1897,22.058139534883722,1919.0,22.91259765625,-4.244884,2.523418
1898,22.069767441860467,1914.0,17.91259765625,-5.152193,2.940091
1899,22.08139534883721,1922.0,25.91259765625,-5.308343,3.378513
1900,22.093023255813954,1929.0,32.91259765625,-4.358394,4.040543
1901,22.1046511627907,1919.0,22.91259765625,-2.299143,4.880039
1902,22.11627906976744,1922.0,25.91259765625,0.434865,5.577944
1903,22.127906976744185,1920.0,23.91259765625,3.125937,5.701512
1904,22.139534883720927,1935.0,38.91259765625,5.024541,4.881876
1905,22.151162790697676,1927.0,30.91259765625,5.627118,3.020401
1906,22.16279069767442,1917.0,20.91259765625,4.876124,0.349766
1907,22.174418604651162,1926.0,29.91259765625,3.149156,-2.601509
1908,22.186046511627907,1920.0,23.91259765625,1.03144,-5.272959
1909,22.197674418604652,1920.0,23.91259765625,-0.897154,-7.192189
1910,22.209302325581394,1926.0,29.91259765625,-2.225893,-8.093769
1911,22.22093023255814,1919.0,22.91259765625,-2.859958,-7.971095
1912,22.232558139534884,1918.0,21.91259765625,-2.866373,-6.91869
1913,22.244186046511626,1923.0,26.91259765625,-2.427895,-5.102231
1914,22.25581395348837,1915.0,18.91259765625,-1.74419,-2.726925
1915,22.267441860465116,1921.0,24.91259765625,-0.958104,-0.009249
1916,22.27906976744186,1925.0,28.91259765625,-0.223887,2.723629
1917,22.290697674418606,1923.0,26.91259765625,0.326599,5.062017
1918,22.30232558139535,1927.0,30.91259765625,0.571417,6.575938
1919,22.313953488372093,1920.0,23.91259765625,0.495779,6.992104
1920,22.325581395348838,1933.0,36.91259765625,0.244174,6.346539
1921,22.337209302325583,1925.0,28.91259765625,0.044223,4.940711
1922,22.348837209302324,1936.0,39.91259765625,0.197573,3.333124
1923,22.36046511627907,1930.0,33.91259765625,0.82445,2.002352
1924,22.372093023255815,1936.0,39.91259765625,1.814857,1.185555
1925,22.383720930232556,1939.0,42.91259765625,2.754558,0.725175
1926,22.3953488372093,1944.0,47.91259765625,3.158705,0.179362
1927,22.40697674418605,1937.0,40.91259765625,2.634807,-0.914518
1928,22.41860465116279,1939.0,42.91259765625,1.18504,-2.737296
1929,22.430232558139537,1936.0,39.91259765625,-0.778584,-4.997023
1930,22.441860465116278,1930.0,33.91259765625,-2.592301,-7.041929
1931,22.453488372093023,1934.0,37.91259765625,-3.615169,-8.085064
1932,22.46511627906977,1921.0,24.91259765625,-3.568064,-7.623077
1933,22.47674418604651,1927.0,30.91259765625,-2.633362,-5.664778
1934,22.488372093023255,1919.0,22.91259765625,-1.405144,-2.779062
1935,22.5,1920.0,23.91259765625,-0.504514,0.203249
1936,22.51162790697674,1920.0,23.91259765625,-0.328598,2.513989
1937,22.523255813953487,1915.0,18.91259765625,-0.792312,3.780416
1938,22.534883720930235,1923.0,26.91259765625,-1.403055,4.163485
1939,22.546511627906977,1923.0,26.91259765625,-1.550097,4.112649
1940,22.558139534883722,1918.0,21.91259765625,-0.848057,4.13038
1941,22.569767441860467,1919.0,22.91259765625,0.654008,4.441725
1942,22.58139534883721,1917.0,20.91259765625,2.454147,4.894427
1943,22.593023255813954,1920.0,23.91259765625,3.884971,5.083239
1944,22.6046511627907,1922.0,25.91259765625,4.4434,4.625473
1945,22.61627906976744,1919.0,22.91259765625,4.00142,3.370869
1946,22.627906976744185,1922.0,25.91259765625,2.874483,1.523252
1947,22.63953488372093,1920.0,23.91259765625,1.576944,-0.496779
1948,22.651162790697672,1929.0,32.91259765625,0.570197,-2.257188
1949,22.66279069767442,1923.0,26.91259765625,-0.035049,-3.559143
1950,22.674418604651166,1920.0,23.91259765625,-0.416964,-4.448681
1951,22.686046511627907,1922.0,25.91259765625,-0.897608,-5.109123
1952,22.697674418604652,1923.0,26.91259765625,-1.710654,-5.71801
1953,22.709302325581397,1917.0,20.91259765625,-2.799658,-6.210369
1954,22.72093023255814,1917.0,20.91259765625,-3.81057,-6.296014
1955,22.732558139534884,1911.0,14.91259765625,-4.307434,-5.63043
1956,22.74418604651163,1915.0,18.91259765625,-3.979464,-3.993599
1957,22.75581395348837,1921.0,24.91259765625,-2.884267,-1.532092
1958,22.767441860465116,1911.0,14.91259765625,-1.395133,1.273293
1959,22.779069767441857,1922.0,25.91259765625,-0.003317,3.790951
1960,22.790697674418603,1909.0,12.91259765625,0.856562,5.439729
1961,22.80232558139535,1921.0,24.91259765625,1.106871,5.991133
1962,22.813953488372093,1917.0,20.91259765625,0.963681,5.579945
1963,22.825581395348838,1920.0,23.91259765625,0.831044,4.638815
1964,22.837209302325583,1921.0,24.91259765625,1.043545,3.643857
1965,22.848837209302324,1922.0,25.91259765625,1.671857,2.89596
1966,22.86046511627907,1915.0,18.91259765625,2.534544,2.442391
1967,22.872093023255815,1914.0,17.91259765625,3.276829,2.118327
1968,22.883720930232556,1909.0,12.91259765625,3.572277,1.658181
1969,22.8953488372093,1911.0,14.91259765625,3.277609,0.864038
1970,22.906976744186046,1914.0,17.91259765625,2.477533,-0.305741
1971,22.918604651162788,1911.0,14.91259765625,1.400965,-1.715656
1972,22.930232558139537,1907.0,10.91259765625,0.304514,-3.14354
1973,22.94186046511628,1907.0,10.91259765625,-0.624564,-4.320205
1974,22.953488372093023,1917.0,20.91259765625,-1.340271,-5.040322
1975,22.96511627906977,1906.0,9.91259765625,-1.92247,-5.246841
1976,22.976744186046513,1904.0,7.91259765625,-2.403713,-4.875583
1977,22.988372093023255,1910.0,13.91259765625,-2.782221,-3.986547
1978,23.0,1909.0,12.91259765625,-3.017224,-2.702306
1979,23.011627906976745,1908.0,11.91259765625,-3.075382,-1.247629
1980,23.023255813953487,1909.0,12.91259765625,-2.959074,0.159785
1981,23.03488372093023,1911.0,14.91259765625,-2.736527,1.287104
1982,23.046511627906977,1914.0,17.91259765625,-2.475098,2.025198
1983,23.058139534883722,1906.0,9.91259765625,-2.192798,2.381747
1984,23.069767441860467,1911.0,14.91259765625,-1.774798,2.51994
1985,23.08139534883721,1917.0,20.91259765625,-1.059697,2.637247
1986,23.093023255813954,1914.0,17.91259765625,0.101994,2.865373
1987,23.1046511627907,1911.0,14.91259765625,1.713156,3.201935
1988,23.11627906976744,1904.0,7.91259765625,3.585826,3.492676
1989,23.127906976744185,1916.0,19.91259765625,5.370864,3.534503
1990,23.13953488372093,1904.0,7.91259765625,6.579239,3.076975
1991,23.151162790697672,1907.0,10.91259765625,6.841503,2.057289
1992,23.162790697674417,1897.0,0.91259765625,5.982746,0.552538
1993,23.174418604651162,1905.0,8.91259765625,4.116766,-1.201921
1994,23.186046511627907,1897.0,0.91259765625,1.576397,-2.936069
1995,23.197674418604652,1891.0,-5.08740234375,-1.136339,-4.361744
1996,23.209302325581397,1893.0,-3.08740234375,-3.510394,-5.245982
1997,23.22093023255814,1893.0,-3.08740234375,-5.130389,-5.442269
1998,23.232558139534884,1887.0,-9.08740234375,-5.789151,-4.879664
1999,23.24418604651163,1898.0,1.91259765625,-5.485429,-3.585287
2000,23.25581395348837,1879.0,-17.08740234375,-4.448055,-1.707014
2001,23.267441860465116,1885.0,-11.08740234375,-3.032867,0.478318
2002,23.27906976744186,1889.0,-7.08740234375,-1.638962,2.579309
2003,23.290697674418603,1886.0,-10.08740234375,-0.603174,4.162476
2004,23.302325581395348,1889.0,-7.08740234375,-0.07012,4.903389
2005,23.313953488372096,1872.0,-24.08740234375,0.03417,4.675721
2006,23.325581395348838,1893.0,-3.08740234375,0.016091,3.652078
2007,23.337209302325583,1892.0,-4.08740234375,0.19041,2.17179
2008,23.348837209302328,1906.0,9.91259765625,0.814021,0.676368
2009,23.36046511627907,1904.0,7.91259765625,1.901503,-0.472215
2010,23.372093023255815,1904.0,7.91259765625,3.215351,-1.122167
2011,23.383720930232556,1907.0,10.91259765625,4.341902,-1.325053
2012,23.3953488372093,1910.0,13.91259765625,4.847913,-1.306293
2013,23.406976744186046,1907.0,10.91259765625,4.481849,-1.308413
2014,23.418604651162788,1904.0,7.91259765625,3.251768,-1.514777
2015,23.430232558139533,1906.0,9.91259765625,1.450149,-1.955341
2016,23.44186046511628,1904.0,7.91259765625,-0.529869,-2.550333
2017,23.453488372093023,1898.0,1.91259765625,-2.310755,-3.153117
2018,23.46511627906977,1903.0,6.91259765625,-3.63211,-3.528604
2019,23.476744186046513,1889.0,-7.08740234375,-4.448576,-3.509965
2020,23.488372093023255,1903.0,6.91259765625,-4.771613,-2.890893
2021,23.5,1902.0,5.91259765625,-4.650959,-1.594689
2022,23.511627906976745,1894.0,-2.08740234375,-4.061229,0.386714
2023,23.523255813953487,1904.0,7.91259765625,-2.95772,2.834103
2024,23.53488372093023,1894.0,-2.08740234375,-1.35272,5.353637
2025,23.546511627906977,1900.0,3.91259765625,0.593682,7.39004
2026,23.55813953488372,1878.0,-18.08740234375,2.527216,8.376688
2027,23.569767441860467,1895.0,-1.08740234375,4.042041,7.982959
2028,23.581395348837212,1893.0,-3.08740234375,4.737139,6.147353
2029,23.593023255813954,1894.0,-2.08740234375,4.460751,3.22927
2030,23.6046511627907,1890.0,-6.08740234375,3.373831,-0.152192
2031,23.616279069767444,1889.0,-7.08740234375,1.878456,-3.281126
2032,23.627906976744185,1904.0,7.91259765625,0.490798,-5.602079
2033,23.63953488372093,1887.0,-9.08740234375,-0.431103,-6.86651
2034,23.651162790697676,1893.0,-3.08740234375,-0.717052,-7.095333
2035,23.662790697674417,1899.0,2.91259765625,-0.517305,-6.552256
2036,23.674418604651162,1893.0,-3.08740234375,-0.19801,-5.586669
2037,23.686046511627904,1891.0,-5.08740234375,-0.103914,-4.430125
2038,23.697674418604652,1902.0,5.91259765625,-0.437424,-3.190106
2039,23.709302325581397,1903.0,6.91259765625,-1.183733,-1.88456
2040,23.72093023255814,1902.0,5.91259765625,-2.100804,-0.47494
2041,23.732558139534884,1903.0,6.91259765625,-2.865933,1.00437
2042,23.74418604651163,1904.0,7.91259765625,-3.211369,2.44397
2043,23.75581395348837,1896.0,-0.08740234375,-3.020396,3.6929
2044,23.767441860465116,1894.0,-2.08740234375,-2.370095,4.595519
2045,23.77906976744186,1901.0,4.91259765625,-1.45628,5.062034
2046,23.790697674418603,1894.0,-2.08740234375,-0.518537,5.066303
2047,23.802325581395348,1901.0,4.91259765625,0.28185,4.668628
