muestra,tiempo_ms,adc,adc_centrado,adc_filtrado,residual
0,0.0,1967.0,82.16552734375,0.050069,0.02502
1,0.011627906976744186,1968.0,83.16552734375,0.075704,0.033138
2,0.023255813953488372,1966.0,81.16552734375,0.065119,0.030134
3,0.03488372093023256,1960.0,75.16552734375,0.022267,0.011819
4,0.046511627906976744,1979.0,94.16552734375,-0.016488,-0.003372
5,0.058139534883720936,1974.0,89.16552734375,-0.048861,-0.018833
6,0.06976744186046512,1990.0,105.16552734375,-0.051893,-0.02348
7,0.0813953488372093,1968.0,83.16552734375,-0.061438,-0.035478
8,0.09302325581395349,2000.0,115.16552734375,-0.063331,-0.037525
9,0.10465116279069767,1997.0,112.16552734375,-0.11103,-0.054702
10,0.11627906976744187,2000.0,115.16552734375,-0.211765,-0.105001
11,0.12790697674418605,2001.0,116.16552734375,-0.347514,-0.165062
12,0.13953488372093023,2002.0,117.16552734375,-0.472068,-0.23196
13,0.1511627906976744,2001.0,116.16552734375,-0.536339,-0.264072
14,0.1627906976744186,2000.0,115.16552734375,-0.515362,-0.259211
15,0.1744186046511628,2009.0,124.16552734375,-0.422268,-0.211926
16,0.18604651162790697,2021.0,136.16552734375,-0.31388,-0.151824
17,0.19767441860465115,2017.0,132.16552734375,-0.262744,-0.118484
18,0.20930232558139533,2013.0,128.16552734375,-0.286232,-0.11803
19,0.22093023255813954,2011.0,126.16552734375,-0.333791,-0.128946
20,0.23255813953488375,2014.0,129.16552734375,-0.306954,-0.104704
21,0.2441860465116279,2021.0,136.16552734375,-0.120332,-0.005024
22,0.2558139534883721,2026.0,141.16552734375,0.232385,0.177575
23,0.2674418604651163,2021.0,136.16552734375,0.653142,0.383531
24,0.27906976744186046,2016.0,131.16552734375,0.989716,0.552394
25,0.29069767441860467,2016.0,131.16552734375,1.115402,0.614436
26,0.3023255813953488,2022.0,137.16552734375,1.007687,0.568428
27,0.313953488372093,2015.0,130.16552734375,0.760958,0.442864
28,0.3255813953488372,2021.0,136.16552734375,0.561738,0.334432
29,0.3372093023255814,2025.0,140.16552734375,0.542704,0.294754
30,0.3488372093023256,2014.0,129.16552734375,0.680804,0.317428
31,0.3604651162790698,2019.0,134.16552734375,0.809081,0.32345
32,0.37209302325581395,2019.0,134.16552734375,0.671051,0.208483
33,0.38372093023255816,2015.0,130.16552734375,0.098485,-0.114794
34,0.3953488372093023,2017.0,132.16552734375,-0.848733,-0.605213
35,0.4069767441860465,2018.0,133.16552734375,-1.884552,-1.133345
36,0.41860465116279066,2011.0,126.16552734375,-2.634284,-1.52405
37,0.43023255813953487,2015.0,130.16552734375,-2.834522,-1.645705
38,0.4418604651162791,2011.0,126.16552734375,-2.526757,-1.519939
39,0.4534883720930233,2001.0,116.16552734375,-2.037807,-1.294178
40,0.4651162790697675,2001.0,116.16552734375,-1.775696,-1.138261
41,0.4767441860465116,2000.0,115.16552734375,-1.96757,-1.158293
42,0.4883720930232558,2001.0,116.16552734375,-2.454757,-1.279029
43,0.5,2005.0,120.16552734375,-2.729678,-1.277208
44,0.5116279069767442,2009.0,124.16552734375,-2.217142,-0.891055
45,0.5232558139534884,2000.0,115.16552734375,-0.655859,-0.027911
46,0.5348837209302326,2002.0,117.16552734375,1.685683,1.191504
47,0.5465116279069767,2001.0,116.16552734375,4.049487,2.405376
48,0.5581395348837209,2005.0,120.16552734375,5.58567,3.229692
49,0.5697674418604651,2006.0,121.16552734375,5.83918,3.441971
50,0.5813953488372093,2000.0,115.16552734375,5.064752,3.150901
51,0.5930232558139535,1998.0,113.16552734375,4.132622,2.7314
52,0.6046511627906976,1999.0,114.16552734375,3.997111,2.60363
53,0.6162790697674418,2000.0,115.16552734375,5.019909,2.906991
54,0.627906976744186,2000.0,115.16552734375,6.547307,3.360899
55,0.6395348837209301,2002.0,117.16552734375,7.054205,3.265041
56,0.6511627906976744,1998.0,113.16552734375,4.867354,1.901894
57,0.6627906976744186,1995.0,110.16552734375,-0.825212,-1.082289
58,0.6744186046511628,1991.0,106.16552734375,-9.242103,-5.311695
59,0.686046511627907,1997.0,112.16552734375,-17.978811,-9.69278
60,0.6976744186046512,1984.0,99.16552734375,-23.853323,-12.77911
61,0.7093023255813954,1987.0,102.16552734375,-24.203629,-13.330117
62,0.7209302325581396,1994.0,109.16552734375,-18.172794,-10.861895
63,0.7325581395348838,1997.0,112.16552734375,-7.239887,-5.933803
64,0.7441860465116279,1987.0,102.16552734375,5.266091,0.081815
65,0.7558139534883721,1988.0,103.16552734375,15.50336,5.517698
66,0.7674418604651163,1988.0,103.16552734375,20.633017,9.049573
67,0.7790697674418604,1984.0,99.16552734375,19.886517,10.153116
68,0.7906976744186046,1985.0,100.16552734375,14.684657,9.208092
69,0.8023255813953488,1985.0,100.16552734375,7.786243,7.180312
70,0.813953488372093,1979.0,94.16552734375,1.953078,5.103693
71,0.8255813953488372,1983.0,98.16552734375,-1.204679,3.645098
72,0.8372093023255813,1983.0,98.16552734375,-1.722478,2.852542
73,0.8488372093023255,1984.0,99.16552734375,-0.898902,2.302886
74,0.8604651162790697,1977.0,92.16552734375,-0.380584,1.413495
75,0.872093023255814,1981.0,96.16552734375,-1.19567,-0.150721
76,0.8837209302325582,1978.0,93.16552734375,-3.296117,-2.314359
77,0.8953488372093024,1982.0,97.16552734375,-5.703946,-4.590141
78,0.9069767441860466,1970.0,85.16552734375,-7.187355,-6.35234
79,0.9186046511627908,1978.0,93.16552734375,-6.946736,-7.076251
80,0.930232558139535,1971.0,86.16552734375,-5.070751,-6.609915
81,0.9418604651162791,1967.0,82.16552734375,-2.397284,-5.161145
82,0.9534883720930232,1967.0,82.16552734375,-0.029803,-3.208653
83,0.9651162790697674,1963.0,78.16552734375,1.237212,-1.266891
84,0.9767441860465116,1961.0,76.16552734375,1.274811,0.270345
85,0.9883720930232557,1966.0,81.16552734375,0.573823,1.251445
86,1.0,1967.0,82.16552734375,-0.128023,1.687968
87,1.0116279069767442,1963.0,78.16552734375,-0.278922,1.7448
88,1.0232558139534884,1968.0,83.16552734375,0.226645,1.587867
89,1.0348837209302326,1968.0,83.16552734375,1.050605,1.371032
90,1.0465116279069768,1971.0,86.16552734375,1.691843,1.165052
91,1.0581395348837208,1968.0,83.16552734375,1.801487,1.026255
92,1.0697674418604652,1975.0,90.16552734375,1.398003,0.973722
93,1.0813953488372092,1984.0,99.16552734375,0.820258,1.041261
94,1.0930232558139534,1985.0,100.16552734375,0.510619,1.236953
95,1.1046511627906976,1981.0,96.16552734375,0.758631,1.553044
96,1.1162790697674418,1980.0,95.16552734375,1.533827,1.955306
97,1.127906976744186,1984.0,99.16552734375,2.484873,2.332773
98,1.1395348837209303,1973.0,88.16552734375,3.088238,2.534831
99,1.1511627906976745,1975.0,90.16552734375,2.914823,2.346396
100,1.1627906976744187,1946.0,61.16552734375,1.772109,1.60659
101,1.1744186046511629,1967.0,82.16552734375,-0.132317,0.257478
102,1.186046511627907,1920.0,35.16552734375,-2.386126,-1.577794
103,1.197674418604651,1936.0,51.16552734375,-4.346173,-3.549495
104,1.2093023255813953,1893.0,8.16552734375,-5.509575,-5.163234
105,1.2209302325581395,1917.0,32.16552734375,-5.50914,-5.902836
106,1.2325581395348837,1885.0,0.16552734375,-4.394194,-5.482395
107,1.244186046511628,1894.0,9.16552734375,-2.476066,-3.93212
108,1.255813953488372,1877.0,-7.83447265625,-0.341725,-1.682429
109,1.2674418604651163,1875.0,-9.83447265625,1.411559,0.62935
110,1.2790697674418603,1898.0,13.16552734375,2.365327,2.332752
111,1.2906976744186047,1891.0,6.16552734375,2.394897,3.050788
112,1.3023255813953487,1937.0,52.16552734375,1.801445,2.76909
113,1.3139534883720931,1919.0,34.16552734375,1.050424,1.90234
114,1.3255813953488371,1995.0,110.16552734375,0.728131,1.009587
115,1.3372093023255816,1965.0,80.16552734375,1.036274,0.559771
116,1.3488372093023255,2031.0,146.16552734375,1.933994,0.690307
117,1.36046511627907,2003.0,118.16552734375,2.89799,1.192071
118,1.372093023255814,2062.0,177.16552734375,3.400553,1.612055
119,1.383720930232558,2046.0,161.16552734375,2.955434,1.540993
120,1.3953488372093024,2076.0,191.16552734375,1.546793,0.838229
121,1.4069767441860463,2070.0,185.16552734375,-0.470056,-0.274995
122,1.4186046511627908,2045.0,160.16552734375,-2.455498,-1.317855
123,1.4302325581395348,2067.0,182.16552734375,-3.744653,-1.793078
124,1.4418604651162792,1985.0,100.16552734375,-4.078199,-1.460569
125,1.4534883720930232,2017.0,132.16552734375,-3.473391,-0.449956
126,1.4651162790697676,1909.0,24.16552734375,-2.485657,0.785836
127,1.4767441860465116,1949.0,64.16552734375,-1.589438,1.687266
128,1.4883720930232558,1827.0,-57.83447265625,-1.325413,1.84088
129,1.5,1870.0,-14.83447265625,-1.717582,1.158578
130,1.5116279069767442,1763.0,-121.83447265625,-2.535774,-0.061342
131,1.5232558139534884,1795.0,-89.83447265625,-3.19342,-1.351642
132,1.5348837209302326,1738.0,-146.83447265625,-3.298989,-2.304881
133,1.5465116279069768,1755.0,-129.83447265625,-2.583816,-2.722777
134,1.5581395348837208,1761.0,-123.83447265625,-1.088465,-2.689211
135,1.5697674418604652,1744.0,-140.83447265625,0.892031,-2.432284
136,1.5813953488372092,1831.0,-53.83447265625,3.114806,-2.155257
137,1.5930232558139534,1796.0,-88.83447265625,5.160563,-1.931593
138,1.6046511627906976,1936.0,51.16552734375,6.989411,-1.627701
139,1.6162790697674418,1883.0,-1.83447265625,8.348924,-1.014682
140,1.627906976744186,2055.0,170.16552734375,9.28983,0.010036
141,1.6395348837209303,1998.0,113.16552734375,9.488291,1.355653
142,1.6511627906976745,2133.0,248.16552734375,8.890506,2.690825
143,1.6627906976744187,2098.0,213.16552734375,7.235065,3.631274
144,1.6744186046511627,2165.0,280.16552734375,4.604512,3.90452
145,1.686046511627907,2158.0,273.16552734375,1.173143,3.518244
146,1.697674418604651,2128.0,243.16552734375,-2.653717,2.786219
147,1.7093023255813955,2154.0,269.16552734375,-6.373263,2.132288
148,1.7209302325581395,2029.0,144.16552734375,-9.726392,1.875175
149,1.7325581395348837,2090.0,205.16552734375,-12.414292,2.014825
150,1.744186046511628,1887.0,2.16552734375,-14.639549,2.215025
151,1.755813953488372,1959.0,74.16552734375,-16.279612,1.961302
152,1.7674418604651163,1738.0,-146.83447265625,-17.505157,0.867374
153,1.7790697674418603,1811.0,-73.83447265625,-17.855953,-1.113411
154,1.7906976744186047,1626.0,-258.83447265625,-17.060841,-3.587093
155,1.8023255813953487,1665.0,-219.83447265625,-14.453507,-5.858107
156,1.8139534883720931,1585.0,-299.83447265625,-9.797794,-7.212136
157,1.8255813953488371,1595.0,-289.83447265625,-3.148516,-7.289201
158,1.8372093023255816,1655.0,-229.83447265625,4.9098,-6.189073
159,1.8488372093023255,1610.0,-274.83447265625,13.300302,-4.445048
160,1.86046511627907,1786.0,-98.83447265625,21.033827,-2.711073
161,1.872093023255814,1709.0,-175.83447265625,27.001923,-1.427505
162,1.8837209302325582,1968.0,83.16552734375,30.934542,-0.576481
163,1.8953488372093024,1872.0,-12.83447265625,32.508446,0.219891
164,1.9069767441860463,2149.0,264.16552734375,32.193737,1.499929
165,1.9186046511627908,2062.0,177.16552734375,29.941141,3.540043
166,1.9302325581395348,2256.0,371.16552734375,25.939486,6.123825
167,1.9418604651162792,2210.0,325.16552734375,19.786039,8.524487
168,1.9534883720930232,2257.0,372.16552734375,11.280313,9.834993
169,1.9651162790697676,2271.0,386.16552734375,0.403302,9.325844
170,1.9767441860465114,2154.0,269.16552734375,-12.351923,6.896069
171,1.9883720930232558,2211.0,326.16552734375,-25.631514,3.124418
172,2.0,1960.0,75.16552734375,-37.977921,-0.886562
173,2.011627906976744,2065.0,180.16552734375,-47.442356,-4.035679
174,2.0232558139534884,1739.0,-145.83447265625,-53.074539,-5.608131
175,2.0348837209302326,1851.0,-33.83447265625,-54.078724,-5.608913
176,2.046511627906977,1545.0,-339.83447265625,-51.023582,-4.661362
177,2.058139534883721,1633.0,-251.83447265625,-44.391655,-3.626011
178,2.0697674418604652,1459.0,-425.83447265625,-35.205368,-3.222897
179,2.0813953488372094,1493.0,-391.83447265625,-23.885435,-3.621307
180,2.0930232558139537,1514.0,-370.83447265625,-10.670721,-4.501368
181,2.1046511627906974,1469.0,-415.83447265625,4.327675,-5.182274
182,2.1162790697674416,1696.0,-188.83447265625,21.030016,-5.03664
183,2.1279069767441863,1598.0,-286.83447265625,38.388683,-3.832653
184,2.1395348837209305,1935.0,50.16552734375,55.228329,-1.781406
185,2.1511627906976742,1806.0,-78.83447265625,69.266663,0.543503
186,2.1627906976744184,2167.0,282.16552734375,78.858307,2.548172
187,2.174418604651163,2065.0,180.16552734375,82.14373,3.846596
188,2.186046511627907,2324.0,439.16552734375,78.677277,4.431564
189,2.197674418604651,2259.0,374.16552734375,68.476547,4.58773
190,2.2093023255813953,2334.0,449.16552734375,52.621193,4.725571
191,2.22093023255814,2352.0,467.16552734375,32.460876,5.033972
192,2.2325581395348837,2211.0,326.16552734375,9.351107,5.466144
193,2.244186046511628,2288.0,403.16552734375,-15.203735,5.63739
194,2.255813953488372,1969.0,84.16552734375,-40.259319,5.117847
195,2.267441860465116,2095.0,210.16552734375,-64.215569,3.595192
196,2.2790697674418605,1705.0,-179.83447265625,-85.919159,1.099831
197,2.2906976744186047,1838.0,-46.83447265625,-103.184433,-1.956741
198,2.302325581395349,1482.0,-402.83447265625,-114.371841,-4.952248
199,2.3139534883720927,1580.0,-304.83447265625,-117.313072,-7.10128
200,2.3255813953488373,1410.0,-474.83447265625,-110.93808,-7.955002
201,2.3372093023255816,1424.0,-460.83447265625,-94.783493,-7.350609
202,2.3488372093023258,1499.0,-385.83447265625,-69.624413,-5.664921
203,2.3604651162790695,1420.0,-464.83447265625,-37.467094,-3.541199
204,2.372093023255814,1725.0,-159.83447265625,-0.752119,-1.776373
205,2.3837209302325584,1590.0,-294.83447265625,37.147472,-0.935299
206,2.395348837209302,2002.0,117.16552734375,73.626587,-1.126152
207,2.4069767441860463,1858.0,-26.83447265625,105.694099,-1.93605
208,2.4186046511627906,2227.0,342.16552734375,131.57872,-2.571548
209,2.430232558139535,2123.0,238.16552734375,149.237122,-2.193802
210,2.441860465116279,2354.0,469.16552734375,157.455627,-0.307007
211,2.453488372093023,2305.0,420.16552734375,154.783722,2.899765
212,2.4651162790697674,2307.0,422.16552734375,140.357559,6.657516
213,2.4767441860465116,2352.0,467.16552734375,113.962494,9.776688
214,2.488372093023256,2134.0,249.16552734375,76.231194,11.214371
215,2.5,2230.0,345.16552734375,29.564157,10.474665
216,2.511627906976744,1885.0,0.16552734375,-22.820814,7.861427
217,2.5232558139534884,2016.0,131.16552734375,-76.07032,4.266495
218,2.5348837209302326,1647.0,-237.83447265625,-125.647499,0.777023
219,2.546511627906977,1760.0,-124.83447265625,-166.65509,-1.783783
220,2.5581395348837206,1503.0,-381.83447265625,-195.692673,-3.250992
221,2.5697674418604652,1572.0,-312.83447265625,-210.046844,-4.012344
222,2.5813953488372094,1499.0,-385.83447265625,-208.514297,-4.79985
223,2.5930232558139537,1488.0,-396.83447265625,-190.777634,-6.072495
224,2.6046511627906974,1619.0,-265.83447265625,-157.413239,-7.830841
225,2.6162790697674416,1552.0,-332.83447265625,-110.227448,-9.505257
226,2.6279069767441863,1823.0,-61.83447265625,-51.781059,-10.354153
227,2.6395348837209305,1723.0,-161.83447265625,13.64301,-9.821315
228,2.6511627906976742,2031.0,146.16552734375,81.181999,-7.893089
229,2.6627906976744184,1936.0,51.16552734375,144.749893,-5.117737
230,2.674418604651163,2167.0,282.16552734375,198.744568,-2.260376
231,2.686046511627907,2113.0,228.16552734375,237.996246,0.102692
232,2.697674418604651,2203.0,318.16552734375,258.930328,1.927094
233,2.7093023255813953,2191.0,306.16552734375,259.540466,3.629242
234,2.72093023255814,2129.0,244.16552734375,239.397522,5.849396
235,2.7325581395348837,2179.0,294.16552734375,199.69754,8.902954
236,2.744186046511628,1999.0,114.16552734375,142.573807,12.486664
237,2.755813953488372,2078.0,193.16552734375,71.759956,15.670761
238,2.767441860465116,1856.0,-28.83447265625,-8.168738,17.271854
239,2.7790697674418605,1927.0,42.16552734375,-90.956711,16.414238
240,2.7906976744186047,1745.0,-139.83447265625,-169.702774,12.947952
241,2.802325581395349,1786.0,-98.83447265625,-236.86911,7.586899
242,2.8139534883720927,1710.0,-174.83447265625,-285.660522,1.527374
243,2.8255813953488373,1722.0,-162.83447265625,-310.830261,-4.035583
244,2.8372093023255816,1734.0,-150.83447265625,-309.410492,-8.42392
245,2.8488372093023253,1709.0,-175.83447265625,-281.302582,-11.597321
246,2.8604651162790695,1801.0,-83.83447265625,-228.738235,-14.040512
247,2.872093023255814,1754.0,-130.83447265625,-156.358978,-16.271729
248,2.8837209302325584,1873.0,-11.83447265625,-69.969734,-18.446613
249,2.895348837209302,1831.0,-53.83447265625,23.368042,-20.172859
250,2.9069767441860463,1927.0,42.16552734375,116.371765,-20.680862
251,2.918604651162791,1901.0,16.16552734375,201.46051,-19.124298
252,2.930232558139535,1957.0,72.16552734375,271.492523,-15.102386
253,2.941860465116279,1961.0,76.16552734375,320.237854,-8.739929
254,2.953488372093023,1953.0,68.16552734375,342.874512,-0.718292
255,2.9651162790697674,1961.0,76.16552734375,336.896637,7.99939
256,2.9767441860465116,1936.0,51.16552734375,302.042694,16.419952
257,2.988372093023256,1943.0,58.16552734375,240.867554,23.676559
258,3.0,1931.0,46.16552734375,157.979172,29.035767
259,3.011627906976744,1934.0,49.16552734375,60.134674,31.816824
260,3.0232558139534884,1914.0,29.16552734375,-44.746414,31.439598
261,3.0348837209302326,1917.0,32.16552734375,-147.699509,27.55481
262,3.046511627906977,1890.0,5.16552734375,-239.66658,20.276962
263,3.0581395348837206,1904.0,19.16552734375,-311.96701,10.416107
264,3.0697674418604652,1868.0,-16.83447265625,-357.337982,-0.628998
265,3.0813953488372094,1881.0,-3.83447265625,-370.832855,-11.113647
266,3.0930232558139537,1829.0,-55.83447265625,-350.508362,-19.470276
267,3.1046511627906974,1851.0,-33.83447265625,-298.045532,-24.714691
268,3.1162790697674416,1802.0,-82.83447265625,-218.376663,-26.757889
269,3.1279069767441863,1808.0,-76.83447265625,-119.417999,-26.200142
270,3.1395348837209305,1787.0,-97.83447265625,-10.585586,-23.994682
271,3.1511627906976742,1787.0,-97.83447265625,97.815529,-20.953598
272,3.1627906976744184,1792.0,-92.83447265625,196.139893,-17.483643
273,3.174418604651163,1786.0,-98.83447265625,275.768829,-13.511932
274,3.186046511627907,1835.0,-49.83447265625,330.070038,-8.783081
275,3.197674418604651,1812.0,-72.83447265625,354.53833,-3.142456
276,3.2093023255813953,1887.0,2.16552734375,347.322296,3.198822
277,3.22093023255814,1856.0,-28.83447265625,309.393646,9.689758
278,3.2325581395348837,1939.0,54.16552734375,244.47702,15.628174
279,3.244186046511628,1921.0,36.16552734375,159.008194,20.383636
280,3.255813953488372,1975.0,90.16552734375,61.061604,23.539074
281,3.2674418604651163,1965.0,80.16552734375,-39.98835,24.898232
282,3.2790697674418605,1969.0,84.16552734375,-135.126938,24.369217
283,3.2906976744186047,1974.0,89.16552734375,-215.842758,21.901184
284,3.302325581395349,1943.0,58.16552734375,-275.539368,17.489563
285,3.3139534883720927,1968.0,83.16552734375,-309.293427,11.317322
286,3.3255813953488373,1889.0,4.16552734375,-314.695374,3.921997
287,3.3372093023255816,1921.0,36.16552734375,-291.614258,-3.772766
288,3.3488372093023253,1827.0,-57.83447265625,-242.564377,-10.652802
289,3.3604651162790695,1858.0,-26.83447265625,-172.668808,-15.750092
290,3.372093023255814,1781.0,-103.83447265625,-89.074562,-18.649025
291,3.3837209302325584,1802.0,-82.83447265625,-0.640055,-19.526657
292,3.395348837209302,1763.0,-121.83447265625,83.816429,-19.06974
293,3.4069767441860463,1771.0,-113.83447265625,155.909485,-17.995331
294,3.418604651162791,1788.0,-96.83447265625,209.649704,-16.678787
295,3.430232558139535,1775.0,-109.83447265625,241.053558,-14.96817
296,3.441860465116279,1810.0,-74.83447265625,249.125595,-12.283157
297,3.453488372093023,1797.0,-87.83447265625,234.80098,-8.097855
298,3.4651162790697674,1841.0,-43.83447265625,200.905853,-2.362152
299,3.4767441860465116,1830.0,-54.83447265625,151.539047,4.260452
300,3.488372093023256,1874.0,-10.83447265625,91.62899,10.580818
301,3.5,1867.0,-17.83447265625,27.113779,15.309113
302,3.511627906976744,1889.0,4.16552734375,-36.06422,17.68655
303,3.5232558139534884,1887.0,2.16552734375,-91.554413,17.717949
304,3.5348837209302326,1879.0,-5.83447265625,-134.473801,16.166061
305,3.546511627906977,1883.0,-1.83447265625,-160.958252,14.052383
306,3.5581395348837206,1854.0,-30.83447265625,-169.936401,12.099091
307,3.5697674418604652,1866.0,-18.83447265625,-162.099808,10.39389
308,3.5813953488372094,1809.0,-75.83447265625,-140.427124,8.387909
309,3.5930232558139537,1833.0,-51.83447265625,-108.775017,5.384895
310,3.6046511627906974,1787.0,-97.83447265625,-71.402603,0.998039
311,3.616279069767442,1803.0,-81.83447265625,-32.454266,-4.447924
312,3.6279069767441863,1761.0,-123.83447265625,4.817889,-9.917926
313,3.63953488372093,1775.0,-109.83447265625,37.270325,-14.105061
314,3.6511627906976742,1738.0,-146.83447265625,62.845467,-16.032845
315,3.6627906976744184,1753.0,-131.83447265625,79.458649,-15.477341
316,3.674418604651163,1739.0,-145.83447265625,86.462814,-13.075302
317,3.686046511627907,1733.0,-151.83447265625,83.786125,-9.966026
318,3.697674418604651,1751.0,-133.83447265625,73.164909,-7.230865
319,3.7093023255813953,1741.0,-143.83447265625,57.142853,-5.474693
320,3.72093023255814,1783.0,-101.83447265625,39.111115,-4.505943
321,3.7325581395348837,1767.0,-117.83447265625,22.353462,-3.655315
322,3.744186046511628,1807.0,-77.83447265625,9.105499,-2.075568
323,3.755813953488372,1796.0,-88.83447265625,0.642631,0.651039
324,3.7674418604651163,1840.0,-44.83447265625,-3.641418,4.394804
325,3.7790697674418605,1823.0,-61.83447265625,-4.726095,8.479944
326,3.7906976744186047,1855.0,-29.83447265625,-4.632983,12.026147
327,3.802325581395349,1849.0,-35.83447265625,-4.547992,14.36544
328,3.8139534883720927,1866.0,-18.83447265625,-5.770455,15.112812
329,3.8255813953488373,1863.0,-21.83447265625,-8.548562,14.362494
330,3.8372093023255816,1872.0,-12.83447265625,-12.986278,12.36674
331,3.8488372093023253,1871.0,-13.83447265625,-18.85457,9.430841
332,3.8604651162790695,1868.0,-16.83447265625,-25.576679,5.753582
333,3.872093023255814,1871.0,-13.83447265625,-32.741814,1.484947
334,3.8837209302325584,1838.0,-46.83447265625,-39.085026,-3.085415
335,3.895348837209302,1851.0,-33.83447265625,-43.705833,-7.497063
336,3.9069767441860463,1815.0,-69.83447265625,-44.885571,-11.096916
337,3.9186046511627906,1828.0,-56.83447265625,-41.837936,-13.301962
338,3.930232558139535,1799.0,-85.83447265625,-33.766056,-13.824711
339,3.941860465116279,1810.0,-74.83447265625,-21.264963,-12.869979
340,3.9534883720930227,1794.0,-90.83447265625,-5.422549,-10.997505
341,3.9651162790697674,1795.0,-89.83447265625,11.868258,-8.978628
342,3.9767441860465116,1798.0,-86.83447265625,28.541454,-7.280678
343,3.9883720930232562,1802.0,-82.83447265625,43.023327,-5.931763
344,4.0,1819.0,-65.83447265625,53.856819,-4.410706
345,4.011627906976744,1808.0,-76.83447265625,60.62809,-2.049931
346,4.023255813953488,1827.0,-57.83447265625,62.666126,1.656197
347,4.034883720930233,1824.0,-60.83447265625,60.105923,6.58231
348,4.046511627906977,1840.0,-44.83447265625,52.483566,11.862022
349,4.058139534883721,1834.0,-50.83447265625,40.112152,16.164139
350,4.069767441860465,1847.0,-37.83447265625,23.324408,18.187218
351,4.081395348837209,1846.0,-38.83447265625,3.498598,17.263386
352,4.093023255813954,1854.0,-30.83447265625,-17.328617,13.562033
353,4.104651162790698,1846.0,-38.83447265625,-36.692871,8.129707
354,4.116279069767442,1854.0,-30.83447265625,-51.899525,2.370121
355,4.127906976744186,1854.0,-30.83447265625,-61.318886,-2.436428
356,4.1395348837209305,1871.0,-13.83447265625,-63.910564,-5.680412
357,4.151162790697675,1867.0,-17.83447265625,-60.417534,-7.47398
358,4.162790697674419,1883.0,-1.83447265625,-51.872612,-8.439938
359,4.174418604651162,1875.0,-9.83447265625,-40.207184,-9.246216
360,4.186046511627907,1899.0,14.16552734375,-26.698116,-10.17004
361,4.1976744186046515,1888.0,3.16552734375,-12.502599,-10.96864
362,4.209302325581395,1911.0,26.16552734375,1.857199,-10.984164
363,4.22093023255814,1903.0,18.16552734375,15.883224,-9.663532
364,4.232558139534883,1899.0,14.16552734375,28.746962,-6.838106
365,4.2441860465116275,1907.0,22.16552734375,39.48999,-2.986565
366,4.2558139534883725,1879.0,-5.83447265625,46.562073,0.957668
367,4.267441860465116,1894.0,9.16552734375,49.093964,3.980949
368,4.279069767441861,1831.0,-53.83447265625,46.418468,5.480106
369,4.290697674418605,1865.0,-19.83447265625,39.369839,5.549351
370,4.3023255813953485,1802.0,-82.83447265625,29.208057,4.856512
371,4.313953488372094,1813.0,-71.83447265625,18.014071,4.329407
372,4.325581395348837,1765.0,-119.83447265625,7.474666,4.687637
373,4.337209302325581,1776.0,-108.83447265625,-1.260688,6.041916
374,4.348837209302326,1765.0,-119.83447265625,-7.968396,7.810084
375,4.3604651162790695,1763.0,-121.83447265625,-13.234326,8.986146
376,4.372093023255814,1799.0,-85.83447265625,-17.704659,8.624065
377,4.383720930232558,1778.0,-106.83447265625,-22.060883,6.237686
378,4.395348837209302,1850.0,-34.83447265625,-26.063877,2.099005
379,4.406976744186047,1822.0,-62.83447265625,-29.229088,-2.832314
380,4.4186046511627906,1911.0,26.16552734375,-30.431034,-7.323967
381,4.430232558139535,1878.0,-6.83447265625,-29.001722,-10.180954
382,4.44186046511628,1975.0,90.16552734375,-24.540653,-10.7764
383,4.453488372093023,1948.0,63.16552734375,-17.575872,-9.158483
384,4.465116279069767,2011.0,126.16552734375,-9.122682,-6.040806
385,4.476744186046512,1999.0,114.16552734375,-0.57009,-2.496868
386,4.488372093023256,2000.0,115.16552734375,6.833816,0.378848
387,4.5,2023.0,138.16552734375,12.342446,1.827604
388,4.511627906976744,1967.0,82.16552734375,15.721261,1.626117
389,4.523255813953488,1993.0,108.16552734375,17.406263,0.12092
390,4.534883720930232,1884.0,-0.83447265625,17.92959,-1.910261
391,4.546511627906977,1922.0,37.16552734375,18.031036,-3.515671
392,4.558139534883721,1807.0,-77.83447265625,17.898535,-3.907686
393,4.569767441860465,1856.0,-28.83447265625,17.60918,-2.679909
394,4.5813953488372094,1734.0,-150.83447265625,16.594551,-0.014309
395,4.593023255813954,1776.0,-108.83447265625,14.475423,3.4554
396,4.604651162790698,1712.0,-172.83447265625,10.71299,6.728827
397,4.616279069767442,1734.0,-150.83447265625,5.368716,8.887785
398,4.627906976744185,1728.0,-156.83447265625,-1.202927,9.279562
399,4.6395348837209305,1714.0,-170.83447265625,-8.159897,7.83403
400,4.651162790697675,1789.0,-95.83447265625,-14.401942,4.995706
401,4.662790697674418,1758.0,-126.83447265625,-18.992264,1.605131
402,4.674418604651163,1883.0,-1.83447265625,-21.077461,-1.477543
403,4.686046511627906,1840.0,-44.83447265625,-20.514221,-3.572199
404,4.6976744186046515,1984.0,99.16552734375,-17.276571,-4.456129
405,4.709302325581396,1936.0,51.16552734375,-12.107571,-4.304047
406,4.720930232558139,2055.0,170.16552734375,-5.580047,-3.573556
407,4.732558139534884,2022.0,137.16552734375,1.268001,-2.783184
408,4.744186046511628,2090.0,205.16552734375,7.76489,-2.26318
409,4.755813953488372,2079.0,194.16552734375,13.08148,-2.122893
410,4.767441860465117,2047.0,162.16552734375,16.652243,-2.214909
411,4.77906976744186,2073.0,188.16552734375,18.057814,-2.312035
412,4.790697674418604,1959.0,74.16552734375,16.933743,-2.227303
413,4.802325581395349,2011.0,126.16552734375,13.404052,-1.901287
414,4.813953488372093,1857.0,-27.83447265625,7.563829,-1.387815
415,4.825581395348837,1907.0,22.16552734375,0.23636,-0.781894
416,4.837209302325581,1747.0,-137.83447265625,-7.923486,-0.166242
417,4.848837209302325,1798.0,-86.83447265625,-15.623109,0.471547
418,4.86046511627907,1687.0,-197.83447265625,-22.005678,1.120996
419,4.872093023255814,1718.0,-166.83447265625,-25.989073,1.810595
420,4.883720930232558,1687.0,-197.83447265625,-27.074211,2.399055
421,4.895348837209303,1683.0,-201.83447265625,-24.941732,2.773712
422,4.906976744186046,1749.0,-135.83447265625,-19.671356,2.743881
423,4.9186046511627906,1713.0,-171.83447265625,-11.732865,2.303206
424,4.930232558139535,1865.0,-19.83447265625,-1.585815,1.601894
425,4.941860465116279,1805.0,-79.83447265625,9.800286,0.972862
426,4.953488372093023,1972.0,87.16552734375,21.688026,0.75713
427,4.965116279069767,1923.0,38.16552734375,32.799259,1.191923
428,4.976744186046512,2082.0,197.16552734375,42.097515,2.189796
429,4.988372093023256,2036.0,151.16552734375,48.106014,3.321743
430,5.0,2118.0,233.16552734375,49.757179,3.953842
431,5.011627906976744,2105.0,220.16552734375,46.100338,3.4604
432,5.023255813953488,2090.0,205.16552734375,36.884586,1.551163
433,5.034883720930233,2112.0,227.16552734375,22.659595,-1.604338
434,5.046511627906977,2000.0,115.16552734375,4.66695,-5.292984
435,5.058139534883721,2055.0,170.16552734375,-14.948601,-8.498784
436,5.069767441860465,1887.0,2.16552734375,-34.062077,-10.219776
437,5.081395348837209,1943.0,58.16552734375,-50.278149,-9.837135
438,5.093023255813954,1777.0,-107.83447265625,-62.140282,-7.381298
439,5.104651162790698,1823.0,-61.83447265625,-68.503677,-3.506645
440,5.116279069767441,1712.0,-172.83447265625,-69.296112,0.684402
441,5.127906976744186,1734.0,-150.83447265625,-64.66404,4.067299
442,5.1395348837209305,1703.0,-181.83447265625,-55.201958,5.846962
443,5.151162790697675,1698.0,-186.83447265625,-41.396587,5.894226
444,5.162790697674419,1756.0,-128.83447265625,-23.777567,4.641846
445,5.174418604651162,1729.0,-155.83447265625,-3.068334,2.994196
446,5.186046511627907,1856.0,-28.83447265625,19.757006,1.784069
447,5.1976744186046515,1799.0,-85.83447265625,42.89637,1.508484
448,5.209302325581395,1963.0,78.16552734375,64.317375,2.108738
449,5.22093023255814,1917.0,32.16552734375,81.348038,3.001572
450,5.232558139534883,2042.0,157.16552734375,91.872223,3.442101
451,5.2441860465116275,2006.0,121.16552734375,94.178406,2.851379
452,5.2558139534883725,2079.0,194.16552734375,87.910957,1.192421
453,5.267441860465116,2071.0,186.16552734375,73.667068,-1.072411
454,5.279069767441861,2061.0,176.16552734375,53.123569,-3.088539
455,5.290697674418605,2080.0,195.16552734375,28.410713,-4.09108
456,5.3023255813953485,1989.0,104.16552734375,1.681766,-3.677731
457,5.313953488372094,2032.0,147.16552734375,-25.034311,-2.079836
458,5.325581395348837,1907.0,22.16552734375,-50.236801,0.010551
459,5.337209302325581,1951.0,66.16552734375,-72.44754,1.655998
460,5.348837209302326,1830.0,-54.83447265625,-90.471886,2.206841
461,5.3604651162790695,1861.0,-23.83447265625,-102.847595,1.441055
462,5.372093023255814,1776.0,-108.83447265625,-108.321831,-0.241402
463,5.383720930232558,1799.0,-85.83447265625,-105.693787,-2.168129
464,5.395348837209302,1776.0,-108.83447265625,-94.488647,-3.64949
465,5.406976744186046,1771.0,-113.83447265625,-74.935875,-4.311317
466,5.4186046511627906,1809.0,-75.83447265625,-48.243305,-4.171192
467,5.430232558139535,1785.0,-99.83447265625,-16.462128,-3.547069
468,5.44186046511628,1877.0,-7.83447265625,17.839008,-2.792501
469,5.453488372093023,1830.0,-54.83447265625,51.695202,-2.119759
470,5.465116279069767,1956.0,71.16552734375,82.369644,-1.42408
471,5.476744186046512,1909.0,24.16552734375,107.15696,-0.513924
472,5.488372093023256,1997.0,112.16552734375,124.00415,0.822609
473,5.5,1975.0,90.16552734375,131.232773,2.546463
474,5.511627906976744,2023.0,138.16552734375,128.005966,4.378487
475,5.523255813953488,2015.0,130.16552734375,114.166725,5.850426
476,5.534883720930232,2010.0,125.16552734375,90.550644,6.578461
477,5.546511627906977,2021.0,136.16552734375,58.899643,6.413589
478,5.558139534883721,1973.0,88.16552734375,21.743156,5.542402
479,5.569767441860465,2000.0,115.16552734375,-17.761936,4.294724
480,5.5813953488372094,1926.0,41.16552734375,-56.334805,3.035374
481,5.593023255813954,1957.0,72.16552734375,-90.689453,1.922485
482,5.604651162790698,1872.0,-12.83447265625,-118.097389,0.908333
483,5.616279069767442,1902.0,17.16552734375,-136.303497,-0.224808
484,5.627906976744185,1839.0,-45.83447265625,-143.903229,-1.653015
485,5.6395348837209305,1850.0,-34.83447265625,-140.15416,-3.393143
486,5.651162790697675,1830.0,-54.83447265625,-125.156311,-5.251846
487,5.662790697674418,1834.0,-50.83447265625,-99.826263,-6.91423
488,5.674418604651163,1843.0,-41.83447265625,-65.90686,-8.123768
489,5.686046511627907,1835.0,-49.83447265625,-25.997818,-8.718048
490,5.697674418604651,1889.0,4.16552734375,16.741995,-8.716059
491,5.709302325581396,1862.0,-22.83447265625,58.59967,-8.168381
492,5.720930232558139,1936.0,51.16552734375,95.988754,-7.079468
493,5.732558139534884,1911.0,26.16552734375,125.500023,-5.349922
494,5.744186046511628,1967.0,82.16552734375,144.552628,-2.869766
495,5.755813953488372,1967.0,82.16552734375,151.474243,0.395035
496,5.767441860465117,1989.0,104.16552734375,145.701431,4.167984
497,5.77906976744186,1968.0,83.16552734375,127.830444,7.937599
498,5.790697674418604,1985.0,100.16552734375,99.411407,11.001518
499,5.802325581395349,1989.0,104.16552734375,62.946144,12.747993
500,5.813953488372093,1968.0,83.16552734375,21.444876,12.865159
501,5.825581395348837,1979.0,94.16552734375,-21.551895,11.420021
502,5.837209302325582,1936.0,51.16552734375,-62.516655,8.8647
503,5.848837209302325,1954.0,69.16552734375,-97.939056,5.765823
504,5.86046511627907,1915.0,30.16552734375,-124.870712,2.641228
505,5.872093023255814,1926.0,41.16552734375,-141.050369,-0.256683
506,5.883720930232558,1894.0,9.16552734375,-145.187363,-2.855606
507,5.895348837209303,1906.0,21.16552734375,-137.144638,-5.200516
508,5.906976744186046,1891.0,6.16552734375,-117.812881,-7.308342
509,5.9186046511627906,1893.0,8.16552734375,-89.191788,-9.00354
510,5.930232558139535,1904.0,19.16552734375,-53.864273,-10.075249
511,5.941860465116279,1899.0,14.16552734375,-15.055788,-10.271516
512,5.953488372093023,1920.0,35.16552734375,24.080225,-9.567022
513,5.965116279069767,1915.0,30.16552734375,60.32766,-8.091164
514,5.976744186046512,1934.0,49.16552734375,90.952232,-6.175919
515,5.988372093023256,1926.0,41.16552734375,113.605721,-4.121864
516,6.0,1959.0,74.16552734375,126.594017,-2.159477
517,6.011627906976744,1954.0,69.16552734375,128.983566,-0.281662
518,6.023255813953488,1964.0,79.16552734375,120.629951,1.582481
519,6.034883720930233,1958.0,73.16552734375,102.465378,3.536385
520,6.046511627906977,1968.0,83.16552734375,76.164803,5.540916
521,6.058139534883721,1968.0,83.16552734375,44.361523,7.373314
522,6.069767441860465,1963.0,78.16552734375,9.938967,8.713918
523,6.081395348837209,1950.0,65.16552734375,-23.884745,9.26425
524,6.093023255813954,1957.0,72.16552734375,-54.38121,8.91074
525,6.104651162790698,1958.0,73.16552734375,-79.19339,7.711296
526,6.116279069767441,1951.0,66.16552734375,-96.769325,5.913918
527,6.127906976744186,1954.0,69.16552734375,-106.129105,3.812347
528,6.1395348837209305,1943.0,58.16552734375,-106.918839,1.670197
529,6.151162790697675,1940.0,55.16552734375,-99.376701,-0.362434
530,6.162790697674419,1927.0,42.16552734375,-84.144783,-2.194588
531,6.174418604651162,1937.0,52.16552734375,-62.597839,-3.75835
532,6.186046511627907,1927.0,42.16552734375,-36.491089,-5.007425
533,6.1976744186046515,1933.0,48.16552734375,-8.297463,-5.876525
534,6.209302325581395,1917.0,32.16552734375,19.495129,-6.37619
535,6.22093023255814,1919.0,34.16552734375,44.257809,-6.577785
536,6.232558139534883,1914.0,29.16552734375,64.017128,-6.64859
537,6.2441860465116275,1919.0,34.16552734375,77.34787,-6.763153
538,6.2558139534883725,1919.0,34.16552734375,83.749634,-6.95932
539,6.267441860465116,1911.0,26.16552734375,83.399529,-7.077232
540,6.279069767441861,1923.0,38.16552734375,76.944519,-6.755264
541,6.290697674418605,1915.0,30.16552734375,65.426994,-5.542236
542,6.3023255813953485,1930.0,45.16552734375,49.823006,-3.114822
543,6.313953488372094,1927.0,42.16552734375,31.409971,0.53373
544,6.325581395348837,1936.0,51.16552734375,11.273815,4.974037
545,6.337209302325581,1937.0,52.16552734375,-9.116927,9.418555
546,6.348837209302326,1954.0,69.16552734375,-28.495058,12.907415
547,6.3604651162790695,1937.0,52.16552734375,-45.36227,14.613796
548,6.372093023255814,1958.0,73.16552734375,-58.501789,14.159229
549,6.383720930232558,1966.0,81.16552734375,-66.831482,11.692642
550,6.395348837209302,1948.0,63.16552734375,-69.674919,7.838074
551,6.406976744186046,1954.0,69.16552734375,-66.757179,3.533913
552,6.4186046511627906,1935.0,50.16552734375,-58.18084,-0.329117
553,6.430232558139535,1941.0,56.16552734375,-44.747089,-3.13155
554,6.44186046511628,1905.0,20.16552734375,-27.570328,-4.748253
555,6.453488372093023,1920.0,35.16552734375,-8.508773,-5.431589
556,6.465116279069767,1903.0,18.16552734375,10.522695,-5.784257
557,6.476744186046512,1904.0,19.16552734375,27.348064,-6.361969
558,6.488372093023256,1904.0,19.16552734375,40.444302,-7.50211
559,6.5,1902.0,17.16552734375,48.722816,-9.146332
560,6.511627906976744,1903.0,18.16552734375,52.039368,-10.858418
561,6.523255813953488,1901.0,16.16552734375,50.84848,-11.932732
562,6.534883720930233,1920.0,35.16552734375,45.967072,-11.693653
563,6.546511627906977,1925.0,40.16552734375,38.361629,-9.700935
564,6.558139534883721,1934.0,49.16552734375,28.642372,-5.978622
565,6.569767441860465,1927.0,42.16552734375,17.528187,-0.943375
566,6.5813953488372094,1942.0,57.16552734375,5.448192,4.627724
567,6.593023255813954,1945.0,60.16552734375,-6.683503,9.83046
568,6.604651162790698,1954.0,69.16552734375,-17.982582,13.837221
569,6.616279069767442,1944.0,59.16552734375,-27.180609,16.075571
570,6.627906976744185,1939.0,54.16552734375,-33.345005,16.346527
571,6.6395348837209305,1947.0,62.16552734375,-35.869823,14.781685
572,6.651162790697675,1925.0,40.16552734375,-34.865662,11.77898
573,6.662790697674418,1935.0,50.16552734375,-30.989374,7.92388
574,6.674418604651163,1904.0,19.16552734375,-25.129978,3.79472
575,6.686046511627907,1919.0,34.16552734375,-18.240396,-0.038174
576,6.697674418604651,1909.0,24.16552734375,-10.820129,-3.21177
577,6.709302325581396,1911.0,26.16552734375,-3.36424,-5.597666
578,6.720930232558139,1908.0,23.16552734375,4.01562,-7.292254
579,6.732558139534884,1915.0,30.16552734375,10.811029,-8.533327
580,6.744186046511628,1921.0,36.16552734375,16.498987,-9.624781
581,6.755813953488372,1907.0,22.16552734375,20.225452,-10.742834
582,6.767441860465117,1936.0,51.16552734375,21.47538,-11.781921
583,6.77906976744186,1926.0,41.16552734375,20.086632,-12.398941
584,6.790697674418604,1946.0,61.16552734375,16.533461,-12.079466
585,6.802325581395349,1933.0,48.16552734375,11.841249,-10.378614
586,6.813953488372093,1949.0,64.16552734375,7.062028,-7.127007
587,6.825581395348837,1952.0,67.16552734375,3.192373,-2.578719
588,6.837209302325582,1961.0,76.16552734375,0.494581,2.600466
589,6.848837209302325,1954.0,69.16552734375,-1.069027,7.496463
590,6.86046511627907,1950.0,65.16552734375,-2.050805,11.257336
591,6.872093023255814,1957.0,72.16552734375,-2.799845,13.334143
592,6.883720930232558,1936.0,51.16552734375,-3.609937,13.637661
593,6.895348837209303,1936.0,51.16552734375,-4.34836,12.535501
594,6.906976744186046,1923.0,38.16552734375,-4.813857,10.656783
595,6.9186046511627906,1931.0,46.16552734375,-4.882152,8.625879
596,6.930232558139535,1915.0,30.16552734375,-4.608548,6.834145
597,6.941860465116279,1915.0,30.16552734375,-4.348797,5.349496
598,6.953488372093023,1906.0,21.16552734375,-4.332143,3.971097
599,6.965116279069767,1913.0,28.16552734375,-4.835093,2.321002
600,6.976744186046512,1913.0,28.16552734375,-5.640563,0.084911
601,6.988372093023256,1910.0,25.16552734375,-6.531895,-2.887908
602,7.0,1921.0,36.16552734375,-7.058212,-6.498469
603,7.011627906976744,1914.0,29.16552734375,-7.040885,-10.397922
604,7.023255813953488,1942.0,57.16552734375,-6.369949,-14.036152
605,7.034883720930233,1923.0,38.16552734375,-5.160349,-16.805595
606,7.046511627906977,1933.0,48.16552734375,-3.45688,-18.080038
607,7.058139534883721,1931.0,46.16552734375,-1.141248,-17.380077
608,7.069767441860465,1935.0,50.16552734375,1.9322,-14.461977
609,7.081395348837209,1938.0,53.16552734375,5.960714,-9.459816
610,7.093023255813954,1927.0,42.16552734375,10.675823,-2.905457
611,7.104651162790698,1935.0,50.16552734375,15.526944,4.29394
612,7.116279069767441,1918.0,33.16552734375,19.363037,11.004465
613,7.127906976744186,1931.0,46.16552734375,21.10384,16.141056
614,7.1395348837209305,1914.0,29.16552734375,19.807289,18.896439
615,7.151162790697675,1913.0,28.16552734375,15.298277,18.979965
616,7.162790697674419,1906.0,21.16552734375,8.147282,16.67284
617,7.174418604651162,1910.0,25.16552734375,-0.403149,12.717519
618,7.186046511627907,1901.0,16.16552734375,-8.840661,8.03926
619,7.1976744186046515,1903.0,18.16552734375,-15.859776,3.547346
620,7.209302325581395,1909.0,24.16552734375,-20.548677,-0.188009
621,7.22093023255814,1907.0,22.16552734375,-22.725897,-2.969782
622,7.232558139534884,1927.0,42.16552734375,-22.517792,-4.952892
623,7.2441860465116275,1917.0,32.16552734375,-20.444071,-6.459744
624,7.2558139534883725,1933.0,48.16552734375,-16.885283,-7.801465
625,7.267441860465116,1930.0,45.16552734375,-12.189263,-9.045046
626,7.27906976744186,1934.0,49.16552734375,-6.544003,-10.058641
627,7.290697674418605,1936.0,51.16552734375,-0.219398,-10.535827
628,7.3023255813953485,1936.0,51.16552734375,6.416848,-10.134436
629,7.313953488372094,1935.0,50.16552734375,12.821469,-8.672244
630,7.325581395348837,1933.0,48.16552734375,18.263491,-6.180918
631,7.337209302325581,1931.0,46.16552734375,22.045416,-3.018717
632,7.348837209302326,1927.0,42.16552734375,23.511341,0.319374
633,7.3604651162790695,1927.0,42.16552734375,22.364168,3.247538
634,7.372093023255814,1911.0,26.16552734375,18.589428,5.366003
635,7.383720930232559,1912.0,27.16552734375,12.668618,6.490705
636,7.395348837209302,1905.0,20.16552734375,5.363404,6.759854
637,7.406976744186046,1904.0,19.16552734375,-2.27356,6.502978
638,7.4186046511627906,1901.0,16.16552734375,-9.192553,6.090442
639,7.430232558139535,1901.0,16.16552734375,-14.524732,5.787133
640,7.44186046511628,1904.0,19.16552734375,-17.756811,5.605139
641,7.453488372093023,1906.0,21.16552734375,-18.861395,5.343252
642,7.465116279069767,1904.0,19.16552734375,-18.163153,4.636847
643,7.476744186046512,1904.0,19.16552734375,-16.215027,3.206615
644,7.488372093023256,1914.0,29.16552734375,-13.488858,0.971669
645,7.5,1910.0,25.16552734375,-10.301455,-1.824679
646,7.511627906976744,1922.0,37.16552734375,-6.630289,-4.675136
647,7.523255813953488,1915.0,30.16552734375,-2.373927,-6.951039
648,7.534883720930233,1927.0,42.16552734375,2.539127,-8.131277
649,7.546511627906977,1929.0,44.16552734375,7.856554,-8.019094
650,7.558139534883721,1928.0,43.16552734375,12.998675,-6.737208
651,7.569767441860464,1924.0,39.16552734375,17.139988,-4.746149
652,7.5813953488372094,1919.0,34.16552734375,19.462931,-2.559071
653,7.593023255813954,1929.0,44.16552734375,19.424322,-0.710464
654,7.604651162790698,1907.0,22.16552734375,16.940475,0.585674
655,7.616279069767442,1915.0,30.16552734375,12.464773,1.327709
656,7.627906976744185,1897.0,12.16552734375,6.733227,1.759512
657,7.6395348837209305,1901.0,16.16552734375,0.624999,2.115128
658,7.651162790697675,1879.0,-5.83447265625,-5.157012,2.564559
659,7.662790697674418,1883.0,-1.83447265625,-10.093894,3.075738
660,7.674418604651163,1874.0,-10.83447265625,-13.928341,3.482231
661,7.686046511627907,1874.0,-10.83447265625,-16.462833,3.588949
662,7.697674418604651,1874.0,-10.83447265625,-17.544054,3.276636
663,7.709302325581396,1880.0,-4.83447265625,-16.986626,2.599285
664,7.720930232558139,1886.0,1.16552734375,-14.717073,1.699865
665,7.732558139534884,1873.0,-11.83447265625,-10.857512,0.815415
666,7.744186046511628,1885.0,0.16552734375,-5.794359,0.091667
667,7.755813953488372,1890.0,5.16552734375,-0.191527,-0.41772
668,7.767441860465117,1906.0,21.16552734375,5.174748,-0.857707
669,7.77906976744186,1888.0,3.16552734375,9.560405,-1.394712
670,7.790697674418604,1899.0,14.16552734375,12.56983,-2.12929
671,7.802325581395349,1904.0,19.16552734375,14.104989,-2.983464
672,7.813953488372093,1918.0,33.16552734375,14.394692,-3.734738
673,7.825581395348837,1911.0,26.16552734375,13.737495,-4.081783
674,7.837209302325581,1902.0,17.16552734375,12.375525,-3.808164
675,7.848837209302326,1905.0,20.16552734375,10.339015,-2.916382
676,7.86046511627907,1891.0,6.16552734375,7.489233,-1.629703
677,7.872093023255814,1899.0,14.16552734375,3.636439,-0.400547
678,7.883720930232558,1877.0,-7.83447265625,-1.214524,0.406992
679,7.895348837209302,1882.0,-2.83447265625,-6.643526,0.653556
680,7.9069767441860455,1862.0,-22.83447265625,-11.9233,0.519469
681,7.918604651162791,1867.0,-17.83447265625,-16.04217,0.459869
682,7.930232558139535,1842.0,-42.83447265625,-18.146095,0.939522
683,7.941860465116279,1859.0,-25.83447265625,-17.67922,2.256865
684,7.953488372093023,1855.0,-29.83447265625,-14.788678,4.171988
685,7.9651162790697665,1847.0,-37.83447265625,-10.119509,6.105217
686,7.9767441860465125,1869.0,-15.83447265625,-4.668241,7.220531
687,7.988372093023257,1867.0,-17.83447265625,0.545175,6.862873
688,8.0,1877.0,-7.83447265625,4.843674,4.80849
689,8.011627906976743,1872.0,-12.83447265625,7.992549,1.48272
690,8.023255813953488,1885.0,0.16552734375,10.178181,-2.285858
691,8.034883720930232,1872.0,-12.83447265625,11.69297,-5.490309
692,8.046511627906977,1904.0,19.16552734375,12.78113,-7.407547
693,8.058139534883722,1887.0,2.16552734375,13.315103,-7.839982
694,8.069767441860465,1897.0,12.16552734375,12.974152,-7.097651
695,8.081395348837209,1894.0,9.16552734375,11.330785,-5.831918
696,8.093023255813954,1885.0,0.16552734375,8.216022,-4.583302
697,8.104651162790699,1892.0,7.16552734375,3.884775,-3.620957
698,8.116279069767442,1869.0,-15.83447265625,-1.008655,-2.7455
699,8.127906976744185,1877.0,-7.83447265625,-5.582474,-1.606939
700,8.13953488372093,1863.0,-21.83447265625,-9.114089,0.164051
701,8.151162790697674,1871.0,-13.83447265625,-11.196454,2.537512
702,8.162790697674417,1856.0,-28.83447265625,-11.957366,5.143283
703,8.174418604651164,1857.0,-27.83447265625,-11.76776,7.337766
704,8.186046511627907,1850.0,-34.83447265625,-11.131134,8.512257
705,8.19767441860465,1846.0,-38.83447265625,-10.288613,8.360744
706,8.209302325581396,1853.0,-31.83447265625,-9.190152,6.988679
707,8.220930232558139,1838.0,-46.83447265625,-7.574528,4.808011
708,8.232558139534884,1866.0,-18.83447265625,-5.144394,2.325928
709,8.24418604651163,1858.0,-26.83447265625,-1.870662,-0.058225
710,8.255813953488373,1867.0,-17.83447265625,2.015566,-2.190237
711,8.267441860465116,1870.0,-14.83447265625,5.987668,-4.025914
712,8.279069767441861,1878.0,-6.83447265625,9.545378,-5.573425
713,8.290697674418604,1872.0,-12.83447265625,12.272899,-6.679698
714,8.30232558139535,1875.0,-9.83447265625,14.034044,-7.125511
715,8.313953488372093,1877.0,-7.83447265625,14.789391,-6.689106
716,8.325581395348838,1863.0,-21.83447265625,14.525084,-5.390428
717,8.337209302325581,1872.0,-12.83447265625,13.148546,-3.497129
718,8.348837209302324,1851.0,-33.83447265625,10.4815,-1.512524
719,8.36046511627907,1857.0,-27.83447265625,6.468231,0.077017
720,8.372093023255815,1831.0,-53.83447265625,1.295736,1.026848
721,8.383720930232558,1840.0,-44.83447265625,-4.388877,1.4822
722,8.395348837209303,1839.0,-45.83447265625,-9.721863,1.87023
723,8.406976744186046,1835.0,-49.83447265625,-13.795144,2.618205
724,8.41860465116279,1833.0,-51.83447265625,-16.020718,3.924244
725,8.430232558139535,1831.0,-53.83447265625,-16.282728,5.602255
726,8.44186046511628,1839.0,-45.83447265625,-14.97347,7.102521
727,8.453488372093023,1839.0,-45.83447265625,-12.73759,7.799928
728,8.465116279069766,1856.0,-28.83447265625,-10.156711,7.222091
729,8.476744186046512,1843.0,-41.83447265625,-7.524028,5.333848
730,8.488372093023255,1872.0,-12.83447265625,-4.738599,2.44179
731,8.5,1867.0,-17.83447265625,-1.584699,-0.90289
732,8.511627906976745,1868.0,-16.83447265625,2.13131,-4.178133
733,8.523255813953488,1871.0,-13.83447265625,6.289658,-6.956662
734,8.534883720930232,1871.0,-13.83447265625,10.516647,-8.968046
735,8.546511627906977,1870.0,-14.83447265625,14.206545,-10.013285
736,8.558139534883722,1855.0,-29.83447265625,16.801407,-9.909313
737,8.569767441860465,1863.0,-21.83447265625,17.945232,-8.505655
738,8.58139534883721,1838.0,-46.83447265625,17.472504,-5.854948
739,8.593023255813954,1846.0,-38.83447265625,15.429592,-2.29398
740,8.604651162790697,1823.0,-61.83447265625,11.85977,1.469205
741,8.61627906976744,1825.0,-59.83447265625,6.928833,4.609198
742,8.627906976744187,1813.0,-71.83447265625,0.86998,6.443055
743,8.63953488372093,1810.0,-74.83447265625,-5.769837,6.776139
744,8.651162790697674,1816.0,-68.83447265625,-12.180657,5.990539
745,8.662790697674419,1811.0,-73.83447265625,-17.374754,4.85858
746,8.674418604651162,1825.0,-59.83447265625,-20.446913,4.174665
747,8.686046511627907,1826.0,-58.83447265625,-20.896877,4.36731
748,8.697674418604652,1846.0,-38.83447265625,-18.806585,5.198509
749,8.709302325581396,1830.0,-54.83447265625,-14.835433,5.990277
750,8.720930232558139,1871.0,-13.83447265625,-9.847869,5.906416
751,8.732558139534884,1859.0,-25.83447265625,-4.733168,4.422889
752,8.744186046511627,1871.0,-13.83447265625,0.055652,1.601584
753,8.755813953488373,1867.0,-17.83447265625,4.386531,-1.926519
754,8.767441860465116,1858.0,-26.83447265625,8.3775,-5.316544
755,8.779069767441861,1862.0,-22.83447265625,12.068761,-7.821641
756,8.790697674418604,1857.0,-27.83447265625,15.212267,-9.172606
757,8.802325581395348,1857.0,-27.83447265625,17.294703,-9.488214
758,8.813953488372094,1825.0,-59.83447265625,17.718296,-9.117449
759,8.825581395348838,1838.0,-46.83447265625,16.184641,-8.290049
760,8.837209302325581,1808.0,-76.83447265625,12.788009,-7.010114
761,8.848837209302326,1822.0,-62.83447265625,8.1368,-5.063353
762,8.86046511627907,1808.0,-76.83447265625,3.010231,-2.288129
763,8.872093023255813,1790.0,-94.83447265625,-1.869987,1.183164
764,8.88372093023256,1810.0,-74.83447265625,-6.104578,4.862565
765,8.895348837209303,1811.0,-73.83447265625,-9.678422,7.98273
766,8.906976744186046,1831.0,-53.83447265625,-12.737956,9.884078
767,8.91860465116279,1824.0,-60.83447265625,-15.356841,10.273824
768,8.930232558139535,1847.0,-37.83447265625,-17.270267,9.392677
769,8.941860465116278,1838.0,-46.83447265625,-17.956909,7.826609
770,8.953488372093023,1870.0,-14.83447265625,-16.755764,6.212439
771,8.965116279069768,1842.0,-42.83447265625,-13.310551,4.879755
772,8.976744186046512,1872.0,-12.83447265625,-7.683532,3.767878
773,8.988372093023255,1872.0,-12.83447265625,-0.578026,2.486125
774,9.0,1872.0,-12.83447265625,6.924942,0.632625
775,9.011627906976745,1875.0,-9.83447265625,13.614435,-1.908512
776,9.023255813953488,1863.0,-21.83447265625,18.500622,-4.828001
777,9.034883720930234,1870.0,-14.83447265625,21.006935,-7.51899
778,9.046511627906977,1854.0,-30.83447265625,21.005224,-9.313267
779,9.05813953488372,1855.0,-29.83447265625,18.752375,-9.837509
780,9.069767441860463,1835.0,-49.83447265625,14.684572,-9.085253
781,9.08139534883721,1839.0,-45.83447265625,9.343692,-7.430385
782,9.093023255813954,1817.0,-67.83447265625,3.234847,-5.339206
783,9.104651162790697,1821.0,-63.83447265625,-3.066616,-3.179473
784,9.116279069767442,1810.0,-74.83447265625,-9.057533,-1.085708
785,9.127906976744185,1810.0,-74.83447265625,-14.190736,0.972768
786,9.13953488372093,1821.0,-63.83447265625,-18.011684,3.067665
787,9.151162790697676,1821.0,-63.83447265625,-20.158762,5.086954
788,9.162790697674419,1832.0,-52.83447265625,-20.43787,6.743032
789,9.174418604651162,1825.0,-59.83447265625,-18.799158,7.64477
790,9.186046511627907,1840.0,-44.83447265625,-15.320169,7.529198
791,9.19767441860465,1825.0,-59.83447265625,-10.243928,6.386104
792,9.209302325581396,1845.0,-39.83447265625,-3.918655,4.558635
793,9.220930232558139,1840.0,-44.83447265625,3.10192,2.575474
794,9.232558139534884,1845.0,-39.83447265625,10.141858,0.94151
795,9.244186046511627,1842.0,-42.83447265625,16.381077,-0.039658
796,9.25581395348837,1841.0,-43.83447265625,21.054068,-0.404207
797,9.267441860465118,1842.0,-42.83447265625,23.560509,-0.385704
798,9.279069767441861,1837.0,-47.83447265625,23.626131,-0.318815
799,9.290697674418604,1851.0,-33.83447265625,21.287254,-0.440638
800,9.30232558139535,1819.0,-65.83447265625,16.844723,-0.84166
801,9.313953488372093,1834.0,-50.83447265625,10.8239,-1.401037
802,9.325581395348836,1811.0,-73.83447265625,3.7558,-1.965877
803,9.337209302325583,1827.0,-57.83447265625,-3.808273,-2.460598
804,9.348837209302326,1810.0,-74.83447265625,-11.379831,-2.935337
805,9.36046511627907,1808.0,-76.83447265625,-18.340487,-3.492108
806,9.372093023255813,1809.0,-75.83447265625,-23.981577,-4.121191
807,9.383720930232558,1815.0,-69.83447265625,-27.472181,-4.671419
808,9.395348837209303,1812.0,-72.83447265625,-28.108797,-4.821341
809,9.406976744186046,1807.0,-77.83447265625,-25.456291,-4.217398
810,9.418604651162791,1818.0,-66.83447265625,-19.622929,-2.663284
811,9.430232558139535,1814.0,-70.83447265625,-11.29833,-0.293557
812,9.441860465116278,1843.0,-41.83447265625,-1.67306,2.391936
813,9.453488372093023,1823.0,-61.83447265625,7.852476,4.714614
814,9.465116279069768,1842.0,-42.83447265625,16.081099,6.099912
815,9.476744186046512,1844.0,-40.83447265625,22.169304,6.311556
816,9.488372093023257,1854.0,-30.83447265625,25.835966,5.551649
817,9.5,1844.0,-40.83447265625,27.147018,4.40707
818,9.511627906976743,1851.0,-33.83447265625,26.368334,3.495426
819,9.523255813953487,1854.0,-30.83447265625,23.659012,3.201479
820,9.534883720930234,1851.0,-33.83447265625,19.060474,3.378569
821,9.546511627906977,1859.0,-25.83447265625,12.536525,3.460797
822,9.55813953488372,1838.0,-46.83447265625,4.289045,2.735517
823,9.569767441860465,1847.0,-37.83447265625,-5.070793,0.725712
824,9.581395348837209,1833.0,-51.83447265625,-14.458537,-2.434394
825,9.593023255813954,1838.0,-46.83447265625,-22.451715,-6.022091
826,9.604651162790699,1811.0,-73.83447265625,-27.730438,-8.873247
827,9.616279069767442,1826.0,-58.83447265625,-29.356487,-9.91024
828,9.627906976744185,1808.0,-76.83447265625,-27.247885,-8.594786
829,9.63953488372093,1808.0,-76.83447265625,-22.040554,-5.243608
830,9.651162790697674,1797.0,-87.83447265625,-14.973674,-0.860494
831,9.662790697674419,1799.0,-85.83447265625,-7.379065,3.16927
832,9.674418604651162,1808.0,-76.83447265625,-0.355522,5.676097
833,9.686046511627907,1806.0,-78.83447265625,5.51456,6.104265
834,9.69767441860465,1829.0,-55.83447265625,10.1862,4.735186
835,9.709302325581394,1822.0,-62.83447265625,13.889429,2.453842
836,9.72093023255814,1846.0,-38.83447265625,16.95042,0.413027
837,9.732558139534884,1841.0,-43.83447265625,19.391989,-0.54071
838,9.744186046511627,1859.0,-25.83447265625,21.022346,-0.103331
839,9.755813953488373,1857.0,-27.83447265625,21.346968,1.377836
840,9.767441860465116,1871.0,-13.83447265625,19.870861,3.076696
841,9.77906976744186,1870.0,-14.83447265625,16.254848,4.120892
842,9.790697674418606,1872.0,-12.83447265625,10.549069,3.859358
843,9.80232558139535,1866.0,-18.83447265625,3.217116,2.145639
844,9.813953488372093,1861.0,-23.83447265625,-4.867521,-0.651885
845,9.825581395348838,1870.0,-14.83447265625,-12.561926,-3.794533
846,9.837209302325581,1847.0,-37.83447265625,-18.752977,-6.437115
847,9.848837209302326,1861.0,-23.83447265625,-22.458162,-7.837766
848,9.86046511627907,1834.0,-50.83447265625,-23.231262,-7.598078
849,9.872093023255815,1849.0,-35.83447265625,-21.097897,-5.733278
850,9.883720930232558,1824.0,-60.83447265625,-16.749063,-2.668116
851,9.895348837209301,1818.0,-66.83447265625,-11.181309,0.873835
852,9.906976744186046,1809.0,-75.83447265625,-5.493114,4.146128
853,9.918604651162791,1811.0,-73.83447265625,-0.54188,6.481833
854,9.930232558139535,1810.0,-74.83447265625,3.261942,7.505724
855,9.94186046511628,1806.0,-78.83447265625,5.992895,7.205805
856,9.953488372093023,1815.0,-69.83447265625,8.077829,5.881986
857,9.965116279069766,1808.0,-76.83447265625,9.946122,4.021675
858,9.976744186046512,1831.0,-53.83447265625,11.85678,2.100336
859,9.988372093023257,1818.0,-66.83447265625,13.598515,0.44773
860,10.0,1840.0,-44.83447265625,14.760169,-0.826628
861,10.011627906976743,1833.0,-51.83447265625,14.778513,-1.754662
862,10.023255813953488,1861.0,-23.83447265625,13.327793,-2.478636
863,10.034883720930232,1851.0,-33.83447265625,10.405121,-3.06418
864,10.046511627906977,1843.0,-41.83447265625,6.417157,-3.512611
865,10.058139534883722,1859.0,-25.83447265625,2.016797,-3.695616
866,10.069767441860465,1840.0,-44.83447265625,-2.22673,-3.563418
867,10.081395348837209,1846.0,-38.83447265625,-5.866926,-3.110117
868,10.093023255813954,1827.0,-57.83447265625,-8.807047,-2.479896
869,10.104651162790699,1829.0,-55.83447265625,-11.059809,-1.849256
870,10.116279069767442,1811.0,-73.83447265625,-12.738095,-1.350578
871,10.127906976744187,1823.0,-61.83447265625,-13.788815,-0.97573
872,10.13953488372093,1799.0,-85.83447265625,-14.080422,-0.555102
873,10.151162790697674,1806.0,-78.83447265625,-13.367739,0.157533
874,10.162790697674417,1793.0,-91.83447265625,-11.504042,1.346992
875,10.174418604651164,1793.0,-91.83447265625,-8.544572,2.965114
876,10.186046511627907,1798.0,-86.83447265625,-4.774043,4.693906
877,10.19767441860465,1793.0,-91.83447265625,-0.688525,6.01653
878,10.209302325581396,1809.0,-75.83447265625,3.242972,6.394053
879,10.220930232558139,1808.0,-76.83447265625,6.576683,5.498466
880,10.232558139534882,1824.0,-60.83447265625,9.186115,3.429601
881,10.24418604651163,1819.0,-65.83447265625,11.075226,0.720746
882,10.255813953488373,1840.0,-44.83447265625,12.428633,-1.835998
883,10.267441860465116,1847.0,-37.83447265625,13.381739,-3.425409
884,10.279069767441861,1856.0,-28.83447265625,13.944246,-3.606356
885,10.290697674418604,1851.0,-33.83447265625,13.965808,-2.390689
886,10.30232558139535,1863.0,-21.83447265625,13.183625,-0.337727
887,10.313953488372093,1856.0,-28.83447265625,11.31374,1.695641
888,10.325581395348838,1856.0,-28.83447265625,8.142173,2.832295
889,10.337209302325581,1855.0,-29.83447265625,3.726902,2.563992
890,10.348837209302324,1855.0,-29.83447265625,-1.67002,0.876055
891,10.36046511627907,1857.0,-27.83447265625,-7.49277,-1.722573
892,10.372093023255815,1856.0,-28.83447265625,-13.049882,-4.4055
893,10.383720930232558,1859.0,-25.83447265625,-17.642391,-6.373722
894,10.395348837209303,1846.0,-38.83447265625,-20.633087,-7.049425
895,10.406976744186046,1855.0,-29.83447265625,-21.576828,-6.229939
896,10.41860465116279,1840.0,-44.83447265625,-20.292404,-4.131552
897,10.430232558139537,1845.0,-39.83447265625,-16.90333,-1.210842
898,10.44186046511628,1839.0,-45.83447265625,-11.797467,1.948189
899,10.453488372093023,1842.0,-42.83447265625,-5.634795,4.814819
900,10.465116279069766,1850.0,-34.83447265625,0.852716,6.969344
901,10.476744186046512,1851.0,-33.83447265625,6.829635,8.100024
902,10.488372093023255,1845.0,-39.83447265625,11.663301,8.044991
903,10.5,1854.0,-30.83447265625,14.98335,6.867236
904,10.511627906976745,1869.0,-15.83447265625,16.732597,4.775455
905,10.523255813953488,1857.0,-27.83447265625,17.129421,2.178713
906,10.534883720930232,1859.0,-25.83447265625,16.555706,-0.393003
907,10.546511627906977,1854.0,-30.83447265625,15.389244,-2.417511
908,10.558139534883722,1860.0,-24.83447265625,13.817423,-3.535259
909,10.569767441860465,1869.0,-15.83447265625,11.810477,-3.687171
910,10.58139534883721,1869.0,-15.83447265625,9.123376,-3.128255
911,10.593023255813954,1862.0,-22.83447265625,5.53804,-2.30075
912,10.604651162790697,1868.0,-16.83447265625,0.988955,-1.647544
913,10.61627906976744,1865.0,-19.83447265625,-4.282127,-1.464918
914,10.627906976744187,1867.0,-17.83447265625,-9.752861,-1.743739
915,10.63953488372093,1869.0,-15.83447265625,-14.743386,-2.268798
916,10.651162790697674,1866.0,-18.83447265625,-18.587572,-2.670452
917,10.662790697674419,1870.0,-14.83447265625,-20.816309,-2.629908
918,10.674418604651162,1867.0,-17.83447265625,-21.212105,-1.980104
919,10.686046511627907,1868.0,-16.83447265625,-19.807905,-0.764847
920,10.697674418604652,1867.0,-17.83447265625,-16.741575,0.854723
921,10.709302325581396,1869.0,-15.83447265625,-12.251679,2.622583
922,10.720930232558139,1866.0,-18.83447265625,-6.581904,4.3025
923,10.732558139534884,1870.0,-14.83447265625,-0.086718,5.680307
924,10.744186046511627,1862.0,-22.83447265625,6.713378,6.524677
925,10.755813953488373,1861.0,-23.83447265625,13.124536,6.638221
926,10.767441860465116,1866.0,-18.83447265625,18.356203,5.86095
927,10.779069767441861,1872.0,-12.83447265625,21.698303,4.159109
928,10.790697674418604,1872.0,-12.83447265625,22.694553,1.677296
929,10.802325581395348,1878.0,-6.83447265625,21.350962,-1.192034
930,10.813953488372093,1874.0,-10.83447265625,18.001104,-3.966246
931,10.825581395348838,1872.0,-12.83447265625,13.320732,-6.134663
932,10.837209302325581,1884.0,-0.83447265625,8.004997,-7.337758
933,10.848837209302326,1887.0,2.16552734375,2.657791,-7.465382
934,10.86046511627907,1893.0,8.16552734375,-2.36684,-6.638169
935,10.872093023255813,1883.0,-1.83447265625,-6.924182,-5.179082
936,10.88372093023256,1895.0,10.16552734375,-10.941892,-3.354947
937,10.895348837209303,1888.0,3.16552734375,-14.342005,-1.410004
938,10.906976744186046,1879.0,-5.83447265625,-16.93557,0.563429
939,10.91860465116279,1890.0,5.16552734375,-18.427137,2.517284
940,10.930232558139535,1877.0,-7.83447265625,-18.494598,4.411652
941,10.941860465116278,1884.0,-0.83447265625,-16.888821,6.129774
942,10.953488372093023,1875.0,-9.83447265625,-13.507085,7.52307
943,10.965116279069768,1873.0,-11.83447265625,-8.55635,8.355664
944,10.976744186046512,1873.0,-11.83447265625,-2.507463,8.44066
945,10.988372093023255,1879.0,-5.83447265625,3.882007,7.636168
946,11.0,1877.0,-7.83447265625,9.695542,5.889107
947,11.011627906976745,1874.0,-10.83447265625,14.008186,3.224068
948,11.023255813953488,1873.0,-11.83447265625,16.154999,-0.180576
949,11.034883720930234,1872.0,-12.83447265625,15.924503,-3.973309
950,11.046511627906977,1887.0,2.16552734375,13.657345,-7.603424
951,11.05813953488372,1873.0,-11.83447265625,10.169205,-10.404657
952,11.069767441860463,1885.0,0.16552734375,6.492435,-11.699832
953,11.08139534883721,1883.0,-1.83447265625,3.523826,-11.086415
954,11.093023255813954,1886.0,1.16552734375,1.675019,-8.575063
955,11.104651162790697,1888.0,3.16552734375,0.782745,-4.706049
956,11.116279069767442,1889.0,4.16552734375,0.153823,-0.435153
957,11.127906976744185,1893.0,8.16552734375,-0.968505,3.202998
958,11.13953488372093,1891.0,6.16552734375,-3.076769,5.44532
959,11.151162790697676,1891.0,6.16552734375,-6.037891,6.087384
960,11.162790697674419,1890.0,5.16552734375,-9.128124,5.541677
961,11.174418604651162,1888.0,3.16552734375,-11.302356,4.60745
962,11.186046511627907,1898.0,13.16552734375,-11.644626,4.102069
963,11.19767441860465,1895.0,10.16552734375,-9.858304,4.396065
964,11.209302325581396,1894.0,9.16552734375,-6.346438,5.319507
965,11.220930232558139,1887.0,2.16552734375,-2.150897,6.165549
966,11.232558139534884,1894.0,9.16552734375,1.57233,6.136651
967,11.244186046511627,1891.0,6.16552734375,3.922057,4.662577
968,11.25581395348837,1897.0,12.16552734375,4.667398,1.791967
969,11.267441860465118,1895.0,10.16552734375,4.183331,-1.86525
970,11.279069767441861,1891.0,6.16552734375,3.243875,-5.354129
971,11.290697674418604,1891.0,6.16552734375,2.578102,-7.786815
972,11.30232558139535,1888.0,3.16552734375,2.541628,-8.692818
973,11.313953488372093,1894.0,9.16552734375,3.006023,-8.167545
974,11.325581395348836,1893.0,8.16552734375,3.48919,-6.702864
975,11.337209302325583,1902.0,17.16552734375,3.533514,-4.885376
976,11.348837209302326,1894.0,9.16552734375,2.885883,-3.140187
977,11.36046511627907,1893.0,8.16552734375,1.760637,-1.509626
978,11.372093023255815,1903.0,18.16552734375,0.601817,0.182899
979,11.383720930232558,1902.0,17.16552734375,-0.083998,2.119879
980,11.395348837209301,1907.0,22.16552734375,-0.073085,4.248633
981,11.406976744186046,1901.0,16.16552734375,0.475559,6.1766
982,11.418604651162791,1911.0,26.16552734375,1.10253,7.34317
983,11.430232558139535,1909.0,24.16552734375,1.266525,7.278084
984,11.441860465116278,1918.0,33.16552734375,0.642608,5.873962
985,11.453488372093023,1913.0,28.16552734375,-0.757481,3.490938
986,11.465116279069768,1898.0,13.16552734375,-2.549046,0.851842
987,11.476744186046512,1916.0,31.16552734375,-4.187485,-1.264861
988,11.488372093023257,1910.0,25.16552734375,-5.209469,-2.429288
989,11.5,1905.0,20.16552734375,-5.452139,-2.653126
990,11.511627906976743,1901.0,16.16552734375,-5.002464,-2.374264
991,11.523255813953488,1904.0,19.16552734375,-4.160793,-2.15942
992,11.534883720930234,1892.0,7.16552734375,-3.169754,-2.388849
993,11.546511627906977,1897.0,12.16552734375,-2.110052,-2.979063
994,11.55813953488372,1893.0,8.16552734375,-0.911959,-3.518654
995,11.569767441860465,1888.0,3.16552734375,0.615657,-3.382553
996,11.581395348837209,1895.0,10.16552734375,2.523939,-2.167445
997,11.593023255813954,1883.0,-1.83447265625,4.636364,0.054951
998,11.604651162790699,1888.0,3.16552734375,6.524907,2.7243
999,11.616279069767442,1887.0,2.16552734375,7.670464,4.965087
1000,11.627906976744185,1888.0,3.16552734375,7.644229,5.963674
1001,11.63953488372093,1889.0,4.16552734375,6.37815,5.346914
1002,11.651162790697674,1893.0,8.16552734375,4.138799,3.280482
1003,11.662790697674419,1898.0,13.16552734375,1.508842,0.440719
1004,11.674418604651164,1905.0,20.16552734375,-0.887635,-2.295038
1005,11.686046511627907,1903.0,18.16552734375,-2.598746,-4.192124
1006,11.69767441860465,1920.0,35.16552734375,-3.456751,-4.860057
1007,11.709302325581394,1911.0,26.16552734375,-3.659644,-4.377131
1008,11.72093023255814,1923.0,38.16552734375,-3.518803,-3.077385
1009,11.732558139534884,1919.0,34.16552734375,-3.37819,-1.438646
1010,11.744186046511627,1922.0,37.16552734375,-3.369136,0.171524
1011,11.755813953488373,1922.0,37.16552734375,-3.450672,1.52231
1012,11.767441860465116,1907.0,22.16552734375,-3.41711,2.518693
1013,11.77906976744186,1908.0,23.16552734375,-3.042267,3.142838
1014,11.790697674418606,1909.0,24.16552734375,-2.220416,3.352147
1015,11.80232558139535,1904.0,19.16552734375,-1.048796,3.087513
1016,11.813953488372093,1904.0,19.16552734375,0.267504,2.368735
1017,11.825581395348838,1908.0,23.16552734375,1.457283,1.281608
1018,11.837209302325581,1904.0,19.16552734375,2.302271,0.0505
1019,11.848837209302326,1905.0,20.16552734375,2.712614,-1.064428
1020,11.86046511627907,1904.0,19.16552734375,2.71735,-1.813782
1021,11.872093023255815,1901.0,16.16552734375,2.431835,-2.10911
1022,11.883720930232558,1909.0,24.16552734375,2.000751,-1.986989
1023,11.895348837209301,1906.0,21.16552734375,1.549869,-1.619226
1024,11.906976744186046,1902.0,17.16552734375,1.152648,-1.19541
1025,11.918604651162791,1907.0,22.16552734375,0.892672,-0.787382
1026,11.930232558139535,1919.0,34.16552734375,0.791913,-0.401202
1027,11.94186046511628,1906.0,21.16552734375,0.837663,0.024086
1028,11.953488372093023,1929.0,44.16552734375,1.000953,0.531276
1029,11.965116279069766,1918.0,33.16552734375,1.156973,1.060798
1030,11.976744186046512,1943.0,58.16552734375,1.210126,1.465538
1031,11.988372093023257,1937.0,52.16552734375,1.028237,1.558982
1032,12.0,1927.0,42.16552734375,0.544479,1.205717
1033,12.011627906976743,1936.0,51.16552734375,-0.192278,0.504907
1034,12.023255813953488,1920.0,35.16552734375,-1.056138,-0.304552
1035,12.034883720930232,1920.0,35.16552734375,-1.885589,-0.871905
1036,12.046511627906977,1925.0,40.16552734375,-2.542335,-0.937502
1037,12.058139534883722,1920.0,35.16552734375,-2.98663,-0.465131
1038,12.069767441860465,1909.0,24.16552734375,-3.2457,0.343358
1039,12.081395348837209,1915.0,30.16552734375,-3.357275,1.132651
1040,12.093023255813954,1902.0,17.16552734375,-3.364257,1.513848
1041,12.104651162790697,1910.0,25.16552734375,-3.231759,1.278689
1042,12.116279069767442,1903.0,18.16552734375,-2.871126,0.497029
1043,12.127906976744187,1903.0,18.16552734375,-2.171129,-0.534754
1044,12.13953488372093,1904.0,19.16552734375,-1.077117,-1.397712
1045,12.151162790697674,1901.0,16.16552734375,0.352732,-1.778084
1046,12.162790697674417,1891.0,6.16552734375,1.92862,-1.594499
1047,12.174418604651164,1893.0,8.16552734375,3.411238,-1.018683
1048,12.186046511627907,1895.0,10.16552734375,4.553845,-0.394813
1049,12.19767441860465,1897.0,12.16552734375,5.202073,-0.066518
1050,12.209302325581396,1904.0,19.16552734375,5.329024,-0.200446
1051,12.220930232558139,1895.0,10.16552734375,5.01127,-0.717338
1052,12.232558139534882,1904.0,19.16552734375,4.395983,-1.302938
1053,12.24418604651163,1901.0,16.16552734375,3.609749,-1.564634
1054,12.255813953488373,1904.0,19.16552734375,2.722715,-1.20348
1055,12.267441860465116,1905.0,20.16552734375,1.741843,-0.146523
1056,12.279069767441861,1905.0,20.16552734375,0.650922,1.439126
1057,12.290697674418604,1911.0,26.16552734375,-0.548097,3.199827
1058,12.30232558139535,1904.0,19.16552734375,-1.847563,4.688099
1059,12.313953488372093,1910.0,25.16552734375,-3.185214,5.518515
1060,12.325581395348838,1904.0,19.16552734375,-4.514789,5.408751
1061,12.337209302325581,1905.0,20.16552734375,-5.778538,4.262508
1062,12.348837209302324,1898.0,13.16552734375,-6.887819,2.188123
1063,12.36046511627907,1899.0,14.16552734375,-7.697462,-0.520671
1064,12.372093023255815,1890.0,5.16552734375,-7.994202,-3.390131
1065,12.383720930232558,1898.0,13.16552734375,-7.532222,-5.867407
1066,12.395348837209303,1891.0,6.16552734375,-6.09327,-7.391353
1067,12.406976744186046,1894.0,9.16552734375,-3.592538,-7.532902
1068,12.41860465116279,1894.0,9.16552734375,-0.203542,-6.194597
1069,12.430232558139537,1890.0,5.16552734375,3.667895,-3.62229
1070,12.44186046511628,1888.0,3.16552734375,7.383618,-0.459831
1071,12.453488372093023,1898.0,13.16552734375,10.271725,2.474246
1072,12.465116279069766,1896.0,11.16552734375,11.742703,4.373821
1073,12.476744186046512,1893.0,8.16552734375,11.499789,4.747624
1074,12.488372093023255,1909.0,24.16552734375,9.629647,3.641282
1075,12.5,1906.0,21.16552734375,6.559795,1.564243
1076,12.511627906976745,1904.0,19.16552734375,2.971552,-0.593773
1077,12.523255813953488,1901.0,16.16552734375,-0.393386,-1.959198
1078,12.534883720930232,1908.0,23.16552734375,-2.915488,-1.931536
1079,12.546511627906977,1904.0,19.16552734375,-4.287135,-0.485186
1080,12.558139534883722,1904.0,19.16552734375,-4.5151,1.908153
1081,12.569767441860465,1911.0,26.16552734375,-3.973256,4.345433
1082,12.58139534883721,1889.0,4.16552734375,-3.233777,5.900758
1083,12.593023255813954,1891.0,6.16552734375,-2.851835,5.955601
1084,12.604651162790697,1890.0,5.16552734375,-3.206919,4.382787
1085,12.61627906976744,1891.0,6.16552734375,-4.338853,1.596679
1086,12.627906976744187,1890.0,5.16552734375,-5.918752,-1.640727
1087,12.63953488372093,1883.0,-1.83447265625,-7.330512,-4.468194
1088,12.651162790697674,1887.0,2.16552734375,-7.868818,-6.235678
1089,12.662790697674419,1887.0,2.16552734375,-7.000683,-6.678654
1090,12.674418604651162,1899.0,14.16552734375,-4.551973,-5.936261
1091,12.686046511627906,1892.0,7.16552734375,-0.839773,-4.450252
1092,12.697674418604652,1902.0,17.16552734375,3.463324,-2.689348
1093,12.709302325581396,1904.0,19.16552734375,7.446815,-1.066031
1094,12.720930232558139,1905.0,20.16552734375,10.25896,0.216764
1095,12.732558139534884,1904.0,19.16552734375,11.322722,1.08931
1096,12.744186046511627,1907.0,22.16552734375,10.520405,1.642394
1097,12.755813953488373,1904.0,19.16552734375,8.165504,1.936207
1098,12.767441860465116,1907.0,22.16552734375,4.927429,2.06556
1099,12.779069767441861,1906.0,21.16552734375,1.596277,2.094763
1100,12.790697674418604,1903.0,18.16552734375,-1.133244,2.10553
1101,12.802325581395348,1899.0,14.16552734375,-2.832463,2.195816
1102,12.813953488372093,1901.0,16.16552734375,-3.435711,2.432801
1103,12.825581395348838,1901.0,16.16552734375,-3.205822,2.788058
1104,12.837209302325581,1890.0,5.16552734375,-2.630808,3.092582
1105,12.848837209302326,1901.0,16.16552734375,-2.179114,3.14087
1106,12.86046511627907,1894.0,9.16552734375,-2.20863,2.659632
1107,12.872093023255813,1898.0,13.16552734375,-2.787365,1.552777
1108,12.88372093023256,1904.0,19.16552734375,-3.692871,-0.070999
1109,12.895348837209303,1898.0,13.16552734375,-4.545634,-1.879935
1110,12.906976744186046,1897.0,12.16552734375,-4.933569,-3.454485
1111,12.918604651162791,1894.0,9.16552734375,-4.628274,-4.452791
1112,12.930232558139535,1901.0,16.16552734375,-3.62417,-4.749288
1113,12.941860465116278,1895.0,10.16552734375,-2.175302,-4.493541
1114,12.953488372093023,1902.0,17.16552734375,-0.60192,-3.957886
1115,12.965116279069768,1904.0,19.16552734375,0.816907,-3.441854
1116,12.976744186046512,1898.0,13.16552734375,1.942221,-3.064003
1117,12.988372093023255,1903.0,18.16552734375,2.876829,-2.666385
1118,13.0,1897.0,12.16552734375,3.780381,-1.944254
1119,13.011627906976745,1905.0,20.16552734375,4.767003,-0.650517
1120,13.023255813953488,1888.0,3.16552734375,5.740219,1.253551
1121,13.034883720930234,1899.0,14.16552734375,6.465883,3.526871
1122,13.046511627906977,1892.0,7.16552734375,6.5672,5.678671
1123,13.05813953488372,1889.0,4.16552734375,5.789366,7.180302
1124,13.069767441860465,1891.0,6.16552734375,4.110407,7.703393
1125,13.08139534883721,1886.0,1.16552734375,1.771715,7.167584
1126,13.093023255813954,1878.0,-6.83447265625,-0.766102,5.801347
1127,13.104651162790697,1887.0,2.16552734375,-3.039336,3.932064
1128,13.116279069767442,1881.0,-3.83447265625,-4.751694,1.841269
1129,13.127906976744185,1872.0,-12.83447265625,-5.844354,-0.331229
1130,13.13953488372093,1892.0,7.16552734375,-6.42888,-2.55765
1131,13.151162790697676,1887.0,2.16552734375,-6.708993,-4.824162
1132,13.162790697674419,1879.0,-5.83447265625,-6.766391,-7.002259
1133,13.174418604651162,1889.0,4.16552734375,-6.491914,-8.742863
1134,13.186046511627907,1890.0,5.16552734375,-5.665545,-9.635163
1135,13.19767441860465,1904.0,19.16552734375,-4.09697,-9.344473
1136,13.209302325581396,1898.0,13.16552734375,-1.766884,-7.776527
1137,13.22093023255814,1891.0,6.16552734375,1.071678,-5.166456
1138,13.232558139534884,1901.0,16.16552734375,4.001309,-1.939885
1139,13.244186046511627,1903.0,18.16552734375,6.514273,1.377069
1140,13.25581395348837,1902.0,17.16552734375,8.225327,4.384702
1141,13.267441860465116,1894.0,9.16552734375,8.968648,6.874218
1142,13.279069767441861,1895.0,10.16552734375,8.769391,8.793889
1143,13.290697674418604,1887.0,2.16552734375,7.755428,10.065615
1144,13.30232558139535,1887.0,2.16552734375,6.064241,10.545707
1145,13.313953488372093,1889.0,4.16552734375,3.763689,9.942801
1146,13.325581395348836,1888.0,3.16552734375,0.908372,8.02676
1147,13.337209302325583,1887.0,2.16552734375,-2.336131,4.788354
1148,13.348837209302326,1889.0,4.16552734375,-5.621307,0.623521
1149,13.36046511627907,1878.0,-6.83447265625,-8.421814,-3.738612
1150,13.372093023255815,1879.0,-5.83447265625,-10.142463,-7.395105
1151,13.383720930232558,1879.0,-5.83447265625,-10.363966,-9.620174
1152,13.395348837209301,1883.0,-1.83447265625,-8.989411,-10.12971
1153,13.406976744186046,1889.0,4.16552734375,-6.334574,-9.171215
1154,13.418604651162791,1884.0,-0.83447265625,-3.032826,-7.404857
1155,13.430232558139535,1875.0,-9.83447265625,0.215595,-5.518398
1156,13.441860465116278,1885.0,0.16552734375,2.914662,-3.930321
1157,13.453488372093023,1890.0,5.16552734375,4.808638,-2.661738
1158,13.465116279069768,1886.0,1.16552734375,5.973019,-1.393445
1159,13.476744186046512,1879.0,-5.83447265625,6.574321,0.25186
1160,13.488372093023257,1889.0,4.16552734375,6.790348,2.450746
1161,13.5,1890.0,5.16552734375,6.597099,4.936076
1162,13.511627906976743,1897.0,12.16552734375,5.826711,7.088221
1163,13.523255813953488,1893.0,8.16552734375,4.343454,8.25652
1164,13.534883720930234,1895.0,10.16552734375,2.181875,8.047314
1165,13.546511627906977,1894.0,9.16552734375,-0.348239,6.55035
1166,13.55813953488372,1885.0,0.16552734375,-2.721064,4.352621
1167,13.569767441860465,1882.0,-2.83447265625,-4.396646,2.20686
1168,13.581395348837209,1873.0,-11.83447265625,-5.087335,0.686747
1169,13.593023255813954,1887.0,2.16552734375,-4.826274,-0.051313
1170,13.604651162790699,1862.0,-22.83447265625,-4.048218,-0.394328
1171,13.616279069767442,1867.0,-17.83447265625,-3.239918,-0.90169
1172,13.627906976744185,1863.0,-21.83447265625,-2.797283,-2.053385
1173,13.63953488372093,1856.0,-28.83447265625,-2.786168,-3.915148
1174,13.651162790697674,1857.0,-27.83447265625,-2.924107,-6.057849
1175,13.662790697674419,1857.0,-27.83447265625,-2.761829,-7.755673
1176,13.674418604651164,1871.0,-13.83447265625,-1.937312,-8.347172
1177,13.686046511627907,1859.0,-25.83447265625,-0.396427,-7.531819
1178,13.69767441860465,1884.0,-0.83447265625,1.62074,-5.483249
1179,13.709302325581394,1874.0,-10.83447265625,3.602615,-2.769954
1180,13.72093023255814,1888.0,3.16552734375,5.102174,-0.025276
1181,13.732558139534884,1876.0,-8.83447265625,5.820474,2.286473
1182,13.744186046511627,1899.0,14.16552734375,5.804963,4.049735
1183,13.755813953488373,1890.0,5.16552734375,5.246731,5.377332
1184,13.767441860465116,1898.0,13.16552734375,4.414483,6.428821
1185,13.77906976744186,1898.0,13.16552734375,3.444158,7.189323
1186,13.790697674418606,1894.0,9.16552734375,2.308692,7.409975
1187,13.80232558139535,1904.0,19.16552734375,0.920399,6.735148
1188,13.813953488372093,1894.0,9.16552734375,-0.800779,4.916809
1189,13.825581395348838,1903.0,18.16552734375,-2.731714,2.058309
1190,13.837209302325581,1882.0,-2.83447265625,-4.632156,-1.345895
1191,13.848837209302324,1891.0,6.16552734375,-6.140197,-4.543409
1192,13.86046511627907,1873.0,-11.83447265625,-7.015401,-6.79114
1193,13.872093023255815,1873.0,-11.83447265625,-7.134062,-7.618457
1194,13.883720930232558,1867.0,-17.83447265625,-6.567142,-6.985252
1195,13.895348837209301,1866.0,-18.83447265625,-5.428174,-5.178928
1196,13.906976744186046,1855.0,-29.83447265625,-3.835567,-2.744387
1197,13.918604651162791,1851.0,-33.83447265625,-1.83101,-0.199162
1198,13.930232558139535,1859.0,-25.83447265625,0.542084,2.004223
1199,13.94186046511628,1858.0,-26.83447265625,3.106151,3.569424
1200,13.953488372093023,1863.0,-21.83447265625,5.508089,4.254175
1201,13.965116279069766,1861.0,-23.83447265625,7.276127,3.984937
1202,13.976744186046512,1883.0,-1.83447265625,7.993498,2.795061
1203,13.988372093023257,1887.0,2.16552734375,7.44782,0.937066
1204,14.0,1891.0,6.16552734375,5.846888,-1.108974
1205,14.011627906976743,1897.0,12.16552734375,3.721491,-2.714603
1206,14.023255813953488,1909.0,24.16552734375,1.72341,-3.371226
1207,14.034883720930232,1900.0,15.16552734375,0.310575,-2.894391
1208,14.046511627906977,1907.0,22.16552734375,-0.386772,-1.501094
1209,14.058139534883722,1906.0,21.16552734375,-0.646186,0.19825
1210,14.069767441860465,1897.0,12.16552734375,-0.934741,1.535752
1211,14.081395348837209,1904.0,19.16552734375,-1.578086,2.080955
1212,14.093023255813954,1885.0,0.16552734375,-2.65487,1.823404
1213,14.104651162790697,1886.0,1.16552734375,-3.852264,1.19092
1214,14.116279069767442,1866.0,-18.83447265625,-4.731972,0.775779
1215,14.127906976744187,1876.0,-8.83447265625,-4.942416,0.973785
1216,14.13953488372093,1861.0,-23.83447265625,-4.506208,1.702906
1217,14.151162790697674,1856.0,-28.83447265625,-3.777199,2.433725
1218,14.162790697674417,1855.0,-29.83447265625,-3.236859,2.463291
1219,14.174418604651164,1866.0,-18.83447265625,-3.197788,1.309546
1220,14.186046511627907,1856.0,-28.83447265625,-3.57031,-0.959332
1221,14.19767441860465,1856.0,-28.83447265625,-3.85867,-3.682298
1222,14.209302325581396,1872.0,-12.83447265625,-3.37423,-5.859623
1223,14.220930232558139,1859.0,-25.83447265625,-1.652949,-6.650441
1224,14.232558139534882,1886.0,1.16552734375,1.339591,-5.697978
1225,14.24418604651163,1872.0,-12.83447265625,5.033519,-3.36064
1226,14.255813953488373,1881.0,-3.83447265625,8.571568,-0.445561
1227,14.267441860465116,1887.0,2.16552734375,11.08543,2.1327
1228,14.279069767441861,1895.0,10.16552734375,12.061369,3.765686
1229,14.290697674418604,1893.0,8.16552734375,11.458942,4.348011
1230,14.30232558139535,1888.0,3.16552734375,9.624758,4.185589
1231,14.313953488372093,1892.0,7.16552734375,7.034566,3.714833
1232,14.325581395348838,1897.0,12.16552734375,4.040121,3.215621
1233,14.337209302325581,1898.0,13.16552734375,0.775738,2.643898
1234,14.348837209302324,1886.0,1.16552734375,-2.775017,1.744801
1235,14.36046511627907,1891.0,6.16552734375,-6.489041,0.3592
1236,14.372093023255815,1872.0,-12.83447265625,-10.03709,-1.382789
1237,14.383720930232558,1878.0,-6.83447265625,-12.800039,-2.978027
1238,14.395348837209303,1873.0,-11.83447265625,-14.129249,-3.748755
1239,14.406976744186046,1871.0,-13.83447265625,-13.63254,-3.225788
1240,14.41860465116279,1856.0,-28.83447265625,-11.403355,-1.454014
1241,14.430232558139535,1862.0,-22.83447265625,-8.013885,0.942139
1242,14.44186046511628,1849.0,-35.83447265625,-4.321286,2.927661
1243,14.453488372093023,1861.0,-23.83447265625,-1.089064,3.539512
1244,14.465116279069768,1866.0,-18.83447265625,1.297888,2.302627
1245,14.476744186046512,1870.0,-14.83447265625,2.957463,-0.512236
1246,14.488372093023255,1873.0,-11.83447265625,4.345388,-3.991953
1247,14.5,1872.0,-12.83447265625,5.969788,-6.912526
1248,14.511627906976745,1872.0,-12.83447265625,8.050003,-8.250439
1249,14.523255813953488,1872.0,-12.83447265625,10.404371,-7.524893
1250,14.534883720930232,1877.0,-7.83447265625,12.464856,-4.972774
1251,14.546511627906977,1878.0,-6.83447265625,13.591304,-1.332252
1252,14.55813953488372,1881.0,-3.83447265625,13.321489,2.471125
1253,14.569767441860465,1882.0,-2.83447265625,11.550954,5.643851
1254,14.58139534883721,1884.0,-0.83447265625,8.534431,7.763409
1255,14.593023255813954,1878.0,-6.83447265625,4.700583,8.730606
1256,14.604651162790697,1876.0,-8.83447265625,0.452872,8.681451
1257,14.616279069767442,1873.0,-11.83447265625,-3.922894,7.775407
1258,14.627906976744187,1872.0,-12.83447265625,-8.26101,6.156712
1259,14.63953488372093,1870.0,-14.83447265625,-12.403233,3.872086
1260,14.651162790697674,1872.0,-12.83447265625,-15.992644,1.080529
1261,14.662790697674419,1868.0,-16.83447265625,-18.505228,-1.953526
1262,14.674418604651162,1870.0,-14.83447265625,-19.350906,-4.82324
1263,14.686046511627906,1872.0,-12.83447265625,-18.071735,-7.049265
1264,14.697674418604652,1877.0,-7.83447265625,-14.588097,-8.260057
1265,14.709302325581396,1870.0,-14.83447265625,-9.272781,-8.285378
1266,14.720930232558139,1872.0,-12.83447265625,-2.889253,-7.247425
1267,14.732558139534884,1872.0,-12.83447265625,3.604704,-5.508443
1268,14.744186046511627,1874.0,-10.83447265625,9.366965,-3.52192
1269,14.755813953488373,1872.0,-12.83447265625,13.838607,-1.66027
1270,14.767441860465118,1885.0,0.16552734375,16.81435,-0.133707
1271,14.779069767441861,1872.0,-12.83447265625,18.292587,1.006199
1272,14.790697674418604,1891.0,6.16552734375,18.409637,1.899347
1273,14.802325581395348,1883.0,-1.83447265625,17.203648,2.643357
1274,14.813953488372093,1880.0,-4.83447265625,14.675436,3.316665
1275,14.825581395348838,1888.0,3.16552734375,10.856401,3.861434
1276,14.837209302325581,1875.0,-9.83447265625,5.911541,4.163665
1277,14.848837209302326,1877.0,-7.83447265625,0.282282,4.094111
1278,14.86046511627907,1872.0,-12.83447265625,-5.360455,3.649491
1279,14.872093023255813,1874.0,-10.83447265625,-10.262383,2.912289
1280,14.88372093023256,1872.0,-12.83447265625,-13.784379,2.095379
1281,14.895348837209303,1869.0,-15.83447265625,-15.585275,1.421424
1282,14.906976744186046,1858.0,-26.83447265625,-15.69562,1.040216
1283,14.918604651162791,1865.0,-19.83447265625,-14.42211,0.969494
1284,14.930232558139535,1883.0,-1.83447265625,-12.223446,1.013813
1285,14.941860465116278,1871.0,-13.83447265625,-9.558976,0.860469
1286,14.953488372093023,1884.0,-0.83447265625,-6.664202,0.223933
1287,14.965116279069768,1887.0,2.16552734375,-3.626512,-1.037155
1288,14.976744186046512,1889.0,4.16552734375,-0.459947,-2.868369
1289,14.988372093023255,1893.0,8.16552734375,2.752201,-4.982883
1290,15.0,1893.0,8.16552734375,5.809107,-6.938701
1291,15.011627906976745,1898.0,13.16552734375,8.39882,-8.246547
1292,15.023255813953488,1895.0,10.16552734375,10.218968,-8.522119
1293,15.034883720930234,1892.0,7.16552734375,11.104916,-7.564262
1294,15.046511627906977,1890.0,5.16552734375,11.118225,-5.379948
1295,15.05813953488372,1889.0,4.16552734375,10.501223,-2.209296
1296,15.069767441860465,1885.0,0.16552734375,9.513478,1.514247
1297,15.08139534883721,1886.0,1.16552734375,8.285734,5.210088
1298,15.093023255813954,1872.0,-12.83447265625,6.677716,8.222508
1299,15.104651162790697,1873.0,-11.83447265625,4.435381,10.003627
1300,15.116279069767442,1857.0,-27.83447265625,1.252548,10.146917
1301,15.127906976744185,1862.0,-22.83447265625,-2.848485,8.603857
1302,15.139534883720929,1856.0,-28.83447265625,-7.428062,5.73762
1303,15.151162790697676,1857.0,-27.83447265625,-11.627189,2.25323
1304,15.162790697674419,1842.0,-42.83447265625,-14.432877,-0.96258
1305,15.174418604651162,1854.0,-30.83447265625,-15.034185,-3.113823
1306,15.186046511627907,1847.0,-37.83447265625,-13.196397,-3.830005
1307,15.19767441860465,1841.0,-43.83447265625,-9.426603,-3.281713
1308,15.209302325581396,1856.0,-28.83447265625,-4.723866,-2.114263
1309,15.22093023255814,1851.0,-33.83447265625,-0.32092,-1.186893
1310,15.232558139534884,1861.0,-23.83447265625,2.911723,-1.17588
1311,15.244186046511627,1857.0,-27.83447265625,4.662206,-2.241857
1312,15.25581395348837,1872.0,-12.83447265625,5.337531,-3.948305
1313,15.267441860465116,1862.0,-22.83447265625,5.646368,-5.436442
1314,15.279069767441861,1874.0,-10.83447265625,6.271865,-5.855736
1315,15.290697674418604,1871.0,-13.83447265625,7.407888,-4.760325
1316,15.30232558139535,1875.0,-9.83447265625,8.662856,-2.385127
1317,15.313953488372093,1877.0,-7.83447265625,9.26965,0.481492
1318,15.325581395348836,1873.0,-11.83447265625,8.456249,2.82559
1319,15.337209302325583,1872.0,-12.83447265625,5.947608,3.887173
1320,15.348837209302326,1867.0,-17.83447265625,2.09528,3.54226
1321,15.36046511627907,1863.0,-21.83447265625,-2.13857,2.316835
1322,15.372093023255815,1840.0,-44.83447265625,-5.656958,1.152007
1323,15.383720930232558,1859.0,-25.83447265625,-7.602015,0.909084
1324,15.395348837209301,1840.0,-44.83447265625,-7.815287,1.880839
1325,15.406976744186046,1840.0,-44.83447265625,-6.751713,3.668569
1326,15.418604651162791,1842.0,-42.83447265625,-5.277664,5.334241
1327,15.430232558139535,1843.0,-41.83447265625,-4.209669,5.856011
1328,15.441860465116278,1840.0,-44.83447265625,-3.90868,4.627419
1329,15.453488372093023,1847.0,-37.83447265625,-4.152846,1.810174
1330,15.465116279069768,1853.0,-31.83447265625,-4.29476,-1.812975
1331,15.476744186046512,1851.0,-33.83447265625,-3.649175,-5.088817
1332,15.488372093023257,1860.0,-24.83447265625,-1.794424,-7.078887
1333,15.5,1864.0,-20.83447265625,1.154153,-7.337782
1334,15.511627906976743,1879.0,-5.83447265625,4.624134,-6.172917
1335,15.523255813953488,1869.0,-15.83447265625,7.803371,-4.292925
1336,15.534883720930234,1898.0,13.16552734375,10.045846,-2.446898
1337,15.546511627906977,1885.0,0.16552734375,10.937266,-1.106175
1338,15.55813953488372,1904.0,19.16552734375,10.483836,-0.222266
1339,15.569767441860465,1886.0,1.16552734375,8.870977,0.536447
1340,15.581395348837209,1893.0,8.16552734375,6.364179,1.588686
1341,15.593023255813954,1893.0,8.16552734375,3.18035,3.038454
1342,15.604651162790699,1878.0,-6.83447265625,-0.538174,4.588042
1343,15.616279069767442,1888.0,3.16552734375,-4.515387,5.650069
1344,15.627906976744185,1866.0,-18.83447265625,-8.368806,5.646748
1345,15.63953488372093,1873.0,-11.83447265625,-11.451331,4.360966
1346,15.651162790697674,1851.0,-33.83447265625,-13.148812,2.060869
1347,15.662790697674417,1863.0,-21.83447265625,-13.005364,-0.572593
1348,15.674418604651162,1858.0,-26.83447265625,-11.021011,-2.733744
1349,15.686046511627906,1856.0,-28.83447265625,-7.626665,-3.826117
1350,15.697674418604652,1856.0,-28.83447265625,-3.606025,-3.720006
1351,15.709302325581396,1856.0,-28.83447265625,0.201865,-2.72249
1352,15.72093023255814,1873.0,-11.83447265625,3.243366,-1.398043
1353,15.732558139534884,1864.0,-20.83447265625,5.289453,-0.305656
1354,15.744186046511627,1875.0,-9.83447265625,6.573325,0.266188
1355,15.755813953488373,1875.0,-9.83447265625,7.431,0.350165
1356,15.767441860465116,1899.0,14.16552734375,8.159189,0.159179
1357,15.77906976744186,1877.0,-7.83447265625,8.756969,-0.072499
1358,15.790697674418604,1914.0,29.16552734375,9.059175,-0.188907
1359,15.802325581395348,1906.0,21.16552734375,8.718249,-0.25875
1360,15.813953488372091,1902.0,17.16552734375,7.514581,-0.409555
1361,15.82558139534884,1909.0,24.16552734375,5.481082,-0.711013
1362,15.837209302325583,1899.0,14.16552734375,2.877523,-1.06659
1363,15.848837209302326,1909.0,24.16552734375,0.110779,-1.261734
1364,15.86046511627907,1879.0,-5.83447265625,-2.532652,-1.074437
1365,15.872093023255815,1891.0,6.16552734375,-4.845558,-0.396398
1366,15.883720930232558,1867.0,-17.83447265625,-6.869127,0.677557
1367,15.895348837209301,1872.0,-12.83447265625,-8.61617,1.85376
1368,15.906976744186046,1856.0,-28.83447265625,-10.053134,2.787804
1369,15.91860465116279,1859.0,-25.83447265625,-10.95582,3.21239
1370,15.930232558139533,1859.0,-25.83447265625,-11.051624,3.005828
1371,15.941860465116278,1855.0,-29.83447265625,-10.100935,2.274096
1372,15.953488372093025,1862.0,-22.83447265625,-8.093754,1.186028
1373,15.965116279069768,1856.0,-28.83447265625,-5.273637,-0.027776
1374,15.976744186046513,1870.0,-14.83447265625,-2.038937,-1.195208
1375,15.988372093023257,1859.0,-25.83447265625,1.181956,-2.169602
1376,16.0,1877.0,-7.83447265625,4.167954,-2.836404
1377,16.011627906976745,1873.0,-11.83447265625,6.875792,-3.07082
1378,16.023255813953487,1884.0,-0.83447265625,9.40946,-2.796856
1379,16.03488372093023,1893.0,8.16552734375,11.78461,-2.008687
1380,16.046511627906977,1901.0,16.16552734375,13.784679,-0.880152
1381,16.05813953488372,1898.0,13.16552734375,14.918356,0.252007
1382,16.069767441860463,1889.0,4.16552734375,14.597286,1.008968
1383,16.081395348837212,1903.0,18.16552734375,12.424311,1.12268
1384,16.093023255813954,1889.0,4.16552734375,8.40197,0.579642
1385,16.1046511627907,1890.0,5.16552734375,3.080491,-0.358469
1386,16.116279069767444,1873.0,-11.83447265625,-2.616658,-1.173265
1387,16.127906976744185,1884.0,-0.83447265625,-7.656105,-1.375002
1388,16.13953488372093,1866.0,-18.83447265625,-11.314026,-0.690617
1389,16.151162790697676,1868.0,-16.83447265625,-13.328971,0.75983
1390,16.162790697674417,1862.0,-22.83447265625,-13.943504,2.506363
1391,16.174418604651162,1872.0,-12.83447265625,-13.668068,3.892588
1392,16.186046511627907,1870.0,-14.83447265625,-12.992977,4.309631
1393,16.19767441860465,1858.0,-26.83447265625,-12.120444,3.507281
1394,16.209302325581397,1863.0,-21.83447265625,-10.86567,1.660361
1395,16.220930232558143,1857.0,-27.83447265625,-8.858307,-0.68157
1396,16.232558139534884,1869.0,-15.83447265625,-5.736809,-2.826171
1397,16.24418604651163,1872.0,-12.83447265625,-1.442748,-4.145656
1398,16.25581395348837,1870.0,-14.83447265625,3.696598,-4.363733
1399,16.267441860465116,1872.0,-12.83447265625,9.016713,-3.537522
1400,16.27906976744186,1872.0,-12.83447265625,13.741589,-2.041134
1401,16.290697674418603,1879.0,-5.83447265625,17.150114,-0.417822
1402,16.302325581395348,1870.0,-14.83447265625,18.803417,0.855431
1403,16.313953488372093,1869.0,-15.83447265625,18.567327,1.474085
1404,16.325581395348834,1873.0,-11.83447265625,16.56151,1.419603
1405,16.337209302325583,1873.0,-11.83447265625,13.090126,0.882692
1406,16.348837209302328,1875.0,-9.83447265625,8.523471,0.211442
1407,16.36046511627907,1873.0,-11.83447265625,3.292465,-0.253129
1408,16.372093023255815,1871.0,-13.83447265625,-2.137129,-0.242648
1409,16.38372093023256,1872.0,-12.83447265625,-7.261986,0.327071
1410,16.3953488372093,1872.0,-12.83447265625,-11.603867,1.335568
1411,16.406976744186046,1870.0,-14.83447265625,-14.779434,2.510504
1412,16.41860465116279,1864.0,-20.83447265625,-16.600357,3.429995
1413,16.430232558139533,1872.0,-12.83447265625,-17.065386,3.739618
1414,16.441860465116278,1872.0,-12.83447265625,-16.325077,3.150652
1415,16.453488372093023,1872.0,-12.83447265625,-14.633103,1.59866
1416,16.46511627906977,1870.0,-14.83447265625,-12.177131,-0.738905
1417,16.476744186046513,1869.0,-15.83447265625,-9.036607,-3.407393
1418,16.48837209302326,1872.0,-12.83447265625,-5.193418,-5.814161
1419,16.5,1865.0,-19.83447265625,-0.630796,-7.330103
1420,16.511627906976745,1859.0,-25.83447265625,4.543172,-7.499887
1421,16.52325581395349,1856.0,-28.83447265625,9.999061,-6.158811
1422,16.53488372093023,1861.0,-23.83447265625,15.148623,-3.530955
1423,16.546511627906977,1854.0,-30.83447265625,19.216372,-0.227739
1424,16.558139534883722,1851.0,-33.83447265625,21.441475,2.957264
1425,16.569767441860463,1856.0,-28.83447265625,21.280031,5.254862
1426,16.58139534883721,1871.0,-13.83447265625,18.567188,6.198069
1427,16.59302325581395,1861.0,-23.83447265625,13.594296,5.716324
1428,16.6046511627907,1878.0,-6.83447265625,7.096299,4.241668
1429,16.616279069767444,1872.0,-12.83447265625,0.06987,2.472223
1430,16.627906976744185,1885.0,0.16552734375,-6.437947,1.17523
1431,16.63953488372093,1874.0,-10.83447265625,-11.578013,0.834544
1432,16.651162790697676,1893.0,8.16552734375,-14.848466,1.512313
1433,16.662790697674417,1895.0,10.16552734375,-16.211649,2.755901
1434,16.674418604651162,1891.0,6.16552734375,-16.033794,3.759346
1435,16.686046511627907,1882.0,-2.83447265625,-14.843938,3.747876
1436,16.69767441860465,1885.0,0.16552734375,-13.13538,2.22891
1437,16.709302325581394,1891.0,6.16552734375,-11.188209,-0.734969
1438,16.72093023255814,1872.0,-12.83447265625,-8.95437,-4.521298
1439,16.732558139534884,1883.0,-1.83447265625,-6.131799,-8.084353
1440,16.74418604651163,1862.0,-22.83447265625,-2.418811,-10.382998
1441,16.755813953488374,1881.0,-3.83447265625,2.272283,-10.661329
1442,16.767441860465116,1857.0,-27.83447265625,7.569795,-8.826723
1443,16.77906976744186,1867.0,-17.83447265625,12.67896,-5.389585
1444,16.790697674418606,1856.0,-28.83447265625,16.543987,-1.36458
1445,16.802325581395348,1856.0,-28.83447265625,18.215569,2.161694
1446,16.813953488372093,1863.0,-21.83447265625,17.205229,4.389926
1447,16.825581395348838,1852.0,-32.83447265625,13.685746,5.066991
1448,16.83720930232558,1865.0,-19.83447265625,8.501197,4.577518
1449,16.848837209302324,1866.0,-18.83447265625,2.847823,3.671185
1450,16.86046511627907,1874.0,-10.83447265625,-2.105847,3.16543
1451,16.872093023255815,1872.0,-12.83447265625,-5.602634,3.531832
1452,16.88372093023256,1888.0,3.16552734375,-7.507125,4.713416
1453,16.8953488372093,1879.0,-5.83447265625,-8.17548,6.165648
1454,16.906976744186046,1887.0,2.16552734375,-8.206043,7.127555
1455,16.91860465116279,1877.0,-7.83447265625,-8.095546,6.93367
1456,16.930232558139533,1885.0,0.16552734375,-7.95918,5.377187
1457,16.941860465116278,1881.0,-3.83447265625,-7.561421,2.720417
1458,16.953488372093023,1877.0,-7.83447265625,-6.497716,-0.416992
1459,16.965116279069765,1877.0,-7.83447265625,-4.485505,-3.332625
1460,16.97674418604651,1872.0,-12.83447265625,-1.619615,-5.573805
1461,16.98837209302326,1869.0,-15.83447265625,1.56963,-7.051249
1462,17.0,1867.0,-17.83447265625,4.312255,-8.009471
1463,17.011627906976745,1867.0,-17.83447265625,5.897822,-8.740807
1464,17.02325581395349,1882.0,-2.83447265625,6.02576,-9.330734
1465,17.03488372093023,1869.0,-15.83447265625,4.83657,-9.575834
1466,17.046511627906977,1872.0,-12.83447265625,2.986687,-8.958035
1467,17.058139534883722,1869.0,-15.83447265625,1.206232,-7.001362
1468,17.069767441860463,1878.0,-6.83447265625,0.090856,-3.527297
1469,17.08139534883721,1877.0,-7.83447265625,-0.245294,1.055493
1470,17.093023255813954,1873.0,-11.83447265625,-0.08762,5.849216
1471,17.104651162790695,1875.0,-9.83447265625,0.072271,9.759552
1472,17.116279069767444,1872.0,-12.83447265625,-0.202043,11.86733
1473,17.12790697674419,1877.0,-7.83447265625,-0.949671,11.842692
1474,17.13953488372093,1877.0,-7.83447265625,-1.848001,10.034445
1475,17.151162790697676,1879.0,-5.83447265625,-2.271819,7.32934
1476,17.16279069767442,1872.0,-12.83447265625,-1.7007,4.741581
1477,17.174418604651162,1883.0,-1.83447265625,0.077081,2.996717
1478,17.186046511627907,1869.0,-15.83447265625,2.704006,2.251172
1479,17.19767441860465,1868.0,-16.83447265625,5.398692,2.079335
1480,17.209302325581394,1860.0,-24.83447265625,7.198029,1.720645
1481,17.22093023255814,1862.0,-22.83447265625,7.34014,0.498924
1482,17.23255813953488,1855.0,-29.83447265625,5.579342,-1.861963
1483,17.24418604651163,1863.0,-21.83447265625,2.250409,-5.060617
1484,17.255813953488374,1862.0,-22.83447265625,-1.844638,-8.411486
1485,17.267441860465116,1865.0,-19.83447265625,-5.751259,-11.04141
1486,17.27906976744186,1867.0,-17.83447265625,-8.626301,-12.27456
1487,17.290697674418606,1859.0,-25.83447265625,-10.087255,-11.870743
1488,17.302325581395348,1872.0,-12.83447265625,-10.076133,-9.974464
1489,17.313953488372093,1862.0,-22.83447265625,-8.898924,-7.034944
1490,17.325581395348838,1873.0,-11.83447265625,-6.934685,-3.567097
1491,17.33720930232558,1875.0,-9.83447265625,-4.492019,0.030964
1492,17.348837209302324,1878.0,-6.83447265625,-1.76453,3.502456
1493,17.36046511627907,1881.0,-3.83447265625,1.174999,6.705413
1494,17.372093023255815,1885.0,0.16552734375,4.158502,9.433098
1495,17.38372093023256,1872.0,-12.83447265625,6.938378,11.36668
1496,17.395348837209305,1877.0,-7.83447265625,9.131248,12.151541
1497,17.406976744186046,1875.0,-9.83447265625,10.362906,11.49321
1498,17.41860465116279,1875.0,-9.83447265625,10.383883,9.386578
1499,17.430232558139537,1869.0,-15.83447265625,9.218228,6.171375
1500,17.441860465116278,1871.0,-13.83447265625,7.172464,2.5203
1501,17.453488372093023,1877.0,-7.83447265625,4.693984,-0.802404
1502,17.46511627906977,1865.0,-19.83447265625,2.202482,-3.227754
1503,17.47674418604651,1870.0,-14.83447265625,-0.071323,-4.554149
1504,17.488372093023255,1862.0,-22.83447265625,-2.131088,-5.042552
1505,17.5,1864.0,-20.83447265625,-4.164138,-5.22324
1506,17.511627906976745,1863.0,-21.83447265625,-6.311333,-5.63069
1507,17.52325581395349,1868.0,-16.83447265625,-8.530555,-6.475637
1508,17.53488372093023,1872.0,-12.83447265625,-10.485758,-7.562553
1509,17.546511627906977,1872.0,-12.83447265625,-11.625444,-8.294823
1510,17.558139534883722,1883.0,-1.83447265625,-11.36904,-7.97046
1511,17.569767441860463,1871.0,-13.83447265625,-9.405307,-6.153322
1512,17.58139534883721,1872.0,-12.83447265625,-5.84102,-2.887433
1513,17.593023255813954,1878.0,-6.83447265625,-1.20022,1.244861
1514,17.604651162790695,1869.0,-15.83447265625,3.647918,5.293849
1515,17.61627906976744,1871.0,-13.83447265625,7.834984,8.290974
1516,17.62790697674419,1860.0,-24.83447265625,10.66312,9.583646
1517,17.63953488372093,1872.0,-12.83447265625,11.876745,9.066928
1518,17.651162790697676,1877.0,-7.83447265625,11.537744,7.137182
1519,17.66279069767442,1872.0,-12.83447265625,9.970045,4.472268
1520,17.674418604651162,1869.0,-15.83447265625,7.55947,1.789856
1521,17.686046511627907,1875.0,-9.83447265625,4.6566,-0.375821
1522,17.697674418604652,1885.0,0.16552734375,1.516103,-1.796549
1523,17.709302325581394,1885.0,0.16552734375,-1.664853,-2.508272
1524,17.72093023255814,1884.0,-0.83447265625,-4.59882,-2.634687
1525,17.732558139534884,1882.0,-2.83447265625,-6.922796,-2.269748
1526,17.744186046511626,1871.0,-13.83447265625,-8.239036,-1.506136
1527,17.755813953488374,1884.0,-0.83447265625,-8.27167,-0.384721
1528,17.76744186046512,1873.0,-11.83447265625,-7.091432,0.817526
1529,17.77906976744186,1872.0,-12.83447265625,-5.099242,1.691622
1530,17.790697674418606,1872.0,-12.83447265625,-2.952466,1.731175
1531,17.802325581395348,1874.0,-10.83447265625,-1.277663,0.593793
1532,17.813953488372093,1865.0,-19.83447265625,-0.425558,-1.701571
1533,17.825581395348838,1862.0,-22.83447265625,-0.259121,-4.634388
1534,17.83720930232558,1859.0,-25.83447265625,-0.219848,-7.240793
1535,17.848837209302324,1865.0,-19.83447265625,0.389053,-8.50159
1536,17.86046511627907,1872.0,-12.83447265625,2.010282,-7.708106
1537,17.87209302325581,1855.0,-29.83447265625,4.515364,-4.850541
1538,17.883720930232556,1857.0,-27.83447265625,7.210135,-0.627903
1539,17.895348837209305,1855.0,-29.83447265625,9.052328,3.7589
1540,17.906976744186046,1872.0,-12.83447265625,9.14221,7.071583
1541,17.91860465116279,1870.0,-14.83447265625,7.126746,8.538898
1542,17.930232558139537,1878.0,-6.83447265625,3.442085,8.09536
1543,17.941860465116278,1873.0,-11.83447265625,-0.842173,6.409551
1544,17.953488372093023,1882.0,-2.83447265625,-4.457686,4.471249
1545,17.96511627906977,1890.0,5.16552734375,-6.498721,3.108547
1546,17.97674418604651,1875.0,-9.83447265625,-6.788868,2.590814
1547,17.988372093023255,1878.0,-6.83447265625,-5.841777,2.595558
1548,18.0,1872.0,-12.83447265625,-4.556317,2.419281
1549,18.01162790697674,1881.0,-3.83447265625,-3.693879,1.400066
1550,18.02325581395349,1872.0,-12.83447265625,-3.51044,-0.709466
1551,18.034883720930235,1879.0,-5.83447265625,-3.62201,-3.557192
1552,18.046511627906977,1869.0,-15.83447265625,-3.301506,-6.359858
1553,18.058139534883722,1870.0,-14.83447265625,-1.932931,-8.28594
1554,18.069767441860467,1866.0,-18.83447265625,0.553377,-8.833177
1555,18.08139534883721,1859.0,-25.83447265625,3.576512,-8.035246
1556,18.093023255813954,1849.0,-35.83447265625,6.172908,-6.324943
1557,18.104651162790695,1863.0,-21.83447265625,7.426332,-4.316896
1558,18.11627906976744,1853.0,-31.83447265625,6.943133,-2.436136
1559,18.127906976744185,1851.0,-33.83447265625,5.037584,-0.769303
1560,18.139534883720927,1853.0,-31.83447265625,2.590252,0.918308
1561,18.151162790697676,1850.0,-34.83447265625,0.528862,2.871446
1562,18.16279069767442,1851.0,-33.83447265625,-0.561415,5.118275
1563,18.174418604651162,1854.0,-30.83447265625,-0.738531,7.326829
1564,18.186046511627907,1854.0,-30.83447265625,-0.598513,8.865358
1565,18.197674418604652,1851.0,-33.83447265625,-0.887905,9.140058
1566,18.209302325581394,1858.0,-26.83447265625,-2.00735,7.892409
1567,18.22093023255814,1856.0,-28.83447265625,-3.737917,5.425683
1568,18.232558139534884,1856.0,-28.83447265625,-5.338426,2.451949
1569,18.244186046511626,1856.0,-28.83447265625,-5.843839,-0.116188
1570,18.25581395348837,1856.0,-28.83447265625,-4.654875,-1.659832
1571,18.267441860465116,1855.0,-29.83447265625,-1.792484,-2.007788
1572,18.27906976744186,1856.0,-28.83447265625,1.942657,-1.594035
1573,18.290697674418606,1857.0,-27.83447265625,5.353396,-1.137282
1574,18.30232558139535,1856.0,-28.83447265625,7.278008,-1.361577
1575,18.313953488372093,1854.0,-30.83447265625,7.077343,-2.619607
1576,18.325581395348838,1858.0,-26.83447265625,4.877203,-4.722401
1577,18.337209302325583,1857.0,-27.83447265625,1.412572,-7.066018
1578,18.348837209302324,1861.0,-23.83447265625,-2.239139,-8.830647
1579,18.36046511627907,1858.0,-26.83447265625,-5.120013,-9.338427
1580,18.372093023255815,1858.0,-26.83447265625,-6.647858,-8.257981
1581,18.383720930232556,1862.0,-22.83447265625,-6.73856,-5.707974
1582,18.3953488372093,1862.0,-22.83447265625,-5.645301,-2.13197
1583,18.406976744186046,1854.0,-30.83447265625,-3.80379,1.82702
1584,18.41860465116279,1866.0,-18.83447265625,-1.575242,5.571859
1585,18.430232558139537,1859.0,-25.83447265625,0.726781,8.568328
1586,18.441860465116278,1858.0,-26.83447265625,2.89631,10.475953
1587,18.453488372093023,1866.0,-18.83447265625,4.717314,11.089018
1588,18.46511627906977,1857.0,-27.83447265625,5.921797,10.320414
1589,18.47674418604651,1855.0,-29.83447265625,6.29572,8.25611
1590,18.488372093023255,1862.0,-22.83447265625,5.766243,5.173676
1591,18.5,1867.0,-17.83447265625,4.489627,1.555706
1592,18.51162790697674,1857.0,-27.83447265625,2.841841,-1.964437
1593,18.523255813953487,1862.0,-22.83447265625,1.305456,-4.714554
1594,18.534883720930235,1853.0,-31.83447265625,0.253744,-6.204377
1595,18.546511627906977,1857.0,-27.83447265625,-0.257427,-6.276801
1596,18.558139534883722,1853.0,-31.83447265625,-0.521814,-5.219268
1597,18.569767441860467,1843.0,-41.83447265625,-1.049079,-3.617149
1598,18.58139534883721,1848.0,-36.83447265625,-2.24463,-2.161867
1599,18.593023255813954,1851.0,-33.83447265625,-4.179197,-1.336302
1600,18.6046511627907,1847.0,-37.83447265625,-6.449634,-1.308206
1601,18.61627906976744,1849.0,-35.83447265625,-8.254966,-1.769981
1602,18.627906976744185,1855.0,-29.83447265625,-8.742277,-2.201367
1603,18.63953488372093,1849.0,-35.83447265625,-7.392566,-2.106636
1604,18.651162790697672,1854.0,-30.83447265625,-4.292344,-1.262702
1605,18.66279069767442,1846.0,-38.83447265625,-0.183242,0.14225
1606,18.674418604651166,1863.0,-21.83447265625,3.81316,1.644325
1607,18.686046511627907,1863.0,-21.83447265625,6.628514,2.691447
1608,18.697674418604652,1858.0,-26.83447265625,7.653202,2.962382
1609,18.709302325581397,1862.0,-22.83447265625,6.990201,2.535424
1610,18.72093023255814,1862.0,-22.83447265625,5.313027,1.838266
1611,18.732558139534884,1857.0,-27.83447265625,3.547421,1.426404
1612,18.744186046511626,1856.0,-28.83447265625,2.412134,1.658897
1613,18.75581395348837,1858.0,-26.83447265625,2.135694,2.530361
1614,18.767441860465116,1853.0,-31.83447265625,2.381505,3.59011
1615,18.779069767441857,1859.0,-25.83447265625,2.509965,4.220386
1616,18.790697674418606,1855.0,-29.83447265625,1.926701,3.863109
1617,18.80232558139535,1851.0,-33.83447265625,0.399423,2.352572
1618,18.813953488372093,1850.0,-34.83447265625,-1.779008,-0.027017
1619,18.825581395348838,1850.0,-34.83447265625,-3.997387,-2.665788
1620,18.837209302325583,1850.0,-34.83447265625,-5.578798,-4.896703
1621,18.848837209302324,1845.0,-39.83447265625,-6.116357,-6.266686
1622,18.86046511627907,1845.0,-39.83447265625,-5.607557,-6.63427
1623,18.872093023255815,1841.0,-43.83447265625,-4.405376,-6.151619
1624,18.883720930232556,1855.0,-29.83447265625,-2.960957,-5.045424
1625,18.8953488372093,1840.0,-44.83447265625,-1.662276,-3.546867
1626,18.906976744186046,1846.0,-38.83447265625,-0.582917,-1.675388
1627,18.91860465116279,1840.0,-44.83447265625,0.398048,0.544809
1628,18.930232558139537,1854.0,-30.83447265625,1.481386,3.061138
1629,18.94186046511628,1842.0,-42.83447265625,2.687852,5.531224
1630,18.953488372093023,1853.0,-31.83447265625,3.852307,7.465702
1631,18.96511627906977,1854.0,-30.83447265625,4.644475,8.327244
1632,18.976744186046513,1856.0,-28.83447265625,4.739113,7.771746
1633,18.988372093023255,1856.0,-28.83447265625,4.038967,5.863625
1634,19.0,1853.0,-31.83447265625,2.719863,3.073193
1635,19.011627906976745,1854.0,-30.83447265625,1.187724,0.130292
1636,19.023255813953487,1855.0,-29.83447265625,-0.132387,-2.276983
1637,19.03488372093023,1856.0,-28.83447265625,-0.977438,-3.743254
1638,19.046511627906973,1841.0,-43.83447265625,-1.354002,-4.274436
1639,19.058139534883722,1855.0,-29.83447265625,-1.456613,-4.167354
1640,19.069767441860467,1841.0,-43.83447265625,-1.545342,-3.837473
1641,19.08139534883721,1846.0,-38.83447265625,-1.753702,-3.574037
1642,19.093023255813954,1851.0,-33.83447265625,-2.030215,-3.437908
1643,19.1046511627907,1844.0,-40.83447265625,-2.181462,-3.29056
1644,19.11627906976744,1843.0,-41.83447265625,-2.03414,-2.933627
1645,19.127906976744185,1837.0,-47.83447265625,-1.563202,-2.287511
1646,19.13953488372093,1854.0,-30.83447265625,-0.946888,-1.412013
1647,19.151162790697672,1841.0,-43.83447265625,-0.477338,-0.5204
1648,19.162790697674417,1855.0,-29.83447265625,-0.319946,0.292905
1649,19.174418604651162,1851.0,-33.83447265625,-0.449026,1.01692
1650,19.186046511627907,1857.0,-27.83447265625,-0.573083,1.835488
1651,19.197674418604652,1855.0,-29.83447265625,-0.299027,2.920453
1652,19.209302325581397,1853.0,-31.83447265625,0.656839,4.34543
1653,19.22093023255814,1853.0,-31.83447265625,2.243248,5.895342
1654,19.232558139534884,1855.0,-29.83447265625,4.029836,7.109321
1655,19.24418604651163,1856.0,-28.83447265625,5.363336,7.467954
1656,19.25581395348837,1854.0,-30.83447265625,5.62897,6.586474
1657,19.267441860465116,1860.0,-24.83447265625,4.600984,4.503136
1658,19.27906976744186,1856.0,-28.83447265625,2.492115,1.633064
1659,19.290697674418603,1856.0,-28.83447265625,-0.08709,-1.364275
1660,19.302325581395348,1853.0,-31.83447265625,-2.418468,-3.866199
1661,19.313953488372096,1854.0,-30.83447265625,-3.964212,-5.502718
1662,19.325581395348838,1854.0,-30.83447265625,-4.587616,-6.293486
1663,19.337209302325583,1856.0,-28.83447265625,-4.512958,-6.526768
1664,19.348837209302324,1851.0,-33.83447265625,-4.141723,-6.527816
1665,19.36046511627907,1852.0,-32.83447265625,-3.763186,-6.418665
1666,19.372093023255815,1843.0,-41.83447265625,-3.395411,-6.048626
1667,19.383720930232556,1849.0,-35.83447265625,-2.825747,-5.118338
1668,19.3953488372093,1854.0,-30.83447265625,-1.77999,-3.397659
1669,19.406976744186046,1849.0,-35.83447265625,-0.182994,-0.957394
1670,19.418604651162788,1840.0,-44.83447265625,1.758604,1.7877
1671,19.430232558139533,1852.0,-32.83447265625,3.567219,4.231445
1672,19.44186046511628,1843.0,-41.83447265625,4.69856,5.791595
1673,19.453488372093023,1849.0,-35.83447265625,4.832167,6.227817
1674,19.46511627906977,1851.0,-33.83447265625,4.033451,5.723673
1675,19.476744186046513,1856.0,-28.83447265625,2.750021,4.803391
1676,19.488372093023255,1852.0,-32.83447265625,1.536596,3.971924
1677,19.5,1855.0,-29.83447265625,0.837168,3.510572
1678,19.511627906976745,1851.0,-33.83447265625,0.725902,3.298683
1679,19.523255813953487,1851.0,-33.83447265625,0.953822,2.971233
1680,19.53488372093023,1850.0,-34.83447265625,1.067456,2.132932
1681,19.546511627906977,1844.0,-40.83447265625,0.720432,0.682564
1682,19.55813953488372,1842.0,-42.83447265625,-0.162535,-1.094966
1683,19.569767441860467,1850.0,-34.83447265625,-1.333032,-2.638907
1684,19.581395348837212,1840.0,-44.83447265625,-2.407777,-3.458076
1685,19.593023255813954,1843.0,-41.83447265625,-3.057948,-3.382195
1686,19.6046511627907,1835.0,-49.83447265625,-3.238689,-2.753517
1687,19.616279069767444,1837.0,-47.83447265625,-3.111748,-2.197884
1688,19.627906976744185,1839.0,-45.83447265625,-2.973103,-2.322338
1689,19.63953488372093,1836.0,-48.83447265625,-3.005218,-3.328716
1690,19.651162790697676,1847.0,-37.83447265625,-3.107302,-4.827885
1691,19.662790697674417,1840.0,-44.83447265625,-2.96444,-5.997751
1692,19.674418604651162,1857.0,-27.83447265625,-2.174134,-5.960699
1693,19.686046511627904,1854.0,-30.83447265625,-0.556667,-4.261196
1694,19.697674418604652,1852.0,-32.83447265625,1.717782,-1.131505
1695,19.709302325581397,1862.0,-22.83447265625,4.125247,2.606259
1696,19.72093023255814,1851.0,-33.83447265625,5.982948,5.837159
1697,19.732558139534884,1859.0,-25.83447265625,6.771445,7.740196
1698,19.74418604651163,1862.0,-22.83447265625,6.326667,8.027032
1699,19.75581395348837,1857.0,-27.83447265625,4.906112,7.084269
1700,19.767441860465116,1863.0,-21.83447265625,3.055802,5.63907
1701,19.77906976744186,1861.0,-23.83447265625,1.312404,4.342314
1702,19.790697674418603,1856.0,-28.83447265625,-0.017647,3.40697
1703,19.802325581395348,1856.0,-28.83447265625,-0.949579,2.583007
1704,19.813953488372093,1857.0,-27.83447265625,-1.737522,1.342474
1705,19.825581395348838,1849.0,-35.83447265625,-2.662296,-0.706597
1706,19.837209302325583,1858.0,-26.83447265625,-3.775889,-3.475355
1707,19.848837209302328,1850.0,-34.83447265625,-4.869028,-6.361148
1708,19.86046511627907,1847.0,-37.83447265625,-5.50334,-8.408363
1709,19.872093023255815,1852.0,-32.83447265625,-5.263871,-8.80238
1710,19.88372093023256,1845.0,-39.83447265625,-4.006639,-7.259126
1711,19.8953488372093,1855.0,-29.83447265625,-1.94234,-4.175156
1712,19.906976744186046,1845.0,-39.83447265625,0.370751,-0.515635
1713,19.91860465116279,1849.0,-35.83447265625,2.272164,2.596394
1714,19.930232558139533,1857.0,-27.83447265625,3.290228,4.356364
1715,19.941860465116278,1854.0,-30.83447265625,3.293597,4.533569
1716,19.953488372093023,1853.0,-31.83447265625,2.559632,3.523839
1717,19.96511627906977,1863.0,-21.83447265625,1.642954,2.126584
1718,19.976744186046513,1857.0,-27.83447265625,1.05541,1.090144
1719,19.988372093023255,1849.0,-35.83447265625,1.071004,0.841316
1720,20.0,1859.0,-25.83447265625,1.627019,1.347099
1721,20.011627906976745,1859.0,-25.83447265625,2.35274,2.187132
1722,20.023255813953487,1860.0,-24.83447265625,2.768305,2.792003
1723,20.03488372093023,1854.0,-30.83447265625,2.553983,2.767079
1724,20.046511627906977,1857.0,-27.83447265625,1.684806,2.018937
1725,20.05813953488372,1860.0,-24.83447265625,0.444761,0.787212
1726,20.069767441860463,1870.0,-14.83447265625,-0.734074,-0.537524
1727,20.081395348837212,1861.0,-23.83447265625,-1.533516,-1.624772
1728,20.093023255813954,1859.0,-25.83447265625,-1.858331,-2.335694
1729,20.1046511627907,1865.0,-19.83447265625,-1.896756,-2.726581
1730,20.116279069767444,1866.0,-18.83447265625,-2.015865,-3.02073
1731,20.127906976744185,1859.0,-25.83447265625,-2.514482,-3.382946
1732,20.13953488372093,1859.0,-25.83447265625,-3.394637,-3.75224
1733,20.151162790697676,1856.0,-28.83447265625,-4.343091,-3.899968
1734,20.162790697674417,1867.0,-17.83447265625,-4.801234,-3.439415
1735,20.174418604651162,1863.0,-21.83447265625,-4.298875,-2.139328
1736,20.186046511627907,1870.0,-14.83447265625,-2.62392,0.019646
1737,20.19767441860465,1866.0,-18.83447265625,-0.034639,2.668741
1738,20.209302325581397,1872.0,-12.83447265625,2.835398,5.177362
1739,20.220930232558143,1871.0,-13.83447265625,5.221986,6.854723
1740,20.232558139534884,1863.0,-21.83447265625,6.551415,7.238296
1741,20.24418604651163,1862.0,-22.83447265625,6.666551,6.292736
1742,20.255813953488374,1856.0,-28.83447265625,5.835764,4.395397
1743,20.267441860465116,1861.0,-23.83447265625,4.59014,2.214777
1744,20.27906976744186,1859.0,-25.83447265625,3.384583,0.339303
1745,20.290697674418603,1858.0,-26.83447265625,2.40567,-0.895657
1746,20.302325581395348,1861.0,-23.83447265625,1.49019,-1.597826
1747,20.313953488372093,1863.0,-21.83447265625,0.279962,-2.143679
1748,20.325581395348834,1867.0,-17.83447265625,-1.488628,-2.969066
1749,20.33720930232558,1858.0,-26.83447265625,-3.753634,-4.245018
1750,20.348837209302328,1866.0,-18.83447265625,-6.030778,-5.699054
1751,20.36046511627907,1873.0,-11.83447265625,-7.626061,-6.745903
1752,20.372093023255815,1871.0,-13.83447265625,-7.929677,-6.726707
1753,20.38372093023256,1865.0,-19.83447265625,-6.729336,-5.262643
1754,20.3953488372093,1861.0,-23.83447265625,-4.292007,-2.440496
1755,20.406976744186046,1872.0,-12.83447265625,-1.323319,1.096159
1756,20.41860465116279,1870.0,-14.83447265625,1.357246,4.418395
1757,20.430232558139533,1870.0,-14.83447265625,3.139681,6.627422
1758,20.441860465116278,1872.0,-12.83447265625,3.880559,7.288697
1759,20.453488372093023,1863.0,-21.83447265625,3.818936,6.458676
1760,20.465116279069765,1866.0,-18.83447265625,3.456484,4.707702
1761,20.476744186046513,1859.0,-25.83447265625,3.21396,2.76711
1762,20.48837209302326,1861.0,-23.83447265625,3.260326,1.264037
1763,20.5,1856.0,-28.83447265625,3.447234,0.452309
1764,20.511627906976745,1856.0,-28.83447265625,3.454058,0.219501
1765,20.52325581395349,1853.0,-31.83447265625,2.992828,0.19936
1766,20.53488372093023,1863.0,-21.83447265625,1.990429,0.022632
1767,20.546511627906977,1857.0,-27.83447265625,0.60788,-0.520612
1768,20.558139534883722,1861.0,-23.83447265625,-0.857508,-1.421429
1769,20.569767441860463,1858.0,-26.83447265625,-2.08831,-2.453457
1770,20.58139534883721,1859.0,-25.83447265625,-2.930888,-3.368949
1771,20.59302325581395,1859.0,-25.83447265625,-3.392417,-3.95739
1772,20.6046511627907,1861.0,-23.83447265625,-3.569575,-4.12428
1773,20.616279069767444,1855.0,-29.83447265625,-3.564761,-3.892121
1774,20.627906976744185,1869.0,-15.83447265625,-3.355979,-3.272771
1775,20.63953488372093,1864.0,-20.83447265625,-2.871148,-2.326778
1776,20.651162790697676,1876.0,-8.83447265625,-1.95772,-1.004618
1777,20.662790697674417,1879.0,-5.83447265625,-0.621356,0.626619
1778,20.674418604651162,1872.0,-12.83447265625,0.987845,2.456327
1779,20.686046511627907,1878.0,-6.83447265625,2.54887,4.19615
1780,20.69767441860465,1872.0,-12.83447265625,3.663839,5.50237
1781,20.709302325581394,1872.0,-12.83447265625,4.016166,5.993322
1782,20.72093023255814,1872.0,-12.83447265625,3.48852,5.479878
1783,20.732558139534884,1878.0,-6.83447265625,2.234481,4.023291
1784,20.74418604651163,1876.0,-8.83447265625,0.632711,1.989067
1785,20.755813953488374,1877.0,-7.83447265625,-0.815813,-0.049609
1786,20.767441860465116,1874.0,-10.83447265625,-1.675769,-1.504796
1787,20.77906976744186,1874.0,-10.83447265625,-1.702633,-2.008686
1788,20.790697674418606,1879.0,-5.83447265625,-0.962551,-1.596817
1789,20.802325581395348,1879.0,-5.83447265625,0.181947,-0.719566
1790,20.813953488372093,1875.0,-9.83447265625,1.18821,-0.110637
1791,20.825581395348838,1878.0,-6.83447265625,1.544661,-0.422464
1792,20.83720930232558,1886.0,1.16552734375,0.964354,-1.952429
1793,20.848837209302324,1877.0,-7.83447265625,-0.475884,-4.411003
1794,20.860465116279073,1878.0,-6.83447265625,-2.303693,-6.971297
1795,20.872093023255815,1877.0,-7.83447265625,-3.802701,-8.510242
1796,20.88372093023256,1891.0,6.16552734375,-4.28201,-8.100807
1797,20.8953488372093,1889.0,4.16552734375,-3.359788,-5.375376
1798,20.906976744186046,1895.0,10.16552734375,-1.112324,-0.771194
1799,20.91860465116279,1891.0,6.16552734375,1.877345,4.591671
1800,20.930232558139533,1884.0,-0.83447265625,4.709097,9.272227
1801,20.941860465116278,1892.0,7.16552734375,6.529714,12.052446
1802,20.953488372093023,1878.0,-6.83447265625,6.746364,12.29904
1803,20.965116279069765,1877.0,-7.83447265625,5.30508,10.201069
1804,20.97674418604651,1879.0,-5.83447265625,2.638804,6.587194
1805,20.98837209302326,1885.0,0.16552734375,-0.489073,2.573033
1806,21.0,1874.0,-10.83447265625,-3.286978,-0.885759
1807,21.011627906976745,1876.0,-8.83447265625,-5.126434,-3.22023
1808,21.02325581395349,1872.0,-12.83447265625,-5.743014,-4.376279
1809,21.03488372093023,1875.0,-9.83447265625,-5.218411,-4.646306
1810,21.046511627906977,1875.0,-9.83447265625,-3.905394,-4.460536
1811,21.058139534883722,1875.0,-9.83447265625,-2.281614,-4.195264
1812,21.069767441860463,1871.0,-13.83447265625,-0.803546,-4.069705
1813,21.08139534883721,1872.0,-12.83447265625,0.242404,-4.118916
1814,21.093023255813954,1872.0,-12.83447265625,0.751264,-4.288765
1815,21.104651162790695,1868.0,-16.83447265625,0.850486,-4.458444
1816,21.116279069767444,1867.0,-17.83447265625,0.823672,-4.413828
1817,21.12790697674419,1873.0,-11.83447265625,1.016445,-3.928724
1818,21.13953488372093,1870.0,-14.83447265625,1.66672,-2.770287
1819,21.151162790697676,1873.0,-11.83447265625,2.770097,-0.874262
1820,21.16279069767442,1872.0,-12.83447265625,4.040722,1.626371
1821,21.174418604651162,1868.0,-16.83447265625,4.941962,4.247033
1822,21.186046511627907,1871.0,-13.83447265625,4.959144,6.4072
1823,21.19767441860465,1865.0,-19.83447265625,3.793864,7.525018
1824,21.209302325581394,1857.0,-27.83447265625,1.578995,7.366936
1825,21.22093023255814,1861.0,-23.83447265625,-1.072396,6.178048
1826,21.23255813953488,1865.0,-19.83447265625,-3.343575,4.555124
1827,21.24418604651163,1862.0,-22.83447265625,-4.510513,3.20884
1828,21.255813953488374,1872.0,-12.83447265625,-4.26835,2.589571
1829,21.267441860465116,1871.0,-13.83447265625,-2.929217,2.604853
1830,21.27906976744186,1872.0,-12.83447265625,-1.245415,2.708594
1831,21.290697674418606,1870.0,-14.83447265625,-0.0891,2.144351
1832,21.302325581395348,1877.0,-7.83447265625,-0.029128,0.369012
1833,21.313953488372093,1874.0,-10.83447265625,-1.066544,-2.589534
1834,21.325581395348838,1875.0,-9.83447265625,-2.604902,-6.077727
1835,21.33720930232558,1877.0,-7.83447265625,-3.767419,-9.068276
1836,21.348837209302324,1876.0,-8.83447265625,-3.776721,-10.611369
1837,21.36046511627907,1872.0,-12.83447265625,-2.352556,-10.264918
1838,21.372093023255815,1879.0,-5.83447265625,0.180488,-8.242686
1839,21.38372093023256,1875.0,-9.83447265625,3.03635,-5.277969
1840,21.395348837209305,1879.0,-5.83447265625,5.30752,-2.241722
1841,21.406976744186046,1879.0,-5.83447265625,6.356637,0.261513
1842,21.41860465116279,1872.0,-12.83447265625,5.994808,2.072108
1843,21.430232558139537,1872.0,-12.83447265625,4.524076,3.438333
1844,21.441860465116278,1869.0,-15.83447265625,2.535249,4.719584
1845,21.453488372093023,1859.0,-25.83447265625,0.62903,6.081895
1846,21.46511627906977,1855.0,-29.83447265625,-0.779315,7.338072
1847,21.47674418604651,1867.0,-17.83447265625,-1.523,8.084057
1848,21.488372093023255,1861.0,-23.83447265625,-1.709125,7.871511
1849,21.5,1859.0,-25.83447265625,-1.579242,6.53693
1850,21.511627906976745,1871.0,-13.83447265625,-1.377796,4.345565
1851,21.52325581395349,1869.0,-15.83447265625,-1.335267,1.83356
1852,21.53488372093023,1869.0,-15.83447265625,-1.581452,-0.384088
1853,21.546511627906977,1865.0,-19.83447265625,-2.146535,-1.930295
1854,21.558139534883722,1869.0,-15.83447265625,-2.903346,-2.780608
1855,21.569767441860463,1865.0,-19.83447265625,-3.594687,-3.219804
1856,21.58139534883721,1859.0,-25.83447265625,-3.844976,-3.613705
1857,21.593023255813954,1866.0,-18.83447265625,-3.311538,-4.192036
1858,21.604651162790695,1855.0,-29.83447265625,-1.853509,-4.944695
1859,21.61627906976744,1862.0,-22.83447265625,0.406344,-5.589903
1860,21.627906976744185,1867.0,-17.83447265625,3.014237,-5.779411
1861,21.63953488372093,1863.0,-21.83447265625,5.297735,-5.307281
1862,21.651162790697676,1871.0,-13.83447265625,6.623473,-4.140095
1863,21.66279069767442,1868.0,-16.83447265625,6.581558,-2.495276
1864,21.674418604651162,1869.0,-15.83447265625,5.193181,-0.636851
1865,21.686046511627907,1871.0,-13.83447265625,2.852118,1.154867
1866,21.697674418604652,1865.0,-19.83447265625,0.202479,2.746106
1867,21.709302325581394,1874.0,-10.83447265625,-2.097118,4.100131
1868,21.72093023255814,1870.0,-14.83447265625,-3.588918,5.239127
1869,21.732558139534884,1872.0,-12.83447265625,-4.10252,6.147175
1870,21.744186046511626,1870.0,-14.83447265625,-3.774918,6.719832
1871,21.75581395348837,1870.0,-14.83447265625,-2.919026,6.779686
1872,21.76744186046512,1869.0,-15.83447265625,-1.916141,6.117948
1873,21.77906976744186,1873.0,-11.83447265625,-1.070824,4.60693
1874,21.790697674418606,1869.0,-15.83447265625,-0.571631,2.257221
1875,21.80232558139535,1867.0,-17.83447265625,-0.44268,-0.705868
1876,21.813953488372093,1859.0,-25.83447265625,-0.555531,-3.858145
1877,21.825581395348838,1871.0,-13.83447265625,-0.650383,-6.590719
1878,21.83720930232558,1857.0,-27.83447265625,-0.449941,-8.297411
1879,21.848837209302324,1862.0,-22.83447265625,0.265537,-8.499462
1880,21.86046511627907,1851.0,-33.83447265625,1.522046,-7.076497
1881,21.87209302325581,1859.0,-25.83447265625,3.121675,-4.294058
1882,21.883720930232556,1853.0,-31.83447265625,4.600951,-0.873301
1883,21.895348837209305,1847.0,-37.83447265625,5.394906,2.269592
1884,21.906976744186046,1865.0,-19.83447265625,5.050279,4.283642
1885,21.91860465116279,1857.0,-27.83447265625,3.413932,4.716633
1886,21.930232558139537,1870.0,-14.83447265625,0.78252,3.699105
1887,21.941860465116278,1866.0,-18.83447265625,-2.201828,1.860072
1888,21.953488372093023,1865.0,-19.83447265625,-4.711127,0.090324
1889,21.96511627906977,1870.0,-14.83447265625,-6.059878,-0.826145
1890,21.97674418604651,1872.0,-12.83447265625,-5.929786,-0.567006
1891,21.988372093023255,1862.0,-22.83447265625,-4.499586,0.631751
1892,22.0,1872.0,-12.83447265625,-2.309721,2.116101
1893,22.01162790697674,1869.0,-15.83447265625,-0.105072,3.101892
1894,22.02325581395349,1871.0,-13.83447265625,1.485148,3.045418
1895,22.034883720930235,1872.0,-12.83447265625,2.120698,1.862604
1896,22.046511627906977,1869.0,-15.83447265625,1.859838,-0.061792
1897,22.058139534883722,1870.0,-14.83447265625,1.060053,-2.054235
1898,22.069767441860467,1866.0,-18.83447265625,0.23163,-3.458905
1899,22.08139534883721,1868.0,-16.83447265625,-0.15953,-3.846864
1900,22.093023255813954,1857.0,-27.83447265625,0.142896,-3.17666
1901,22.1046511627907,1859.0,-25.83447265625,1.130301,-1.687054
1902,22.11627906976744,1856.0,-28.83447265625,2.508726,0.170812
1903,22.127906976744185,1859.0,-25.83447265625,3.773238,1.896912
1904,22.139534883720927,1858.0,-26.83447265625,4.384678,3.057768
1905,22.151162790697676,1866.0,-18.83447265625,3.908335,3.334331
1906,22.16279069767442,1869.0,-15.83447265625,2.205105,2.583065
1907,22.174418604651162,1864.0,-20.83447265625,-0.4743,0.883451
1908,22.186046511627907,1883.0,-1.83447265625,-3.496836,-1.406675
1909,22.197674418604652,1877.0,-7.83447265625,-6.020606,-3.696358
1910,22.209302325581394,1888.0,3.16552734375,-7.219759,-5.230726
1911,22.22093023255814,1883.0,-1.83447265625,-6.610288,-5.372168
1912,22.232558139534884,1878.0,-6.83447265625,-4.231287,-3.828079
1913,22.244186046511626,1891.0,6.16552734375,-0.66765,-0.83264
1914,22.25581395348837,1886.0,1.16552734375,3.061108,2.797568
1915,22.267441860465116,1887.0,2.16552734375,5.883139,5.946886
1916,22.27906976744186,1883.0,-1.83447265625,7.005325,7.564336
1917,22.290697674418606,1877.0,-7.83447265625,6.19212,7.086716
1918,22.30232558139535,1889.0,4.16552734375,3.845316,4.70641
1919,22.313953488372093,1892.0,7.16552734375,0.795377,1.267365
1920,22.325581395348838,1895.0,10.16552734375,-1.99979,-2.038773
1921,22.337209302325583,1886.0,1.16552734375,-3.801033,-4.157493
1922,22.348837209302324,1886.0,1.16552734375,-4.282592,-4.531186
1923,22.36046511627907,1893.0,8.16552734375,-3.629623,-3.323513
1924,22.372093023255815,1889.0,4.16552734375,-2.375499,-1.286261
1925,22.383720930232556,1886.0,1.16552734375,-1.139346,0.619631
1926,22.3953488372093,1877.0,-7.83447265625,-0.35012,1.622585
1927,22.40697674418605,1883.0,-1.83447265625,-0.123979,1.449456
1928,22.41860465116279,1887.0,2.16552734375,-0.276549,0.338119
1929,22.430232558139537,1888.0,3.16552734375,-0.470724,-1.16792
1930,22.441860465116278,1895.0,10.16552734375,-0.40661,-2.461543
1931,22.453488372093023,1887.0,2.16552734375,0.054502,-3.161017
1932,22.46511627906977,1895.0,10.16552734375,0.837274,-3.163763
1933,22.47674418604651,1889.0,4.16552734375,1.712058,-2.633956
1934,22.488372093023255,1898.0,13.16552734375,2.460397,-1.745059
1935,22.5,1898.0,13.16552734375,2.962902,-0.608611
1936,22.51162790697674,1901.0,16.16552734375,3.218476,0.776397
1937,22.523255813953487,1894.0,9.16552734375,3.30213,2.407366
1938,22.534883720930235,1903.0,18.16552734375,3.261002,4.160362
1939,22.546511627906977,1895.0,10.16552734375,3.00341,5.663616
1940,22.558139534883722,1888.0,3.16552734375,2.329825,6.40302
1941,22.569767441860467,1899.0,14.16552734375,1.040284,5.909658
1942,22.58139534883721,1903.0,18.16552734375,-0.944153,4.022815
1943,22.593023255813954,1905.0,20.16552734375,-3.414768,1.029272
1944,22.6046511627907,1899.0,14.16552734375,-5.864415,-2.296369
1945,22.61627906976744,1902.0,17.16552734375,-7.611488,-4.99944
1946,22.627906976744185,1903.0,18.16552734375,-8.064608,-6.246601
1947,22.63953488372093,1901.0,16.16552734375,-6.957548,-5.728958
1948,22.651162790697672,1909.0,24.16552734375,-4.509533,-3.724055
1949,22.66279069767442,1909.0,24.16552734375,-1.386327,-1.11508
1950,22.674418604651166,1909.0,24.16552734375,1.544078,1.08858
1951,22.686046511627907,1903.0,18.16552734375,3.526421,2.03975
1952,22.697674418604652,1906.0,21.16552734375,4.238444,1.515976
1953,22.709302325581397,1906.0,21.16552734375,3.868124,-0.110694
1954,22.72093023255814,1909.0,24.16552734375,3.009048,-1.988887
1955,22.732558139534884,1907.0,22.16552734375,2.381521,-3.176564
1956,22.74418604651163,1908.0,23.16552734375,2.503075,-3.028296
1957,22.75581395348837,1909.0,24.16552734375,3.424284,-1.469038
1958,22.767441860465116,1909.0,24.16552734375,4.732522,0.997771
1959,22.779069767441857,1913.0,28.16552734375,5.716571,3.494535
1960,22.790697674418603,1917.0,32.16552734375,5.687471,5.117894
1961,22.80232558139535,1910.0,25.16552734375,4.265002,5.292004
1962,22.813953488372093,1921.0,36.16552734375,1.586334,3.97018
1963,22.825581395348838,1916.0,31.16552734375,-1.808671,1.593813
1964,22.837209302325583,1920.0,35.16552734375,-5.136516,-1.087583
1965,22.848837209302324,1919.0,34.16552734375,-7.671502,-3.272761
1966,22.86046511627907,1910.0,25.16552734375,-8.955481,-4.405507
1967,22.872093023255815,1907.0,22.16552734375,-8.874461,-4.257999
1968,22.883720930232556,1903.0,18.16552734375,-7.589196,-2.938879
1969,22.8953488372093,1910.0,25.16552734375,-5.419942,-0.837189
1970,22.906976744186046,1909.0,24.16552734375,-2.726416,1.544824
1971,22.918604651162788,1906.0,21.16552734375,0.157355,3.675892
1972,22.930232558139537,1885.0,0.16552734375,2.882178,5.069276
1973,22.94186046511628,1899.0,14.16552734375,5.117754,5.391007
1974,22.953488372093023,1901.0,16.16552734375,6.489636,4.430481
1975,22.96511627906977,1901.0,16.16552734375,6.699583,2.216729
1976,22.976744186046513,1904.0,19.16552734375,5.66504,-0.936701
1977,22.988372093023255,1903.0,18.16552734375,3.651218,-4.369728
1978,23.0,1902.0,17.16552734375,1.230652,-7.249159
1979,23.011627906976745,1898.0,13.16552734375,-0.869981,-8.74854
1980,23.023255813953487,1905.0,20.16552734375,-1.990703,-8.313543
1981,23.03488372093023,1905.0,20.16552734375,-1.851099,-5.917802
1982,23.046511627906977,1911.0,26.16552734375,-0.645518,-2.126285
1983,23.058139534883722,1909.0,24.16552734375,0.993085,2.050071
1984,23.069767441860467,1911.0,26.16552734375,2.281365,5.460041
1985,23.08139534883721,1919.0,34.16552734375,2.586249,7.229915
1986,23.093023255813954,1919.0,34.16552734375,1.664067,7.002578
1987,23.1046511627907,1906.0,21.16552734375,-0.218564,5.111694
1988,23.11627906976744,1920.0,35.16552734375,-2.430418,2.380245
1989,23.127906976744185,1919.0,34.16552734375,-4.263405,-0.214828
1990,23.13953488372093,1917.0,32.16552734375,-5.178975,-1.868868
1991,23.151162790697672,1911.0,26.16552734375,-5.009018,-2.262141
1992,23.162790697674417,1905.0,20.16552734375,-3.919935,-1.548495
1993,23.174418604651162,1905.0,20.16552734375,-2.300414,-0.25119
1994,23.186046511627907,1901.0,16.16552734375,-0.572,1.035786
1995,23.197674418604652,1903.0,18.16552734375,0.971154,1.855195
1996,23.209302325581397,1892.0,7.16552734375,2.159487,2.003919
1997,23.22093023255814,1892.0,7.16552734375,2.966135,1.554392
1998,23.232558139534884,1893.0,8.16552734375,3.36814,0.695753
1999,23.24418604651163,1889.0,4.16552734375,3.326392,-0.393544
2000,23.25581395348837,1893.0,8.16552734375,2.812725,-1.578695
2001,23.267441860465116,1897.0,12.16552734375,1.869857,-2.770718
2002,23.27906976744186,1901.0,16.16552734375,0.66664,-3.836489
2003,23.290697674418603,1895.0,10.16552734375,-0.50522,-4.571679
2004,23.302325581395348,1908.0,23.16552734375,-1.311278,-4.700353
2005,23.313953488372096,1904.0,19.16552734375,-1.538666,-4.020615
2006,23.325581395348838,1906.0,21.16552734375,-1.176018,-2.528399
2007,23.337209302325583,1905.0,20.16552734375,-0.395253,-0.440341
2008,23.348837209302328,1910.0,25.16552734375,0.480718,1.783834
2009,23.36046511627907,1905.0,20.16552734375,1.155784,3.628092
2010,23.372093023255815,1904.0,19.16552734375,1.452678,4.699278
2011,23.383720930232556,1910.0,25.16552734375,1.391317,4.886751
2012,23.3953488372093,1914.0,29.16552734375,1.090368,4.350984
2013,23.406976744186046,1917.0,32.16552734375,0.659606,3.402007
2014,23.418604651162788,1898.0,13.16552734375,0.152105,2.382385
2015,23.430232558139533,1898.0,13.16552734375,-0.477239,1.476525
2016,23.44186046511628,1894.0,9.16552734375,-1.29503,0.661586
2017,23.453488372093023,1898.0,13.16552734375,-2.303765,-0.207669
2018,23.46511627906977,1891.0,6.16552734375,-3.377051,-1.295571
2019,23.476744186046513,1899.0,14.16552734375,-4.223512,-2.579321
2020,23.488372093023255,1898.0,13.16552734375,-4.516601,-3.832973
2021,23.5,1892.0,7.16552734375,-4.040857,-4.697991
2022,23.511627906976745,1897.0,12.16552734375,-2.747253,-4.776378
2023,23.523255813953487,1897.0,12.16552734375,-0.842204,-3.888047
2024,23.53488372093023,1894.0,9.16552734375,1.307426,-2.13618
2025,23.546511627906977,1895.0,10.16552734375,3.300962,0.090771
2026,23.55813953488372,1904.0,19.16552734375,4.814986,2.238646
2027,23.569767441860467,1895.0,10.16552734375,5.66336,3.742594
2028,23.581395348837212,1904.0,19.16552734375,5.824926,4.249175
2029,23.593023255813954,1895.0,10.16552734375,5.361992,3.676645
2030,23.6046511627907,1893.0,8.16552734375,4.375117,2.244567
2031,23.616279069767444,1904.0,19.16552734375,2.992536,0.39371
2032,23.627906976744185,1907.0,22.16552734375,1.339892,-1.371516
2033,23.63953488372093,1893.0,8.16552734375,-0.409294,-2.599201
2034,23.651162790697676,1904.0,19.16552734375,-2.009907,-2.985216
2035,23.662790697674417,1910.0,25.16552734375,-3.219463,-2.45098
2036,23.674418604651162,1902.0,17.16552734375,-3.865637,-1.161301
2037,23.686046511627904,1910.0,25.16552734375,-3.918838,0.547813
2038,23.697674418604652,1897.0,12.16552734375,-3.511899,2.222574
2039,23.709302325581397,1901.0,16.16552734375,-2.91329,3.426803
2040,23.72093023255814,1901.0,16.16552734375,-2.416555,3.81129
2041,23.732558139534884,1903.0,18.16552734375,-2.231226,3.23715
2042,23.74418604651163,1894.0,9.16552734375,-2.401972,1.774526
2043,23.75581395348837,1896.0,11.16552734375,-2.722853,-0.233835
2044,23.767441860465116,1884.0,-0.83447265625,-2.883143,-2.341095
2045,23.77906976744186,1891.0,6.16552734375,-2.536809,-4.04758
2046,23.790697674418603,1891.0,6.16552734375,-1.499278,-4.988777
2047,23.802325581395348,1886.0,1.16552734375,0.169379,-5.036241
