muestra,tiempo_ms,adc,adc_centrado,adc_filtrado,residual
0,0.0,1915.0,21.62939453125,0.01318,0.015301
1,0.011627906976744186,1921.0,27.62939453125,0.023424,0.028677
2,0.023255813953488372,1915.0,21.62939453125,0.01905,0.020419
3,0.03488372093023256,1902.0,8.62939453125,-0.001532,-0.001034
4,0.046511627906976744,1921.0,27.62939453125,-0.008724,-0.017451
5,0.058139534883720936,1917.0,23.62939453125,-0.014081,-0.024445
6,0.06976744186046512,1919.0,25.62939453125,-0.012655,-0.027474
7,0.0813953488372093,1917.0,23.62939453125,-0.011527,-0.023057
8,0.09302325581395349,1926.0,32.62939453125,-0.01115,-0.022573
9,0.10465116279069767,1926.0,32.62939453125,-0.025988,-0.032526
10,0.11627906976744187,1933.0,39.62939453125,-0.053158,-0.061508
11,0.12790697674418605,1931.0,37.62939453125,-0.091837,-0.102704
12,0.13953488372093023,1935.0,41.62939453125,-0.123308,-0.13472
13,0.1511627906976744,1936.0,42.62939453125,-0.135911,-0.135279
14,0.1627906976744186,1936.0,42.62939453125,-0.125817,-0.108327
15,0.1744186046511628,1936.0,42.62939453125,-0.101728,-0.058696
16,0.18604651162790697,1937.0,43.62939453125,-0.080804,-0.012071
17,0.19767441860465115,1939.0,45.62939453125,-0.078265,0.016998
18,0.20930232558139533,1939.0,45.62939453125,-0.097331,0.013644
19,0.22093023255813954,1936.0,42.62939453125,-0.122631,-0.004681
20,0.23255813953488375,1937.0,43.62939453125,-0.122371,-0.004223
21,0.2441860465116279,1937.0,43.62939453125,-0.07487,0.049273
22,0.2558139534883721,1938.0,44.62939453125,0.019294,0.155231
23,0.2674418604651163,1936.0,42.62939453125,0.128753,0.279362
24,0.27906976744186046,1939.0,45.62939453125,0.213128,0.363328
25,0.29069767441860467,1937.0,43.62939453125,0.235552,0.365845
26,0.3023255813953488,1937.0,43.62939453125,0.19739,0.276447
27,0.313953488372093,1937.0,43.62939453125,0.135351,0.142307
28,0.3255813953488372,1937.0,43.62939453125,0.102117,0.035418
29,0.3372093023255814,1938.0,44.62939453125,0.132073,0.003156
30,0.3488372093023256,1936.0,42.62939453125,0.210291,0.047748
31,0.3604651162790698,1938.0,44.62939453125,0.279902,0.101102
32,0.37209302325581395,1929.0,35.62939453125,0.258779,0.06949
33,0.38372093023255816,1936.0,42.62939453125,0.116625,-0.100057
34,0.3953488372093023,1923.0,29.62939453125,-0.135452,-0.389517
35,0.4069767441860465,1933.0,39.62939453125,-0.393141,-0.688813
36,0.41860465116279066,1930.0,36.62939453125,-0.561758,-0.864359
37,0.43023255813953487,1925.0,31.62939453125,-0.584371,-0.833531
38,0.4418604651162791,1920.0,26.62939453125,-0.48838,-0.615068
39,0.4534883720930233,1923.0,29.62939453125,-0.371508,-0.334203
40,0.4651162790697675,1917.0,23.62939453125,-0.357222,-0.155594
41,0.4767441860465116,1918.0,24.62939453125,-0.490233,-0.165048
42,0.4883720930232558,1915.0,21.62939453125,-0.708012,-0.316809
43,0.5,1914.0,20.62939453125,-0.850482,-0.424186
44,0.5116279069767442,1913.0,19.62939453125,-0.753827,-0.286969
45,0.5232558139534884,1914.0,20.62939453125,-0.354594,0.195941
46,0.5348837209302326,1909.0,15.62939453125,0.244988,0.918212
47,0.5465116279069767,1909.0,15.62939453125,0.825542,1.60623
48,0.5581395348837209,1907.0,13.62939453125,1.157042,1.954867
49,0.5697674418604651,1909.0,15.62939453125,1.147777,1.810602
50,0.5813953488372093,1904.0,10.62939453125,0.906004,1.283159
51,0.5930232558139535,1904.0,10.62939453125,0.705512,0.709549
52,0.6046511627906976,1894.0,0.62939453125,0.803354,0.463615
53,0.6162790697674418,1898.0,4.62939453125,1.276078,0.699818
54,0.627906976744186,1895.0,1.62939453125,1.88455,1.196013
55,0.6395348837209301,1895.0,1.62939453125,2.164159,1.398205
56,0.6511627906976744,1890.0,-3.37060546875,1.642445,0.709606
57,0.6627906976744186,1893.0,-0.37060546875,0.139702,-1.146425
58,0.6744186046511628,1891.0,-2.37060546875,-2.063127,-3.845093
59,0.686046511627907,1903.0,9.62939453125,-4.236679,-6.457617
60,0.6976744186046512,1886.0,-7.37060546875,-5.51649,-7.816421
61,0.7093023255813954,1887.0,-6.37060546875,-5.234887,-6.96884
62,0.7209302325581396,1881.0,-12.37060546875,-3.309389,-3.73778
63,0.7325581395348838,1881.0,-12.37060546875,-0.316911,1.118958
64,0.7441860465116279,1882.0,-11.37060546875,2.696299,6.097442
65,0.7558139534883721,1882.0,-11.37060546875,4.645148,9.520014
66,0.7674418604651163,1872.0,-21.37060546875,4.862043,10.217339
67,0.7790697674418604,1877.0,-16.37060546875,3.397982,8.010288
68,0.7906976744186046,1878.0,-15.37060546875,0.954834,3.752378
69,0.8023255813953488,1877.0,-16.37060546875,-1.425947,-1.034773
70,0.813953488372093,1881.0,-12.37060546875,-2.819201,-4.78572
71,0.8255813953488372,1878.0,-15.37060546875,-2.806288,-6.527062
72,0.8372093023255813,1879.0,-14.37060546875,-1.586193,-6.14362
73,0.8488372093023255,1877.0,-16.37060546875,0.17201,-4.316576
74,0.8604651162790697,1878.0,-15.37060546875,1.686853,-2.079217
75,0.872093023255814,1878.0,-15.37060546875,2.413443,-0.329746
76,0.8837209302325582,1877.0,-16.37060546875,2.243391,0.544794
77,0.8953488372093024,1874.0,-19.37060546875,1.469286,0.715571
78,0.9069767441860466,1883.0,-10.37060546875,0.575376,0.704088
79,0.9186046511627908,1873.0,-20.37060546875,-0.063331,0.984205
80,0.930232558139535,1872.0,-21.37060546875,-0.315042,1.753617
81,0.9418604651162791,1875.0,-18.37060546875,-0.323498,2.805439
82,0.9534883720930232,1869.0,-24.37060546875,-0.371793,3.672254
83,0.9651162790697674,1874.0,-19.37060546875,-0.663036,3.896209
84,0.9767441860465116,1863.0,-30.37060546875,-1.217032,3.237988
85,0.9883720930232557,1872.0,-21.37060546875,-1.81869,1.816287
86,1.0,1858.0,-35.37060546875,-2.188795,-0.036897
87,1.0116279069767442,1866.0,-27.37060546875,-2.085423,-1.866108
88,1.0232558139534884,1863.0,-30.37060546875,-1.481444,-3.342368
89,1.0348837209302326,1863.0,-30.37060546875,-0.54698,-4.301597
90,1.0465116279069768,1868.0,-25.37060546875,0.430403,-4.741591
91,1.0581395348837208,1868.0,-25.37060546875,1.175972,-4.712544
92,1.0697674418604652,1877.0,-16.37060546875,1.558372,-4.241828
93,1.0813953488372092,1869.0,-24.37060546875,1.596385,-3.318075
94,1.0930232558139534,1882.0,-11.37060546875,1.452343,-1.927434
95,1.1046511627906976,1877.0,-16.37060546875,1.277154,-0.147829
96,1.1162790697674418,1889.0,-4.37060546875,1.173919,1.811878
97,1.127906976744186,1887.0,-6.37060546875,1.117484,3.625343
98,1.1395348837209303,1882.0,-11.37060546875,1.017212,4.959428
99,1.1511627906976745,1886.0,-7.37060546875,0.785954,5.585717
100,1.1627906976744187,1862.0,-31.37060546875,0.368527,5.448175
101,1.1744186046511629,1872.0,-21.37060546875,-0.166475,4.673687
102,1.186046511627907,1840.0,-53.37060546875,-0.74855,3.480667
103,1.197674418604651,1854.0,-39.37060546875,-1.237296,2.105474
104,1.2093023255813953,1821.0,-72.37060546875,-1.59075,0.712764
105,1.2209302325581395,1833.0,-60.37060546875,-1.742992,-0.610234
106,1.2325581395348837,1802.0,-91.37060546875,-1.713067,-1.802193
107,1.244186046511628,1802.0,-91.37060546875,-1.464613,-2.81117
108,1.255813953488372,1775.0,-118.37060546875,-0.997457,-3.51504
109,1.2674418604651163,1776.0,-117.37060546875,-0.298029,-3.820043
110,1.2790697674418603,1757.0,-136.37060546875,0.540432,-3.703601
111,1.2906976744186047,1773.0,-120.37060546875,1.363649,-3.255432
112,1.3023255813953487,1785.0,-108.37060546875,1.915119,-2.712325
113,1.3139534883720931,1776.0,-117.37060546875,1.94494,-2.317941
114,1.3255813953488371,1814.0,-79.37060546875,1.390131,-2.201788
115,1.3372093023255816,1796.0,-97.37060546875,0.343524,-2.272361
116,1.3488372093023255,1857.0,-36.37060546875,-0.778527,-2.204654
117,1.36046511627907,1840.0,-53.37060546875,-1.555709,-1.585924
118,1.372093023255814,1905.0,11.62939453125,-1.528472,-0.12552
119,1.383720930232558,1886.0,-7.37060546875,-0.617729,2.153618
120,1.3953488372093024,1936.0,42.62939453125,1.006538,4.836599
121,1.4069767441860463,1919.0,25.62939453125,2.770071,7.209452
122,1.4186046511627908,1946.0,52.62939453125,4.057718,8.519732
123,1.4302325581395348,1947.0,53.62939453125,4.329705,8.264681
124,1.4418604651162792,1930.0,36.62939453125,3.380623,6.395379
125,1.4534883720930232,1939.0,45.62939453125,1.432971,3.360266
126,1.4651162790697676,1889.0,-4.37060546875,-1.042068,-0.076309
127,1.4767441860465116,1911.0,17.62939453125,-3.37229,-3.11274
128,1.4883720930232558,1817.0,-76.37060546875,-5.124878,-5.185185
129,1.5,1859.0,-34.37060546875,-5.952667,-6.105921
130,1.5116279069767442,1755.0,-138.37060546875,-5.953792,-6.031685
131,1.5232558139534884,1791.0,-102.37060546875,-5.217944,-5.288161
132,1.5348837209302326,1689.0,-204.37060546875,-4.107151,-4.245256
133,1.5465116279069768,1718.0,-175.37060546875,-2.785567,-3.153735
134,1.5581395348837208,1655.0,-238.37060546875,-1.452852,-2.10941
135,1.5697674418604652,1659.0,-234.37060546875,-0.134462,-1.138511
136,1.5813953488372092,1658.0,-235.37060546875,1.147983,-0.243377
137,1.5930232558139534,1650.0,-243.37060546875,2.387318,0.522643
138,1.6046511627906976,1702.0,-191.37060546875,3.653636,1.129164
139,1.6162790697674418,1675.0,-218.37060546875,4.914526,1.601987
140,1.627906976744186,1786.0,-107.37060546875,6.277695,2.042832
141,1.6395348837209303,1747.0,-146.37060546875,7.56299,2.565466
142,1.6511627906976745,1882.0,-11.37060546875,8.714311,3.209424
143,1.6627906976744187,1837.0,-56.37060546875,9.317741,3.892934
144,1.6744186046511627,1965.0,71.62939453125,9.177406,4.351835
145,1.686046511627907,1923.0,29.62939453125,7.938956,4.292225
146,1.697674418604651,2007.0,113.62939453125,5.65685,3.502217
147,1.7093023255813955,1983.0,89.62939453125,2.455755,2.028527
148,1.7209302325581395,2005.0,111.62939453125,-1.255026,0.158314
149,1.7325581395348837,2015.0,121.62939453125,-5.076946,-1.683938
150,1.744186046511628,1947.0,53.62939453125,-8.745746,-3.115427
151,1.755813953488372,1987.0,93.62939453125,-12.01029,-3.939285
152,1.7674418604651163,1837.0,-56.37060546875,-14.906024,-4.195992
153,1.7790697674418603,1899.0,5.62939453125,-17.135118,-4.052742
154,1.7906976744186047,1711.0,-182.37060546875,-18.557472,-3.695641
155,1.8023255813953487,1775.0,-118.37060546875,-18.526896,-3.189328
156,1.8139534883720931,1593.0,-300.37060546875,-16.752729,-2.469302
157,1.8255813953488371,1648.0,-245.37060546875,-12.844501,-1.459269
158,1.8372093023255816,1522.0,-371.37060546875,-7.154216,-0.191949
159,1.8488372093023255,1552.0,-341.37060546875,-0.261739,1.081777
160,1.86046511627907,1535.0,-358.37060546875,6.813425,2.010201
161,1.872093023255814,1521.0,-372.37060546875,13.142832,2.305813
162,1.8837209302325582,1634.0,-259.37060546875,18.220531,1.942789
163,1.8953488372093024,1583.0,-310.37060546875,21.854305,1.247229
164,1.9069767441860463,1777.0,-116.37060546875,24.485085,0.778002
165,1.9186046511627908,1700.0,-193.37060546875,26.272547,1.054697
166,1.9302325581395348,1924.0,30.62939453125,27.489304,2.244808
167,1.9418604651162792,1847.0,-46.37060546875,27.511215,4.007328
168,1.9534883720930232,2046.0,152.62939453125,25.752892,5.55232
169,1.9651162790697676,1991.0,97.62939453125,21.245718,6.014023
170,1.9767441860465114,2096.0,202.62939453125,13.724321,4.794451
171,1.9883720930232558,2090.0,196.62939453125,3.457373,1.934883
172,2.0,2043.0,149.62939453125,-8.492134,-1.924524
173,2.011627906976744,2094.0,200.62939453125,-20.495733,-5.696033
174,2.0232558139534884,1915.0,21.62939453125,-31.136566,-8.3661
175,2.0348837209302326,1988.0,94.62939453125,-39.045509,-9.294731
176,2.046511627906977,1734.0,-159.37060546875,-43.877312,-8.440647
177,2.058139534883721,1827.0,-66.37060546875,-45.355358,-6.295246
178,2.0697674418604652,1563.0,-330.37060546875,-44.013897,-3.578632
179,2.0813953488372094,1642.0,-251.37060546875,-39.905849,-0.945328
180,2.0930232558139537,1443.0,-450.37060546875,-33.402161,1.244648
181,2.1046511627906974,1493.0,-400.37060546875,-24.385239,2.936157
182,2.1162790697674416,1455.0,-438.37060546875,-13.082403,4.249199
183,2.1279069767441863,1439.0,-454.37060546875,0.084071,5.267669
184,2.1395348837209305,1567.0,-326.37060546875,14.374386,5.966851
185,2.1511627906976742,1493.0,-400.37060546875,28.488958,6.183855
186,2.1627906976744184,1758.0,-135.37060546875,41.395725,5.763783
187,2.174418604651163,1654.0,-239.37060546875,51.726746,4.680546
188,2.186046511627907,1967.0,73.62939453125,59.002865,3.098164
189,2.197674418604651,1870.0,-23.37060546875,62.56501,1.395905
190,2.2093023255813953,2127.0,233.62939453125,62.53278,-0.109455
191,2.22093023255814,2063.0,169.62939453125,58.655048,-1.183228
192,2.2325581395348837,2178.0,284.62939453125,51.00182,-1.871117
193,2.244186046511628,2166.0,272.62939453125,39.402557,-2.405937
194,2.255813953488372,2103.0,209.62939453125,23.872913,-3.093773
195,2.267441860465116,2158.0,264.62939453125,4.906158,-4.134989
196,2.2790697674418605,1918.0,24.62939453125,-16.755438,-5.493177
197,2.2906976744186047,2016.0,122.62939453125,-39.281815,-6.832703
198,2.302325581395349,1691.0,-202.37060546875,-60.881645,-7.603897
199,2.3139534883720927,1808.0,-85.37060546875,-78.953171,-7.282578
200,2.3255813953488373,1483.0,-410.37060546875,-91.706474,-5.519867
201,2.3372093023255816,1581.0,-312.37060546875,-97.302544,-2.378975
202,2.3488372093023258,1382.0,-511.37060546875,-95.215782,1.683151
203,2.3604651162790695,1414.0,-479.37060546875,-85.406342,5.854935
204,2.372093023255814,1415.0,-478.37060546875,-68.768044,9.243065
205,2.3837209302325584,1381.0,-512.37060546875,-46.711887,11.085293
206,2.395348837209302,1599.0,-294.37060546875,-20.716375,11.004316
207,2.4069767441860463,1488.0,-405.37060546875,7.256293,9.079983
208,2.4186046511627906,1840.0,-53.37060546875,35.875282,5.875523
209,2.430232558139535,1714.0,-179.37060546875,63.187088,2.187943
210,2.441860465116279,2075.0,181.62939453125,87.957115,-1.171844
211,2.453488372093023,1971.0,77.62939453125,108.267044,-3.568321
212,2.4651162790697674,2223.0,329.62939453125,122.751045,-4.780159
213,2.4767441860465116,2162.0,268.62939453125,129.626633,-4.90094
214,2.488372093023256,2223.0,329.62939453125,127.586281,-4.34832
215,2.5,2240.0,346.62939453125,115.633492,-3.570198
216,2.511627906976744,2085.0,191.62939453125,93.321266,-3.027809
217,2.5232558139534884,2167.0,273.62939453125,61.445702,-2.952713
218,2.5348837209302326,1842.0,-51.37060546875,21.464018,-3.365923
219,2.546511627906977,1968.0,74.62939453125,-23.397444,-4.058062
220,2.5581395348837206,1599.0,-294.37060546875,-69.599518,-4.675133
221,2.5697674418604652,1714.0,-179.37060546875,-112.356911,-4.80497
222,2.5813953488372094,1421.0,-472.37060546875,-147.543106,-4.060532
223,2.5930232558139537,1494.0,-399.37060546875,-171.196991,-2.257996
224,2.6046511627906974,1383.0,-510.37060546875,-180.956299,0.544846
225,2.6162790697674416,1382.0,-511.37060546875,-175.786224,3.94278
226,2.6279069767441863,1485.0,-408.37060546875,-156.128922,7.314163
227,2.6395348837209305,1414.0,-479.37060546875,-123.831711,9.880447
228,2.6511627906976742,1695.0,-198.37060546875,-81.177612,11.018402
229,2.6627906976744184,1565.0,-328.37060546875,-31.40032,10.378466
230,2.674418604651163,1923.0,29.62939453125,22.617353,8.119328
231,2.686046511627907,1809.0,-84.37060546875,77.131622,4.767548
232,2.697674418604651,2099.0,205.62939453125,128.658798,1.108582
233,2.7093023255813953,2017.0,123.62939453125,172.924286,-2.101349
234,2.72093023255814,2169.0,275.62939453125,205.920029,-4.373825
235,2.7325581395348837,2150.0,256.62939453125,223.748703,-5.630814
236,2.744186046511628,2117.0,223.62939453125,223.522888,-6.116806
237,2.755813953488372,2160.0,266.62939453125,204.004028,-6.26651
238,2.767441860465116,1973.0,79.62939453125,165.651794,-6.437729
239,2.7790697674418605,2055.0,161.62939453125,111.343842,-6.717903
240,2.7906976744186047,1807.0,-86.37060546875,45.252796,-6.950512
241,2.802325581395349,1889.0,-4.37060546875,-26.724548,-6.766459
242,2.8139534883720927,1674.0,-219.37060546875,-98.550842,-5.835953
243,2.8255813953488373,1733.0,-160.37060546875,-163.879929,-4.009521
244,2.8372093023255816,1627.0,-266.37060546875,-217.164215,-1.406616
245,2.8488372093023253,1638.0,-255.37060546875,-253.681534,1.597443
246,2.8604651162790695,1653.0,-240.37060546875,-269.896759,4.569794
247,2.872093023255814,1627.0,-266.37060546875,-263.882874,7.113037
248,2.8837209302325584,1740.0,-153.37060546875,-235.166611,8.990372
249,2.895348837209302,1690.0,-203.37060546875,-185.482086,10.075119
250,2.9069767441860463,1873.0,-20.37060546875,-118.139519,10.357872
251,2.918604651162791,1790.0,-103.37060546875,-38.693905,9.778721
252,2.930232558139535,1936.0,42.62939453125,46.289154,8.306053
253,2.941860465116279,1911.0,17.62939453125,129.170364,5.917191
254,2.953488372093023,1938.0,44.62939453125,202.444672,2.725342
255,2.9651162790697674,1939.0,45.62939453125,259.42572,-0.969116
256,2.9767441860465116,1905.0,11.62939453125,294.827118,-4.659637
257,2.988372093023256,1929.0,35.62939453125,305.521545,-7.746948
258,3.0,1862.0,-31.37060546875,290.256531,-9.745605
259,3.011627906976744,1882.0,-11.37060546875,250.244812,-10.369049
260,3.0232558139534884,1840.0,-53.37060546875,188.348938,-9.702774
261,3.0348837209302326,1850.0,-43.37060546875,109.418678,-8.114853
262,3.046511627906977,1845.0,-48.37060546875,19.488867,-6.14353
263,3.0581395348837206,1840.0,-53.37060546875,-74.136429,-4.264709
264,3.0697674418604652,1873.0,-20.37060546875,-163.558914,-2.715195
265,3.0813953488372094,1857.0,-36.37060546875,-240.78035,-1.476715
266,3.0930232558139537,1918.0,24.62939453125,-298.325165,-0.282654
267,3.1046511627906974,1897.0,3.62939453125,-330.317444,1.131592
268,3.1162790697674416,1925.0,31.62939453125,-332.9104,2.920135
269,3.1279069767441863,1920.0,26.62939453125,-305.282318,4.983063
270,3.1395348837209305,1919.0,25.62939453125,-249.434387,7.000488
271,3.1511627906976742,1925.0,31.62939453125,-170.487411,8.533463
272,3.1627906976744184,1874.0,-19.37060546875,-75.689766,9.214737
273,3.174418604651163,1907.0,13.62939453125,26.052485,8.890982
274,3.186046511627907,1821.0,-72.37060546875,125.380142,7.635246
275,3.197674418604651,1847.0,-46.37060546875,213.265625,5.733719
276,3.2093023255813953,1776.0,-117.37060546875,281.874054,3.516022
277,3.22093023255814,1798.0,-95.37060546875,325.199463,1.240784
278,3.2325581395348837,1757.0,-136.37060546875,339.41391,-0.964691
279,3.244186046511628,1760.0,-133.37060546875,323.349579,-3.07373
280,3.255813953488372,1771.0,-122.37060546875,278.333984,-5.069031
281,3.2674418604651163,1749.0,-144.37060546875,208.480347,-6.847443
282,3.2790697674418605,1814.0,-79.37060546875,120.030518,-8.205643
283,3.2906976744186047,1787.0,-106.37060546875,21.255495,-8.872959
284,3.302325581395349,1885.0,-8.37060546875,-78.688156,-8.642265
285,3.3139534883720927,1847.0,-46.37060546875,-170.298889,-7.505081
286,3.3255813953488373,1951.0,57.62939453125,-245.029404,-5.660751
287,3.3372093023255816,1922.0,28.62939453125,-295.961151,-3.520203
288,3.3488372093023253,1996.0,102.62939453125,-318.688812,-1.49472
289,3.3604651162790695,1971.0,77.62939453125,-311.657318,0.113922
290,3.372093023255814,2002.0,108.62939453125,-276.138824,1.287445
291,3.3837209302325584,1999.0,105.62939453125,-216.206573,2.231857
292,3.395348837209302,1971.0,77.62939453125,-137.863602,3.294769
293,3.4069767441860463,1991.0,97.62939453125,-48.869617,4.725689
294,3.418604651162791,1917.0,23.62939453125,42.459423,6.520874
295,3.430232558139535,1948.0,54.62939453125,127.426697,8.357948
296,3.441860465116279,1840.0,-53.37060546875,198.205841,9.679962
297,3.453488372093023,1877.0,-16.37060546875,248.117645,9.935486
298,3.4651162790697674,1773.0,-120.37060546875,272.719299,8.776154
299,3.4767441860465116,1807.0,-86.37060546875,270.112823,6.246796
300,3.488372093023256,1723.0,-170.37060546875,241.350174,2.742264
301,3.5,1744.0,-149.37060546875,190.443161,-1.064163
302,3.511627906976744,1712.0,-181.37060546875,123.499527,-4.537933
303,3.5232558139534884,1708.0,-185.37060546875,48.342976,-7.177891
304,3.5348837209302326,1734.0,-159.37060546875,-27.183218,-8.79838
305,3.546511627906977,1719.0,-174.37060546875,-95.487228,-9.468163
306,3.5581395348837206,1792.0,-101.37060546875,-150.691208,-9.383423
307,3.5697674418604652,1759.0,-134.37060546875,-188.2453,-8.719376
308,3.5813953488372094,1869.0,-24.37060546875,-205.710342,-7.553329
309,3.5930232558139537,1824.0,-69.37060546875,-202.184082,-5.86908
310,3.6046511627906974,1946.0,52.62939453125,-178.66777,-3.640625
311,3.616279069767442,1909.0,15.62939453125,-137.963211,-0.958054
312,3.6279069767441863,1987.0,93.62939453125,-84.560471,1.95137
313,3.63953488372093,1970.0,76.62939453125,-24.792381,4.701836
314,3.6511627906976742,1985.0,91.62939453125,34.321659,6.881187
315,3.6627906976744184,1999.0,105.62939453125,85.279007,8.162949
316,3.674418604651163,1925.0,31.62939453125,122.134415,8.410454
317,3.686046511627907,1965.0,71.62939453125,140.732239,7.743393
318,3.697674418604651,1828.0,-65.37060546875,140.189697,6.414719
319,3.7093023255813953,1878.0,-15.37060546875,122.282303,4.779053
320,3.72093023255814,1718.0,-175.37060546875,91.338989,3.095352
321,3.7325581395348837,1771.0,-122.37060546875,52.972805,1.511002
322,3.744186046511628,1642.0,-251.37060546875,12.934273,0.028371
323,3.755813953488372,1674.0,-219.37060546875,-23.553207,-1.418129
324,3.7674418604651163,1626.0,-267.37060546875,-52.828819,-2.870941
325,3.7790697674418605,1622.0,-271.37060546875,-72.263641,-4.277466
326,3.7906976744186047,1690.0,-203.37060546875,-80.986359,-5.463028
327,3.802325581395349,1650.0,-243.37060546875,-78.847305,-6.22226
328,3.8139534883720927,1806.0,-87.37060546875,-67.089912,-6.350227
329,3.8255813953488373,1744.0,-149.37060546875,-47.513496,-5.775192
330,3.8372093023255816,1941.0,47.62939453125,-22.960302,-4.590199
331,3.8488372093023253,1873.0,-20.37060546875,3.342405,-3.044635
332,3.8604651162790695,2058.0,164.62939453125,28.0378,-1.443041
333,3.872093023255814,2000.0,106.62939453125,47.960682,-0.062534
334,3.8837209302325584,2096.0,202.62939453125,61.054661,0.993618
335,3.895348837209302,2083.0,189.62939453125,65.956604,1.78978
336,3.9069767441860463,2043.0,149.62939453125,62.896103,2.531776
337,3.9186046511627906,2084.0,190.62939453125,52.516739,3.418941
338,3.930232558139535,1929.0,35.62939453125,36.527733,4.500992
339,3.941860465116279,1994.0,100.62939453125,16.541815,5.640019
340,3.9534883720930227,1793.0,-100.37060546875,-5.378398,6.466964
341,3.9651162790697674,1851.0,-42.37060546875,-27.316168,6.575468
342,3.9767441860465116,1665.0,-228.37060546875,-47.18774,5.662395
343,3.9883720930232562,1719.0,-174.37060546875,-62.886765,3.692772
344,4.0,1623.0,-270.37060546875,-72.681793,0.94281
345,4.011627906976744,1634.0,-259.37060546875,-75.065605,-2.031296
346,4.023255813953488,1665.0,-228.37060546875,-69.705391,-4.577499
347,4.034883720930233,1633.0,-260.37060546875,-56.866947,-6.174118
348,4.046511627906977,1787.0,-106.37060546875,-38.23077,-6.562817
349,4.058139534883721,1712.0,-181.37060546875,-15.806018,-5.86434
350,4.069767441860465,1915.0,21.62939453125,7.77506,-4.442369
351,4.081395348837209,1847.0,-46.37060546875,30.274403,-2.817539
352,4.093023255813954,2033.0,139.62939453125,49.751312,-1.445835
353,4.104651162790698,1983.0,89.62939453125,64.900223,-0.596977
354,4.116279069767442,2089.0,195.62939453125,75.029816,-0.284264
355,4.127906976744186,2074.0,180.62939453125,79.625732,-0.309387
356,4.1395348837209305,2064.0,170.62939453125,78.691727,-0.354553
357,4.151162790697675,2092.0,198.62939453125,72.033714,-0.131058
358,4.162790697674419,1975.0,81.62939453125,60.079723,0.530487
359,4.174418604651162,2027.0,133.62939453125,43.15118,1.590473
360,4.186046511627907,1869.0,-24.37060546875,22.39407,2.859022
361,4.1976744186046515,1925.0,31.62939453125,-0.942641,4.026934
362,4.209302325581395,1776.0,-117.37060546875,-25.033205,4.76038
363,4.22093023255814,1813.0,-80.37060546875,-48.058125,4.828327
364,4.232558139534883,1723.0,-170.37060546875,-68.204369,4.178421
365,4.2441860465116275,1743.0,-150.37060546875,-83.8405,2.937431
366,4.2558139534883725,1731.0,-162.37060546875,-93.855415,1.369408
367,4.267441860465116,1718.0,-175.37060546875,-97.273705,-0.202354
368,4.279069767441861,1779.0,-114.37060546875,-93.795967,-1.517937
369,4.290697674418605,1751.0,-142.37060546875,-83.166466,-2.433235
370,4.3023255813953485,1854.0,-39.37060546875,-65.814438,-2.934696
371,4.313953488372094,1814.0,-79.37060546875,-42.335117,-3.114502
372,4.325581395348837,1908.0,14.62939453125,-14.008481,-3.058809
373,4.337209302325581,1889.0,-4.37060546875,17.498903,-2.826488
374,4.348837209302326,1945.0,51.62939453125,49.94915,-2.403858
375,4.3604651162790695,1927.0,33.62939453125,80.663589,-1.771858
376,4.372093023255814,1957.0,63.62939453125,106.863304,-0.928734
377,4.383720930232558,1951.0,57.62939453125,125.63163,0.014275
378,4.395348837209302,1936.0,42.62939453125,134.674622,0.88179
379,4.406976744186047,1942.0,48.62939453125,132.162888,1.445297
380,4.4186046511627906,1920.0,26.62939453125,117.60173,1.562157
381,4.430232558139535,1934.0,40.62939453125,91.380562,1.182045
382,4.44186046511628,1904.0,10.62939453125,55.345985,0.414856
383,4.453488372093023,1910.0,16.62939453125,12.363919,-0.513478
384,4.465116279069767,1893.0,-0.37060546875,-33.826004,-1.324795
385,4.476744186046512,1904.0,10.62939453125,-78.930534,-1.785049
386,4.488372093023256,1888.0,-5.37060546875,-118.663094,-1.763252
387,4.5,1887.0,-6.37060546875,-148.9272,-1.229614
388,4.511627906976744,1872.0,-21.37060546875,-166.515594,-0.270691
389,4.523255813953488,1877.0,-16.37060546875,-169.198318,0.94165
390,4.534883720930232,1854.0,-39.37060546875,-156.242645,2.180115
391,4.546511627906977,1861.0,-32.37060546875,-128.354584,3.194229
392,4.558139534883721,1834.0,-59.37060546875,-87.798088,3.75943
393,4.569767441860465,1842.0,-51.37060546875,-38.116104,3.734592
394,4.5813953488372094,1821.0,-72.37060546875,16.220877,3.131549
395,4.593023255813954,1823.0,-70.37060546875,70.194046,2.126007
396,4.604651162790698,1824.0,-69.37060546875,118.853767,1.044441
397,4.616279069767442,1821.0,-72.37060546875,157.558014,0.222061
398,4.627906976744185,1851.0,-42.37060546875,182.520355,-0.145081
399,4.6395348837209305,1834.0,-59.37060546875,190.969452,-0.104446
400,4.651162790697675,1887.0,-6.37060546875,181.60466,0.067032
401,4.662790697674418,1866.0,-27.37060546875,154.711929,-0.068375
402,4.674418604651163,1925.0,31.62939453125,112.385086,-0.884857
403,4.686046511627906,1907.0,13.62939453125,58.524136,-2.473972
404,4.6976744186046515,1952.0,58.62939453125,-1.559531,-4.585383
405,4.709302325581396,1941.0,47.62939453125,-61.599922,-6.642025
406,4.720930232558139,1954.0,60.62939453125,-115.317574,-7.956001
407,4.732558139534884,1954.0,60.62939453125,-157.118866,-7.978867
408,4.744186046511628,1930.0,36.62939453125,-182.985916,-6.527267
409,4.755813953488372,1940.0,46.62939453125,-190.760849,-3.850372
410,4.767441860465117,1892.0,-1.37060546875,-180.326324,-0.515137
411,4.77906976744186,1908.0,14.62939453125,-153.355484,2.776871
412,4.790697674418604,1853.0,-40.37060546875,-112.897743,5.469551
413,4.802325581395349,1872.0,-21.37060546875,-63.053864,7.271378
414,4.813953488372093,1830.0,-63.37060546875,-8.478746,8.199091
415,4.825581395348837,1840.0,-53.37060546875,45.720135,8.397156
416,4.837209302325581,1829.0,-64.37060546875,94.569565,8.072754
417,4.848837209302325,1827.0,-66.37060546875,133.352554,7.307373
418,4.86046511627907,1854.0,-39.37060546875,158.407837,6.104202
419,4.872093023255814,1841.0,-52.37060546875,167.325531,4.385132
420,4.883720930232558,1888.0,-5.37060546875,159.624786,2.180786
421,4.895348837209303,1867.0,-26.37060546875,136.648926,-0.357269
422,4.906976744186046,1920.0,26.62939453125,101.505333,-2.925285
423,4.9186046511627906,1904.0,10.62939453125,58.521755,-5.175045
424,4.930232558139535,1937.0,43.62939453125,12.52858,-6.8367
425,4.941860465116279,1932.0,38.62939453125,-31.63274,-7.787106
426,4.953488372093023,1941.0,47.62939453125,-69.912575,-8.095566
427,4.965116279069767,1940.0,46.62939453125,-99.03038,-7.913391
428,4.976744186046512,1936.0,42.62939453125,-117.004524,-7.378624
429,4.988372093023256,1936.0,42.62939453125,-122.810661,-6.51503
430,5.0,1915.0,21.62939453125,-116.73069,-5.232315
431,5.011627906976744,1923.0,29.62939453125,-99.989639,-3.381424
432,5.023255813953488,1903.0,9.62939453125,-74.907616,-0.897278
433,5.034883720930233,1907.0,13.62939453125,-44.576412,2.085083
434,5.046511627906977,1894.0,0.62939453125,-12.547141,5.215631
435,5.058139534883721,1904.0,10.62939453125,17.523384,7.974443
436,5.069767441860465,1895.0,1.62939453125,42.53339,9.811604
437,5.081395348837209,1890.0,-3.37060546875,60.100056,10.342243
438,5.093023255813954,1899.0,5.62939453125,69.217903,9.495064
439,5.104651162790698,1895.0,1.62939453125,69.8535,7.48024
440,5.116279069767441,1904.0,10.62939453125,63.293873,4.785419
441,5.127906976744186,1903.0,9.62939453125,51.372437,1.955734
442,5.1395348837209305,1909.0,15.62939453125,36.451298,-0.531654
443,5.151162790697675,1910.0,16.62939453125,20.786339,-2.412752
444,5.162790697674419,1921.0,27.62939453125,6.355437,-3.653445
445,5.174418604651162,1911.0,17.62939453125,-5.328729,-4.383862
446,5.186046511627907,1921.0,27.62939453125,-13.469478,-4.81616
447,5.1976744186046515,1918.0,24.62939453125,-17.692072,-5.096778
448,5.209302325581395,1930.0,36.62939453125,-18.411987,-5.303009
449,5.22093023255814,1920.0,26.62939453125,-16.233107,-5.392989
450,5.232558139534883,1942.0,48.62939453125,-12.327497,-5.270232
451,5.2441860465116275,1938.0,44.62939453125,-7.767362,-4.82876
452,5.2558139534883725,1955.0,61.62939453125,-3.794469,-4.003813
453,5.267441860465116,1947.0,53.62939453125,-1.300945,-2.788392
454,5.279069767441861,1951.0,57.62939453125,-0.88665,-1.229318
455,5.290697674418605,1950.0,56.62939453125,-2.751923,0.566056
456,5.3023255813953485,1943.0,49.62939453125,-6.521589,2.452649
457,5.313953488372094,1952.0,58.62939453125,-11.638106,4.21191
458,5.325581395348837,1933.0,39.62939453125,-17.008772,5.599642
459,5.337209302325581,1940.0,46.62939453125,-21.720341,6.363701
460,5.348837209302326,1911.0,17.62939453125,-24.565928,6.362844
461,5.3604651162790695,1919.0,25.62939453125,-24.843193,5.593733
462,5.372093023255814,1898.0,4.62939453125,-21.86762,4.273914
463,5.383720930232558,1904.0,10.62939453125,-15.62442,2.730255
464,5.395348837209302,1899.0,5.62939453125,-6.42956,1.345303
465,5.406976744186046,1893.0,-0.37060546875,4.870311,0.375237
466,5.4186046511627906,1907.0,13.62939453125,16.963959,-0.132488
467,5.430232558139535,1903.0,9.62939453125,28.475836,-0.340672
468,5.44186046511628,1936.0,42.62939453125,37.751831,-0.588371
469,5.453488372093023,1920.0,26.62939453125,43.641315,-1.19418
470,5.465116279069767,1955.0,61.62939453125,45.111305,-2.30064
471,5.476744186046512,1949.0,55.62939453125,41.96751,-3.81007
472,5.488372093023256,1983.0,89.62939453125,34.310875,-5.413258
473,5.5,1973.0,79.62939453125,22.991543,-6.692209
474,5.511627906976744,1994.0,100.62939453125,9.154984,-7.270437
475,5.523255813953488,1989.0,95.62939453125,-5.758728,-6.964701
476,5.534883720930232,1979.0,85.62939453125,-20.116209,-5.774165
477,5.546511627906977,1984.0,90.62939453125,-32.503349,-3.899746
478,5.558139534883721,1947.0,53.62939453125,-41.473351,-1.583771
479,5.569767441860465,1966.0,72.62939453125,-46.259304,0.895836
480,5.5813953488372094,1917.0,23.62939453125,-46.298374,3.294277
481,5.593023255813954,1933.0,39.62939453125,-41.861008,5.425102
482,5.604651162790698,1893.0,-0.37060546875,-33.47171,7.1119
483,5.616279069767442,1904.0,10.62939453125,-22.252924,8.236231
484,5.627906976744185,1885.0,-8.37060546875,-9.424176,8.696012
485,5.6395348837209305,1887.0,-6.37060546875,3.673241,8.477776
486,5.651162790697675,1893.0,-0.37060546875,15.717651,7.599226
487,5.662790697674418,1889.0,-4.37060546875,25.661678,6.160374
488,5.674418604651163,1909.0,15.62939453125,32.484924,4.212215
489,5.686046511627907,1904.0,10.62939453125,35.719479,1.844685
490,5.697674418604651,1934.0,40.62939453125,35.053478,-0.880306
491,5.709302325581396,1921.0,27.62939453125,30.911121,-3.791821
492,5.720930232558139,1955.0,61.62939453125,23.994865,-6.609907
493,5.732558139534884,1943.0,49.62939453125,15.531075,-8.943061
494,5.744186046511628,1965.0,71.62939453125,6.767094,-10.36412
495,5.755813953488372,1955.0,61.62939453125,-1.154232,-10.583078
496,5.767441860465117,1958.0,64.62939453125,-7.468176,-9.547514
497,5.77906976744186,1961.0,67.62939453125,-11.952887,-7.532284
498,5.790697674418604,1950.0,56.62939453125,-14.667745,-5.009727
499,5.802325581395349,1953.0,59.62939453125,-15.989334,-2.490466
500,5.813953488372093,1935.0,41.62939453125,-16.090542,-0.251632
501,5.825581395348837,1942.0,48.62939453125,-15.174932,1.672343
502,5.837209302325582,1923.0,29.62939453125,-13.227536,3.485114
503,5.848837209302325,1931.0,37.62939453125,-10.410606,5.415523
504,5.86046511627907,1915.0,21.62939453125,-7.052649,7.459575
505,5.872093023255814,1919.0,25.62939453125,-3.79296,9.302978
506,5.883720930232558,1911.0,17.62939453125,-1.331309,10.383808
507,5.895348837209303,1913.0,19.62939453125,-0.186715,10.181003
508,5.906976744186046,1919.0,25.62939453125,-0.460142,8.466831
509,5.9186046511627906,1917.0,23.62939453125,-1.680288,5.519608
510,5.930232558139535,1933.0,39.62939453125,-2.992396,2.04447
511,5.941860465116279,1938.0,44.62939453125,-3.419549,-1.090235
512,5.953488372093023,1931.0,37.62939453125,-2.324402,-3.271089
513,5.965116279069767,1934.0,40.62939453125,0.459982,-4.325549
514,5.976744186046512,1936.0,42.62939453125,4.507622,-4.604549
515,5.988372093023256,1932.0,38.62939453125,9.071965,-4.71266
516,6.0,1947.0,53.62939453125,13.328908,-5.170043
517,6.011627906976744,1943.0,49.62939453125,16.624657,-6.132427
518,6.023255813953488,1952.0,58.62939453125,18.57589,-7.276802
519,6.034883720930233,1953.0,59.62939453125,19.029209,-7.984901
520,6.046511627906977,1949.0,55.62939453125,17.87076,-7.668409
521,6.058139534883721,1954.0,60.62939453125,15.031766,-6.059176
522,6.069767441860465,1941.0,47.62939453125,10.392982,-3.362177
523,6.081395348837209,1950.0,56.62939453125,4.059852,-0.117869
524,6.093023255813954,1935.0,41.62939453125,-3.629032,2.996466
525,6.104651162790698,1938.0,44.62939453125,-11.920589,5.498808
526,6.116279069767441,1923.0,29.62939453125,-19.80089,7.16316
527,6.127906976744186,1930.0,36.62939453125,-26.184658,8.056011
528,6.1395348837209305,1918.0,24.62939453125,-30.142801,8.309042
529,6.151162790697675,1910.0,16.62939453125,-31.182661,7.993177
530,6.162790697674419,1919.0,25.62939453125,-29.121401,7.071569
531,6.174418604651162,1919.0,25.62939453125,-24.253218,5.445593
532,6.186046511627907,1929.0,35.62939453125,-16.965122,3.1549
533,6.1976744186046515,1923.0,29.62939453125,-7.87798,0.449372
534,6.209302325581395,1943.0,49.62939453125,2.405559,-2.161047
535,6.22093023255814,1936.0,42.62939453125,13.047354,-4.150007
536,6.232558139534883,1962.0,68.62939453125,23.090454,-5.11352
537,6.2441860465116275,1947.0,53.62939453125,31.379938,-5.056807
538,6.2558139534883725,1979.0,85.62939453125,36.775166,-4.287632
539,6.267441860465116,1968.0,74.62939453125,38.369598,-3.409042
540,6.279069767441861,1986.0,92.62939453125,35.70256,-2.888397
541,6.290697674418605,1981.0,87.62939453125,29.014462,-2.963718
542,6.3023255813953485,1987.0,93.62939453125,19.1105,-3.429155
543,6.313953488372094,1990.0,96.62939453125,7.35869,-3.819008
544,6.325581395348837,1977.0,83.62939453125,-4.764081,-3.601532
545,6.337209302325581,1985.0,91.62939453125,-15.805328,-2.454147
546,6.348837209302326,1943.0,49.62939453125,-24.710527,-0.484716
547,6.3604651162790695,1959.0,65.62939453125,-30.79019,1.893736
548,6.372093023255814,1906.0,12.62939453125,-33.793495,4.007477
549,6.383720930232558,1927.0,33.62939453125,-33.731892,5.355385
550,6.395348837209302,1873.0,-20.37060546875,-30.809206,5.617834
551,6.406976744186046,1889.0,-4.37060546875,-25.342432,4.948883
552,6.4186046511627906,1854.0,-39.37060546875,-17.759712,3.674089
553,6.430232558139535,1867.0,-26.37060546875,-8.686153,2.280699
554,6.44186046511628,1853.0,-40.37060546875,1.03513,1.050585
555,6.453488372093023,1854.0,-39.37060546875,10.368962,0.098224
556,6.465116279069767,1865.0,-28.37060546875,18.253052,-0.665852
557,6.476744186046512,1856.0,-37.37060546875,23.784458,-1.381094
558,6.488372093023256,1894.0,0.62939453125,26.505453,-2.001623
559,6.5,1878.0,-15.37060546875,26.421812,-2.392958
560,6.511627906976744,1939.0,45.62939453125,24.057404,-2.195007
561,6.523255813953488,1914.0,20.62939453125,20.109861,-1.271599
562,6.534883720930233,1984.0,90.62939453125,15.3351,0.3992
563,6.546511627906977,1965.0,71.62939453125,10.133533,2.308154
564,6.558139534883721,2022.0,128.62939453125,4.693363,3.838686
565,6.569767441860465,2005.0,111.62939453125,-1.030528,4.259367
566,6.5813953488372094,2037.0,143.62939453125,-6.913505,3.263667
567,6.593023255813954,2035.0,141.62939453125,-12.588344,0.984199
568,6.604651162790698,2028.0,134.62939453125,-17.306026,-1.900206
569,6.616279069767442,2033.0,139.62939453125,-20.187912,-4.455579
570,6.627906976744185,1983.0,89.62939453125,-20.610683,-5.937799
571,6.6395348837209305,2007.0,113.62939453125,-18.440929,-5.970575
572,6.651162790697675,1920.0,26.62939453125,-14.372913,-4.932598
573,6.662790697674418,1954.0,60.62939453125,-9.482843,-3.450736
574,6.674418604651163,1843.0,-50.37060546875,-5.12538,-2.43678
575,6.686046511627907,1881.0,-12.37060546875,-2.094492,-2.271382
576,6.697674418604651,1780.0,-113.37060546875,-0.650357,-2.997135
577,6.709302325581396,1810.0,-83.37060546875,-0.147519,-3.926135
578,6.720930232558139,1751.0,-142.37060546875,0.35129,-4.276265
579,6.732558139534884,1764.0,-129.37060546875,1.796784,-3.317694
580,6.744186046511628,1773.0,-120.37060546875,4.628155,-0.785532
581,6.755813953488372,1758.0,-135.37060546875,8.555699,2.977217
582,6.767441860465117,1835.0,-58.37060546875,12.847713,7.336392
583,6.77906976744186,1794.0,-99.37060546875,16.396292,11.342865
584,6.790697674418604,1930.0,36.62939453125,18.505653,14.417501
585,6.802325581395349,1878.0,-15.37060546875,18.664543,15.996834
586,6.813953488372093,2028.0,134.62939453125,17.084984,16.08329
587,6.825581395348837,1971.0,77.62939453125,14.008933,14.551467
588,6.837209302325582,2096.0,202.62939453125,9.971436,11.629151
589,6.848837209302325,2074.0,180.62939453125,5.212289,7.350774
590,6.86046511627907,2128.0,234.62939453125,-0.03073,2.007377
591,6.872093023255814,2127.0,233.62939453125,-5.563747,-3.987965
592,6.883720930232558,2089.0,195.62939453125,-11.085334,-9.997575
593,6.895348837209303,2117.0,223.62939453125,-16.029699,-15.186456
594,6.906976744186046,1998.0,104.62939453125,-19.923565,-19.000965
595,6.9186046511627906,2047.0,153.62939453125,-22.211308,-20.988651
596,6.930232558139535,1872.0,-21.37060546875,-22.878031,-21.418112
597,6.941860465116279,1935.0,41.62939453125,-21.951511,-20.5676
598,6.953488372093023,1762.0,-131.37060546875,-19.949905,-19.125671
599,6.965116279069767,1808.0,-85.37060546875,-17.131956,-17.260298
600,6.976744186046512,1696.0,-197.37060546875,-13.747714,-14.983378
601,6.988372093023256,1719.0,-174.37060546875,-9.605055,-11.707163
602,7.0,1707.0,-186.37060546875,-4.393003,-6.8015
603,7.011627906976744,1693.0,-200.37060546875,2.107396,0.141459
604,7.023255813953488,1777.0,-116.37060546875,9.891219,9.074821
605,7.034883720930233,1735.0,-158.37060546875,18.289091,19.091034
606,7.046511627906977,1905.0,11.62939453125,26.399864,28.957581
607,7.058139534883721,1838.0,-55.37060546875,32.824108,36.902184
608,7.069767441860465,2033.0,139.62939453125,36.570789,41.693913
609,7.081395348837209,1975.0,81.62939453125,36.816391,42.334305
610,7.093023255813954,2141.0,247.62939453125,33.606804,38.85384
611,7.104651162790698,2099.0,205.62939453125,27.367914,31.685385
612,7.116279069767441,2166.0,272.62939453125,19.081932,21.896643
613,7.127906976744186,2162.0,268.62939453125,9.769416,10.58386
614,7.1395348837209305,2117.0,223.62939453125,0.275838,-1.270224
615,7.151162790697675,2150.0,256.62939453125,-8.78424,-12.854752
616,7.162790697674419,1995.0,101.62939453125,-17.30188,-23.809877
617,7.174418604651162,2064.0,170.62939453125,-25.099104,-33.624748
618,7.186046511627907,1856.0,-37.37060546875,-32.315708,-42.153969
619,7.1976744186046515,1922.0,28.62939453125,-38.556725,-48.740898
620,7.209302325581395,1714.0,-179.37060546875,-43.488319,-52.960918
621,7.22093023255814,1777.0,-116.37060546875,-46.226768,-53.936211
622,7.232558139534884,1658.0,-235.37060546875,-46.089565,-51.146496
623,7.2441860465116275,1680.0,-213.37060546875,-42.388561,-44.126308
624,7.2558139534883725,1677.0,-216.37060546875,-34.885113,-32.907253
625,7.267441860465116,1658.0,-235.37060546875,-23.852425,-18.044254
626,7.27906976744186,1775.0,-118.37060546875,-9.924102,-0.468516
627,7.290697674418605,1717.0,-176.37060546875,5.711998,18.290934
628,7.3023255813953485,1921.0,27.62939453125,21.997793,36.829311
629,7.313953488372094,1847.0,-46.37060546875,37.530273,53.361805
630,7.325581395348837,2067.0,173.62939453125,51.398129,66.681862
631,7.337209302325581,1993.0,99.62939453125,62.445076,75.467499
632,7.348837209302326,2155.0,261.62939453125,69.95713,79.064217
633,7.3604651162790695,2119.0,225.62939453125,73.012024,76.870995
634,7.372093023255814,2170.0,276.62939453125,70.953545,68.787682
635,7.383720930232559,2175.0,281.62939453125,63.255043,55.012844
636,7.395348837209302,2106.0,212.62939453125,49.738163,36.125427
637,7.406976744186046,2146.0,252.62939453125,30.918062,13.316282
638,7.4186046511627906,1980.0,86.62939453125,7.764051,-11.972433
639,7.430232558139535,2059.0,165.62939453125,-17.814569,-37.608894
640,7.44186046511628,1842.0,-51.37060546875,-43.805103,-61.619377
641,7.453488372093023,1907.0,13.62939453125,-67.597374,-81.661743
642,7.465116279069767,1739.0,-154.37060546875,-87.103279,-96.055168
643,7.476744186046512,1783.0,-110.37060546875,-100.324493,-103.332062
644,7.488372093023256,1696.0,-197.37060546875,-106.091812,-102.86438
645,7.5,1707.0,-186.37060546875,-103.726921,-94.53627
646,7.511627906976744,1728.0,-165.37060546875,-93.184189,-78.829117
647,7.523255813953488,1711.0,-182.37060546875,-74.987656,-56.743069
648,7.534883720930233,1814.0,-79.37060546875,-49.986637,-29.540634
649,7.546511627906977,1766.0,-127.37060546875,-19.66007,1.040445
650,7.558139534883721,1933.0,39.62939453125,14.294366,33.191448
651,7.569767441860464,1872.0,-21.37060546875,49.386799,64.580826
652,7.5813953488372094,2035.0,141.62939453125,82.962189,92.896172
653,7.593023255813954,1987.0,93.62939453125,111.791161,115.507805
654,7.604651162790698,2102.0,208.62939453125,132.88887,130.090942
655,7.616279069767442,2078.0,184.62939453125,143.500961,134.619934
656,7.627906976744185,2118.0,224.62939453125,141.853836,127.905022
657,7.6395348837209305,2112.0,218.62939453125,127.347046,109.803146
658,7.651162790697675,2079.0,185.62939453125,100.7798,81.345642
659,7.662790697674418,2103.0,209.62939453125,64.342659,44.799362
660,7.674418604651163,2006.0,112.62939453125,21.185892,3.266703
661,7.686046511627907,2043.0,149.62939453125,-24.730995,-39.470173
662,7.697674418604651,1923.0,29.62939453125,-69.462097,-79.666679
663,7.709302325581396,1963.0,69.62939453125,-109.100708,-113.795547
664,7.720930232558139,1845.0,-48.37060546875,-140.455475,-139.08696
665,7.732558139534884,1882.0,-11.37060546875,-160.857574,-153.502182
666,7.744186046511628,1790.0,-103.37060546875,-168.590958,-155.930069
667,7.755813953488372,1814.0,-79.37060546875,-162.70787,-146.075806
668,7.767441860465117,1776.0,-117.37060546875,-143.290588,-124.437431
669,7.77906976744186,1778.0,-115.37060546875,-111.449417,-92.36348
670,7.790697674418604,1788.0,-105.37060546875,-69.368317,-51.944416
671,7.802325581395349,1776.0,-117.37060546875,-20.292984,-6.115259
672,7.813953488372093,1831.0,-62.37060546875,31.797356,41.594173
673,7.825581395348837,1805.0,-88.37060546875,82.373032,87.176559
674,7.837209302325581,1892.0,-1.37060546875,126.999245,126.61277
675,7.848837209302326,1859.0,-34.37060546875,161.567841,156.228409
676,7.86046511627907,1969.0,75.62939453125,182.923187,173.143372
677,7.872093023255814,1933.0,39.62939453125,188.939774,175.587234
678,7.883720930232558,2035.0,141.62939453125,178.919098,163.075272
679,7.895348837209302,2006.0,112.62939453125,153.466507,136.506744
680,7.9069767441860455,2087.0,193.62939453125,114.59922,97.985107
681,7.918604651162791,2070.0,176.62939453125,65.467323,50.699711
682,7.930232558139535,2096.0,202.62939453125,10.20469,-1.399566
683,7.941860465116279,2096.0,202.62939453125,-46.436913,-53.861374
684,7.953488372093023,2066.0,172.62939453125,-99.534317,-102.159897
685,7.9651162790697665,2086.0,192.62939453125,-144.355789,-142.029907
686,7.9767441860465125,1984.0,90.62939453125,-176.960587,-169.904251
687,7.988372093023257,2021.0,127.62939453125,-194.348511,-183.220642
688,8.0,1881.0,-12.37060546875,-195.034531,-180.728729
689,8.011627906976743,1931.0,37.62939453125,-178.887894,-162.607162
690,8.023255813953488,1781.0,-112.37060546875,-147.470566,-130.482559
691,8.034883720930232,1833.0,-60.37060546875,-103.577469,-87.259811
692,8.046511627906977,1721.0,-172.37060546875,-51.238281,-36.815792
693,8.058139534883722,1744.0,-149.37060546875,4.912942,16.360489
694,8.069767441860465,1712.0,-181.37060546875,59.976143,67.663666
695,8.081395348837209,1707.0,-186.37060546875,109.254219,112.66069
696,8.093023255813954,1762.0,-131.37060546875,148.761002,147.599762
697,8.104651162790699,1746.0,-147.37060546875,175.32254,169.562698
698,8.116279069767442,1858.0,-35.37060546875,186.997498,176.74263
699,8.127906976744185,1808.0,-85.37060546875,182.889404,168.573776
700,8.13953488372093,1977.0,83.62939453125,163.523544,145.797821
701,8.151162790697674,1915.0,21.62939453125,130.49173,110.493408
702,8.162790697674417,2075.0,181.62939453125,86.75219,65.888374
703,8.174418604651164,2013.0,119.62939453125,36.194782,16.236414
704,8.186046511627907,2115.0,221.62939453125,-16.47691,-33.736088
705,8.19767441860465,2105.0,211.62939453125,-66.291573,-79.136162
706,8.209302325581396,2096.0,202.62939453125,-108.722031,-115.792992
707,8.220930232558139,2113.0,219.62939453125,-139.993637,-140.426147
708,8.232558139534884,2011.0,117.62939453125,-157.912201,-151.330658
709,8.24418604651163,2064.0,170.62939453125,-161.591354,-148.247299
710,8.255813953488373,1888.0,-5.37060546875,-151.861984,-132.422928
711,8.267441860465116,1952.0,58.62939453125,-130.461075,-106.21035
712,8.279069767441861,1773.0,-120.37060546875,-100.079727,-72.640633
713,8.290697674418604,1826.0,-67.37060546875,-63.680954,-35.20171
714,8.30232558139535,1686.0,-207.37060546875,-24.40885,2.81056
715,8.313953488372093,1718.0,-175.37060546875,14.601195,38.115086
716,8.325581395348838,1661.0,-232.37060546875,50.469532,68.12323
717,8.337209302325581,1664.0,-229.37060546875,80.457962,90.551521
718,8.348837209302324,1703.0,-190.37060546875,102.567352,104.076286
719,8.36046511627907,1677.0,-216.37060546875,115.331795,108.029572
720,8.372093023255815,1799.0,-94.37060546875,118.460937,102.761917
721,8.383720930232558,1744.0,-149.37060546875,112.394844,89.414909
722,8.395348837209303,1925.0,31.62939453125,98.628212,69.808578
723,8.406976744186046,1858.0,-35.37060546875,79.029663,46.312027
724,8.41860465116279,2030.0,136.62939453125,55.823372,21.297165
725,8.430232558139535,1983.0,89.62939453125,31.122631,-2.755318
726,8.44186046511628,2113.0,219.62939453125,6.728033,-24.009678
727,8.453488372093023,2086.0,192.62939453125,-15.815996,-40.864395
728,8.465116279069766,2119.0,225.62939453125,-35.492928,-52.604408
729,8.476744186046512,2125.0,231.62939453125,-51.420471,-58.87426
730,8.488372093023255,2061.0,167.62939453125,-63.270176,-60.05983
731,8.5,2096.0,202.62939453125,-70.787971,-56.863716
732,8.511627906976745,1935.0,41.62939453125,-74.246002,-50.311749
733,8.523255813953488,1998.0,104.62939453125,-73.942741,-41.60976
734,8.534883720930232,1807.0,-86.37060546875,-70.511574,-31.836079
735,8.546511627906977,1872.0,-21.37060546875,-64.489342,-22.113251
736,8.558139534883722,1695.0,-198.37060546875,-56.3368,-13.045464
737,8.569767441860465,1744.0,-149.37060546875,-46.339394,-5.205238
738,8.58139534883721,1645.0,-248.37060546875,-34.482265,1.494274
739,8.593023255813954,1662.0,-231.37060546875,-20.784845,7.154718
740,8.604651162790697,1664.0,-229.37060546875,-5.10018,12.349831
741,8.61627906976744,1648.0,-245.37060546875,12.26594,17.505075
742,8.627906976744187,1758.0,-135.37060546875,30.856384,22.984306
743,8.63953488372093,1702.0,-191.37060546875,49.555389,28.815977
744,8.651162790697674,1887.0,-6.37060546875,67.072296,34.557983
745,8.662790697674419,1820.0,-73.37060546875,81.743927,39.554684
746,8.674418604651162,2015.0,121.62939453125,91.989616,42.7006
747,8.686046511627907,1953.0,59.62939453125,96.460747,43.230022
748,8.697674418604652,2109.0,215.62939453125,94.180916,40.329071
749,8.709302325581396,2070.0,176.62939453125,84.801559,33.931324
750,8.720930232558139,2123.0,229.62939453125,68.370247,24.139259
751,8.732558139534884,2125.0,231.62939453125,45.732357,11.728809
752,8.744186046511627,2069.0,175.62939453125,18.070177,-2.389341
753,8.755813953488373,2105.0,211.62939453125,-12.676446,-17.072952
754,8.767441860465116,1947.0,53.62939453125,-44.303989,-31.087524
755,8.779069767441861,2011.0,117.62939453125,-74.103058,-43.28878
756,8.790697674418604,1805.0,-88.37060546875,-99.413429,-52.431221
757,8.802325581395348,1874.0,-19.37060546875,-117.747635,-57.686363
758,8.813953488372094,1695.0,-198.37060546875,-127.189384,-58.226334
759,8.825581395348838,1744.0,-149.37060546875,-126.733742,-53.981712
760,8.837209302325581,1648.0,-245.37060546875,-116.180717,-45.061829
761,8.848837209302326,1657.0,-236.37060546875,-96.425858,-32.345642
762,8.86046511627907,1715.0,-178.37060546875,-68.821907,-16.833393
763,8.872093023255813,1662.0,-231.37060546875,-35.530811,0.096088
764,8.88372093023256,1827.0,-66.37060546875,1.295555,17.145933
765,8.895348837209303,1766.0,-127.37060546875,39.003475,33.04311
766,8.906976744186046,1948.0,54.62939453125,74.985512,46.524319
767,8.91860465116279,1890.0,-3.37060546875,106.4319,56.592281
768,8.930232558139535,2036.0,142.62939453125,130.595352,62.120483
769,8.941860465116278,1997.0,103.62939453125,145.165894,62.536354
770,8.953488372093023,2073.0,179.62939453125,148.293915,57.315559
771,8.965116279069768,2067.0,173.62939453125,139.32373,46.779961
772,8.976744186046512,2046.0,152.62939453125,118.508255,31.655556
773,8.988372093023255,2070.0,176.62939453125,87.581718,13.497589
774,9.0,1969.0,75.62939453125,49.030617,-5.800632
775,9.011627906976745,2013.0,119.62939453125,6.313678,-24.110415
776,9.023255813953488,1867.0,-26.37060546875,-36.977203,-39.404835
777,9.034883720930234,1919.0,25.62939453125,-77.148018,-50.158928
778,9.046511627906977,1776.0,-117.37060546875,-110.99778,-55.366364
779,9.05813953488372,1817.0,-76.37060546875,-135.993896,-54.947495
780,9.069767441860463,1728.0,-165.37060546875,-150.361938,-49.347351
781,9.08139534883721,1745.0,-148.37060546875,-153.396011,-39.836884
782,9.093023255813954,1731.0,-162.37060546875,-145.056702,-27.841141
783,9.104651162790697,1721.0,-172.37060546875,-126.293571,-15.035164
784,9.116279069767442,1776.0,-117.37060546875,-98.384605,-2.721748
785,9.127906976744185,1746.0,-147.37060546875,-63.290012,8.128078
786,9.13953488372093,1840.0,-53.37060546875,-23.090784,17.085249
787,9.151162790697676,1814.0,-79.37060546875,19.621338,24.113968
788,9.162790697674419,1898.0,4.62939453125,62.029785,29.28463
789,9.174418604651162,1887.0,-6.37060546875,101.019943,32.756821
790,9.186046511627907,1935.0,41.62939453125,133.293564,34.333786
791,9.19767441860465,1918.0,24.62939453125,155.875504,33.834976
792,9.209302325581396,1936.0,42.62939453125,166.254364,30.945236
793,9.220930232558139,1936.0,42.62939453125,163.131561,25.712982
794,9.232558139534884,1915.0,21.62939453125,146.293976,18.446136
795,9.244186046511627,1929.0,35.62939453125,117.149521,9.959625
796,9.25581395348837,1883.0,-10.37060546875,78.084488,1.213188
797,9.267441860465118,1903.0,9.62939453125,32.579651,-6.794563
798,9.279069767441861,1864.0,-29.37060546875,-15.586926,-13.340528
799,9.290697674418604,1866.0,-27.37060546875,-62.487213,-18.123535
800,9.30232558139535,1825.0,-68.37060546875,-104.487984,-21.135857
801,9.313953488372093,1840.0,-53.37060546875,-138.424072,-22.659302
802,9.325581395348836,1808.0,-85.37060546875,-161.713303,-22.97493
803,9.337209302325583,1813.0,-80.37060546875,-172.573303,-22.338562
804,9.348837209302326,1803.0,-90.37060546875,-169.916992,-20.83252
805,9.36046511627907,1807.0,-86.37060546875,-153.753799,-18.534943
806,9.372093023255813,1806.0,-87.37060546875,-124.918716,-15.436798
807,9.383720930232558,1800.0,-93.37060546875,-85.499542,-11.636391
808,9.395348837209303,1811.0,-82.37060546875,-38.367992,-7.201797
809,9.406976744186046,1808.0,-85.37060546875,12.606441,-2.285941
810,9.418604651162791,1826.0,-67.37060546875,63.236107,3.006329
811,9.430232558139535,1818.0,-75.37060546875,109.123169,8.50267
812,9.441860465116278,1843.0,-50.37060546875,146.326859,13.996811
813,9.453488372093023,1836.0,-57.37060546875,171.62648,19.197647
814,9.465116279069768,1871.0,-22.37060546875,182.828033,23.703171
815,9.476744186046512,1856.0,-37.37060546875,178.942551,27.055008
816,9.488372093023257,1891.0,-2.37060546875,159.997864,28.71666
817,9.5,1877.0,-16.37060546875,127.243263,28.251793
818,9.511627906976743,1907.0,13.62939453125,82.758865,25.258541
819,9.523255813953487,1903.0,9.62939453125,29.886963,19.642735
820,9.534883720930234,1919.0,25.62939453125,-27.223911,11.493282
821,9.546511627906977,1913.0,19.62939453125,-83.256905,1.398285
822,9.55813953488372,1904.0,10.62939453125,-132.535477,-9.727066
823,9.569767441860465,1911.0,17.62939453125,-169.384293,-20.556442
824,9.581395348837209,1871.0,-22.37060546875,-189.309143,-29.629547
825,9.593023255813954,1890.0,-3.37060546875,-189.770752,-35.611908
826,9.604651162790699,1831.0,-62.37060546875,-170.845642,-37.614517
827,9.616279069767442,1842.0,-51.37060546875,-135.314178,-35.411812
828,9.627906976744185,1795.0,-98.37060546875,-87.950142,-29.454018
829,9.63953488372093,1813.0,-80.37060546875,-34.816639,-20.815063
830,9.651162790697674,1785.0,-108.37060546875,18.287025,-10.724865
831,9.662790697674419,1791.0,-102.37060546875,66.213531,-0.45575
832,9.674418604651162,1789.0,-104.37060546875,105.457047,9.117737
833,9.686046511627907,1785.0,-108.37060546875,133.579346,17.321121
834,9.69767441860465,1818.0,-75.37060546875,149.410706,23.776352
835,9.709302325581394,1803.0,-90.37060546875,152.396484,28.179359
836,9.72093023255814,1853.0,-40.37060546875,142.690857,30.224953
837,9.732558139534884,1833.0,-60.37060546875,121.224083,29.711693
838,9.744186046511627,1884.0,-9.37060546875,89.800072,26.560368
839,9.755813953488373,1868.0,-25.37060546875,51.446194,21.101315
840,9.767441860465116,1904.0,10.62939453125,9.787324,13.875661
841,9.77906976744186,1902.0,8.62939453125,-30.901762,5.762842
842,9.790697674418606,1907.0,13.62939453125,-66.88575,-2.402153
843,9.80232558139535,1907.0,13.62939453125,-94.895714,-9.832458
844,9.813953488372093,1891.0,-2.37060546875,-112.97641,-15.976273
845,9.825581395348838,1904.0,10.62939453125,-120.035896,-20.439552
846,9.837209302325581,1862.0,-31.37060546875,-116.10199,-22.907219
847,9.848837209302326,1879.0,-14.37060546875,-101.940247,-23.149399
848,9.86046511627907,1831.0,-62.37060546875,-79.131729,-21.029526
849,9.872093023255815,1845.0,-48.37060546875,-50.144577,-16.74456
850,9.883720930232558,1808.0,-85.37060546875,-18.062511,-10.847782
851,9.895348837209301,1821.0,-72.37060546875,13.319611,-4.364527
852,9.906976744186046,1808.0,-85.37060546875,40.551167,1.544975
853,9.918604651162791,1807.0,-86.37060546875,60.600075,5.817566
854,9.930232558139535,1821.0,-72.37060546875,72.084404,7.950584
855,9.94186046511628,1808.0,-85.37060546875,74.881119,8.120758
856,9.953488372093023,1845.0,-48.37060546875,70.512566,7.142334
857,9.965116279069766,1838.0,-55.37060546875,61.043808,6.060684
858,9.976744186046512,1873.0,-20.37060546875,48.706409,5.691566
859,9.988372093023257,1865.0,-28.37060546875,35.205181,6.332085
860,10.0,1890.0,-3.37060546875,21.499014,7.625473
861,10.011627906976743,1885.0,-8.37060546875,8.22294,8.868931
862,10.023255813953488,1898.0,4.62939453125,-4.369457,9.323137
863,10.034883720930232,1894.0,0.62939453125,-15.51443,8.642928
864,10.046511627906977,1889.0,-4.37060546875,-24.554514,6.961588
865,10.058139534883722,1895.0,1.62939453125,-30.460648,4.794624
866,10.069767441860465,1876.0,-17.37060546875,-32.927086,2.674908
867,10.081395348837209,1884.0,-9.37060546875,-31.998833,0.895157
868,10.093023255813954,1869.0,-24.37060546875,-28.61623,-0.623787
869,10.104651162790699,1871.0,-22.37060546875,-23.998573,-2.242559
870,10.116279069767442,1842.0,-51.37060546875,-19.349682,-4.316113
871,10.127906976744187,1851.0,-42.37060546875,-15.490909,-6.896604
872,10.13953488372093,1835.0,-58.37060546875,-12.480395,-9.674665
873,10.151162790697674,1840.0,-53.37060546875,-10.158109,-12.077249
874,10.162790697674417,1831.0,-62.37060546875,-7.864487,-13.513585
875,10.174418604651164,1830.0,-63.37060546875,-5.421943,-13.646306
876,10.186046511627907,1837.0,-56.37060546875,-2.559038,-12.488933
877,10.19767441860465,1831.0,-62.37060546875,0.441336,-10.359889
878,10.209302325581396,1842.0,-51.37060546875,3.614792,-7.59416
879,10.220930232558139,1839.0,-54.37060546875,6.956981,-4.396655
880,10.232558139534882,1857.0,-36.37060546875,10.785625,-0.716744
881,10.24418604651163,1846.0,-47.37060546875,15.402831,3.568836
882,10.255813953488373,1856.0,-37.37060546875,20.754011,8.499077
883,10.267441860465116,1857.0,-36.37060546875,26.445488,13.719616
884,10.279069767441861,1872.0,-21.37060546875,31.251537,18.453373
885,10.290697674418604,1861.0,-32.37060546875,33.96225,21.660198
886,10.30232558139535,1872.0,-21.37060546875,33.139107,22.382595
887,10.313953488372093,1871.0,-22.37060546875,28.26335,20.114321
888,10.325581395348838,1869.0,-24.37060546875,19.337603,15.016811
889,10.337209302325581,1866.0,-27.37060546875,7.479866,7.952435
890,10.348837209302324,1857.0,-36.37060546875,-5.784692,0.182528
891,10.36046511627907,1863.0,-30.37060546875,-18.704327,-6.962971
892,10.372093023255815,1852.0,-41.37060546875,-29.65476,-12.466486
893,10.383720930232558,1859.0,-34.37060546875,-37.700283,-15.866915
894,10.395348837209303,1840.0,-53.37060546875,-42.154228,-17.209352
895,10.406976744186046,1847.0,-46.37060546875,-43.06958,-16.915503
896,10.41860465116279,1840.0,-53.37060546875,-40.472401,-15.539965
897,10.430232558139537,1840.0,-53.37060546875,-34.845894,-13.565508
898,10.44186046511628,1835.0,-58.37060546875,-26.504353,-11.262411
899,10.453488372093023,1840.0,-53.37060546875,-16.072126,-8.686292
900,10.465116279069766,1841.0,-52.37060546875,-4.193748,-5.77366
901,10.476744186046512,1840.0,-53.37060546875,8.273012,-2.436894
902,10.488372093023255,1843.0,-50.37060546875,20.288321,1.30192
903,10.5,1842.0,-51.37060546875,30.869038,5.263742
904,10.511627906976745,1844.0,-49.37060546875,38.901028,9.099056
905,10.523255813953488,1845.0,-48.37060546875,43.693226,12.363483
906,10.534883720930232,1847.0,-46.37060546875,44.580582,14.601141
907,10.546511627906977,1846.0,-47.37060546875,41.557335,15.493904
908,10.558139534883722,1850.0,-43.37060546875,34.767616,14.921013
909,10.569767441860465,1849.0,-44.37060546875,24.957937,13.009227
910,10.58139534883721,1850.0,-43.37060546875,13.018351,10.086834
911,10.593023255813954,1846.0,-47.37060546875,0.112015,6.578094
912,10.604651162790697,1850.0,-43.37060546875,-12.565754,2.905756
913,10.61627906976744,1845.0,-48.37060546875,-23.948748,-0.63413
914,10.627906976744187,1855.0,-38.37060546875,-32.998192,-3.836184
915,10.63953488372093,1852.0,-41.37060546875,-39.042252,-6.605068
916,10.651162790697674,1862.0,-31.37060546875,-41.443779,-8.844666
917,10.662790697674419,1858.0,-35.37060546875,-40.020229,-10.41151
918,10.674418604651162,1863.0,-30.37060546875,-34.769485,-11.173605
919,10.686046511627907,1866.0,-27.37060546875,-26.22403,-11.006635
920,10.697674418604652,1868.0,-25.37060546875,-15.277992,-9.981
921,10.709302325581396,1867.0,-26.37060546875,-3.278218,-8.343946
922,10.720930232558139,1868.0,-25.37060546875,8.28333,-6.485476
923,10.732558139534884,1872.0,-21.37060546875,18.020252,-4.788902
924,10.744186046511627,1863.0,-30.37060546875,24.892309,-3.471933
925,10.755813953488373,1869.0,-24.37060546875,28.542372,-2.435095
926,10.767441860465116,1861.0,-32.37060546875,29.114147,-1.317635
927,10.779069767441861,1861.0,-32.37060546875,27.2959,0.348425
928,10.790697674418604,1857.0,-36.37060546875,23.845369,2.926691
929,10.802325581395348,1857.0,-36.37060546875,19.448597,6.358239
930,10.813953488372093,1859.0,-34.37060546875,14.427551,10.177615
931,10.825581395348838,1858.0,-35.37060546875,8.914698,13.57991
932,10.837209302325581,1871.0,-22.37060546875,2.918271,15.722884
933,10.848837209302326,1866.0,-27.37060546875,-3.392054,15.998517
934,10.86046511627907,1874.0,-19.37060546875,-9.560049,14.29035
935,10.872093023255813,1872.0,-21.37060546875,-14.884822,10.97857
936,10.88372093023256,1886.0,-7.37060546875,-18.601952,6.747906
937,10.895348837209303,1876.0,-17.37060546875,-20.216236,2.313797
938,10.906976744186046,1899.0,5.62939453125,-19.598682,-1.818186
939,10.91860465116279,1889.0,-4.37060546875,-17.156485,-5.470637
940,10.930232558139535,1896.0,2.62939453125,-13.539531,-8.714462
941,10.941860465116278,1891.0,-2.37060546875,-9.509666,-11.668215
942,10.953488372093023,1890.0,-3.37060546875,-5.573321,-14.335014
943,10.965116279069768,1894.0,0.62939453125,-1.974952,-16.466516
944,10.976744186046512,1879.0,-14.37060546875,1.349648,-17.630671
945,10.988372093023255,1883.0,-10.37060546875,4.502831,-17.374252
946,11.0,1873.0,-20.37060546875,7.523703,-15.379984
947,11.011627906976745,1874.0,-19.37060546875,10.194996,-11.661888
948,11.023255813953488,1866.0,-27.37060546875,12.177205,-6.49536
949,11.034883720930234,1871.0,-22.37060546875,13.09938,-0.419661
950,11.046511627906977,1869.0,-24.37060546875,12.768537,5.946927
951,11.05813953488372,1872.0,-21.37060546875,11.244748,11.946317
952,11.069767441860463,1873.0,-20.37060546875,8.799776,16.980732
953,11.08139534883721,1869.0,-24.37060546875,5.855957,20.522076
954,11.093023255813954,1886.0,-7.37060546875,2.739548,22.131203
955,11.104651162790697,1879.0,-14.37060546875,-0.278838,21.559896
956,11.116279069767442,1895.0,1.62939453125,-3.107622,18.794092
957,11.127906976744185,1892.0,-1.37060546875,-5.61614,14.159214
958,11.13953488372093,1907.0,13.62939453125,-7.670658,8.277755
959,11.151162790697676,1897.0,3.62939453125,-9.008291,1.973529
960,11.162790697674419,1890.0,-3.37060546875,-9.395868,-3.961429
961,11.174418604651162,1902.0,8.62939453125,-8.683141,-8.927128
962,11.186046511627907,1887.0,-6.37060546875,-6.981591,-12.676352
963,11.19767441860465,1898.0,4.62939453125,-4.624455,-15.231409
964,11.209302325581396,1875.0,-18.37060546875,-2.053129,-16.756908
965,11.220930232558139,1877.0,-16.37060546875,0.287742,-17.37277
966,11.232558139534884,1855.0,-38.37060546875,2.183762,-17.022326
967,11.244186046511627,1867.0,-26.37060546875,3.562147,-15.540264
968,11.25581395348837,1853.0,-40.37060546875,4.526885,-12.777095
969,11.267441860465118,1855.0,-38.37060546875,5.114937,-8.783643
970,11.279069767441861,1863.0,-30.37060546875,5.304398,-3.894668
971,11.290697674418604,1857.0,-36.37060546875,4.915002,1.281229
972,11.30232558139535,1873.0,-20.37060546875,3.798705,6.062484
973,11.313953488372093,1867.0,-26.37060546875,1.941512,9.896393
974,11.325581395348836,1884.0,-9.37060546875,-0.407624,12.528774
975,11.337209302325583,1877.0,-16.37060546875,-2.731936,14.011991
976,11.348837209302326,1893.0,-0.37060546875,-4.478963,14.565893
977,11.36046511627907,1888.0,-5.37060546875,-5.173446,14.423619
978,11.372093023255815,1902.0,8.62939453125,-4.704854,13.6531
979,11.383720930232558,1899.0,5.62939453125,-3.244101,12.177661
980,11.395348837209301,1897.0,3.62939453125,-1.240774,9.859386
981,11.406976744186046,1890.0,-3.37060546875,0.878889,6.6918
982,11.418604651162791,1890.0,-3.37060546875,2.80531,2.89819
983,11.430232558139535,1893.0,-0.37060546875,4.401574,-1.124848
984,11.441860465116278,1872.0,-21.37060546875,5.642452,-4.904381
985,11.453488372093023,1883.0,-10.37060546875,6.451938,-8.086412
986,11.465116279069768,1856.0,-37.37060546875,6.649729,-10.534754
987,11.476744186046512,1866.0,-27.37060546875,5.960474,-12.28686
988,11.488372093023257,1845.0,-48.37060546875,4.182685,-13.459195
989,11.5,1855.0,-38.37060546875,1.348276,-14.055764
990,11.511627906976743,1851.0,-42.37060546875,-2.157753,-13.926251
991,11.523255813953488,1843.0,-50.37060546875,-5.69546,-12.806997
992,11.534883720930234,1847.0,-46.37060546875,-8.515512,-10.46819
993,11.546511627906977,1843.0,-50.37060546875,-10.080508,-6.928973
994,11.55813953488372,1858.0,-35.37060546875,-10.209119,-2.51057
995,11.569767441860465,1853.0,-40.37060546875,-9.095501,2.212974
996,11.581395348837209,1872.0,-21.37060546875,-7.154106,6.615206
997,11.593023255813954,1862.0,-31.37060546875,-4.783215,10.220541
998,11.604651162790699,1881.0,-12.37060546875,-2.179091,12.836696
999,11.616279069767442,1874.0,-19.37060546875,0.660075,14.4903
1000,11.627906976744185,1889.0,-4.37060546875,3.783954,15.263691
1001,11.63953488372093,1887.0,-6.37060546875,7.121559,15.16654
1002,11.651162790697674,1888.0,-5.37060546875,10.315001,14.034035
1003,11.662790697674419,1888.0,-5.37060546875,12.787452,11.651618
1004,11.674418604651164,1877.0,-16.37060546875,13.888111,7.918938
1005,11.686046511627907,1886.0,-7.37060546875,13.193104,3.065574
1006,11.69767441860465,1866.0,-27.37060546875,10.658115,-2.311129
1007,11.709302325581394,1872.0,-21.37060546875,6.68596,-7.369718
1008,11.72093023255814,1853.0,-40.37060546875,1.950697,-11.279134
1009,11.732558139534884,1857.0,-36.37060546875,-2.81765,-13.521056
1010,11.744186046511627,1842.0,-51.37060546875,-7.049226,-14.007698
1011,11.755813953488373,1849.0,-44.37060546875,-10.43778,-13.099085
1012,11.767441860465116,1839.0,-54.37060546875,-12.88818,-11.352636
1013,11.77906976744186,1839.0,-54.37060546875,-14.369383,-9.284289
1014,11.790697674418606,1843.0,-50.37060546875,-14.775958,-7.13399
1015,11.80232558139535,1840.0,-53.37060546875,-13.971541,-4.923425
1016,11.813953488372093,1868.0,-25.37060546875,-11.778754,-2.496127
1017,11.825581395348838,1861.0,-32.37060546875,-8.215106,0.236054
1018,11.837209302325581,1892.0,-1.37060546875,-3.483842,3.183882
1019,11.848837209302326,1881.0,-12.37060546875,1.918762,6.046549
1020,11.86046511627907,1899.0,5.62939453125,7.386563,8.440387
1021,11.872093023255815,1890.0,-3.37060546875,12.287635,10.053877
1022,11.883720930232558,1901.0,7.62939453125,16.098427,10.741218
1023,11.895348837209301,1904.0,10.62939453125,18.445347,10.542555
1024,11.906976744186046,1901.0,7.62939453125,19.0413,9.564213
1025,11.918604651162791,1899.0,5.62939453125,17.733135,7.924959
1026,11.930232558139535,1874.0,-19.37060546875,14.459793,5.689073
1027,11.94186046511628,1878.0,-15.37060546875,9.402472,2.93769
1028,11.953488372093023,1873.0,-20.37060546875,2.984066,-0.163755
1029,11.965116279069766,1875.0,-18.37060546875,-4.046136,-3.270137
1030,11.976744186046512,1871.0,-22.37060546875,-10.731819,-5.892476
1031,11.988372093023257,1872.0,-21.37060546875,-16.095549,-7.542869
1032,12.0,1863.0,-30.37060546875,-19.391396,-7.899315
1033,12.011627906976743,1865.0,-28.37060546875,-20.279419,-6.994975
1034,12.023255813953488,1869.0,-24.37060546875,-18.891968,-5.206874
1035,12.034883720930232,1865.0,-28.37060546875,-15.732141,-3.170076
1036,12.046511627906977,1875.0,-18.37060546875,-11.43856,-1.496157
1037,12.058139534883722,1872.0,-21.37060546875,-6.618036,-0.589234
1038,12.069767441860465,1898.0,4.62939453125,-1.663212,-0.478193
1039,12.081395348837209,1891.0,-2.37060546875,3.157638,-0.90555
1040,12.093023255813954,1915.0,21.62939453125,7.703239,-1.434886
1041,12.104651162790697,1904.0,10.62939453125,11.739478,-1.716203
1042,12.116279069767442,1920.0,26.62939453125,14.997205,-1.561519
1043,12.127906976744187,1920.0,26.62939453125,17.102448,-1.018566
1044,12.13953488372093,1915.0,21.62939453125,17.756493,-0.264393
1045,12.151162790697674,1923.0,29.62939453125,16.813583,0.544065
1046,12.162790697674417,1904.0,10.62939453125,14.339338,1.333569
1047,12.174418604651164,1908.0,14.62939453125,10.6248,2.163536
1048,12.186046511627907,1881.0,-12.37060546875,6.06201,3.1296
1049,12.19767441860465,1894.0,0.62939453125,1.130068,4.292673
1050,12.209302325581396,1863.0,-30.37060546875,-3.785114,5.547502
1051,12.220930232558139,1872.0,-21.37060546875,-8.306694,6.654182
1052,12.232558139534882,1861.0,-32.37060546875,-12.164896,7.294788
1053,12.24418604651163,1862.0,-31.37060546875,-15.104554,7.174676
1054,12.255813953488373,1853.0,-40.37060546875,-16.948057,6.134626
1055,12.267441860465116,1861.0,-32.37060546875,-17.52669,4.227442
1056,12.279069767441861,1868.0,-25.37060546875,-16.765141,1.669353
1057,12.290697674418604,1858.0,-35.37060546875,-14.668924,-1.218857
1058,12.30232558139535,1885.0,-8.37060546875,-11.30095,-4.065049
1059,12.313953488372093,1873.0,-20.37060546875,-6.878323,-6.59162
1060,12.325581395348838,1899.0,5.62939453125,-1.67202,-8.558375
1061,12.337209302325581,1877.0,-16.37060546875,3.860343,-9.872869
1062,12.348837209302324,1901.0,7.62939453125,9.259603,-10.436477
1063,12.36046511627907,1903.0,9.62939453125,13.958288,-10.214014
1064,12.372093023255815,1915.0,21.62939453125,17.477381,-9.19068
1065,12.383720930232558,1910.0,16.62939453125,19.444208,-7.371271
1066,12.395348837209303,1910.0,16.62939453125,19.735306,-4.803764
1067,12.406976744186046,1915.0,21.62939453125,18.387848,-1.63793
1068,12.41860465116279,1904.0,10.62939453125,15.609838,1.868857
1069,12.430232558139537,1906.0,12.62939453125,11.642965,5.357448
1070,12.44186046511628,1891.0,-2.37060546875,6.71061,8.419328
1071,12.453488372093023,1898.0,4.62939453125,1.033389,10.693258
1072,12.465116279069766,1882.0,-11.37060546875,-5.156449,11.925543
1073,12.476744186046512,1882.0,-11.37060546875,-11.44772,12.047707
1074,12.488372093023255,1872.0,-21.37060546875,-17.290552,11.126617
1075,12.5,1876.0,-17.37060546875,-21.944452,9.33046
1076,12.511627906976745,1874.0,-19.37060546875,-24.677189,6.84642
1077,12.523255813953488,1873.0,-20.37060546875,-24.891775,3.836477
1078,12.534883720930232,1876.0,-17.37060546875,-22.322941,0.479362
1079,12.546511627906977,1875.0,-18.37060546875,-17.105625,-2.993241
1080,12.558139534883722,1884.0,-9.37060546875,-9.776044,-6.233473
1081,12.569767441860465,1877.0,-16.37060546875,-1.198476,-8.82929
1082,12.58139534883721,1884.0,-9.37060546875,7.603813,-10.37038
1083,12.593023255813954,1885.0,-8.37060546875,15.532997,-10.640139
1084,12.604651162790697,1898.0,4.62939453125,21.631691,-9.709202
1085,12.61627906976744,1889.0,-4.37060546875,25.115635,-7.980457
1086,12.627906976744187,1901.0,7.62939453125,25.621613,-6.004559
1087,12.63953488372093,1901.0,7.62939453125,23.195608,-4.303816
1088,12.651162790697674,1906.0,12.62939453125,18.406281,-3.089935
1089,12.662790697674419,1904.0,10.62939453125,12.173202,-2.186973
1090,12.674418604651162,1901.0,7.62939453125,5.563265,-1.139683
1091,12.686046511627906,1901.0,7.62939453125,-0.457617,0.572841
1092,12.697674418604652,1889.0,-4.37060546875,-5.36372,3.15486
1093,12.709302325581396,1893.0,-0.37060546875,-9.065064,6.373613
1094,12.720930232558139,1876.0,-17.37060546875,-11.937083,9.492558
1095,12.732558139534884,1884.0,-9.37060546875,-14.41112,11.614673
1096,12.744186046511627,1868.0,-25.37060546875,-16.791708,11.9939
1097,12.755813953488373,1873.0,-20.37060546875,-18.883549,10.444099
1098,12.767441860465116,1859.0,-34.37060546875,-20.121862,7.36669
1099,12.779069767441861,1862.0,-31.37060546875,-19.709099,3.615154
1100,12.790697674418604,1855.0,-38.37060546875,-17.008459,0.141562
1101,12.802325581395348,1865.0,-28.37060546875,-11.869661,-2.402747
1102,12.813953488372093,1858.0,-35.37060546875,-4.755338,-3.870781
1103,12.825581395348838,1856.0,-37.37060546875,3.338005,-4.56946
1104,12.837209302325581,1872.0,-21.37060546875,11.224896,-4.997609
1105,12.848837209302326,1862.0,-31.37060546875,17.763071,-5.5702
1106,12.86046511627907,1887.0,-6.37060546875,22.240129,-6.333582
1107,12.872093023255813,1876.0,-17.37060546875,24.295252,-7.03389
1108,12.88372093023256,1895.0,1.62939453125,23.987682,-7.233784
1109,12.895348837209303,1889.0,-4.37060546875,21.518824,-6.613321
1110,12.906976744186046,1907.0,13.62939453125,17.204536,-5.125042
1111,12.918604651162791,1903.0,9.62939453125,11.374118,-3.06416
1112,12.930232558139535,1917.0,23.62939453125,4.503215,-0.845755
1113,12.941860465116278,1920.0,26.62939453125,-2.75587,1.15967
1114,12.953488372093023,1909.0,15.62939453125,-9.629213,2.77281
1115,12.965116279069768,1914.0,20.62939453125,-15.235472,4.07691
1116,12.976744186046512,1904.0,10.62939453125,-18.938131,5.204506
1117,12.988372093023255,1909.0,15.62939453125,-20.38999,6.232557
1118,13.0,1887.0,-6.37060546875,-19.753317,7.002569
1119,13.011627906976745,1891.0,-2.37060546875,-17.478329,7.224508
1120,13.023255813953488,1872.0,-21.37060546875,-14.213778,6.56873
1121,13.034883720930234,1878.0,-15.37060546875,-10.512258,4.901128
1122,13.046511627906977,1859.0,-34.37060546875,-6.713706,2.375749
1123,13.05813953488372,1867.0,-26.37060546875,-2.883602,-0.52148
1124,13.069767441860465,1857.0,-36.37060546875,1.05456,-3.177871
1125,13.08139534883721,1861.0,-32.37060546875,5.140319,-5.024635
1126,13.093023255813954,1861.0,-32.37060546875,9.263304,-5.750435
1127,13.104651162790697,1857.0,-36.37060546875,13.051493,-5.373154
1128,13.116279069767442,1874.0,-19.37060546875,16.038944,-4.147709
1129,13.127906976744185,1869.0,-24.37060546875,17.692644,-2.50218
1130,13.13953488372093,1894.0,0.62939453125,17.698503,-0.817926
1131,13.151162790697676,1879.0,-14.37060546875,15.937794,0.557532
1132,13.162790697674419,1899.0,5.62939453125,12.628405,1.472084
1133,13.174418604651162,1895.0,1.62939453125,8.180915,1.825949
1134,13.186046511627907,1918.0,24.62939453125,3.154398,1.652987
1135,13.19767441860465,1909.0,15.62939453125,-1.860571,1.024726
1136,13.209302325581396,1921.0,27.62939453125,-6.319044,0.156228
1137,13.22093023255814,1921.0,27.62939453125,-9.776029,-0.715179
1138,13.232558139534884,1922.0,28.62939453125,-11.979566,-1.331304
1139,13.244186046511627,1926.0,32.62939453125,-12.855435,-1.521834
1140,13.25581395348837,1916.0,22.62939453125,-12.587556,-1.304186
1141,13.267441860465116,1919.0,25.62939453125,-11.487809,-0.838082
1142,13.279069767441861,1904.0,10.62939453125,-9.98596,-0.43025
1143,13.290697674418604,1914.0,20.62939453125,-8.421165,-0.294408
1144,13.30232558139535,1889.0,-4.37060546875,-6.987041,-0.527076
1145,13.313953488372093,1900.0,6.62939453125,-5.615995,-0.916196
1146,13.325581395348836,1875.0,-18.37060546875,-4.050352,-1.137576
1147,13.337209302325583,1877.0,-16.37060546875,-1.985827,-0.794877
1148,13.348837209302326,1861.0,-32.37060546875,0.777041,0.298265
1149,13.36046511627907,1865.0,-28.37060546875,4.139367,2.013864
1150,13.372093023255815,1856.0,-37.37060546875,7.708939,3.915143
1151,13.383720930232558,1856.0,-37.37060546875,10.870068,5.37658
1152,13.395348837209301,1856.0,-37.37060546875,13.016973,5.898771
1153,13.406976744186046,1855.0,-38.37060546875,13.755018,5.227239
1154,13.418604651162791,1874.0,-19.37060546875,13.043727,3.567044
1155,13.430232558139535,1861.0,-32.37060546875,11.160773,1.355702
1156,13.441860465116278,1895.0,1.62939453125,8.600039,-0.766422
1157,13.453488372093023,1879.0,-14.37060546875,5.810266,-2.369339
1158,13.465116279069768,1905.0,11.62939453125,3.12496,-3.210101
1159,13.476744186046512,1899.0,5.62939453125,0.603114,-3.410576
1160,13.488372093023257,1925.0,31.62939453125,-1.825038,-3.258354
1161,13.5,1923.0,29.62939453125,-4.283673,-3.086927
1162,13.511627906976743,1931.0,37.62939453125,-6.766906,-3.098495
1163,13.523255813953488,1931.0,37.62939453125,-9.099989,-3.266039
1164,13.534883720930234,1918.0,24.62939453125,-10.981532,-3.446401
1165,13.546511627906977,1932.0,38.62939453125,-12.107278,-3.383219
1166,13.55813953488372,1899.0,5.62939453125,-12.345324,-3.005666
1167,13.569767441860465,1911.0,17.62939453125,-11.721435,-2.292548
1168,13.581395348837209,1872.0,-21.37060546875,-10.428215,-1.435144
1169,13.593023255813954,1887.0,-6.37060546875,-8.651713,-0.575875
1170,13.604651162790699,1850.0,-43.37060546875,-6.51046,0.151602
1171,13.616279069767442,1871.0,-22.37060546875,-3.950685,0.789379
1172,13.627906976744185,1843.0,-50.37060546875,-0.890148,1.443176
1173,13.63953488372093,1848.0,-45.37060546875,2.741032,2.269651
1174,13.651162790697674,1840.0,-53.37060546875,6.764326,3.351126
1175,13.662790697674419,1840.0,-53.37060546875,10.788457,4.596366
1176,13.674418604651164,1858.0,-35.37060546875,14.205992,5.816177
1177,13.686046511627907,1853.0,-40.37060546875,16.405703,6.664067
1178,13.69767441860465,1888.0,-5.37060546875,16.95878,6.896362
1179,13.709302325581394,1872.0,-21.37060546875,15.759636,6.330774
1180,13.72093023255814,1919.0,25.62939453125,13.065612,5.038136
1181,13.732558139534884,1902.0,8.62939453125,9.320657,3.163645
1182,13.744186046511627,1940.0,46.62939453125,5.096622,1.015556
1183,13.755813953488373,1933.0,39.62939453125,0.822988,-1.139342
1184,13.767441860465116,1946.0,52.62939453125,-3.197176,-3.112385
1185,13.77906976744186,1945.0,51.62939453125,-6.798712,-4.76789
1186,13.790697674418606,1937.0,43.62939453125,-9.845235,-6.083865
1187,13.80232558139535,1941.0,47.62939453125,-12.203634,-7.04387
1188,13.813953488372093,1917.0,23.62939453125,-13.683546,-7.66013
1189,13.825581395348838,1929.0,35.62939453125,-14.133224,-7.902982
1190,13.837209302325581,1888.0,-5.37060546875,-13.51947,-7.776538
1191,13.848837209302324,1904.0,10.62939453125,-11.969794,-7.238419
1192,13.86046511627907,1869.0,-24.37060546875,-9.790705,-6.320314
1193,13.872093023255815,1885.0,-8.37060546875,-7.291807,-4.993978
1194,13.883720930232558,1843.0,-50.37060546875,-4.771212,-3.289457
1195,13.895348837209301,1859.0,-34.37060546875,-2.306807,-1.196573
1196,13.906976744186046,1854.0,-39.37060546875,0.115273,1.230363
1197,13.918604651162791,1854.0,-39.37060546875,2.605819,3.863995
1198,13.930232558139535,1878.0,-15.37060546875,5.208662,6.523782
1199,13.94186046511628,1872.0,-21.37060546875,7.806305,8.892139
1200,13.953488372093023,1906.0,12.62939453125,10.162235,10.709105
1201,13.965116279069766,1891.0,-2.37060546875,11.960964,11.696493
1202,13.976744186046512,1936.0,42.62939453125,13.016062,11.802889
1203,13.988372093023257,1922.0,28.62939453125,13.242553,11.045904
1204,14.0,1963.0,69.62939453125,12.783839,9.622663
1205,14.011627906976743,1954.0,60.62939453125,11.789116,7.700776
1206,14.023255813953488,1968.0,74.62939453125,10.387218,5.393432
1207,14.034883720930232,1968.0,74.62939453125,8.519648,2.702026
1208,14.046511627906977,1957.0,63.62939453125,5.995643,-0.486148
1209,14.058139534883722,1967.0,73.62939453125,2.624012,-4.183423
1210,14.069767441860465,1926.0,32.62939453125,-1.654401,-8.305493
1211,14.081395348837209,1947.0,53.62939453125,-6.549323,-12.419857
1212,14.093023255813954,1904.0,10.62939453125,-11.555136,-15.986792
1213,14.104651162790697,1919.0,25.62939453125,-15.939949,-18.303288
1214,14.116279069767442,1874.0,-19.37060546875,-19.098833,-18.893234
1215,14.127906976744187,1887.0,-6.37060546875,-20.636881,-17.551849
1216,14.13953488372093,1863.0,-30.37060546875,-20.542908,-14.503378
1217,14.151162790697674,1867.0,-26.37060546875,-19.031036,-10.245464
1218,14.162790697674417,1865.0,-28.37060546875,-16.407614,-5.366624
1219,14.174418604651164,1860.0,-33.37060546875,-12.87139,-0.365552
1220,14.186046511627907,1883.0,-10.37060546875,-8.413364,4.544941
1221,14.19767441860465,1872.0,-21.37060546875,-2.94307,9.293085
1222,14.209302325581396,1919.0,25.62939453125,3.593559,13.929191
1223,14.220930232558139,1900.0,6.62939453125,10.896271,18.274612
1224,14.232558139534882,1949.0,55.62939453125,18.326603,21.948553
1225,14.24418604651163,1934.0,40.62939453125,24.855917,24.265125
1226,14.255813953488373,1974.0,80.62939453125,29.415567,24.519112
1227,14.267441860465116,1965.0,71.62939453125,31.114241,22.194611
1228,14.279069767441861,1989.0,95.62939453125,29.581844,17.257145
1229,14.290697674418604,1998.0,104.62939453125,25.024977,10.227428
1230,14.30232558139535,1971.0,77.62939453125,18.119671,2.012676
1231,14.313953488372093,1984.0,90.62939453125,9.880789,-6.200165
1232,14.325581395348838,1951.0,57.62939453125,1.217813,-13.473664
1233,14.337209302325581,1970.0,76.62939453125,-7.142313,-19.180019
1234,14.348837209302324,1914.0,20.62939453125,-14.830849,-23.206163
1235,14.36046511627907,1936.0,42.62939453125,-21.617643,-25.67627
1236,14.372093023255815,1890.0,-3.37060546875,-27.346855,-26.834856
1237,14.383720930232558,1904.0,10.62939453125,-31.672791,-26.687824
1238,14.395348837209303,1870.0,-23.37060546875,-34.086235,-25.008307
1239,14.406976744186046,1878.0,-15.37060546875,-33.942059,-21.360001
1240,14.41860465116279,1866.0,-27.37060546875,-30.719433,-15.380527
1241,14.430232558139535,1872.0,-21.37060546875,-24.264433,-7.101046
1242,14.44186046511628,1878.0,-15.37060546875,-14.958414,2.88718
1243,14.453488372093023,1872.0,-21.37060546875,-3.746488,13.405188
1244,14.465116279069768,1911.0,17.62939453125,8.05149,22.983978
1245,14.476744186046512,1897.0,3.62939453125,18.974192,30.174992
1246,14.488372093023255,1946.0,52.62939453125,27.850487,34.075066
1247,14.5,1927.0,33.62939453125,33.903164,34.406506
1248,14.511627906976745,1973.0,79.62939453125,36.924488,31.626404
1249,14.523255813953488,1963.0,69.62939453125,37.049976,26.539385
1250,14.534883720930232,1995.0,101.62939453125,34.630016,20.039623
1251,14.546511627906977,1987.0,93.62939453125,29.971001,12.753439
1252,14.55813953488372,1986.0,92.62939453125,23.271534,4.931734
1253,14.569767441860465,1991.0,97.62939453125,14.720444,-3.335365
1254,14.58139534883721,1966.0,72.62939453125,4.584582,-11.982907
1255,14.593023255813954,1978.0,84.62939453125,-6.519882,-20.571905
1256,14.604651162790697,1927.0,33.62939453125,-17.702229,-28.361914
1257,14.616279069767442,1953.0,59.62939453125,-27.753412,-34.278664
1258,14.627906976744187,1904.0,10.62939453125,-35.54388,-37.375919
1259,14.63953488372093,1919.0,25.62939453125,-40.155018,-37.022915
1260,14.651162790697674,1878.0,-15.37060546875,-41.165207,-33.172451
1261,14.662790697674419,1893.0,-0.37060546875,-38.622719,-26.327715
1262,14.674418604651162,1877.0,-16.37060546875,-32.977901,-17.338766
1263,14.686046511627906,1874.0,-19.37060546875,-24.877317,-7.165562
1264,14.697674418604652,1885.0,-8.37060546875,-14.960856,3.418092
1265,14.709302325581396,1877.0,-16.37060546875,-3.910808,13.721561
1266,14.720930232558139,1909.0,15.62939453125,7.627828,23.220112
1267,14.732558139534884,1899.0,5.62939453125,18.836048,31.267651
1268,14.744186046511627,1942.0,48.62939453125,28.826866,37.181519
1269,14.755813953488373,1927.0,33.62939453125,36.594383,40.214443
1270,14.767441860465118,1986.0,92.62939453125,41.328712,39.858936
1271,14.779069767441861,1962.0,68.62939453125,42.449665,35.942184
1272,14.790697674418604,1997.0,103.62939453125,39.896572,28.814804
1273,14.802325581395348,1994.0,100.62939453125,34.029228,19.271084
1274,14.813953488372093,1986.0,92.62939453125,25.507282,8.286823
1275,14.825581395348838,2001.0,107.62939453125,15.211209,-3.076222
1276,14.837209302325581,1962.0,68.62939453125,3.926265,-14.02776
1277,14.848837209302326,1978.0,84.62939453125,-7.513038,-23.863621
1278,14.86046511627907,1933.0,39.62939453125,-18.426924,-32.084881
1279,14.872093023255813,1950.0,56.62939453125,-28.031084,-38.124969
1280,14.88372093023256,1903.0,9.62939453125,-35.65028,-41.476089
1281,14.895348837209303,1911.0,17.62939453125,-40.5867,-41.648357
1282,14.906976744186046,1887.0,-6.37060546875,-42.384857,-38.403671
1283,14.918604651162791,1891.0,-2.37060546875,-40.844051,-31.881737
1284,14.930232558139535,1895.0,1.62939453125,-36.066826,-22.593134
1285,14.941860465116278,1888.0,-5.37060546875,-28.496071,-11.442656
1286,14.953488372093023,1911.0,17.62939453125,-18.659624,0.610308
1287,14.965116279069768,1904.0,10.62939453125,-7.293914,12.54192
1288,14.976744186046512,1941.0,47.62939453125,4.897701,23.523811
1289,14.988372093023255,1925.0,31.62939453125,17.005369,32.774307
1290,15.0,1974.0,80.62939453125,28.127129,39.666626
1291,15.011627906976745,1955.0,61.62939453125,37.155029,43.551247
1292,15.023255813953488,1998.0,104.62939453125,43.131859,43.950314
1293,15.034883720930234,1985.0,91.62939453125,45.270454,40.613216
1294,15.046511627906977,2010.0,116.62939453125,43.275764,33.684162
1295,15.05813953488372,2003.0,109.62939453125,37.417542,23.807745
1296,15.069767441860465,2003.0,109.62939453125,28.442467,11.973961
1297,15.08139534883721,2009.0,115.62939453125,17.486851,-0.54854
1298,15.093023255813954,1979.0,85.62939453125,5.647966,-12.631636
1299,15.104651162790697,1999.0,105.62939453125,-5.996381,-23.250734
1300,15.116279069767442,1948.0,54.62939453125,-16.791416,-31.806721
1301,15.127906976744185,1966.0,72.62939453125,-26.137127,-37.832649
1302,15.139534883720929,1916.0,22.62939453125,-33.711079,-41.127384
1303,15.151162790697676,1929.0,35.62939453125,-39.081169,-41.53442
1304,15.162790697674419,1884.0,-9.37060546875,-41.895092,-39.042824
1305,15.174418604651162,1904.0,10.62939453125,-41.755775,-33.767731
1306,15.186046511627907,1872.0,-21.37060546875,-38.469456,-26.023487
1307,15.19767441860465,1875.0,-18.37060546875,-32.084713,-16.342018
1308,15.209302325581396,1883.0,-10.37060546875,-22.923613,-5.34753
1309,15.22093023255814,1877.0,-16.37060546875,-11.701495,6.1795
1310,15.232558139534884,1904.0,10.62939453125,0.765471,17.549627
1311,15.244186046511627,1892.0,-1.37060546875,13.393394,27.956066
1312,15.25581395348837,1938.0,44.62939453125,25.188044,36.629551
1313,15.267441860465116,1921.0,27.62939453125,35.046249,42.664509
1314,15.279069767441861,1971.0,77.62939453125,42.083893,45.254055
1315,15.290697674418604,1946.0,52.62939453125,45.520985,43.765739
1316,15.30232558139535,1989.0,95.62939453125,44.998714,38.095325
1317,15.313953488372093,1983.0,89.62939453125,40.538429,28.753311
1318,15.325581395348836,1995.0,101.62939453125,32.631645,16.86474
1319,15.337209302325583,1995.0,101.62939453125,22.206057,3.998114
1320,15.348837209302326,1979.0,85.62939453125,10.328726,-8.351578
1321,15.36046511627907,1990.0,96.62939453125,-1.826977,-18.963013
1322,15.372093023255815,1949.0,55.62939453125,-13.403665,-27.310093
1323,15.383720930232558,1965.0,71.62939453125,-23.664331,-33.295219
1324,15.395348837209301,1904.0,10.62939453125,-32.286713,-37.253765
1325,15.406976744186046,1932.0,38.62939453125,-38.88419,-39.345604
1326,15.418604651162791,1884.0,-9.37060546875,-43.176758,-39.526184
1327,15.430232558139535,1893.0,-0.37060546875,-44.708168,-37.387798
1328,15.441860465116278,1868.0,-25.37060546875,-43.006363,-32.404209
1329,15.453488372093023,1875.0,-18.37060546875,-37.72403,-24.297173
1330,15.465116279069768,1872.0,-21.37060546875,-28.809023,-13.261591
1331,15.476744186046512,1870.0,-23.37060546875,-16.764923,-0.214756
1332,15.488372093023257,1889.0,-4.37060546875,-2.519681,13.501275
1333,15.5,1885.0,-8.37060546875,12.471356,26.216984
1334,15.511627906976743,1921.0,27.62939453125,26.676668,36.484943
1335,15.523255813953488,1904.0,10.62939453125,38.515247,43.175713
1336,15.534883720930234,1951.0,57.62939453125,46.810158,45.777332
1337,15.546511627906977,1936.0,42.62939453125,50.730629,44.239376
1338,15.55813953488372,1973.0,79.62939453125,49.989063,38.930325
1339,15.569767441860465,1961.0,67.62939453125,44.739815,30.529961
1340,15.581395348837209,1982.0,88.62939453125,35.521179,19.841545
1341,15.593023255813954,1979.0,85.62939453125,23.264845,7.868936
1342,15.604651162790699,1972.0,78.62939453125,9.108638,-4.391792
1343,15.616279069767442,1979.0,85.62939453125,-5.526577,-15.855448
1344,15.627906976744185,1952.0,58.62939453125,-19.283491,-25.651241
1345,15.63953488372093,1965.0,71.62939453125,-30.803379,-33.0135
1346,15.651162790697674,1929.0,35.62939453125,-39.136528,-37.561089
1347,15.662790697674417,1941.0,47.62939453125,-43.681023,-39.144333
1348,15.674418604651162,1909.0,15.62939453125,-44.392006,-37.893059
1349,15.686046511627906,1916.0,22.62939453125,-41.615868,-34.095394
1350,15.697674418604652,1897.0,3.62939453125,-35.978111,-28.080772
1351,15.709302325581396,1905.0,11.62939453125,-28.229124,-20.285557
1352,15.72093023255814,1903.0,9.62939453125,-19.01223,-11.11555
1353,15.732558139534884,1898.0,4.62939453125,-8.95815,-1.180954
1354,15.744186046511627,1926.0,32.62939453125,1.492896,8.919279
1355,15.755813953488373,1907.0,13.62939453125,11.754704,18.362682
1356,15.767441860465116,1934.0,40.62939453125,21.31407,26.436476
1357,15.77906976744186,1924.0,30.62939453125,29.471798,32.431091
1358,15.790697674418604,1958.0,64.62939453125,35.620537,35.875137
1359,15.802325581395348,1947.0,53.62939453125,39.2174,36.557354
1360,15.813953488372091,1962.0,68.62939453125,39.928432,34.482464
1361,15.82558139534884,1965.0,71.62939453125,37.713936,29.950512
1362,15.837209302325583,1976.0,82.62939453125,32.719025,23.33884
1363,15.848837209302326,1970.0,76.62939453125,25.340134,15.205432
1364,15.86046511627907,1973.0,79.62939453125,16.001331,6.052238
1365,15.872093023255815,1973.0,79.62939453125,5.317886,-3.486959
1366,15.883720930232558,1965.0,71.62939453125,-6.073846,-12.849785
1367,15.895348837209301,1969.0,75.62939453125,-17.306503,-21.36359
1368,15.906976744186046,1945.0,51.62939453125,-27.479837,-28.43519
1369,15.91860465116279,1955.0,61.62939453125,-35.57341,-33.45525
1370,15.930232558139533,1941.0,47.62939453125,-40.764198,-36.004719
1371,15.941860465116278,1943.0,49.62939453125,-42.495556,-35.868629
1372,15.953488372093025,1939.0,45.62939453125,-40.648228,-33.07053
1373,15.965116279069768,1936.0,42.62939453125,-35.578949,-27.944569
1374,15.976744186046513,1935.0,41.62939453125,-27.900488,-20.910336
1375,15.988372093023257,1936.0,42.62939453125,-18.450491,-12.552457
1376,16.0,1938.0,44.62939453125,-7.939495,-3.331878
1377,16.011627906976745,1939.0,45.62939453125,2.953054,6.253142
1378,16.023255813953487,1949.0,55.62939453125,13.74526,15.82222
1379,16.03488372093023,1945.0,51.62939453125,23.868322,24.841301
1380,16.046511627906977,1957.0,63.62939453125,32.717751,32.686218
1381,16.05813953488372,1953.0,59.62939453125,39.481152,38.534218
1382,16.069767441860463,1963.0,69.62939453125,43.304199,41.486607
1383,16.081395348837212,1959.0,65.62939453125,43.47506,40.824989
1384,16.093023255813954,1967.0,73.62939453125,39.623135,36.15995
1385,16.1046511627907,1963.0,69.62939453125,31.974159,27.756598
1386,16.116279069767444,1968.0,74.62939453125,21.24198,16.398413
1387,16.127906976744185,1967.0,73.62939453125,8.683885,3.447194
1388,16.13953488372093,1968.0,74.62939453125,-4.333199,-9.623335
1389,16.151162790697676,1968.0,74.62939453125,-16.428936,-21.370689
1390,16.162790697674417,1965.0,71.62939453125,-26.582178,-30.757492
1391,16.174418604651162,1968.0,74.62939453125,-34.075352,-37.151505
1392,16.186046511627907,1963.0,69.62939453125,-38.581806,-40.334499
1393,16.19767441860465,1966.0,72.62939453125,-40.02607,-40.365417
1394,16.209302325581397,1959.0,65.62939453125,-38.487106,-37.418385
1395,16.220930232558143,1961.0,67.62939453125,-34.185932,-31.788906
1396,16.232558139534884,1955.0,61.62939453125,-27.413082,-23.798069
1397,16.24418604651163,1956.0,62.62939453125,-18.666779,-13.988632
1398,16.25581395348837,1956.0,62.62939453125,-8.547609,-3.031265
1399,16.267441860465116,1963.0,69.62939453125,2.099386,8.132565
1400,16.27906976744186,1973.0,79.62939453125,12.4548,18.574234
1401,16.290697674418603,1962.0,68.62939453125,21.604738,27.324587
1402,16.302325581395348,1968.0,74.62939453125,28.858835,33.68655
1403,16.313953488372093,1963.0,69.62939453125,33.680454,37.212234
1404,16.325581395348834,1963.0,69.62939453125,35.740452,37.696503
1405,16.337209302325583,1967.0,73.62939453125,34.967545,35.232723
1406,16.348837209302328,1965.0,71.62939453125,31.386948,29.978924
1407,16.36046511627907,1969.0,75.62939453125,25.293005,22.329786
1408,16.372093023255815,1975.0,81.62939453125,17.085321,12.758163
1409,16.38372093023256,1970.0,76.62939453125,7.461421,2.018259
1410,16.3953488372093,1985.0,91.62939453125,-2.735848,-8.972013
1411,16.406976744186046,1980.0,86.62939453125,-12.490382,-19.114277
1412,16.41860465116279,1991.0,97.62939453125,-20.793089,-27.311449
1413,16.430232558139533,1984.0,90.62939453125,-26.800564,-32.658936
1414,16.441860465116278,1982.0,88.62939453125,-29.965084,-34.625431
1415,16.453488372093023,1981.0,87.62939453125,-30.187815,-33.205353
1416,16.46511627906977,1977.0,83.62939453125,-27.739201,-28.856113
1417,16.476744186046513,1977.0,83.62939453125,-23.237684,-22.437527
1418,16.48837209302326,1967.0,73.62939453125,-17.371134,-14.879181
1419,16.5,1971.0,77.62939453125,-10.853451,-7.086936
1420,16.511627906976745,1966.0,72.62939453125,-4.170034,0.36317
1421,16.52325581395349,1968.0,74.62939453125,2.281111,7.111654
1422,16.53488372093023,1962.0,68.62939453125,8.282395,13.070902
1423,16.546511627906977,1963.0,69.62939453125,13.572867,18.164108
1424,16.558139534883722,1959.0,65.62939453125,17.87344,22.253569
1425,16.569767441860463,1963.0,69.62939453125,20.823313,25.040688
1426,16.58139534883721,1957.0,63.62939453125,22.055954,26.080196
1427,16.59302325581395,1955.0,61.62939453125,21.368126,25.018032
1428,16.6046511627907,1960.0,66.62939453125,18.726128,21.63975
1429,16.616279069767444,1957.0,63.62939453125,14.451523,16.157545
1430,16.627906976744185,1957.0,63.62939453125,9.021979,9.083526
1431,16.63953488372093,1953.0,59.62939453125,3.153093,1.292425
1432,16.651162790697676,1962.0,68.62939453125,-2.51303,-6.296645
1433,16.662790697674417,1963.0,69.62939453125,-7.381751,-12.804058
1434,16.674418604651162,1959.0,65.62939453125,-11.13561,-17.670975
1435,16.686046511627907,1961.0,67.62939453125,-13.570088,-20.582613
1436,16.69767441860465,1957.0,63.62939453125,-14.71734,-21.557489
1437,16.709302325581394,1961.0,67.62939453125,-14.683467,-20.782871
1438,16.72093023255814,1954.0,60.62939453125,-13.617779,-18.522186
1439,16.732558139534884,1955.0,61.62939453125,-11.698493,-15.088898
1440,16.74418604651163,1947.0,53.62939453125,-9.067772,-10.750803
1441,16.755813953488374,1949.0,55.62939453125,-5.945064,-5.855505
1442,16.767441860465116,1940.0,46.62939453125,-2.524502,-0.736562
1443,16.77906976744186,1940.0,46.62939453125,0.86236,4.153119
1444,16.790697674418606,1931.0,37.62939453125,3.928228,8.419791
1445,16.802325581395348,1937.0,43.62939453125,6.306011,11.653444
1446,16.813953488372093,1930.0,36.62939453125,7.773073,13.615673
1447,16.825581395348838,1934.0,40.62939453125,8.236495,14.24905
1448,16.83720930232558,1925.0,31.62939453125,7.809756,13.674811
1449,16.848837209302324,1931.0,37.62939453125,6.811512,12.206879
1450,16.86046511627907,1914.0,20.62939453125,5.592405,10.156443
1451,16.872093023255815,1913.0,19.62939453125,4.538242,7.877033
1452,16.88372093023256,1909.0,15.62939453125,3.758003,5.498801
1453,16.8953488372093,1908.0,14.62939453125,3.209571,3.077219
1454,16.906976744186046,1905.0,11.62939453125,2.527017,0.452072
1455,16.91860465116279,1904.0,10.62939453125,1.421782,-2.438874
1456,16.930232558139533,1910.0,16.62939453125,-0.324208,-5.59412
1457,16.941860465116278,1907.0,13.62939453125,-2.559316,-8.731665
1458,16.953488372093023,1915.0,21.62939453125,-4.824532,-11.356646
1459,16.965116279069765,1910.0,16.62939453125,-6.453699,-12.854872
1460,16.97674418604651,1915.0,21.62939453125,-6.844651,-12.699558
1461,16.98837209302326,1913.0,19.62939453125,-5.774601,-10.739956
1462,17.0,1913.0,19.62939453125,-3.494587,-7.257497
1463,17.011627906976745,1915.0,21.62939453125,-0.765784,-3.03061
1464,17.02325581395349,1915.0,21.62939453125,1.501067,0.991233
1465,17.03488372093023,1920.0,26.62939453125,2.464982,3.854804
1466,17.046511627906977,1915.0,21.62939453125,1.834807,5.0949
1467,17.058139534883722,1915.0,21.62939453125,-0.137673,4.761483
1468,17.069767441860463,1904.0,10.62939453125,-2.628464,3.476342
1469,17.08139534883721,1911.0,17.62939453125,-4.64335,2.099124
1470,17.093023255813954,1899.0,5.62939453125,-5.345382,1.416406
1471,17.104651162790695,1903.0,9.62939453125,-4.356774,1.826625
1472,17.116279069767444,1892.0,-1.37060546875,-1.913141,3.16103
1473,17.12790697674419,1894.0,0.62939453125,1.337603,4.855102
1474,17.13953488372093,1886.0,-7.37060546875,4.476183,6.072494
1475,17.151162790697676,1889.0,-4.37060546875,6.761225,6.211227
1476,17.16279069767442,1888.0,-5.37060546875,7.693965,4.960285
1477,17.174418604651162,1894.0,0.62939453125,7.252046,2.556822
1478,17.186046511627907,1891.0,-2.37060546875,5.687822,-0.456612
1479,17.19767441860465,1888.0,-5.37060546875,3.506628,-3.317278
1480,17.209302325581394,1901.0,7.62939453125,1.224393,-5.38213
1481,17.22093023255814,1897.0,3.62939453125,-0.732077,-6.268505
1482,17.23255813953488,1904.0,10.62939453125,-2.084072,-5.914928
1483,17.24418604651163,1910.0,16.62939453125,-2.772581,-4.605723
1484,17.255813953488374,1914.0,20.62939453125,-2.850289,-2.749749
1485,17.267441860465116,1909.0,15.62939453125,-2.566615,-0.889269
1486,17.27906976744186,1915.0,21.62939453125,-2.157593,0.598773
1487,17.290697674418606,1914.0,20.62939453125,-1.907022,1.436378
1488,17.302325581395348,1907.0,13.62939453125,-1.930802,1.608001
1489,17.313953488372093,1914.0,20.62939453125,-2.228891,1.218043
1490,17.325581395348838,1903.0,9.62939453125,-2.651487,0.504985
1491,17.33720930232558,1907.0,13.62939453125,-2.957198,-0.269092
1492,17.348837209302324,1894.0,0.62939453125,-2.928539,-0.898217
1493,17.36046511627907,1897.0,3.62939453125,-2.454522,-1.261772
1494,17.372093023255815,1886.0,-7.37060546875,-1.587397,-1.367159
1495,17.38372093023256,1894.0,0.62939453125,-0.471154,-1.223351
1496,17.395348837209305,1878.0,-15.37060546875,0.667288,-0.910687
1497,17.406976744186046,1885.0,-8.37060546875,1.706839,-0.388922
1498,17.41860465116279,1886.0,-7.37060546875,2.538829,0.300121
1499,17.430232558139537,1887.0,-6.37060546875,3.152855,1.154026
1500,17.441860465116278,1895.0,1.62939453125,3.507296,2.027419
1501,17.453488372093023,1886.0,-7.37060546875,3.508322,2.698516
1502,17.46511627906977,1902.0,8.62939453125,3.0563,2.920522
1503,17.47674418604651,1894.0,0.62939453125,2.072204,2.517405
1504,17.488372093023255,1904.0,10.62939453125,0.673562,1.537613
1505,17.5,1904.0,10.62939453125,-0.819212,0.263756
1506,17.511627906976745,1909.0,15.62939453125,-1.911146,-0.827624
1507,17.52325581395349,1909.0,15.62939453125,-2.137731,-1.303565
1508,17.53488372093023,1905.0,11.62939453125,-1.263495,-0.923658
1509,17.546511627906977,1906.0,12.62939453125,0.515163,0.140021
1510,17.558139534883722,1895.0,1.62939453125,2.588704,1.395633
1511,17.569767441860463,1901.0,7.62939453125,4.112229,2.163452
1512,17.58139534883721,1884.0,-9.37060546875,4.323382,1.89943
1513,17.593023255813954,1890.0,-3.37060546875,2.890919,0.45696
1514,17.604651162790695,1874.0,-19.37060546875,0.061501,-1.812826
1515,17.61627906976744,1877.0,-16.37060546875,-3.374585,-4.161815
1516,17.62790697674419,1879.0,-14.37060546875,-6.389917,-5.762533
1517,17.63953488372093,1873.0,-20.37060546875,-8.116711,-6.022123
1518,17.651162790697676,1877.0,-16.37060546875,-8.14548,-4.866731
1519,17.66279069767442,1875.0,-18.37060546875,-6.668935,-2.719658
1520,17.674418604651162,1890.0,-3.37060546875,-4.331614,-0.366534
1521,17.686046511627907,1883.0,-10.37060546875,-1.943449,1.443749
1522,17.697674418604652,1903.0,9.62939453125,-0.092668,2.258859
1523,17.709302325581394,1894.0,0.62939453125,1.025703,2.132242
1524,17.72093023255814,1907.0,13.62939453125,1.665838,1.517573
1525,17.732558139534884,1904.0,10.62939453125,2.295801,1.037772
1526,17.744186046511626,1917.0,23.62939453125,3.331306,1.166311
1527,17.755813953488374,1913.0,19.62939453125,4.863349,1.968683
1528,17.76744186046512,1904.0,10.62939453125,6.603008,3.148835
1529,17.77906976744186,1910.0,16.62939453125,8.010049,4.13475
1530,17.790697674418606,1899.0,5.62939453125,8.512866,4.440967
1531,17.802325581395348,1904.0,10.62939453125,7.761078,3.785061
1532,17.813953488372093,1889.0,-4.37060546875,5.769681,2.311633
1533,17.825581395348838,1902.0,8.62939453125,2.927656,0.447504
1534,17.83720930232558,1887.0,-6.37060546875,-0.226924,-1.291487
1535,17.848837209302324,1889.0,-4.37060546875,-3.145158,-2.502967
1536,17.86046511627907,1893.0,-0.37060546875,-5.496957,-3.064725
1537,17.87209302325581,1887.0,-6.37060546875,-7.20649,-3.137089
1538,17.883720930232556,1907.0,13.62939453125,-8.335711,-3.013028
1539,17.895348837209305,1900.0,6.62939453125,-9.033915,-2.961144
1540,17.906976744186046,1930.0,36.62939453125,-9.275725,-3.075541
1541,17.91860465116279,1916.0,22.62939453125,-8.977591,-3.251142
1542,17.930232558139537,1947.0,53.62939453125,-7.894679,-3.270542
1543,17.941860465116278,1938.0,44.62939453125,-5.92106,-2.93806
1544,17.953488372093023,1957.0,63.62939453125,-3.088656,-2.222938
1545,17.96511627906977,1954.0,60.62939453125,0.301121,-1.25339
1546,17.97674418604651,1959.0,65.62939453125,3.786256,-0.255613
1547,17.988372093023255,1957.0,63.62939453125,6.866301,0.569973
1548,18.0,1940.0,46.62939453125,9.133682,1.181104
1549,18.01162790697674,1947.0,53.62939453125,10.432836,1.697097
1550,18.02325581395349,1925.0,31.62939453125,10.760846,2.333214
1551,18.034883720930235,1935.0,41.62939453125,10.279091,3.232552
1552,18.046511627906977,1904.0,10.62939453125,9.08109,4.360777
1553,18.058139534883722,1911.0,17.62939453125,7.24828,5.465506
1554,18.069767441860467,1889.0,-4.37060546875,4.742137,6.15096
1555,18.08139534883721,1897.0,3.62939453125,1.606394,6.054349
1556,18.093023255813954,1886.0,-7.37060546875,-2.022037,4.989833
1557,18.104651162790695,1887.0,-6.37060546875,-5.78723,3.050855
1558,18.11627906976744,1900.0,6.62939453125,-9.162652,0.596715
1559,18.127906976744185,1892.0,-1.37060546875,-11.626002,-1.922812
1560,18.139534883720927,1918.0,24.62939453125,-12.754718,-4.097585
1561,18.151162790697676,1905.0,11.62939453125,-12.458622,-5.726422
1562,18.16279069767442,1939.0,45.62939453125,-10.859273,-6.78638
1563,18.174418604651162,1930.0,36.62939453125,-8.339672,-7.382874
1564,18.186046511627907,1956.0,62.62939453125,-5.274922,-7.624056
1565,18.197674418604652,1950.0,56.62939453125,-1.980922,-7.490509
1566,18.209302325581394,1961.0,67.62939453125,1.400264,-6.863387
1567,18.22093023255814,1958.0,64.62939453125,4.807741,-5.551884
1568,18.232558139534884,1947.0,53.62939453125,8.135469,-3.474527
1569,18.244186046511626,1962.0,68.62939453125,11.161653,-0.720081
1570,18.25581395348837,1936.0,42.62939453125,13.426106,2.351558
1571,18.267441860465116,1943.0,49.62939453125,14.452489,5.271251
1572,18.27906976744186,1913.0,19.62939453125,13.793267,7.550164
1573,18.290697674418606,1916.0,22.62939453125,11.335012,8.855011
1574,18.30232558139535,1888.0,-5.37060546875,7.268795,9.084846
1575,18.313953488372093,1906.0,12.62939453125,2.191364,8.398665
1576,18.325581395348838,1873.0,-20.37060546875,-3.204674,7.051513
1577,18.337209302325583,1878.0,-15.37060546875,-8.158672,5.366958
1578,18.348837209302324,1878.0,-15.37060546875,-12.132874,3.560956
1579,18.36046511627907,1872.0,-21.37060546875,-14.796982,1.741587
1580,18.372093023255815,1901.0,7.62939453125,-16.016981,-0.069527
1581,18.383720930232556,1882.0,-11.37060546875,-15.80864,-1.913767
1582,18.3953488372093,1926.0,32.62939453125,-14.139659,-3.742739
1583,18.406976744186046,1911.0,17.62939453125,-11.078666,-5.477979
1584,18.41860465116279,1955.0,61.62939453125,-6.693759,-6.935213
1585,18.430232558139537,1939.0,45.62939453125,-1.312601,-7.942151
1586,18.441860465116278,1970.0,76.62939453125,4.600202,-8.30644
1587,18.453488372093023,1961.0,67.62939453125,10.310814,-7.927845
1588,18.46511627906977,1967.0,73.62939453125,15.074956,-6.781173
1589,18.47674418604651,1968.0,74.62939453125,18.224688,-4.954414
1590,18.488372093023255,1950.0,56.62939453125,19.355383,-2.659388
1591,18.5,1957.0,63.62939453125,18.417288,-0.169571
1592,18.51162790697674,1921.0,27.62939453125,15.605209,2.17
1593,18.523255813953487,1936.0,42.62939453125,11.359412,4.098502
1594,18.534883720930235,1897.0,3.62939453125,6.083153,5.406798
1595,18.546511627906977,1907.0,13.62939453125,0.222009,6.069011
1596,18.558139534883722,1875.0,-18.37060546875,-5.899692,6.153078
1597,18.569767441860467,1883.0,-10.37060546875,-11.87097,5.843693
1598,18.58139534883721,1867.0,-26.37060546875,-17.254139,5.290295
1599,18.593023255813954,1869.0,-24.37060546875,-21.434055,4.593023
1600,18.6046511627907,1872.0,-21.37060546875,-23.774683,3.737444
1601,18.61627906976744,1866.0,-27.37060546875,-23.712042,2.65362
1602,18.627906976744185,1885.0,-8.37060546875,-20.943001,1.299675
1603,18.63953488372093,1879.0,-14.37060546875,-15.586029,-0.271441
1604,18.651162790697672,1914.0,20.62939453125,-8.167278,-1.874385
1605,18.66279069767442,1904.0,10.62939453125,0.382998,-3.256816
1606,18.674418604651166,1933.0,39.62939453125,9.014489,-4.148484
1607,18.686046511627907,1921.0,27.62939453125,16.671795,-4.403986
1608,18.697674418604652,1942.0,48.62939453125,22.560709,-4.039904
1609,18.709302325581397,1939.0,45.62939453125,26.140373,-3.254925
1610,18.72093023255814,1937.0,43.62939453125,27.220457,-2.316048
1611,18.732558139534884,1941.0,47.62939453125,25.841192,-1.460703
1612,18.744186046511626,1927.0,33.62939453125,22.202728,-0.83913
1613,18.75581395348837,1936.0,42.62939453125,16.647585,-0.437504
1614,18.767441860465116,1905.0,11.62939453125,9.572948,-0.190126
1615,18.779069767441857,1919.0,25.62939453125,1.523547,0.000862
1616,18.790697674418606,1896.0,2.62939453125,-6.893583,0.130606
1617,18.80232558139535,1902.0,8.62939453125,-14.936852,0.148405
1618,18.813953488372093,1886.0,-7.37060546875,-21.88537,-0.036407
1619,18.825581395348838,1872.0,-21.37060546875,-27.031818,-0.452805
1620,18.837209302325583,1875.0,-18.37060546875,-29.828587,-0.990555
1621,18.848837209302324,1885.0,-8.37060546875,-29.93696,-1.419035
1622,18.86046511627907,1881.0,-12.37060546875,-27.320744,-1.484322
1623,18.872093023255815,1878.0,-15.37060546875,-22.176617,-0.964064
1624,18.883720930232556,1891.0,-2.37060546875,-14.953585,0.17789
1625,18.8953488372093,1888.0,-5.37060546875,-6.288111,1.771331
1626,18.906976744186046,1903.0,9.62939453125,3.03628,3.455632
1627,18.91860465116279,1902.0,8.62939453125,12.166226,4.802187
1628,18.930232558139537,1908.0,14.62939453125,20.279398,5.467498
1629,18.94186046511628,1905.0,11.62939453125,26.643297,5.316641
1630,18.953488372093023,1913.0,19.62939453125,30.73945,4.472967
1631,18.96511627906977,1914.0,20.62939453125,32.236774,3.240583
1632,18.976744186046513,1907.0,13.62939453125,31.079268,2.004276
1633,18.988372093023255,1917.0,23.62939453125,27.409107,1.075769
1634,19.0,1902.0,8.62939453125,21.516272,0.534721
1635,19.011627906976745,1907.0,13.62939453125,13.821633,0.238151
1636,19.023255813953487,1893.0,-0.37060546875,4.809063,-0.175305
1637,19.03488372093023,1895.0,1.62939453125,-4.925341,-1.082853
1638,19.046511627906973,1883.0,-10.37060546875,-14.705806,-2.761851
1639,19.058139534883722,1872.0,-21.37060546875,-23.718527,-5.176178
1640,19.069767441860467,1872.0,-21.37060546875,-31.08569,-7.960991
1641,19.08139534883721,1875.0,-18.37060546875,-35.924725,-10.461006
1642,19.093023255813954,1870.0,-23.37060546875,-37.550957,-11.954304
1643,19.1046511627907,1872.0,-21.37060546875,-35.542709,-11.828259
1644,19.11627906976744,1871.0,-22.37060546875,-29.934223,-9.823402
1645,19.127906976744185,1870.0,-23.37060546875,-21.203989,-6.101032
1646,19.13953488372093,1868.0,-25.37060546875,-10.23905,-1.222659
1647,19.151162790697672,1859.0,-34.37060546875,1.766575,3.996748
1648,19.162790697674417,1861.0,-32.37060546875,13.523168,8.718374
1649,19.174418604651162,1866.0,-27.37060546875,23.777922,12.269539
1650,19.186046511627907,1871.0,-22.37060546875,31.520113,14.288479
1651,19.197674418604652,1863.0,-30.37060546875,36.027534,14.718296
1652,19.209302325581397,1869.0,-24.37060546875,37.032486,13.787525
1653,19.22093023255814,1873.0,-20.37060546875,34.619064,11.838785
1654,19.232558139534884,1877.0,-16.37060546875,29.249638,9.222193
1655,19.24418604651163,1875.0,-18.37060546875,21.615589,6.210114
1656,19.25581395348837,1881.0,-12.37060546875,12.572946,3.00107
1657,19.267441860465116,1878.0,-15.37060546875,2.960574,-0.328816
1658,19.27906976744186,1886.0,-7.37060546875,-6.47723,-3.719275
1659,19.290697674418603,1887.0,-6.37060546875,-15.12079,-7.104791
1660,19.302325581395348,1883.0,-10.37060546875,-22.488337,-10.33778
1661,19.313953488372096,1893.0,-0.37060546875,-28.123611,-13.155952
1662,19.325581395348838,1872.0,-21.37060546875,-31.656225,-15.242519
1663,19.337209302325583,1879.0,-14.37060546875,-32.65942,-16.172768
1664,19.348837209302324,1871.0,-22.37060546875,-30.872372,-15.623977
1665,19.36046511627907,1873.0,-20.37060546875,-26.234032,-13.422523
1666,19.372093023255815,1869.0,-24.37060546875,-19.031538,-9.645316
1667,19.383720930232556,1869.0,-24.37060546875,-9.965512,-4.659248
1668,19.3953488372093,1865.0,-28.37060546875,-0.035854,0.925023
1669,19.406976744186046,1866.0,-27.37060546875,9.558901,6.39637
1670,19.418604651162788,1869.0,-24.37060546875,17.747801,11.069397
1671,19.430232558139533,1869.0,-24.37060546875,23.679874,14.43769
1672,19.44186046511628,1872.0,-21.37060546875,26.983442,16.258339
1673,19.453488372093023,1872.0,-21.37060546875,27.652706,16.547674
1674,19.46511627906977,1883.0,-10.37060546875,26.037374,15.519904
1675,19.476744186046513,1877.0,-16.37060546875,22.594408,13.451447
1676,19.488372093023255,1887.0,-6.37060546875,17.813953,10.633185
1677,19.5,1883.0,-10.37060546875,12.087711,7.241311
1678,19.511627906976745,1889.0,-4.37060546875,5.717056,3.423907
1679,19.523255813953487,1890.0,-3.37060546875,-0.979729,-0.721365
1680,19.53488372093023,1887.0,-6.37060546875,-7.650672,-5.014758
1681,19.546511627906977,1889.0,-4.37060546875,-13.758615,-9.177546
1682,19.55813953488372,1875.0,-18.37060546875,-18.731707,-12.814903
1683,19.569767441860467,1882.0,-11.37060546875,-21.918074,-15.452274
1684,19.581395348837212,1872.0,-21.37060546875,-22.880692,-16.663788
1685,19.593023255813954,1872.0,-21.37060546875,-21.42799,-16.184088
1686,19.6046511627907,1871.0,-22.37060546875,-17.794563,-14.025853
1687,19.616279069767444,1871.0,-22.37060546875,-12.601069,-10.51499
1688,19.627906976744185,1872.0,-21.37060546875,-6.699754,-6.223385
1689,19.63953488372093,1871.0,-22.37060546875,-1.017406,-1.807031
1690,19.651162790697676,1881.0,-12.37060546875,3.78817,2.19195
1691,19.662790697674417,1881.0,-12.37060546875,7.358555,5.502603
1692,19.674418604651162,1894.0,0.62939453125,9.81369,8.155457
1693,19.686046511627904,1886.0,-7.37060546875,11.451475,10.374937
1694,19.697674418604652,1899.0,5.62939453125,12.656196,12.357535
1695,19.709302325581397,1893.0,-0.37060546875,13.516951,14.051898
1696,19.72093023255814,1904.0,10.62939453125,13.828005,15.070567
1697,19.732558139534884,1903.0,9.62939453125,13.107937,14.793167
1698,19.74418604651163,1909.0,15.62939453125,10.880875,12.651817
1699,19.75581395348837,1911.0,17.62939453125,7.050025,8.494685
1700,19.767441860465116,1909.0,15.62939453125,2.014201,2.781986
1701,19.77906976744186,1906.0,12.62939453125,-3.256717,-3.47351
1702,19.790697674418603,1901.0,7.62939453125,-7.610803,-8.950113
1703,19.802325581395348,1904.0,10.62939453125,-10.046643,-12.546602
1704,19.813953488372093,1892.0,-1.37060546875,-10.224501,-13.744187
1705,19.825581395348838,1897.0,3.62939453125,-8.460279,-12.759377
1706,19.837209302325583,1893.0,-0.37060546875,-5.744738,-10.428189
1707,19.848837209302328,1891.0,-2.37060546875,-3.217014,-7.781179
1708,19.86046511627907,1891.0,-2.37060546875,-1.72935,-5.576749
1709,19.872093023255815,1887.0,-6.37060546875,-1.563813,-4.067127
1710,19.88372093023256,1892.0,-1.37060546875,-2.303363,-2.948643
1711,19.8953488372093,1889.0,-4.37060546875,-3.252206,-1.719228
1712,19.906976744186046,1906.0,12.62939453125,-3.637893,0.009842
1713,19.91860465116279,1899.0,5.62939453125,-3.16644,2.18612
1714,19.930232558139533,1915.0,21.62939453125,-1.898175,4.376959
1715,19.941860465116278,1905.0,11.62939453125,-0.329522,5.94854
1716,19.953488372093023,1929.0,35.62939453125,1.118838,6.486214
1717,19.96511627906977,1920.0,26.62939453125,2.181758,5.979148
1718,19.976744186046513,1926.0,32.62939453125,2.978479,4.885784
1719,19.988372093023255,1934.0,40.62939453125,3.838337,3.897868
1720,20.0,1935.0,41.62939453125,4.999278,3.545464
1721,20.011627906976745,1936.0,42.62939453125,6.464096,3.947975
1722,20.023255813953487,1935.0,41.62939453125,7.80946,4.718064
1723,20.03488372093023,1935.0,41.62939453125,8.475409,5.193113
1724,20.046511627906977,1927.0,33.62939453125,7.890657,4.761671
1725,20.05813953488372,1927.0,33.62939453125,5.897589,3.18156
1726,20.069767441860463,1916.0,22.62939453125,2.72206,0.674315
1727,20.081395348837212,1920.0,26.62939453125,-0.983367,-2.163433
1728,20.093023255813954,1909.0,15.62939453125,-4.500572,-4.684998
1729,20.1046511627907,1910.0,16.62939453125,-7.235477,-6.441251
1730,20.116279069767444,1906.0,12.62939453125,-8.919505,-7.336761
1731,20.127906976744185,1908.0,14.62939453125,-9.617915,-7.572192
1732,20.13953488372093,1914.0,20.62939453125,-9.535566,-7.457189
1733,20.151162790697676,1910.0,16.62939453125,-8.922406,-7.199119
1734,20.162790697674417,1926.0,32.62939453125,-7.813225,-6.759941
1735,20.174418604651162,1921.0,27.62939453125,-6.198257,-5.957702
1736,20.186046511627907,1936.0,42.62939453125,-3.946615,-4.553526
1737,20.19767441860465,1936.0,42.62939453125,-1.096029,-2.481416
1738,20.209302325581397,1947.0,53.62939453125,2.205779,0.127935
1739,20.220930232558143,1941.0,47.62939453125,5.611993,2.943716
1740,20.232558139534884,1953.0,59.62939453125,8.708323,5.582671
1741,20.24418604651163,1950.0,56.62939453125,11.079547,7.702937
1742,20.255813953488374,1945.0,51.62939453125,12.366717,9.082887
1743,20.267441860465116,1947.0,53.62939453125,12.371353,9.633181
1744,20.27906976744186,1942.0,48.62939453125,10.947927,9.302542
1745,20.290697674418603,1937.0,43.62939453125,8.165128,8.122058
1746,20.302325581395348,1930.0,36.62939453125,4.23687,6.188121
1747,20.313953488372093,1936.0,42.62939453125,-0.35563,3.729453
1748,20.325581395348834,1920.0,26.62939453125,-4.981699,1.085692
1749,20.33720930232558,1933.0,39.62939453125,-8.910542,-1.318914
1750,20.348837209302328,1920.0,26.62939453125,-11.548763,-3.150325
1751,20.36046511627907,1914.0,20.62939453125,-12.54907,-4.243787
1752,20.372093023255815,1924.0,30.62939453125,-11.954312,-4.725693
1753,20.38372093023256,1922.0,28.62939453125,-10.181988,-4.965479
1754,20.3953488372093,1934.0,40.62939453125,-7.773978,-5.345994
1755,20.406976744186046,1920.0,26.62939453125,-5.257625,-6.10942
1756,20.41860465116279,1939.0,45.62939453125,-2.852179,-7.102222
1757,20.430232558139533,1936.0,42.62939453125,-0.557612,-7.909026
1758,20.441860465116278,1954.0,60.62939453125,1.824276,-7.942525
1759,20.453488372093023,1946.0,52.62939453125,4.401405,-6.799618
1760,20.465116279069765,1947.0,53.62939453125,7.108403,-4.406242
1761,20.476744186046513,1951.0,57.62939453125,9.616379,-1.11529
1762,20.48837209302326,1942.0,48.62939453125,11.407819,2.392796
1763,20.5,1947.0,53.62939453125,12.052882,5.441625
1764,20.511627906976745,1934.0,40.62939453125,11.295415,7.519053
1765,20.52325581395349,1937.0,43.62939453125,9.248143,8.5252
1766,20.53488372093023,1924.0,30.62939453125,6.243707,8.640744
1767,20.546511627906977,1929.0,35.62939453125,2.776967,8.24707
1768,20.558139534883722,1921.0,27.62939453125,-0.738651,7.636352
1769,20.569767441860463,1919.0,25.62939453125,-4.027099,6.903086
1770,20.58139534883721,1925.0,31.62939453125,-6.938484,5.940153
1771,20.59302325581395,1922.0,28.62939453125,-9.375131,4.527587
1772,20.6046511627907,1930.0,36.62939453125,-11.195896,2.509632
1773,20.616279069767444,1931.0,37.62939453125,-12.199238,-0.101871
1774,20.627906976744185,1937.0,43.62939453125,-12.16802,-3.091272
1775,20.63953488372093,1935.0,41.62939453125,-10.991237,-6.103856
1776,20.651162790697676,1942.0,48.62939453125,-8.72853,-8.737381
1777,20.662790697674417,1940.0,46.62939453125,-5.665022,-10.674174
1778,20.674418604651162,1945.0,51.62939453125,-2.189418,-11.658144
1779,20.686046511627907,1943.0,49.62939453125,1.310492,-11.546139
1780,20.69767441860465,1936.0,42.62939453125,4.574226,-10.248999
1781,20.709302325581394,1943.0,49.62939453125,7.478752,-7.778229
1782,20.72093023255814,1931.0,37.62939453125,9.971063,-4.281803
1783,20.732558139534884,1936.0,42.62939453125,11.995671,-0.051845
1784,20.74418604651163,1926.0,32.62939453125,13.363742,4.414202
1785,20.755813953488374,1930.0,36.62939453125,13.777362,8.522781
1786,20.767441860465116,1926.0,32.62939453125,12.909004,11.649387
1787,20.77906976744186,1926.0,32.62939453125,10.551863,13.313206
1788,20.790697674418606,1930.0,36.62939453125,6.774146,13.267014
1789,20.802325581395348,1929.0,35.62939453125,1.948823,11.571372
1790,20.813953488372093,1937.0,43.62939453125,-3.306462,8.522402
1791,20.825581395348838,1936.0,42.62939453125,-8.257612,4.631133
1792,20.83720930232558,1947.0,53.62939453125,-12.276522,0.430197
1793,20.848837209302324,1936.0,42.62939453125,-14.933503,-3.542853
1794,20.860465116279073,1957.0,63.62939453125,-16.022442,-6.818147
1795,20.872093023255815,1950.0,56.62939453125,-15.572375,-9.07505
1796,20.88372093023256,1968.0,74.62939453125,-13.704636,-10.11159
1797,20.8953488372093,1962.0,68.62939453125,-10.626537,-9.908312
1798,20.906976744186046,1961.0,67.62939453125,-6.568416,-8.612791
1799,20.91860465116279,1968.0,74.62939453125,-1.823235,-6.510765
1800,20.930232558139533,1954.0,60.62939453125,3.191727,-3.994959
1801,20.941860465116278,1959.0,65.62939453125,7.968297,-1.45738
1802,20.953488372093023,1940.0,46.62939453125,11.912454,0.786436
1803,20.965116279069765,1951.0,57.62939453125,14.512452,2.565384
1804,20.97674418604651,1939.0,45.62939453125,15.425254,3.865697
1805,20.98837209302326,1938.0,44.62939453125,14.592233,4.776935
1806,21.0,1930.0,36.62939453125,12.262275,5.444677
1807,21.011627906976745,1930.0,36.62939453125,8.897574,5.943676
1808,21.02325581395349,1929.0,35.62939453125,5.038889,6.245619
1809,21.03488372093023,1927.0,33.62939453125,1.149522,6.200984
1810,21.046511627906977,1920.0,26.62939453125,-2.488827,5.579411
1811,21.058139534883722,1929.0,35.62939453125,-5.74097,4.21049
1812,21.069767441860463,1938.0,44.62939453125,-8.604335,2.005561
1813,21.08139534883721,1938.0,44.62939453125,-11.024857,-0.877803
1814,21.093023255813954,1941.0,47.62939453125,-12.829919,-4.05923
1815,21.104651162790695,1941.0,47.62939453125,-13.701744,-6.96516
1816,21.116279069767444,1942.0,48.62939453125,-13.267661,-8.98107
1817,21.12790697674419,1945.0,51.62939453125,-11.259156,-9.594522
1818,21.13953488372093,1936.0,42.62939453125,-7.677017,-8.595343
1819,21.151162790697676,1942.0,48.62939453125,-2.856617,-6.108813
1820,21.16279069767442,1934.0,40.62939453125,2.550904,-2.622809
1821,21.174418604651162,1933.0,39.62939453125,7.726387,1.173122
1822,21.186046511627907,1926.0,32.62939453125,11.895105,4.566305
1823,21.19767441860465,1926.0,32.62939453125,14.464737,6.983621
1824,21.209302325581394,1915.0,21.62939453125,15.156606,8.131531
1825,21.22093023255814,1919.0,25.62939453125,13.98143,8.001506
1826,21.23255813953488,1917.0,23.62939453125,11.18251,6.805492
1827,21.24418604651163,1914.0,20.62939453125,7.137222,4.857383
1828,21.255813953488374,1919.0,25.62939453125,2.323884,2.503458
1829,21.267441860465116,1922.0,28.62939453125,-2.721516,0.03217
1830,21.27906976744186,1919.0,25.62939453125,-7.41525,-2.293817
1831,21.290697674418606,1917.0,23.62939453125,-11.155805,-4.251103
1832,21.302325581395348,1920.0,26.62939453125,-13.424513,-5.630493
1833,21.313953488372093,1920.0,26.62939453125,-13.891546,-6.275252
1834,21.325581395348838,1922.0,28.62939453125,-12.545222,-6.132646
1835,21.33720930232558,1922.0,28.62939453125,-9.677091,-5.261105
1836,21.348837209302324,1925.0,31.62939453125,-5.820059,-3.832614
1837,21.36046511627907,1929.0,35.62939453125,-1.591065,-2.072434
1838,21.372093023255815,1926.0,32.62939453125,2.470586,-0.210989
1839,21.38372093023256,1926.0,32.62939453125,5.996445,1.593816
1840,21.395348837209305,1923.0,29.62939453125,8.790339,3.218433
1841,21.406976744186046,1929.0,35.62939453125,10.722757,4.565823
1842,21.41860465116279,1920.0,26.62939453125,11.665814,5.511028
1843,21.430232558139537,1921.0,27.62939453125,11.439875,5.912418
1844,21.441860465116278,1930.0,36.62939453125,9.933883,5.6568
1845,21.453488372093023,1926.0,32.62939453125,7.146214,4.688938
1846,21.46511627906977,1917.0,23.62939453125,3.402344,3.148258
1847,21.47674418604651,1925.0,31.62939453125,-0.726832,1.30396
1848,21.488372093023255,1910.0,16.62939453125,-4.572922,-0.546654
1849,21.5,1919.0,25.62939453125,-7.535673,-2.146719
1850,21.511627906976745,1907.0,13.62939453125,-9.35418,-3.414803
1851,21.52325581395349,1910.0,16.62939453125,-10.095821,-4.417314
1852,21.53488372093023,1901.0,7.62939453125,-10.080894,-5.261396
1853,21.546511627906977,1903.0,9.62939453125,-9.602484,-5.961194
1854,21.558139534883722,1894.0,0.62939453125,-8.761732,-6.336719
1855,21.569767441860463,1898.0,4.62939453125,-7.347414,-6.061654
1856,21.58139534883721,1891.0,-2.37060546875,-5.040812,-4.839517
1857,21.593023255813954,1894.0,0.62939453125,-1.616709,-2.58214
1858,21.604651162790695,1899.0,5.62939453125,2.738644,0.406274
1859,21.61627906976744,1894.0,0.62939453125,7.374983,3.474618
1860,21.627906976744185,1904.0,10.62939453125,11.347441,5.859028
1861,21.63953488372093,1904.0,10.62939453125,13.733862,6.989589
1862,21.651162790697676,1915.0,21.62939453125,14.035597,6.754805
1863,21.66279069767442,1911.0,17.62939453125,12.305461,5.521861
1864,21.674418604651162,1915.0,21.62939453125,9.162393,3.983275
1865,21.686046511627907,1916.0,22.62939453125,5.412335,2.775871
1866,21.697674418604652,1913.0,19.62939453125,1.749577,2.175407
1867,21.709302325581394,1917.0,23.62939453125,-1.512452,1.977378
1868,21.72093023255814,1904.0,10.62939453125,-4.421871,1.628629
1869,21.732558139534884,1905.0,11.62939453125,-7.171778,0.566301
1870,21.744186046511626,1898.0,4.62939453125,-9.797388,-1.407041
1871,21.75581395348837,1903.0,9.62939453125,-12.000919,-3.974178
1872,21.76744186046512,1889.0,-4.37060546875,-13.23441,-6.402133
1873,21.77906976744186,1893.0,-0.37060546875,-12.890563,-7.849327
1874,21.790697674418606,1897.0,3.62939453125,-10.681889,-7.773606
1875,21.80232558139535,1887.0,-6.37060546875,-6.83851,-6.209837
1876,21.813953488372093,1882.0,-11.37060546875,-2.067785,-3.69943
1877,21.825581395348838,1890.0,-3.37060546875,2.721127,-1.017903
1878,21.83720930232558,1894.0,0.62939453125,6.673945,1.120687
1879,21.848837209302324,1888.0,-5.37060546875,9.330536,2.425485
1880,21.86046511627907,1893.0,-0.37060546875,10.635734,3.027581
1881,21.87209302325581,1899.0,5.62939453125,10.789868,3.294329
1882,21.883720930232556,1910.0,16.62939453125,10.061754,3.558591
1883,21.895348837209305,1909.0,15.62939453125,8.577907,3.877369
1884,21.906976744186046,1915.0,21.62939453125,6.394854,4.050374
1885,21.91860465116279,1913.0,19.62939453125,3.542329,3.733046
1886,21.930232558139537,1910.0,16.62939453125,0.285215,2.766248
1887,21.941860465116278,1920.0,26.62939453125,-2.887011,1.298531
1888,21.953488372093023,1911.0,17.62939453125,-5.350597,-0.212387
1889,21.96511627906977,1910.0,16.62939453125,-6.611729,-1.226539
1890,21.97674418604651,1904.0,10.62939453125,-6.544901,-1.41333
1891,21.988372093023255,1907.0,13.62939453125,-5.449901,-0.825532
1892,22.0,1901.0,7.62939453125,-3.97162,0.067073
1893,22.01162790697674,1902.0,8.62939453125,-2.740094,0.66035
1894,22.02325581395349,1898.0,4.62939453125,-2.137711,0.469897
1895,22.034883720930235,1898.0,4.62939453125,-2.0913,-0.570498
1896,22.046511627906977,1901.0,7.62939453125,-2.211062,-2.107372
1897,22.058139534883722,1895.0,1.62939453125,-2.015149,-3.540572
1898,22.069767441860467,1904.0,10.62939453125,-1.233008,-4.303374
1899,22.08139534883721,1905.0,11.62939453125,0.013243,-4.178579
1900,22.093023255813954,1901.0,7.62939453125,1.304292,-3.328307
1901,22.1046511627907,1903.0,9.62939453125,2.144702,-2.203288
1902,22.11627906976744,1904.0,10.62939453125,2.258871,-1.260416
1903,22.127906976744185,1904.0,10.62939453125,1.739026,-0.729803
1904,22.139534883720927,1904.0,10.62939453125,1.020056,-0.491271
1905,22.151162790697676,1897.0,3.62939453125,0.62907,-0.163952
1906,22.16279069767442,1904.0,10.62939453125,0.949342,0.682464
1907,22.174418604651162,1904.0,10.62939453125,1.978003,2.237648
1908,22.186046511627907,1911.0,17.62939453125,3.37095,4.338976
1909,22.197674418604652,1903.0,9.62939453125,4.581553,6.481548
1910,22.209302325581394,1905.0,11.62939453125,5.131559,8.005382
1911,22.22093023255814,1906.0,12.62939453125,4.814606,8.378202
1912,22.232558139534884,1903.0,9.62939453125,3.698409,7.339795
1913,22.244186046511626,1904.0,10.62939453125,2.078674,5.038588
1914,22.25581395348837,1903.0,9.62939453125,0.251452,1.881636
1915,22.267441860465116,1904.0,10.62939453125,-1.584363,-1.563531
1916,22.27906976744186,1904.0,10.62939453125,-3.389289,-4.788601
1917,22.290697674418606,1901.0,7.62939453125,-5.194981,-7.436988
1918,22.30232558139535,1899.0,5.62939453125,-6.961664,-9.304554
1919,22.313953488372093,1902.0,8.62939453125,-8.498619,-10.309467
1920,22.325581395348838,1903.0,9.62939453125,-9.44989,-10.382364
1921,22.337209302325583,1899.0,5.62939453125,-9.422815,-9.466145
1922,22.348837209302324,1893.0,-0.37060546875,-8.104656,-7.48645
1923,22.36046511627907,1893.0,-0.37060546875,-5.466239,-4.502319
1924,22.372093023255815,1893.0,-0.37060546875,-1.755057,-0.711916
1925,22.383720930232556,1890.0,-3.37060546875,2.466312,3.424757
1926,22.3953488372093,1888.0,-5.37060546875,6.523281,7.298522
1927,22.40697674418605,1890.0,-3.37060546875,9.738594,10.25189
1928,22.41860465116279,1891.0,-2.37060546875,11.599929,11.745749
1929,22.430232558139537,1892.0,-1.37060546875,11.894899,11.574415
1930,22.441860465116278,1900.0,6.62939453125,10.699292,9.898802
1931,22.453488372093023,1897.0,3.62939453125,8.376651,7.216553
1932,22.46511627906977,1903.0,9.62939453125,5.429572,4.164689
1933,22.47674418604651,1901.0,7.62939453125,2.403769,1.330362
1934,22.488372093023255,1904.0,10.62939453125,-0.297777,-0.979501
1935,22.5,1904.0,10.62939453125,-2.491053,-2.781235
1936,22.51162790697674,1902.0,8.62939453125,-4.236086,-4.355117
1937,22.523255813953487,1904.0,10.62939453125,-5.726926,-5.997362
1938,22.534883720930235,1897.0,3.62939453125,-7.155138,-7.818394
1939,22.546511627906977,1901.0,7.62939453125,-8.529591,-9.578704
1940,22.558139534883722,1887.0,-6.37060546875,-9.651189,-10.762677
1941,22.569767441860467,1890.0,-3.37060546875,-10.087617,-10.721064
1942,22.58139534883721,1875.0,-18.37060546875,-9.39456,-9.009521
1943,22.593023255813954,1879.0,-14.37060546875,-7.300359,-5.613596
1944,22.6046511627907,1873.0,-20.37060546875,-3.912031,-1.034379
1945,22.61627906976744,1879.0,-14.37060546875,0.278185,3.829945
1946,22.627906976744185,1874.0,-19.37060546875,4.489913,7.983295
1947,22.63953488372093,1872.0,-21.37060546875,7.933072,10.660065
1948,22.651162790697672,1877.0,-16.37060546875,10.021726,11.548397
1949,22.66279069767442,1874.0,-19.37060546875,10.556273,10.804796
1950,22.674418604651166,1888.0,-5.37060546875,9.716144,8.92644
1951,22.686046511627907,1882.0,-11.37060546875,7.901943,6.462502
1952,22.697674418604652,1895.0,1.62939453125,5.576664,3.841693
1953,22.709302325581397,1893.0,-0.37060546875,3.082947,1.271617
1954,22.72093023255814,1904.0,10.62939453125,0.611575,-1.205367
1955,22.732558139534884,1902.0,8.62939453125,-1.738946,-3.539487
1956,22.74418604651163,1906.0,12.62939453125,-3.83878,-5.584826
1957,22.75581395348837,1906.0,12.62939453125,-5.481992,-7.070416
1958,22.767441860465116,1904.0,10.62939453125,-6.39077,-7.723102
1959,22.779069767441857,1905.0,11.62939453125,-6.335558,-7.379038
1960,22.790697674418603,1903.0,9.62939453125,-5.294901,-6.160357
1961,22.80232558139535,1904.0,10.62939453125,-3.524307,-4.429847
1962,22.813953488372093,1893.0,-0.37060546875,-1.517004,-2.6608
1963,22.825581395348838,1890.0,-3.37060546875,0.174125,-1.218831
1964,22.837209302325583,1887.0,-6.37060546875,1.131286,-0.209211
1965,22.848837209302324,1887.0,-6.37060546875,1.230937,0.524321
1966,22.86046511627907,1887.0,-6.37060546875,0.676568,1.316001
1967,22.872093023255815,1886.0,-7.37060546875,-0.103396,2.438615
1968,22.883720930232556,1885.0,-8.37060546875,-0.661992,3.931049
1969,22.8953488372093,1879.0,-14.37060546875,-0.714844,5.538162
1970,22.906976744186046,1886.0,-7.37060546875,-0.235996,6.795056
1971,22.918604651162788,1888.0,-5.37060546875,0.566609,7.223105
1972,22.930232558139537,1885.0,-8.37060546875,1.353318,6.507558
1973,22.94186046511628,1890.0,-3.37060546875,1.837637,4.668856
1974,22.953488372093023,1893.0,-0.37060546875,1.899838,2.037679
1975,22.96511627906977,1889.0,-4.37060546875,1.601972,-0.86549
1976,22.976744186046513,1893.0,-0.37060546875,1.142565,-3.497641
1977,22.988372093023255,1893.0,-0.37060546875,0.78706,-5.393916
1978,23.0,1893.0,-0.37060546875,0.719487,-6.313601
1979,23.011627906976745,1893.0,-0.37060546875,1.037279,-6.180035
1980,23.023255813953487,1888.0,-5.37060546875,1.663717,-5.140552
1981,23.03488372093023,1889.0,-4.37060546875,2.414605,-3.457464
1982,23.046511627906977,1886.0,-7.37060546875,2.990238,-1.537569
1983,23.058139534883722,1888.0,-5.37060546875,3.089482,0.180585
1984,23.069767441860467,1879.0,-14.37060546875,2.448641,1.292018
1985,23.08139534883721,1883.0,-10.37060546875,0.995322,1.588389
1986,23.093023255813954,1879.0,-14.37060546875,-1.152584,1.106271
1987,23.1046511627907,1883.0,-10.37060546875,-3.637193,0.172274
1988,23.11627906976744,1880.0,-13.37060546875,-5.954748,-0.700728
1989,23.127906976744185,1883.0,-10.37060546875,-7.60222,-1.031924
1990,23.13953488372093,1882.0,-11.37060546875,-8.212465,-0.538211
1991,23.151162790697672,1887.0,-6.37060546875,-7.679272,0.709813
1992,23.162790697674417,1875.0,-18.37060546875,-6.158038,2.318501
1993,23.174418604651162,1879.0,-14.37060546875,-3.973567,3.736971
1994,23.186046511627907,1872.0,-21.37060546875,-1.49786,4.478496
1995,23.197674418604652,1875.0,-18.37060546875,1.001478,4.334111
1996,23.209302325581397,1861.0,-32.37060546875,3.365574,3.403955
1997,23.22093023255814,1867.0,-26.37060546875,5.567754,2.072565
1998,23.232558139534884,1861.0,-32.37060546875,7.521442,0.741646
1999,23.24418604651163,1862.0,-31.37060546875,9.068345,-0.298886
2000,23.25581395348837,1855.0,-38.37060546875,9.917527,-1.001641
2001,23.267441860465116,1859.0,-34.37060546875,9.791224,-1.493656
2002,23.27906976744186,1851.0,-42.37060546875,8.485188,-2.001158
2003,23.290697674418603,1863.0,-30.37060546875,6.065187,-2.641388
2004,23.302325581395348,1850.0,-43.37060546875,2.84107,-3.38471
2005,23.313953488372096,1850.0,-43.37060546875,-0.678481,-4.03934
2006,23.325581395348838,1854.0,-39.37060546875,-3.967774,-4.371198
2007,23.337209302325583,1847.0,-46.37060546875,-6.623855,-4.19978
2008,23.348837209302328,1854.0,-39.37060546875,-8.431424,-3.460026
2009,23.36046511627907,1840.0,-53.37060546875,-9.410916,-2.262473
2010,23.372093023255815,1859.0,-34.37060546875,-9.641953,-0.760596
2011,23.383720930232556,1856.0,-37.37060546875,-9.242923,0.832647
2012,23.3953488372093,1858.0,-35.37060546875,-8.233791,2.362595
2013,23.406976744186046,1867.0,-26.37060546875,-6.593364,3.697367
2014,23.418604651162788,1856.0,-37.37060546875,-4.326097,4.709559
2015,23.430232558139533,1856.0,-37.37060546875,-1.516182,5.303909
2016,23.44186046511628,1848.0,-45.37060546875,1.590476,5.392603
2017,23.453488372093023,1855.0,-38.37060546875,4.671269,4.966684
2018,23.46511627906977,1840.0,-53.37060546875,7.31633,4.049449
2019,23.476744186046513,1840.0,-53.37060546875,9.200747,2.761597
2020,23.488372093023255,1828.0,-65.37060546875,10.090056,1.23203
2021,23.5,1831.0,-62.37060546875,9.928801,-0.386176
2022,23.511627906976745,1818.0,-75.37060546875,8.764171,-2.003085
2023,23.523255813953487,1824.0,-69.37060546875,6.781895,-3.503366
2024,23.53488372093023,1813.0,-80.37060546875,4.209032,-4.783833
2025,23.546511627906977,1820.0,-73.37060546875,1.345469,-5.664847
2026,23.55813953488372,1813.0,-80.37060546875,-1.500965,-5.952045
2027,23.569767441860467,1811.0,-82.37060546875,-4.035214,-5.490782
2028,23.581395348837212,1821.0,-72.37060546875,-5.989873,-4.246652
2029,23.593023255813954,1815.0,-78.37060546875,-7.205916,-2.39431
2030,23.6046511627907,1821.0,-72.37060546875,-7.62008,-0.292976
2031,23.616279069767444,1821.0,-72.37060546875,-7.279902,1.616342
2032,23.627906976744185,1837.0,-56.37060546875,-6.293415,2.977957
2033,23.63953488372093,1831.0,-62.37060546875,-4.835132,3.619094
2034,23.651162790697676,1840.0,-53.37060546875,-3.055286,3.653665
2035,23.662790697674417,1838.0,-55.37060546875,-1.12955,3.366435
2036,23.674418604651162,1841.0,-52.37060546875,0.802994,3.108004
2037,23.686046511627904,1847.0,-46.37060546875,2.597086,3.094226
2038,23.697674418604652,1837.0,-56.37060546875,4.113438,3.306566
2039,23.709302325581397,1839.0,-54.37060546875,5.223753,3.515064
2040,23.72093023255814,1827.0,-66.37060546875,5.808124,3.365431
2041,23.732558139534884,1833.0,-60.37060546875,5.801484,2.584397
2042,23.74418604651163,1819.0,-74.37060546875,5.146016,1.074878
2043,23.75581395348837,1821.0,-72.37060546875,3.867954,-0.982463
2044,23.767441860465116,1818.0,-75.37060546875,2.048406,-3.21943
2045,23.77906976744186,1814.0,-79.37060546875,-0.133617,-5.194983
2046,23.790697674418603,1811.0,-82.37060546875,-2.395893,-6.506953
2047,23.802325581395348,1813.0,-80.37060546875,-4.379676,-6.922185
