muestra,tiempo_ms,adc,adc_centrado,adc_filtrado,residual
0,0.0,1872.0,-13.3603515625,-0.008141,-0.007099
1,0.011627906976744186,1871.0,-14.3603515625,-0.01282,-0.012109
2,0.023255813953488372,1874.0,-11.3603515625,-0.009724,-0.012931
3,0.03488372093023256,1872.0,-13.3603515625,-0.003656,-0.007195
4,0.046511627906976744,1886.0,0.6396484375,0.01223,0.005199
5,0.058139534883720936,1874.0,-11.3603515625,0.014481,0.009123
6,0.06976744186046512,1891.0,5.6396484375,0.021195,0.013238
7,0.0813953488372093,1895.0,9.6396484375,0.023181,0.018141
8,0.09302325581395349,1903.0,17.6396484375,0.026185,0.018148
9,0.10465116279069767,1902.0,16.6396484375,0.028459,0.023116
10,0.11627906976744187,1909.0,23.6396484375,0.038839,0.035954
11,0.12790697674418605,1904.0,18.6396484375,0.047701,0.055018
12,0.13953488372093023,1906.0,20.6396484375,0.054572,0.069031
13,0.1511627906976744,1904.0,18.6396484375,0.049139,0.076774
14,0.1627906976744186,1905.0,19.6396484375,0.028531,0.06798
15,0.1744186046511628,1905.0,19.6396484375,-0.006762,0.053178
16,0.18604651162790697,1921.0,35.6396484375,-0.039067,0.037697
17,0.19767441860465115,1916.0,30.6396484375,-0.075219,0.01802
18,0.20930232558139533,1921.0,35.6396484375,-0.102038,0.005809
19,0.22093023255813954,1927.0,41.6396484375,-0.119445,0.002319
20,0.23255813953488375,1925.0,39.6396484375,-0.140012,-0.007021
21,0.2441860465116279,1935.0,49.6396484375,-0.163436,-0.023822
22,0.2558139534883721,1925.0,39.6396484375,-0.205723,-0.067448
23,0.2674418604651163,1925.0,39.6396484375,-0.24956,-0.121679
24,0.27906976744186046,1923.0,37.6396484375,-0.277279,-0.16972
25,0.29069767441860467,1921.0,35.6396484375,-0.270252,-0.193974
26,0.3023255813953488,1926.0,40.6396484375,-0.21661,-0.182901
27,0.313953488372093,1919.0,33.6396484375,-0.134661,-0.147224
28,0.3255813953488372,1920.0,34.6396484375,-0.040173,-0.102309
29,0.3372093023255814,1930.0,44.6396484375,0.050705,-0.064068
30,0.3488372093023256,1911.0,25.6396484375,0.108462,-0.053496
31,0.3604651162790698,1920.0,34.6396484375,0.164241,-0.044688
32,0.37209302325581395,1920.0,34.6396484375,0.23376,-0.011553
33,0.38372093023255816,1924.0,38.6396484375,0.335747,0.062992
34,0.3953488372093023,1920.0,34.6396484375,0.458833,0.181586
35,0.4069767441860465,1918.0,32.6396484375,0.573557,0.313964
36,0.41860465116279066,1917.0,31.6396484375,0.636262,0.423764
37,0.43023255813953487,1915.0,29.6396484375,0.61104,0.473253
38,0.4418604651162791,1922.0,36.6396484375,0.498207,0.455943
39,0.4534883720930233,1922.0,36.6396484375,0.320681,0.385849
40,0.4651162790697675,1921.0,35.6396484375,0.12523,0.308642
41,0.4767441860465116,1921.0,35.6396484375,-0.048439,0.262102
42,0.4883720930232558,1923.0,37.6396484375,-0.193499,0.247549
43,0.5,1919.0,33.6396484375,-0.34625,0.21656
44,0.5116279069767442,1920.0,34.6396484375,-0.550205,0.117592
45,0.5232558139534884,1932.0,46.6396484375,-0.823721,-0.082178
46,0.5348837209302326,1922.0,36.6396484375,-1.156334,-0.384119
47,0.5465116279069767,1923.0,37.6396484375,-1.457612,-0.719322
48,0.5581395348837209,1919.0,33.6396484375,-1.625001,-0.98414
49,0.5697674418604651,1920.0,34.6396484375,-1.579511,-1.097302
50,0.5813953488372093,1917.0,31.6396484375,-1.323792,-1.050451
51,0.5930232558139535,1920.0,34.6396484375,-0.934513,-0.910951
52,0.6046511627906976,1910.0,24.6396484375,-0.538806,-0.790647
53,0.6162790697674418,1913.0,27.6396484375,-0.207935,-0.756337
54,0.627906976744186,1924.0,38.6396484375,0.082371,-0.775141
55,0.6395348837209301,1914.0,28.6396484375,0.446869,-0.723539
56,0.6511627906976744,1911.0,25.6396484375,1.071993,-0.387751
57,0.6627906976744186,1919.0,33.6396484375,2.07999,0.398639
58,0.6744186046511628,1914.0,28.6396484375,3.387777,1.613168
59,0.686046511627907,1909.0,23.6396484375,4.677757,3.006529
60,0.6976744186046512,1911.0,25.6396484375,5.447698,4.135109
61,0.7093023255813954,1905.0,19.6396484375,5.162009,4.479758
62,0.7209302325581396,1920.0,34.6396484375,3.508884,3.694385
63,0.7325581395348838,1918.0,32.6396484375,0.548815,1.739352
64,0.7441860465116279,1923.0,37.6396484375,-3.16559,-1.000345
65,0.7558139534883721,1920.0,34.6396484375,-6.717668,-3.802801
66,0.7674418604651163,1917.0,31.6396484375,-9.072906,-5.804132
67,0.7790697674418604,1919.0,33.6396484375,-9.425351,-6.315956
68,0.7906976744186046,1915.0,29.6396484375,-7.510473,-5.072302
69,0.8023255813953488,1913.0,27.6396484375,-3.731851,-2.360332
70,0.813953488372093,1914.0,28.6396484375,0.918461,1.049798
71,0.8255813953488372,1910.0,24.6396484375,5.147443,4.133145
72,0.8372093023255813,1911.0,25.6396484375,7.780777,5.94562
73,0.8488372093023255,1915.0,29.6396484375,8.131783,5.936977
74,0.8604651162790697,1910.0,24.6396484375,6.210652,4.10377
75,0.872093023255814,1903.0,17.6396484375,2.717481,1.009124
76,0.8837209302325582,1904.0,18.6396484375,-1.20468,-2.418365
77,0.8953488372093024,1908.0,22.6396484375,-4.364631,-5.201359
78,0.9069767441860466,1911.0,25.6396484375,-5.900752,-6.598453
79,0.9186046511627908,1920.0,34.6396484375,-5.516609,-6.294132
80,0.930232558139535,1917.0,31.6396484375,-3.533417,-4.466373
81,0.9418604651162791,1916.0,30.6396484375,-0.701164,-1.664649
82,0.9534883720930232,1918.0,32.6396484375,2.078111,1.393806
83,0.9651162790697674,1911.0,25.6396484375,4.037056,4.011547
84,0.9767441860465116,1909.0,23.6396484375,4.767352,5.690109
85,0.9883720930232557,1922.0,36.6396484375,4.277397,6.215769
86,1.0,1913.0,27.6396484375,2.885175,5.615343
87,1.0116279069767442,1906.0,20.6396484375,1.105186,4.137124
88,1.0232558139534884,1907.0,21.6396484375,-0.542332,2.158919
89,1.0348837209302326,1919.0,33.6396484375,-1.677024,0.09839
90,1.0465116279069768,1904.0,18.6396484375,-2.160109,-1.695173
91,1.0581395348837208,1909.0,23.6396484375,-2.034769,-2.949161
92,1.0697674418604652,1909.0,23.6396484375,-1.52382,-3.554691
93,1.0813953488372092,1897.0,11.6396484375,-0.925718,-3.56672
94,1.0930232558139534,1908.0,22.6396484375,-0.484768,-3.122336
95,1.1046511627906976,1904.0,18.6396484375,-0.360301,-2.429147
96,1.1162790697674418,1905.0,19.6396484375,-0.542754,-1.673252
97,1.127906976744186,1904.0,18.6396484375,-0.889907,-0.967006
98,1.1395348837209303,1911.0,25.6396484375,-1.189048,-0.357966
99,1.1511627906976745,1915.0,29.6396484375,-1.273555,0.134133
100,1.1627906976744187,1903.0,17.6396484375,-1.103084,0.467593
101,1.1744186046511629,1905.0,19.6396484375,-0.749047,0.605735
102,1.186046511627907,1905.0,19.6396484375,-0.368341,0.534113
103,1.197674418604651,1904.0,18.6396484375,-0.083526,0.304264
104,1.2093023255813953,1887.0,1.6396484375,0.100175,0.091304
105,1.2209302325581395,1899.0,13.6396484375,0.349636,0.148944
106,1.2325581395348837,1881.0,-4.3603515625,0.839345,0.662009
107,1.244186046511628,1902.0,16.6396484375,1.688479,1.622601
108,1.255813953488372,1872.0,-13.3603515625,2.722826,2.713171
109,1.2674418604651163,1875.0,-10.3603515625,3.59228,3.432399
110,1.2790697674418603,1853.0,-32.3603515625,3.813286,3.27915
111,1.2906976744186047,1859.0,-26.3603515625,3.088936,2.039891
112,1.3023255813953487,1861.0,-24.3603515625,1.462414,-0.021827
113,1.3139534883720931,1858.0,-27.3603515625,-0.602034,-2.20773
114,1.3255813953488371,1850.0,-35.3603515625,-2.378326,-3.641028
115,1.3372093023255816,1850.0,-35.3603515625,-3.197685,-3.672939
116,1.3488372093023255,1861.0,-24.3603515625,-2.796585,-2.255596
117,1.36046511627907,1848.0,-37.3603515625,-1.508116,-0.038796
118,1.372093023255814,1885.0,-0.3603515625,-0.068236,1.90113
119,1.383720930232558,1859.0,-26.3603515625,0.619732,2.516992
120,1.3953488372093024,1915.0,29.6396484375,0.111499,1.385696
121,1.4069767441860463,1891.0,5.6396484375,-1.504946,-1.116687
122,1.4186046511627908,1931.0,45.6396484375,-3.414922,-3.856882
123,1.4302325581395348,1911.0,25.6396484375,-4.616287,-5.527647
124,1.4418604651162792,1935.0,49.6396484375,-4.266773,-5.201563
125,1.4534883720930232,1938.0,52.6396484375,-2.223359,-2.835671
126,1.4651162790697676,1937.0,51.6396484375,0.909232,0.726962
127,1.4767441860465116,1942.0,56.6396484375,4.035795,4.138002
128,1.4883720930232558,1920.0,34.6396484375,6.044007,6.180518
129,1.5,1932.0,46.6396484375,6.36867,6.31533
130,1.5116279069767442,1894.0,8.6396484375,5.091594,4.847445
131,1.5232558139534884,1909.0,23.6396484375,2.965602,2.696734
132,1.5348837209302326,1860.0,-25.3603515625,0.847724,0.870385
133,1.5465116279069768,1872.0,-13.3603515625,-0.61322,-0.071236
134,1.5581395348837208,1818.0,-67.3603515625,-1.375106,-0.231904
135,1.5697674418604652,1833.0,-52.3603515625,-1.819938,-0.274658
136,1.5813953488372092,1799.0,-86.3603515625,-2.519759,-0.912569
137,1.5930232558139534,1807.0,-78.3603515625,-3.710405,-2.449745
138,1.6046511627906976,1791.0,-94.3603515625,-5.140077,-4.527453
139,1.6162790697674418,1786.0,-99.3603515625,-6.096541,-6.251418
140,1.627906976744186,1810.0,-75.3603515625,-5.764203,-6.639956
141,1.6395348837209303,1797.0,-88.3603515625,-3.772161,-5.165829
142,1.6511627906976745,1850.0,-35.3603515625,-0.351566,-2.085825
143,1.6627906976744187,1829.0,-56.3603515625,3.520843,1.634969
144,1.6744186046511627,1909.0,23.6396484375,6.726993,4.710147
145,1.686046511627907,1872.0,-13.3603515625,8.240702,6.121349
146,1.697674418604651,1967.0,81.6396484375,7.907795,5.603539
147,1.7093023255813955,1932.0,46.6396484375,6.116742,3.629491
148,1.7209302325581395,2000.0,114.6396484375,3.897655,1.24904
149,1.7325581395348837,1994.0,108.6396484375,2.127948,-0.479498
150,1.744186046511628,1999.0,113.6396484375,1.24178,-0.972083
151,1.755813953488372,2004.0,118.6396484375,1.015734,-0.27757
152,1.7674418604651163,1968.0,82.6396484375,0.686185,0.954248
153,1.7790697674418603,1985.0,99.6396484375,-0.482355,1.89452
154,1.7906976744186047,1904.0,18.6396484375,-2.907568,1.957382
155,1.8023255813953487,1941.0,55.6396484375,-6.18539,1.04527
156,1.8139534883720931,1835.0,-50.3603515625,-9.510669,-0.439232
157,1.8255813953488371,1867.0,-18.3603515625,-11.715882,-1.874857
158,1.8372093023255816,1769.0,-116.3603515625,-12.133977,-2.732296
159,1.8488372093023255,1792.0,-93.3603515625,-10.52997,-2.857705
160,1.86046511627907,1716.0,-169.3603515625,-7.52207,-2.500268
161,1.872093023255814,1725.0,-160.3603515625,-3.934551,-2.125589
162,1.8837209302325582,1715.0,-170.3603515625,-0.607148,-2.083467
163,1.8953488372093024,1714.0,-171.3603515625,2.065571,-2.434184
164,1.9069767441860463,1760.0,-125.3603515625,4.217757,-2.890704
165,1.9186046511627908,1732.0,-153.3603515625,6.224422,-2.959759
166,1.9302325581395348,1846.0,-39.3603515625,8.59172,-2.230731
167,1.9418604651162792,1799.0,-86.3603515625,11.270533,-0.618138
168,1.9534883720930232,1947.0,61.6396484375,14.032065,1.586132
169,1.9651162790697676,1890.0,4.6396484375,16.052256,3.785092
170,1.9767441860465114,2036.0,150.6396484375,16.78554,5.390945
171,1.9883720930232558,1987.0,101.6396484375,15.684021,6.011591
172,2.0,2064.0,178.6396484375,12.858943,5.670233
173,2.011627906976744,2058.0,172.6396484375,8.618198,4.664736
174,2.0232558139534884,2047.0,161.6396484375,3.468654,3.410615
175,2.0348837209302326,2073.0,187.6396484375,-2.099722,2.232061
176,2.046511627906977,1967.0,81.6396484375,-7.903392,1.18318
177,2.058139534883721,2008.0,122.6396484375,-13.648279,0.122253
178,2.0697674418604652,1845.0,-40.3603515625,-19.226021,-1.179874
179,2.0813953488372094,1904.0,18.6396484375,-24.00807,-2.80031
180,2.0930232558139537,1733.0,-152.3603515625,-27.477636,-4.575998
181,2.1046511627906974,1795.0,-90.3603515625,-28.720425,-6.102293
182,2.1162790697674416,1663.0,-222.3603515625,-27.35223,-6.929527
183,2.1279069767441863,1695.0,-190.3603515625,-23.161629,-6.740845
184,2.1395348837209305,1646.0,-239.3603515625,-16.599163,-5.487916
185,2.1511627906976742,1639.0,-246.3603515625,-8.434614,-3.466753
186,2.1627906976744184,1700.0,-185.3603515625,0.441251,-1.169949
187,2.174418604651163,1666.0,-219.3603515625,9.174319,0.9189
188,2.186046511627907,1814.0,-71.3603515625,17.379839,2.461662
189,2.197674418604651,1730.0,-155.3603515625,24.634392,3.368063
190,2.2093023255813953,1948.0,62.6396484375,30.994989,3.802246
191,2.22093023255814,1884.0,-1.3603515625,35.969612,3.947037
192,2.2325581395348837,2071.0,185.6396484375,39.252914,3.976837
193,2.244186046511628,2015.0,129.6396484375,40.006035,3.929722
194,2.255813953488372,2129.0,243.6396484375,37.73399,3.754322
195,2.267441860465116,2117.0,231.6396484375,32.015884,3.33783
196,2.2790697674418605,2099.0,213.6396484375,22.998632,2.639578
197,2.2906976744186047,2127.0,241.6396484375,11.389298,1.713267
198,2.302325581395349,1989.0,103.6396484375,-1.878787,0.713505
199,2.3139534883720927,2055.0,169.6396484375,-15.475985,-0.210854
200,2.3255813953488373,1846.0,-39.3603515625,-28.510323,-0.998472
201,2.3372093023255816,1919.0,33.6396484375,-39.939301,-1.698696
202,2.3488372093023258,1700.0,-185.3603515625,-49.351318,-2.445778
203,2.3604651162790695,1763.0,-122.3603515625,-56.01458,-3.333923
204,2.372093023255814,1613.0,-272.3603515625,-59.511669,-4.347229
205,2.3837209302325584,1641.0,-244.3603515625,-59.052948,-5.283806
206,2.395348837209302,1617.0,-268.3603515625,-54.011417,-5.785507
207,2.4069767441860463,1604.0,-281.3603515625,-43.952023,-5.460846
208,2.4186046511627906,1699.0,-186.3603515625,-28.917086,-4.116356
209,2.430232558139535,1659.0,-226.3603515625,-9.864865,-1.799903
210,2.441860465116279,1856.0,-29.3603515625,11.717945,1.035093
211,2.453488372093023,1776.0,-109.3603515625,33.424076,3.701218
212,2.4651162790697674,2023.0,137.6396484375,53.144897,5.489784
213,2.4767441860465116,1941.0,55.6396484375,68.623985,5.934601
214,2.488372093023256,2129.0,243.6396484375,78.709671,5.006226
215,2.5,2079.0,193.6396484375,82.711845,3.176109
216,2.511627906976744,2167.0,281.6396484375,80.840981,1.239174
217,2.5232558139534884,2160.0,274.6396484375,73.470192,-0.09729
218,2.5348837209302326,2087.0,201.6396484375,61.033901,-0.382015
219,2.546511627906977,2131.0,245.6396484375,44.032333,0.297173
220,2.5581395348837206,1934.0,48.6396484375,22.699663,1.414389
221,2.5697674418604652,2015.0,129.6396484375,-2.035397,2.234953
222,2.5813953488372094,1766.0,-119.3603515625,-29.057266,2.189661
223,2.5930232558139537,1854.0,-31.3603515625,-56.06163,1.121605
224,2.6046511627906974,1641.0,-244.3603515625,-80.600037,-0.659088
225,2.6162790697674416,1698.0,-187.3603515625,-99.7005,-2.483688
226,2.6279069767441863,1595.0,-290.3603515625,-111.130753,-3.764542
227,2.6395348837209305,1613.0,-272.3603515625,-113.369415,-4.164536
228,2.6511627906976742,1660.0,-225.3603515625,-106.065208,-3.857002
229,2.6627906976744184,1616.0,-269.3603515625,-89.938416,-3.246254
230,2.674418604651163,1797.0,-88.3603515625,-66.186646,-2.811928
231,2.686046511627907,1722.0,-163.3603515625,-36.671188,-2.728928
232,2.697674418604651,1968.0,82.6396484375,-2.98853,-2.753057
233,2.7093023255813953,1885.0,-0.3603515625,32.637062,-2.372417
234,2.72093023255814,2096.0,210.6396484375,68.045319,-1.113144
235,2.7325581395348837,2037.0,151.6396484375,100.237251,1.092697
236,2.744186046511628,2144.0,258.6396484375,126.09449,3.756561
237,2.755813953488372,2124.0,238.6396484375,142.369583,5.932602
238,2.767441860465116,2087.0,201.6396484375,146.483002,6.675522
239,2.7790697674418605,2120.0,234.6396484375,137.246582,5.444138
240,2.7906976744186047,1959.0,73.6396484375,114.95182,2.527237
241,2.802325581395349,2032.0,146.6396484375,81.917702,-1.018623
242,2.8139534883720927,1815.0,-70.3603515625,41.365231,-3.71273
243,2.8255813953488373,1885.0,-0.3603515625,-2.50338,-4.303088
244,2.8372093023255816,1695.0,-190.3603515625,-46.030815,-2.336853
245,2.8488372093023253,1751.0,-134.3603515625,-85.828865,1.582169
246,2.8604651162790695,1654.0,-231.3603515625,-119.525627,5.946991
247,2.872093023255814,1663.0,-222.3603515625,-145.188263,8.941299
248,2.8837209302325584,1703.0,-182.3603515625,-161.129532,9.169357
249,2.895348837209302,1667.0,-218.3603515625,-165.919815,6.175903
250,2.9069767441860463,1806.0,-79.3603515625,-158.004745,0.676865
251,2.918604651162791,1755.0,-130.3603515625,-136.744812,-5.663589
252,2.930232558139535,1994.0,108.6396484375,-102.173279,-11.022018
253,2.941860465116279,1936.0,50.6396484375,-56.371899,-13.984333
254,2.953488372093023,2073.0,187.6396484375,-2.712849,-13.999472
255,2.9651162790697674,2037.0,151.6396484375,53.760715,-11.518314
256,2.9767441860465116,2069.0,183.6396484375,107.43766,-7.606163
257,2.988372093023256,2084.0,198.6396484375,152.779572,-3.476288
258,3.0,2005.0,119.6396484375,185.056046,0.008713
259,3.011627906976744,2046.0,160.6396484375,201.197861,2.580093
260,3.0232558139534884,1896.0,10.6396484375,199.515411,4.490784
261,3.0348837209302326,1947.0,61.6396484375,180.3078,6.182831
262,3.046511627906977,1811.0,-74.3603515625,144.948212,7.963272
263,3.0581395348837206,1843.0,-42.3603515625,96.393562,9.717644
264,3.0697674418604652,1737.0,-148.3603515625,38.366295,11.032824
265,3.0813953488372094,1759.0,-126.3603515625,-24.221973,11.396687
266,3.0930232558139537,1731.0,-154.3603515625,-85.99955,10.4767
267,3.1046511627906974,1725.0,-160.3603515625,-141.272064,8.342285
268,3.1162790697674416,1783.0,-102.3603515625,-184.70639,5.381668
269,3.1279069767441863,1746.0,-139.3603515625,-212.101288,2.135132
270,3.1395348837209305,1859.0,-26.3603515625,-220.58316,-0.98204
271,3.1511627906976742,1821.0,-64.3603515625,-209.423706,-3.831879
272,3.1627906976744184,1931.0,45.6396484375,-179.457993,-6.543533
273,3.174418604651163,1898.0,12.6396484375,-133.5047,-9.285301
274,3.186046511627907,1975.0,89.6396484375,-75.342728,-12.045212
275,3.197674418604651,1955.0,69.6396484375,-10.003101,-14.498092
276,3.2093023255813953,1981.0,95.6396484375,57.17461,-15.970272
277,3.22093023255814,1985.0,99.6396484375,120.342636,-15.784653
278,3.2325581395348837,1942.0,56.6396484375,173.82135,-13.492584
279,3.244186046511628,1958.0,72.6396484375,212.464478,-9.111938
280,3.255813953488372,1891.0,5.6396484375,232.10582,-3.195618
281,3.2674418604651163,1923.0,37.6396484375,230.387482,3.33287
282,3.2790697674418605,1831.0,-54.3603515625,206.830627,9.458054
283,3.2906976744186047,1860.0,-25.3603515625,163.536652,14.365005
284,3.302325581395349,1797.0,-88.3603515625,104.446144,17.566086
285,3.3139534883720927,1810.0,-75.3603515625,35.473076,18.900457
286,3.3255813953488373,1795.0,-90.3603515625,-36.784271,18.44521
287,3.3372093023255816,1790.0,-95.3603515625,-105.333115,16.314079
288,3.3488372093023253,1808.0,-77.3603515625,-163.887024,12.710953
289,3.3604651162790695,1799.0,-86.3603515625,-207.126083,7.883591
290,3.372093023255814,1842.0,-43.3603515625,-231.251999,2.240585
291,3.3837209302325584,1834.0,-51.3603515625,-234.115128,-3.633163
292,3.395348837209302,1882.0,-3.3603515625,-215.261841,-9.032516
293,3.4069767441860463,1869.0,-16.3603515625,-176.165863,-13.218842
294,3.418604651162791,1906.0,20.6396484375,-119.97541,-15.704048
295,3.430232558139535,1898.0,12.6396484375,-51.8325,-16.322559
296,3.441860465116279,1919.0,33.6396484375,21.881914,-15.290125
297,3.453488372093023,1910.0,24.6396484375,93.524994,-13.114426
298,3.4651162790697674,1903.0,17.6396484375,155.638519,-10.351257
299,3.4767441860465116,1904.0,18.6396484375,201.394043,-7.478592
300,3.488372093023256,1875.0,-10.3603515625,226.156403,-4.65361
301,3.5,1888.0,2.6396484375,227.77446,-1.808548
302,3.511627906976744,1837.0,-48.3603515625,207.031906,1.315643
303,3.5232558139534884,1858.0,-27.3603515625,167.230484,4.951889
304,3.5348837209302326,1808.0,-77.3603515625,113.175606,9.088715
305,3.546511627906977,1822.0,-63.3603515625,50.557976,13.356632
306,3.5581395348837206,1798.0,-87.3603515625,-15.289781,16.996193
307,3.5697674418604652,1808.0,-77.3603515625,-79.122345,19.040482
308,3.5813953488372094,1791.0,-94.3603515625,-136.312042,18.608124
309,3.5930232558139537,1802.0,-83.3603515625,-181.874847,15.273193
310,3.6046511627906974,1801.0,-84.3603515625,-211.167664,9.259064
311,3.616279069767442,1798.0,-87.3603515625,-219.72699,1.547623
312,3.6279069767441863,1811.0,-74.3603515625,-204.859589,-6.392197
313,3.63953488372093,1807.0,-78.3603515625,-166.482727,-12.966522
314,3.6511627906976742,1820.0,-65.3603515625,-108.199265,-16.987511
315,3.6627906976744184,1814.0,-71.3603515625,-37.2691,-17.966827
316,3.674418604651163,1841.0,-44.3603515625,36.689232,-16.245422
317,3.686046511627907,1833.0,-52.3603515625,103.243088,-12.747711
318,3.697674418604651,1855.0,-30.3603515625,153.921448,-8.579117
319,3.7093023255813953,1854.0,-31.3603515625,183.149353,-4.63649
320,3.72093023255814,1859.0,-26.3603515625,189.78038,-1.290802
321,3.7325581395348837,1863.0,-22.3603515625,175.809341,1.534882
322,3.744186046511628,1842.0,-43.3603515625,145.815857,4.117584
323,3.755813953488372,1846.0,-39.3603515625,104.899391,6.615654
324,3.7674418604651163,1839.0,-46.3603515625,58.022797,8.881931
325,3.7790697674418605,1841.0,-44.3603515625,9.339427,10.432478
326,3.7906976744186047,1821.0,-64.3603515625,-37.63142,10.747871
327,3.802325581395349,1839.0,-46.3603515625,-79.359169,9.557838
328,3.8139534883720927,1814.0,-71.3603515625,-112.629791,7.024101
329,3.8255813953488373,1813.0,-72.3603515625,-134.07312,3.768051
330,3.8372093023255816,1825.0,-60.3603515625,-141.581085,0.597717
331,3.8488372093023253,1814.0,-71.3603515625,-134.21492,-1.876328
332,3.8604651162790695,1820.0,-65.3603515625,-113.370148,-3.424362
333,3.872093023255814,1815.0,-70.3603515625,-81.950706,-4.242943
334,3.8837209302325584,1840.0,-45.3603515625,-44.334671,-4.74361
335,3.895348837209302,1830.0,-55.3603515625,-5.13842,-5.256647
336,3.9069767441860463,1842.0,-43.3603515625,31.477417,-5.813271
337,3.9186046511627906,1839.0,-46.3603515625,62.20961,-6.06366
338,3.930232558139535,1846.0,-39.3603515625,85.029778,-5.603394
339,3.941860465116279,1842.0,-43.3603515625,98.57959,-4.133263
340,3.9534883720930227,1852.0,-33.3603515625,102.641098,-1.80114
341,3.9651162790697674,1855.0,-30.3603515625,97.194122,0.8582
342,3.9767441860465116,1861.0,-24.3603515625,83.346779,3.093269
343,3.9883720930232562,1845.0,-40.3603515625,62.464851,4.271736
344,4.0,1836.0,-49.3603515625,36.95525,4.210987
345,4.011627906976744,1845.0,-40.3603515625,9.42131,3.18268
346,4.023255813953488,1839.0,-46.3603515625,-17.288843,1.860352
347,4.034883720930233,1839.0,-46.3603515625,-40.610725,0.855022
348,4.046511627906977,1827.0,-58.3603515625,-58.70594,0.541595
349,4.058139534883721,1840.0,-45.3603515625,-70.169685,0.841736
350,4.069767441860465,1839.0,-46.3603515625,-74.699905,1.32309
351,4.081395348837209,1837.0,-48.3603515625,-72.159256,1.498749
352,4.093023255813954,1845.0,-40.3603515625,-63.397259,1.048527
353,4.104651162790698,1844.0,-41.3603515625,-49.296448,0.054935
354,4.116279069767442,1855.0,-30.3603515625,-31.569239,-1.135504
355,4.127906976744186,1853.0,-32.3603515625,-11.994019,-2.003812
356,4.1395348837209305,1852.0,-33.3603515625,7.306365,-2.231847
357,4.151162790697675,1855.0,-30.3603515625,24.402298,-1.697063
358,4.162790697674419,1855.0,-30.3603515625,37.871498,-0.653961
359,4.174418604651162,1853.0,-32.3603515625,46.684254,0.497726
360,4.186046511627907,1859.0,-26.3603515625,50.804607,1.352898
361,4.1976744186046515,1852.0,-33.3603515625,50.265079,1.632229
362,4.209302325581395,1854.0,-31.3603515625,45.846645,1.281017
363,4.22093023255814,1860.0,-25.3603515625,37.970039,0.346664
364,4.232558139534883,1846.0,-39.3603515625,27.480011,-1.000866
365,4.2441860465116275,1852.0,-33.3603515625,15.071861,-2.536823
366,4.2558139534883725,1841.0,-44.3603515625,1.877231,-3.91517
367,4.267441860465116,1851.0,-34.3603515625,-10.736091,-4.749001
368,4.279069767441861,1854.0,-31.3603515625,-21.365072,-4.598873
369,4.290697674418605,1844.0,-41.3603515625,-28.635981,-3.181675
370,4.3023255813953485,1858.0,-27.3603515625,-32.05302,-0.52614
371,4.313953488372094,1842.0,-43.3603515625,-31.615692,2.868397
372,4.325581395348837,1851.0,-34.3603515625,-28.469032,6.109531
373,4.337209302325581,1850.0,-35.3603515625,-23.8032,8.15871
374,4.348837209302326,1847.0,-38.3603515625,-19.034275,8.21459
375,4.3604651162790695,1847.0,-38.3603515625,-14.697777,6.125544
376,4.372093023255814,1855.0,-30.3603515625,-10.738726,2.473939
377,4.383720930232558,1850.0,-35.3603515625,-6.502619,-1.585674
378,4.395348837209302,1843.0,-42.3603515625,-1.172177,-4.741519
379,4.406976744186047,1849.0,-36.3603515625,5.435985,-6.061723
380,4.4186046511627906,1847.0,-38.3603515625,12.969126,-5.465977
381,4.430232558139535,1853.0,-32.3603515625,20.027201,-3.530443
382,4.44186046511628,1859.0,-26.3603515625,25.330729,-1.304544
383,4.453488372093023,1860.0,-25.3603515625,27.526209,0.210108
384,4.465116279069767,1881.0,-4.3603515625,26.270247,0.577318
385,4.476744186046512,1863.0,-22.3603515625,21.883259,-0.033302
386,4.488372093023256,1903.0,17.6396484375,15.468106,-0.90146
387,4.5,1891.0,5.6396484375,8.315059,-1.294036
388,4.511627906976744,1911.0,25.6396484375,1.38521,-0.794916
389,4.523255813953488,1909.0,23.6396484375,-4.646942,0.468536
390,4.534883720930232,1922.0,36.6396484375,-9.784663,1.914428
391,4.546511627906977,1924.0,38.6396484375,-13.946897,2.870873
392,4.558139534883721,1905.0,19.6396484375,-17.209194,2.946497
393,4.569767441860465,1919.0,33.6396484375,-19.168798,2.229475
394,4.5813953488372094,1875.0,-10.3603515625,-19.545467,1.115986
395,4.593023255813954,1893.0,7.6396484375,-17.958614,0.177864
396,4.604651162790698,1840.0,-45.3603515625,-14.515949,-0.32436
397,4.616279069767442,1858.0,-27.3603515625,-9.681237,-0.428757
398,4.627906976744185,1802.0,-83.3603515625,-4.204082,-0.544693
399,4.6395348837209305,1815.0,-70.3603515625,1.06192,-1.021456
400,4.651162790697675,1781.0,-104.3603515625,5.626237,-1.978391
401,4.662790697674418,1797.0,-88.3603515625,9.200151,-3.094134
402,4.674418604651163,1794.0,-91.3603515625,11.914465,-3.810694
403,4.686046511627906,1787.0,-98.3603515625,13.782413,-3.580712
404,4.6976744186046515,1827.0,-58.3603515625,14.843797,-2.175639
405,4.709302325581396,1803.0,-82.3603515625,14.741476,0.065143
406,4.720930232558139,1874.0,-11.3603515625,13.188918,2.500696
407,4.732558139534884,1844.0,-41.3603515625,9.946542,4.314015
408,4.744186046511628,1931.0,45.6396484375,5.258111,5.050071
409,4.755813953488372,1904.0,18.6396484375,-0.20992,4.617194
410,4.767441860465117,1981.0,95.6396484375,-5.424995,3.503245
411,4.77906976744186,1954.0,68.6396484375,-9.325266,2.293255
412,4.790697674418604,1991.0,105.6396484375,-11.243857,1.499377
413,4.802325581395349,2000.0,114.6396484375,-11.005308,1.23399
414,4.813953488372093,1971.0,85.6396484375,-9.139236,1.194204
415,4.825581395348837,1991.0,105.6396484375,-6.404543,0.896595
416,4.837209302325581,1926.0,40.6396484375,-3.713343,-0.101811
417,4.848837209302325,1949.0,63.6396484375,-1.60394,-1.872863
418,4.86046511627907,1857.0,-28.3603515625,-0.321971,-4.188727
419,4.872093023255814,1883.0,-2.3603515625,0.341878,-6.450466
420,4.883720930232558,1794.0,-91.3603515625,0.659221,-8.151707
421,4.895348837209303,1815.0,-70.3603515625,0.924533,-8.828486
422,4.906976744186046,1744.0,-141.3603515625,1.179658,-8.438582
423,4.9186046511627906,1759.0,-126.3603515625,1.330265,-7.063775
424,4.930232558139535,1738.0,-147.3603515625,1.198797,-4.974013
425,4.941860465116279,1728.0,-157.3603515625,0.686675,-2.359279
426,4.953488372093023,1759.0,-126.3603515625,-0.043621,0.687279
427,4.965116279069767,1738.0,-147.3603515625,-0.728683,4.045736
428,4.976744186046512,1841.0,-44.3603515625,-0.915557,7.624382
429,4.988372093023256,1799.0,-86.3603515625,-0.40332,10.985201
430,5.0,1932.0,46.6396484375,0.971185,13.708796
431,5.011627906976744,1883.0,-2.3603515625,2.947715,15.109045
432,5.023255813953488,2014.0,128.6396484375,5.247275,14.843624
433,5.034883720930233,1969.0,83.6396484375,7.384914,12.683048
434,5.046511627906977,2079.0,193.6396484375,9.077477,8.988798
435,5.058139534883721,2055.0,169.6396484375,10.02473,4.251962
436,5.069767441860465,2064.0,178.6396484375,10.102137,-0.755522
437,5.081395348837209,2075.0,189.6396484375,9.250181,-5.345268
438,5.093023255813954,2003.0,117.6396484375,7.306099,-9.132221
439,5.104651162790698,2034.0,148.6396484375,4.265886,-11.875229
440,5.116279069767441,1902.0,16.6396484375,-0.000353,-13.726917
441,5.127906976744186,1962.0,76.6396484375,-5.216446,-14.68392
442,5.1395348837209305,1794.0,-91.3603515625,-11.136707,-15.003463
443,5.151162790697675,1844.0,-41.3603515625,-16.977337,-14.538343
444,5.162790697674419,1701.0,-184.3603515625,-22.070183,-13.371822
445,5.174418604651162,1736.0,-149.3603515625,-25.522776,-11.362853
446,5.186046511627907,1650.0,-235.3603515625,-26.769632,-8.645624
447,5.1976744186046515,1656.0,-229.3603515625,-25.404539,-5.344042
448,5.209302325581395,1660.0,-225.3603515625,-21.344027,-1.682442
449,5.22093023255814,1652.0,-233.3603515625,-14.783567,2.15064
450,5.232558139534883,1759.0,-126.3603515625,-6.022905,6.160695
451,5.2441860465116275,1699.0,-186.3603515625,4.292814,10.267816
452,5.2558139534883725,1889.0,3.6396484375,15.59857,14.623048
453,5.267441860465116,1826.0,-59.3603515625,26.783117,18.897839
454,5.279069767441861,2027.0,141.6396484375,36.874065,22.834232
455,5.290697674418605,1965.0,79.6396484375,44.415199,25.581585
456,5.3023255813953485,2123.0,237.6396484375,48.309628,26.446152
457,5.313953488372094,2084.0,198.6396484375,47.535568,24.668575
458,5.325581395348837,2148.0,262.6396484375,41.800247,20.058813
459,5.337209302325581,2160.0,274.6396484375,31.407835,12.890266
460,5.348837209302326,2096.0,210.6396484375,17.354712,3.979446
461,5.3604651162790695,2131.0,245.6396484375,1.215429,-5.448777
462,5.372093023255814,1961.0,75.6396484375,-15.45213,-14.39397
463,5.383720930232558,2037.0,151.6396484375,-30.93486,-21.906467
464,5.395348837209302,1799.0,-86.3603515625,-44.216244,-27.8571
465,5.406976744186046,1872.0,-13.3603515625,-54.275047,-32.121754
466,5.4186046511627906,1660.0,-225.3603515625,-60.796513,-35.111565
467,5.430232558139535,1715.0,-170.3603515625,-63.234386,-36.72525
468,5.44186046511628,1594.0,-291.3603515625,-61.364147,-36.803123
469,5.453488372093023,1607.0,-278.3603515625,-54.77177,-34.639996
470,5.465116279069767,1638.0,-247.3603515625,-43.275585,-29.480295
471,5.476744186046512,1595.0,-290.3603515625,-27.161821,-20.874838
472,5.488372093023256,1745.0,-140.3603515625,-7.128917,-8.731774
473,5.5,1680.0,-205.3603515625,15.113832,6.00058
474,5.511627906976744,1925.0,39.6396484375,37.644997,22.056213
475,5.523255813953488,1831.0,-54.3603515625,57.857494,37.364014
476,5.534883720930232,2103.0,217.6396484375,73.804489,50.314312
477,5.546511627906977,2013.0,127.6396484375,83.588593,59.221344
478,5.558139534883721,2222.0,336.6396484375,86.536568,63.365219
479,5.569767441860465,2167.0,281.6396484375,82.393509,62.325218
480,5.5813953488372094,2224.0,338.6396484375,71.802826,56.360413
481,5.593023255813954,2225.0,339.6396484375,55.681477,45.973717
482,5.604651162790698,2124.0,238.6396484375,35.141556,31.783852
483,5.616279069767442,2190.0,304.6396484375,11.587237,14.711472
484,5.627906976744185,1945.0,59.6396484375,-13.769436,-4.504522
485,5.6395348837209305,2033.0,147.6396484375,-39.098797,-24.53546
486,5.651162790697675,1746.0,-139.3603515625,-62.907528,-44.323059
487,5.662790697674418,1840.0,-45.3603515625,-83.080078,-62.184963
488,5.674418604651163,1615.0,-270.3603515625,-98.09137,-76.788666
489,5.686046511627907,1679.0,-206.3603515625,-106.271118,-86.485756
490,5.697674418604651,1582.0,-303.3603515625,-106.694893,-90.041626
491,5.709302325581396,1577.0,-308.3603515625,-98.799858,-86.420921
492,5.720930232558139,1649.0,-236.3603515625,-82.610672,-75.035469
493,5.732558139534884,1591.0,-294.3603515625,-58.897717,-56.11615
494,5.744186046511628,1812.0,-73.3603515625,-28.849831,-30.493711
495,5.755813953488372,1723.0,-162.3603515625,5.232689,-0.286029
496,5.767441860465117,2010.0,124.6396484375,40.836716,31.976791
497,5.77906976744186,1911.0,25.6396484375,74.467003,62.819996
498,5.790697674418604,2176.0,290.6396484375,103.101395,89.202812
499,5.802325581395349,2103.0,217.6396484375,123.626724,108.19239
500,5.813953488372093,2239.0,353.6396484375,134.263519,118.146339
501,5.825581395348837,2217.0,331.6396484375,134.09198,118.319801
502,5.837209302325582,2183.0,297.6396484375,123.451546,109.053551
503,5.848837209302325,2223.0,337.6396484375,103.56176,91.432442
504,5.86046511627907,2032.0,146.6396484375,75.846443,66.673759
505,5.872093023255814,2126.0,240.6396484375,42.203259,36.408615
506,5.883720930232558,1766.0,-119.3603515625,4.073894,1.948732
507,5.895348837209303,1942.0,56.6396484375,-36.183723,-34.48254
508,5.906976744186046,1637.0,-248.3603515625,-76.466286,-70.763748
509,5.9186046511627906,1692.0,-193.3603515625,-113.418785,-103.651482
510,5.930232558139535,1611.0,-274.3603515625,-143.579758,-129.871811
511,5.941860465116279,1615.0,-270.3603515625,-163.345596,-146.199219
512,5.953488372093023,1671.0,-214.3603515625,-169.849152,-150.229523
513,5.965116279069767,1631.0,-254.3603515625,-161.69812,-141.008804
514,5.976744186046512,1829.0,-56.3603515625,-138.929932,-118.932663
515,5.988372093023256,1749.0,-136.3603515625,-103.666168,-86.165413
516,6.0,2001.0,115.6396484375,-58.753162,-45.454025
517,6.011627906976744,1932.0,46.6396484375,-8.23051,-0.413866
518,6.023255813953488,2144.0,258.6396484375,44.15987,45.64753
519,6.034883720930233,2081.0,195.6396484375,94.370544,89.265076
520,6.046511627906977,2191.0,305.6396484375,138.879105,127.410744
521,6.058139534883721,2176.0,290.6396484375,174.115631,156.994446
522,6.069767441860465,2143.0,257.6396484375,196.769165,175.150726
523,6.081395348837209,2170.0,284.6396484375,204.128616,179.515244
524,6.093023255813954,2027.0,141.6396484375,194.174561,168.419891
525,6.104651162790698,2094.0,208.6396484375,166.710602,141.816055
526,6.116279069767441,1875.0,-10.3603515625,122.936462,101.025291
527,6.127906976744186,1957.0,71.6396484375,66.503754,49.549412
528,6.1395348837209305,1749.0,-136.3603515625,2.176111,-8.100634
529,6.151162790697675,1803.0,-82.3603515625,-63.791733,-66.187759
530,6.162790697674419,1687.0,-198.3603515625,-125.301819,-119.216766
531,6.174418604651162,1710.0,-175.3603515625,-176.541794,-162.114609
532,6.186046511627907,1703.0,-182.3603515625,-212.988693,-191.124969
533,6.1976744186046515,1680.0,-205.3603515625,-231.641235,-203.963379
534,6.209302325581395,1785.0,-100.3603515625,-230.901688,-199.695145
535,6.22093023255814,1741.0,-144.3603515625,-210.97905,-178.967804
536,6.232558139534883,1890.0,4.6396484375,-173.041565,-143.244034
537,6.2441860465116275,1826.0,-59.3603515625,-119.912216,-95.2677
538,6.2558139534883725,1984.0,98.6396484375,-55.082611,-38.215397
539,6.267441860465116,1941.0,55.6396484375,16.402,23.580816
540,6.279069767441861,2062.0,176.6396484375,88.930832,85.453781
541,6.290697674418605,2043.0,157.6396484375,155.897659,141.948151
542,6.3023255813953485,2077.0,191.6396484375,210.813522,187.70607
543,6.313953488372094,2075.0,189.6396484375,247.837646,217.828827
544,6.325581395348837,2043.0,157.6396484375,262.631256,228.648285
545,6.337209302325581,2069.0,183.6396484375,253.281082,218.497559
546,6.348837209302326,1949.0,63.6396484375,220.237473,187.820206
547,6.3604651162790695,1995.0,109.6396484375,166.853165,139.622726
548,6.372093023255814,1865.0,-20.3603515625,98.097794,78.484528
549,6.383720930232558,1914.0,28.6396484375,20.633097,10.499302
550,6.395348837209302,1786.0,-99.3603515625,-58.793312,-58.220539
551,6.406976744186046,1829.0,-56.3603515625,-133.176224,-121.529343
552,6.4186046511627906,1758.0,-127.3603515625,-196.414764,-174.349411
553,6.430232558139535,1770.0,-115.3603515625,-243.062515,-212.396637
554,6.44186046511628,1765.0,-120.3603515625,-268.951294,-232.635834
555,6.453488372093023,1753.0,-132.3603515625,-271.447723,-233.230667
556,6.465116279069767,1829.0,-56.3603515625,-249.678665,-213.653107
557,6.476744186046512,1793.0,-92.3603515625,-205.203705,-175.170197
558,6.488372093023256,1899.0,13.6396484375,-141.404999,-120.432968
559,6.5,1855.0,-30.3603515625,-64.013046,-54.084572
560,6.511627906976744,1974.0,88.6396484375,20.358492,18.368671
561,6.523255813953488,1942.0,56.6396484375,103.938782,90.242943
562,6.534883720930233,2013.0,127.6396484375,179.379379,155.127228
563,6.546511627906977,1993.0,107.6396484375,239.502502,206.759857
564,6.558139534883721,2023.0,137.6396484375,278.454102,240.200531
565,6.569767441860465,2026.0,140.6396484375,291.708984,251.767792
566,6.5813953488372094,2006.0,120.6396484375,276.834686,239.619568
567,6.593023255813954,2023.0,137.6396484375,234.178711,204.157394
568,6.604651162790698,1954.0,68.6396484375,166.99649,147.97229
569,6.616279069767442,1981.0,95.6396484375,82.02935,76.370239
570,6.627906976744185,1879.0,-6.3603515625,-11.798242,-3.617501
571,6.6395348837209305,1910.0,24.6396484375,-103.667191,-83.151474
572,6.651162790697675,1812.0,-73.3603515625,-183.435562,-153.628448
573,6.662790697674418,1855.0,-30.3603515625,-242.238953,-207.064453
574,6.674418604651163,1781.0,-104.3603515625,-274.617004,-238.103958
575,6.686046511627907,1798.0,-87.3603515625,-278.257324,-244.023849
576,6.697674418604651,1787.0,-98.3603515625,-254.480408,-225.47374
577,6.709302325581396,1782.0,-103.3603515625,-207.308716,-185.819901
578,6.720930232558139,1819.0,-66.3603515625,-142.686249,-130.433456
579,6.732558139534884,1793.0,-92.3603515625,-67.832825,-65.94249
580,6.744186046511628,1877.0,-8.3603515625,9.985618,1.15511
581,6.755813953488372,1856.0,-29.3603515625,83.31266,64.474167
582,6.767441860465117,1943.0,57.6396484375,146.031311,119.102608
583,6.77906976744186,1915.0,29.6396484375,192.829269,160.890198
584,6.790697674418604,1999.0,113.6396484375,220.639908,187.468781
585,6.802325581395349,1967.0,81.6396484375,227.781372,197.278351
586,6.813953488372093,2002.0,116.6396484375,214.838287,190.311966
587,6.825581395348837,1991.0,105.6396484375,183.703979,167.441086
588,6.837209302325582,1985.0,99.6396484375,137.703949,130.771606
589,6.848837209302325,2005.0,119.6396484375,81.197609,83.566582
590,6.86046511627907,1942.0,56.6396484375,19.111401,29.899773
591,6.872093023255814,1965.0,79.6396484375,-42.765228,-25.053818
592,6.883720930232558,1894.0,8.6396484375,-98.954071,-76.245842
593,6.895348837209303,1915.0,29.6396484375,-143.898331,-118.50177
594,6.906976744186046,1840.0,-45.3603515625,-173.80957,-148.259872
595,6.9186046511627906,1869.0,-16.3603515625,-186.18956,-163.102417
596,6.930232558139535,1806.0,-79.3603515625,-181.262787,-162.953308
597,6.941860465116279,1818.0,-67.3603515625,-160.846222,-149.012329
598,6.953488372093023,1807.0,-78.3603515625,-128.441666,-123.850739
599,6.965116279069767,1795.0,-90.3603515625,-87.99765,-90.475647
600,6.976744186046512,1830.0,-55.3603515625,-43.173668,-51.73428
601,6.988372093023256,1811.0,-74.3603515625,2.630201,-10.561744
602,7.0,1885.0,-0.3603515625,46.834736,30.595673
603,7.011627906976744,1854.0,-31.3603515625,86.437012,68.665375
604,7.023255813953488,1939.0,53.6396484375,118.906258,100.974243
605,7.034883720930233,1915.0,29.6396484375,141.020218,124.269867
606,7.046511627906977,1975.0,89.6396484375,150.70932,136.45195
607,7.058139534883721,1963.0,77.6396484375,146.531189,136.058273
608,7.069767441860465,1998.0,112.6396484375,129.267609,123.597275
609,7.081395348837209,1991.0,105.6396484375,101.158157,100.861031
610,7.093023255813954,1974.0,88.6396484375,65.856033,70.801964
611,7.104651162790698,1987.0,101.6396484375,27.485806,36.865799
612,7.116279069767441,1936.0,50.6396484375,-10.521204,1.955566
613,7.127906976744186,1961.0,75.6396484375,-45.191788,-31.195686
614,7.1395348837209305,1887.0,1.6396484375,-75.006966,-60.987
615,7.151162790697675,1911.0,25.6396484375,-98.289696,-85.531578
616,7.162790697674419,1839.0,-46.3603515625,-114.123749,-103.574074
617,7.174418604651162,1861.0,-24.3603515625,-120.936378,-113.349472
618,7.186046511627907,1807.0,-78.3603515625,-117.979607,-113.875816
619,7.1976744186046515,1828.0,-57.3603515625,-104.89814,-104.615036
620,7.209302325581395,1802.0,-83.3603515625,-82.880417,-86.393593
621,7.22093023255814,1809.0,-76.3603515625,-54.393791,-61.222908
622,7.232558139534884,1830.0,-55.3603515625,-22.670755,-31.831959
623,7.2441860465116275,1811.0,-74.3603515625,8.607609,-1.507075
624,7.2558139534883725,1875.0,-10.3603515625,36.927349,27.313471
625,7.267441860465116,1845.0,-40.3603515625,60.240822,52.358238
626,7.27906976744186,1923.0,37.6396484375,78.18821,72.719589
627,7.290697674418605,1903.0,17.6396484375,90.266129,87.359955
628,7.3023255813953485,1971.0,85.6396484375,96.604263,95.904549
629,7.313953488372094,1939.0,53.6396484375,96.53817,97.532974
630,7.325581395348837,1983.0,97.6396484375,89.653152,91.86084
631,7.337209302325581,1970.0,84.6396484375,75.667274,78.806625
632,7.348837209302326,1959.0,73.6396484375,55.11097,59.029305
633,7.3604651162790695,1968.0,82.6396484375,29.817616,34.323067
634,7.372093023255814,1917.0,31.6396484375,2.071218,6.810938
635,7.383720930232559,1945.0,59.6396484375,-24.893026,-20.527763
636,7.395348837209302,1865.0,-20.3603515625,-48.999855,-45.672588
637,7.406976744186046,1902.0,16.6396484375,-68.042809,-66.349129
638,7.4186046511627906,1835.0,-50.3603515625,-81.395378,-81.576355
639,7.430232558139535,1853.0,-32.3603515625,-88.524162,-90.415413
640,7.44186046511628,1808.0,-77.3603515625,-89.366943,-92.417305
641,7.453488372093023,1826.0,-59.3603515625,-83.762108,-87.245056
642,7.465116279069767,1840.0,-45.3603515625,-71.594528,-74.825523
643,7.476744186046512,1821.0,-64.3603515625,-53.440826,-55.887798
644,7.488372093023256,1869.0,-16.3603515625,-30.216812,-31.595892
645,7.5,1840.0,-45.3603515625,-4.282814,-4.41284
646,7.511627906976744,1915.0,29.6396484375,21.919451,23.090603
647,7.523255813953488,1891.0,5.6396484375,45.24054,47.746746
648,7.534883720930233,1961.0,75.6396484375,63.558807,67.281342
649,7.546511627906977,1946.0,60.6396484375,75.268021,79.865921
650,7.558139534883721,1986.0,100.6396484375,80.156639,84.983635
651,7.569767441860464,1978.0,92.6396484375,78.727646,82.870979
652,7.5813953488372094,1981.0,95.6396484375,71.907249,74.39827
653,7.593023255813954,1985.0,99.6396484375,60.818142,60.870178
654,7.604651162790698,1939.0,53.6396484375,46.106701,43.436581
655,7.616279069767442,1957.0,71.6396484375,28.71735,23.606258
656,7.627906976744185,1896.0,10.6396484375,9.125941,2.424237
657,7.6395348837209305,1920.0,34.6396484375,-11.398556,-18.569077
658,7.651162790697675,1842.0,-43.3603515625,-31.763746,-38.274448
659,7.662790697674418,1861.0,-24.3603515625,-50.154968,-55.218819
660,7.674418604651163,1811.0,-74.3603515625,-65.025284,-68.283295
661,7.686046511627907,1826.0,-59.3603515625,-74.803963,-76.310555
662,7.697674418604651,1814.0,-71.3603515625,-78.413132,-78.430405
663,7.709302325581396,1802.0,-83.3603515625,-75.431061,-74.178596
664,7.720930232558139,1854.0,-31.3603515625,-65.835587,-63.342415
665,7.732558139534884,1830.0,-55.3603515625,-50.593792,-46.651741
666,7.744186046511628,1900.0,14.6396484375,-30.84655,-25.200066
667,7.755813953488372,1869.0,-16.3603515625,-8.638548,-1.191243
668,7.767441860465117,1950.0,64.6396484375,14.176271,23.0793
669,7.77906976744186,1930.0,44.6396484375,35.312366,44.801689
670,7.790697674418604,1984.0,98.6396484375,53.048512,61.79229
671,7.802325581395349,1962.0,76.6396484375,65.843407,72.346275
672,7.813953488372093,1984.0,98.6396484375,72.838898,75.838638
673,7.825581395348837,1991.0,105.6396484375,73.690453,72.493011
674,7.837209302325581,1960.0,74.6396484375,68.496872,63.175652
675,7.848837209302326,1971.0,85.6396484375,58.015888,49.346558
676,7.86046511627907,1915.0,29.6396484375,43.083202,32.32589
677,7.872093023255814,1939.0,53.6396484375,25.177874,13.690535
678,7.883720930232558,1871.0,-14.3603515625,5.595097,-5.443213
679,7.895348837209302,1887.0,1.6396484375,-13.934453,-23.683674
680,7.9069767441860455,1815.0,-70.3603515625,-32.137615,-40.022545
681,7.918604651162791,1841.0,-44.3603515625,-47.613949,-53.193066
682,7.930232558139535,1813.0,-72.3603515625,-59.475796,-62.279972
683,7.941860465116279,1819.0,-66.3603515625,-66.953598,-66.446045
684,7.953488372093023,1831.0,-54.3603515625,-69.504028,-65.231827
685,7.9651162790697665,1828.0,-57.3603515625,-66.840668,-58.699696
686,7.9767441860465125,1876.0,-9.3603515625,-58.710648,-47.193768
687,7.988372093023257,1850.0,-35.3603515625,-45.486004,-31.756325
688,8.0,1935.0,49.6396484375,-27.71373,-13.48924
689,8.011627906976743,1895.0,9.6396484375,-6.936627,5.893802
690,8.023255813953488,1974.0,88.6396484375,15.149901,24.920034
691,8.034883720930232,1953.0,67.6396484375,36.18372,41.83844
692,8.046511627906977,1998.0,112.6396484375,54.06337,55.271507
693,8.058139534883722,1985.0,99.6396484375,66.857643,63.935135
694,8.069767441860465,1979.0,93.6396484375,73.36084,67.003021
695,8.081395348837209,1998.0,112.6396484375,73.116112,64.147499
696,8.093023255813954,1942.0,56.6396484375,66.261589,55.436909
697,8.104651162790699,1967.0,81.6396484375,53.723209,41.746323
698,8.116279069767442,1888.0,2.6396484375,36.606724,24.248354
699,8.127906976744185,1923.0,37.6396484375,16.638416,4.82825
700,8.13953488372093,1833.0,-52.3603515625,-4.627968,-14.752994
701,8.151162790697674,1866.0,-19.3603515625,-25.21711,-32.482845
702,8.162790697674417,1805.0,-80.3603515625,-43.586266,-46.994438
703,8.174418604651164,1808.0,-77.3603515625,-58.12883,-57.153584
704,8.186046511627907,1807.0,-78.3603515625,-67.789215,-62.494019
705,8.19767441860465,1793.0,-92.3603515625,-71.846596,-62.894455
706,8.209302325581396,1833.0,-52.3603515625,-69.959496,-58.426247
707,8.220930232558139,1823.0,-62.3603515625,-62.253532,-49.384666
708,8.232558139534884,1887.0,1.6396484375,-49.042316,-36.048214
709,8.24418604651163,1863.0,-22.3603515625,-31.265497,-19.188091
710,8.255813953488373,1936.0,50.6396484375,-10.035101,0.239464
711,8.267441860465116,1926.0,40.6396484375,12.758615,20.473385
712,8.279069767441861,1979.0,93.6396484375,35.064152,39.556236
713,8.290697674418604,1961.0,75.6396484375,54.387447,55.163414
714,8.30232558139535,1989.0,103.6396484375,68.663918,65.468399
715,8.313953488372093,1981.0,95.6396484375,76.217033,69.173462
716,8.325581395348838,1978.0,92.6396484375,76.339981,65.964485
717,8.337209302325581,1978.0,92.6396484375,69.22599,56.413612
718,8.348837209302324,1931.0,45.6396484375,55.810272,41.703644
719,8.36046511627907,1947.0,61.6396484375,37.688438,23.530039
720,8.372093023255815,1888.0,2.6396484375,16.442354,3.486122
721,8.383720930232558,1903.0,17.6396484375,-6.09123,-16.695055
722,8.395348837209303,1827.0,-58.3603515625,-28.338264,-35.526947
723,8.406976744186046,1855.0,-30.3603515625,-48.415031,-51.334167
724,8.41860465116279,1815.0,-70.3603515625,-64.648079,-62.721825
725,8.430232558139535,1824.0,-61.3603515625,-75.200668,-68.338791
726,8.44186046511628,1815.0,-70.3603515625,-78.737801,-67.436119
727,8.453488372093023,1808.0,-77.3603515625,-74.529503,-59.91024
728,8.465116279069766,1863.0,-22.3603515625,-62.792587,-46.447475
729,8.476744186046512,1836.0,-49.3603515625,-44.922138,-28.637012
730,8.488372093023255,1905.0,19.6396484375,-22.941351,-8.379733
731,8.5,1874.0,-11.3603515625,0.488044,12.06254
732,8.511627906976745,1968.0,82.6396484375,23.103573,30.894468
733,8.523255813953488,1938.0,52.6396484375,42.781597,46.432251
734,8.534883720930232,1994.0,108.6396484375,58.329079,57.712219
735,8.546511627906977,1982.0,96.6396484375,68.837875,63.955677
736,8.558139534883722,1989.0,103.6396484375,73.894112,64.831787
737,8.569767441860465,1986.0,100.6396484375,73.126968,60.231087
738,8.58139534883721,1967.0,81.6396484375,66.356674,50.388496
739,8.593023255813954,1986.0,100.6396484375,53.712749,35.999554
740,8.604651162790697,1921.0,35.6396484375,35.75597,18.114361
741,8.61627906976744,1946.0,60.6396484375,13.972338,-1.581399
742,8.627906976744187,1875.0,-10.3603515625,-9.671667,-21.308966
743,8.63953488372093,1902.0,16.6396484375,-32.507973,-39.00893
744,8.651162790697674,1843.0,-42.3603515625,-52.156033,-53.050076
745,8.662790697674419,1872.0,-13.3603515625,-66.463898,-62.051815
746,8.674418604651162,1825.0,-60.3603515625,-74.344727,-65.387177
747,8.686046511627907,1838.0,-47.3603515625,-75.379356,-62.842289
748,8.697674418604652,1850.0,-35.3603515625,-70.027184,-54.833817
749,8.709302325581396,1835.0,-50.3603515625,-59.124119,-42.145699
750,8.720930232558139,1887.0,1.6396484375,-43.68914,-25.883871
751,8.732558139534884,1863.0,-22.3603515625,-24.907751,-7.48181
752,8.744186046511627,1923.0,37.6396484375,-3.924733,11.556374
753,8.755813953488373,1907.0,21.6396484375,17.694332,29.477558
754,8.767441860465116,1968.0,82.6396484375,38.350548,44.774925
755,8.779069767441861,1947.0,61.6396484375,56.018494,55.944981
756,8.790697674418604,1980.0,94.6396484375,69.005806,62.096436
757,8.802325581395348,1969.0,83.6396484375,75.83609,62.738384
758,8.813953488372094,1970.0,84.6396484375,75.8908,58.076736
759,8.825581395348838,1981.0,95.6396484375,69.202606,48.690033
760,8.837209302325581,1949.0,63.6396484375,56.541855,35.512287
761,8.848837209302326,1968.0,82.6396484375,39.162209,19.624954
762,8.86046511627907,1897.0,11.6396484375,18.435474,2.063522
763,8.872093023255813,1921.0,35.6396484375,-3.972693,-15.960999
764,8.88372093023256,1859.0,-26.3603515625,-26.527321,-33.298512
765,8.895348837209303,1887.0,1.6396484375,-47.287968,-48.410744
766,8.906976744186046,1851.0,-34.3603515625,-64.45224,-59.832405
767,8.91860465116279,1865.0,-20.3603515625,-76.012611,-65.956337
768,8.930232558139535,1862.0,-23.3603515625,-80.504959,-65.708824
769,8.941860465116278,1854.0,-31.3603515625,-77.10006,-58.660934
770,8.953488372093023,1885.0,-0.3603515625,-66.061005,-45.428123
771,8.965116279069768,1866.0,-19.3603515625,-48.740929,-27.578812
772,8.976744186046512,1926.0,40.6396484375,-27.207565,-7.325567
773,8.988372093023255,1899.0,13.6396484375,-4.091964,12.757053
774,9.0,1974.0,88.6396484375,18.337795,30.518044
775,9.011627906976745,1965.0,79.6396484375,38.042805,44.241112
776,9.023255813953488,1998.0,112.6396484375,53.8447,53.14872
777,9.034883720930234,1984.0,98.6396484375,64.901215,56.98539
778,9.046511627906977,1985.0,99.6396484375,70.876129,56.099678
779,9.05813953488372,1997.0,111.6396484375,71.492592,50.971176
780,9.069767441860463,1968.0,82.6396484375,66.635704,42.227001
781,9.08139534883721,1982.0,96.6396484375,56.445675,30.555382
782,9.093023255813954,1927.0,41.6396484375,41.404461,16.773861
783,9.104651162790697,1945.0,59.6396484375,22.669008,1.96627
784,9.116279069767442,1883.0,-2.3603515625,1.718374,-12.750418
785,9.127906976744185,1904.0,18.6396484375,-19.423088,-26.087948
786,9.13953488372093,1855.0,-30.3603515625,-38.915226,-37.059021
787,9.151162790697676,1866.0,-19.3603515625,-54.928478,-44.83617
788,9.162790697674419,1852.0,-33.3603515625,-66.253571,-49.060089
789,9.174418604651162,1849.0,-36.3603515625,-72.000603,-49.561062
790,9.186046511627907,1853.0,-32.3603515625,-71.790779,-46.395535
791,9.19767441860465,1845.0,-40.3603515625,-65.546875,-39.642982
792,9.209302325581396,1898.0,12.6396484375,-53.518646,-29.486172
793,9.220930232558139,1872.0,-13.3603515625,-36.543919,-16.452543
794,9.232558139534884,1930.0,44.6396484375,-15.79105,-1.332725
795,9.244186046511627,1910.0,24.6396484375,6.751996,14.410454
796,9.25581395348837,1968.0,82.6396484375,28.89098,29.056461
797,9.267441860465118,1954.0,68.6396484375,48.035168,40.580891
798,9.279069767441861,1977.0,91.6396484375,62.13179,47.465309
799,9.290697674418604,1968.0,82.6396484375,69.690598,48.826794
800,9.30232558139535,1966.0,80.6396484375,70.342621,44.902355
801,9.313953488372093,1985.0,99.6396484375,64.607742,36.757179
802,9.325581395348836,1938.0,52.6396484375,53.675037,26.034927
803,9.337209302325583,1966.0,80.6396484375,39.13018,14.508053
804,9.348837209302326,1906.0,20.6396484375,22.295584,3.399321
805,9.36046511627907,1922.0,36.6396484375,4.425088,-6.558184
806,9.372093023255813,1863.0,-22.3603515625,-13.640074,-15.303985
807,9.383720930232558,1885.0,-0.3603515625,-30.811871,-22.815586
808,9.395348837209303,1847.0,-38.3603515625,-46.018925,-29.090858
809,9.406976744186046,1847.0,-38.3603515625,-57.764908,-33.631477
810,9.418604651162791,1856.0,-29.3603515625,-64.689667,-35.776054
811,9.430232558139535,1855.0,-30.3603515625,-65.697319,-34.796528
812,9.441860465116278,1872.0,-13.3603515625,-60.455956,-30.431644
813,9.453488372093023,1871.0,-14.3603515625,-49.533749,-23.057457
814,9.465116279069768,1904.0,18.6396484375,-34.225731,-13.656864
815,9.476744186046512,1889.0,3.6396484375,-16.361536,-3.627837
816,9.488372093023257,1948.0,62.6396484375,2.390385,5.803497
817,9.5,1926.0,40.6396484375,20.394102,13.662078
818,9.511627906976743,1984.0,98.6396484375,36.629169,19.714209
819,9.523255813953487,1956.0,70.6396484375,49.971783,23.891684
820,9.534883720930234,1983.0,97.6396484375,59.55508,26.459606
821,9.546511627906977,1975.0,89.6396484375,64.275925,27.415611
822,9.55813953488372,1981.0,95.6396484375,63.274044,26.643929
823,9.569767441860465,1985.0,99.6396484375,56.105713,23.916676
824,9.581395348837209,1934.0,48.6396484375,43.106136,19.131235
825,9.593023255813954,1956.0,70.6396484375,25.742172,12.711118
826,9.604651162790699,1917.0,31.6396484375,6.03971,5.301399
827,9.616279069767442,1925.0,39.6396484375,-13.486239,-2.110078
828,9.627906976744185,1873.0,-12.3603515625,-30.843224,-8.785059
829,9.63953488372093,1907.0,21.6396484375,-44.471451,-14.141348
830,9.651162790697674,1861.0,-24.3603515625,-53.899563,-18.246189
831,9.662790697674419,1867.0,-18.3603515625,-58.959423,-21.248035
832,9.674418604651162,1872.0,-13.3603515625,-59.793919,-23.378216
833,9.686046511627907,1859.0,-26.3603515625,-56.370934,-24.587364
834,9.69767441860465,1887.0,1.6396484375,-48.441685,-24.402546
835,9.709302325581394,1870.0,-15.3603515625,-35.971462,-22.265947
836,9.72093023255814,1933.0,47.6396484375,-19.287022,-17.622082
837,9.732558139534884,1906.0,20.6396484375,0.232876,-10.553814
838,9.744186046511627,1954.0,68.6396484375,20.591131,-1.622742
839,9.755813953488373,1942.0,56.6396484375,39.069134,7.876177
840,9.767441860465116,1968.0,82.6396484375,53.263634,16.547081
841,9.77906976744186,1965.0,79.6396484375,61.356136,23.079369
842,9.790697674418606,1982.0,96.6396484375,62.773483,26.760193
843,9.80232558139535,1978.0,92.6396484375,57.955746,27.482565
844,9.813953488372093,1968.0,82.6396484375,48.212711,25.729048
845,9.825581395348838,1981.0,95.6396484375,35.153576,22.243046
846,9.837209302325581,1946.0,60.6396484375,20.207016,17.638487
847,9.848837209302326,1954.0,68.6396484375,4.550797,12.296858
848,9.86046511627907,1920.0,34.6396484375,-11.090505,6.215789
849,9.872093023255815,1927.0,41.6396484375,-25.933043,-0.626387
850,9.883720930232558,1887.0,1.6396484375,-39.226452,-8.147308
851,9.895348837209301,1907.0,21.6396484375,-49.792835,-15.748947
852,9.906976744186046,1878.0,-7.3603515625,-56.541077,-22.556786
853,9.918604651162791,1870.0,-15.3603515625,-58.348415,-27.359848
854,9.930232558139535,1866.0,-19.3603515625,-54.661743,-29.179049
855,9.94186046511628,1881.0,-4.3603515625,-45.603176,-27.553642
856,9.953488372093023,1906.0,20.6396484375,-32.112034,-22.83275
857,9.965116279069766,1887.0,1.6396484375,-15.836391,-16.086229
858,9.976744186046512,1925.0,39.6396484375,1.462759,-8.551023
859,9.988372093023257,1914.0,28.6396484375,17.913668,-1.424496
860,10.0,1947.0,61.6396484375,32.233681,4.800533
861,10.011627906976743,1945.0,59.6396484375,43.416409,10.132084
862,10.023255813953488,1957.0,71.6396484375,51.078709,15.101471
863,10.034883720930232,1965.0,79.6396484375,54.884865,20.04073
864,10.046511627906977,1978.0,92.6396484375,54.638409,24.786093
865,10.058139534883722,1976.0,90.6396484375,50.051468,28.427355
866,10.069767441860465,1951.0,65.6396484375,40.985153,29.58217
867,10.081395348837209,1963.0,77.6396484375,27.758011,27.061541
868,10.093023255813954,1933.0,47.6396484375,11.25599,20.373302
869,10.104651162790699,1941.0,55.6396484375,-6.764773,10.300617
870,10.116279069767442,1914.0,28.6396484375,-24.220152,-1.428816
871,10.127906976744187,1925.0,39.6396484375,-38.800213,-12.46682
872,10.13953488372093,1887.0,1.6396484375,-48.890755,-20.855862
873,10.151162790697674,1907.0,21.6396484375,-53.562378,-25.459946
874,10.162790697674417,1888.0,2.6396484375,-53.057278,-26.465979
875,10.174418604651164,1879.0,-6.3603515625,-48.193741,-24.856419
876,10.186046511627907,1885.0,-0.3603515625,-40.159409,-22.010416
877,10.19767441860465,1879.0,-6.3603515625,-29.964931,-18.929687
878,10.209302325581396,1901.0,15.6396484375,-18.212717,-15.850401
879,10.220930232558139,1887.0,1.6396484375,-5.351211,-12.41382
880,10.232558139534882,1923.0,37.6396484375,8.299601,-7.882463
881,10.24418604651163,1914.0,28.6396484375,21.89365,-1.891266
882,10.255813953488373,1933.0,47.6396484375,34.297535,5.386763
883,10.267441860465116,1924.0,38.6396484375,43.957527,13.071178
884,10.279069767441861,1937.0,51.6396484375,49.596672,20.010643
885,10.290697674418604,1936.0,50.6396484375,50.370995,25.06052
886,10.30232558139535,1934.0,48.6396484375,46.320183,27.543407
887,10.313953488372093,1938.0,52.6396484375,38.211864,27.311016
888,10.325581395348838,1931.0,45.6396484375,27.263971,24.627695
889,10.337209302325581,1938.0,52.6396484375,14.814256,19.983589
890,10.348837209302324,1934.0,48.6396484375,1.875152,13.806005
891,10.36046511627907,1925.0,39.6396484375,-10.757903,6.501967
892,10.372093023255815,1929.0,43.6396484375,-22.599939,-1.56955
893,10.383720930232558,1925.0,39.6396484375,-33.016888,-9.847134
894,10.395348837209303,1904.0,18.6396484375,-41.310188,-17.648212
895,10.406976744186046,1914.0,28.6396484375,-46.470333,-24.022987
896,10.41860465116279,1904.0,18.6396484375,-47.660877,-28.138176
897,10.430232558139537,1904.0,18.6396484375,-44.349827,-29.376671
898,10.44186046511628,1904.0,18.6396484375,-36.653934,-27.566439
899,10.453488372093023,1904.0,18.6396484375,-25.435883,-23.036909
900,10.465116279069766,1911.0,25.6396484375,-12.058086,-16.478807
901,10.476744186046512,1905.0,19.6396484375,1.759265,-8.854425
902,10.488372093023255,1919.0,33.6396484375,14.555617,-1.050067
903,10.5,1908.0,22.6396484375,25.113365,6.129496
904,10.511627906976745,1924.0,38.6396484375,32.920494,12.259508
905,10.523255813953488,1921.0,35.6396484375,37.818497,17.151043
906,10.534883720930232,1925.0,39.6396484375,40.009106,20.838432
907,10.546511627906977,1925.0,39.6396484375,39.689022,23.397743
908,10.558139534883722,1935.0,49.6396484375,36.947834,24.792177
909,10.569767441860465,1931.0,45.6396484375,31.750776,24.780838
910,10.58139534883721,1936.0,50.6396484375,23.997826,22.922838
911,10.593023255813954,1935.0,49.6396484375,13.857087,18.8092
912,10.604651162790697,1926.0,40.6396484375,1.809005,12.258941
913,10.61627906976744,1936.0,50.6396484375,-11.027421,3.664014
914,10.627906976744187,1915.0,29.6396484375,-23.272474,-6.062277
915,10.63953488372093,1923.0,37.6396484375,-33.271824,-15.484652
916,10.651162790697674,1903.0,17.6396484375,-39.768734,-23.114624
917,10.662790697674419,1914.0,28.6396484375,-42.007923,-27.773548
918,10.674418604651162,1897.0,11.6396484375,-40.052158,-28.966825
919,10.686046511627907,1906.0,20.6396484375,-34.572582,-26.924105
920,10.697674418604652,1890.0,4.6396484375,-26.609909,-22.445124
921,10.709302325581396,1904.0,18.6396484375,-17.209036,-16.494436
922,10.720930232558139,1891.0,5.6396484375,-7.104486,-9.84323
923,10.732558139534884,1889.0,3.6396484375,3.151745,-2.975611
924,10.744186046511627,1910.0,24.6396484375,13.221588,3.906256
925,10.755813953488373,1901.0,15.6396484375,22.466473,10.517777
926,10.767441860465116,1920.0,34.6396484375,30.115246,16.430084
927,10.779069767441861,1911.0,25.6396484375,35.099709,20.925478
928,10.790697674418604,1934.0,48.6396484375,36.575974,23.296522
929,10.802325581395348,1929.0,43.6396484375,34.144611,23.090881
930,10.813953488372093,1934.0,48.6396484375,28.180929,20.41481
931,10.825581395348838,1931.0,45.6396484375,19.818636,15.976494
932,10.837209302325581,1927.0,41.6396484375,10.45455,10.690599
933,10.848837209302326,1933.0,47.6396484375,1.477229,5.423168
934,10.86046511627907,1934.0,48.6396484375,-6.380791,0.523827
935,10.872093023255813,1919.0,33.6396484375,-12.918969,-4.140439
936,10.88372093023256,1918.0,32.6396484375,-18.426399,-8.929558
937,10.895348837209303,1926.0,40.6396484375,-23.072311,-13.968103
938,10.906976744186046,1904.0,18.6396484375,-26.725943,-18.842226
939,10.91860465116279,1909.0,23.6396484375,-28.702234,-22.517796
940,10.930232558139535,1904.0,18.6396484375,-28.09049,-23.676136
941,10.941860465116278,1910.0,24.6396484375,-24.23995,-21.34288
942,10.953488372093023,1880.0,-5.3603515625,-17.230537,-15.435767
943,10.965116279069768,1902.0,16.6396484375,-8.030571,-6.90015
944,10.976744186046512,1905.0,19.6396484375,1.696534,2.432112
945,10.988372093023255,1901.0,15.6396484375,10.051704,10.484455
946,11.0,1906.0,20.6396484375,15.735504,15.725629
947,11.011627906976745,1904.0,18.6396484375,18.233192,17.53669
948,11.023255813953488,1906.0,20.6396484375,18.11232,16.428167
949,11.034883720930234,1919.0,33.6396484375,16.456957,13.56595
950,11.046511627906977,1917.0,31.6396484375,14.455461,10.267155
951,11.05813953488372,1917.0,31.6396484375,12.837614,7.460582
952,11.069767441860463,1927.0,41.6396484375,11.681428,5.427128
953,11.08139534883721,1921.0,35.6396484375,10.522483,3.841616
954,11.093023255813954,1920.0,34.6396484375,8.612665,2.055278
955,11.104651162790697,1922.0,36.6396484375,5.507073,-0.426804
956,11.116279069767442,1910.0,24.6396484375,1.160627,-3.715795
957,11.127906976744185,1905.0,19.6396484375,-3.858996,-7.429396
958,11.13953488372093,1907.0,21.6396484375,-8.760341,-10.872261
959,11.151162790697676,1901.0,15.6396484375,-12.623501,-13.219532
960,11.162790697674419,1901.0,15.6396484375,-14.875875,-13.842687
961,11.174418604651162,1889.0,3.6396484375,-15.338744,-12.502737
962,11.186046511627907,1877.0,-8.3603515625,-14.218989,-9.358261
963,11.19767441860465,1894.0,8.6396484375,-12.021123,-4.979363
964,11.209302325581396,1895.0,9.6396484375,-9.305306,-0.165771
965,11.220930232558139,1897.0,11.6396484375,-6.610456,4.199986
966,11.232558139534884,1887.0,1.6396484375,-4.142508,7.496235
967,11.244186046511627,1885.0,-0.3603515625,-1.958922,9.383631
968,11.25581395348837,1905.0,19.6396484375,0.178932,9.933326
969,11.267441860465118,1904.0,18.6396484375,2.474357,9.446667
970,11.279069767441861,1913.0,27.6396484375,5.111471,8.326315
971,11.290697674418604,1904.0,18.6396484375,8.004961,6.87991
972,11.30232558139535,1908.0,22.6396484375,10.856599,5.204992
973,11.313953488372093,1905.0,19.6396484375,13.1401,3.230714
974,11.325581395348836,1919.0,33.6396484375,14.284441,0.849848
975,11.337209302325583,1910.0,24.6396484375,13.91047,-1.883246
976,11.348837209302326,1910.0,24.6396484375,11.931134,-4.647817
977,11.36046511627907,1904.0,18.6396484375,8.683548,-6.917864
978,11.372093023255815,1904.0,18.6396484375,4.71709,-8.16386
979,11.383720930232558,1902.0,16.6396484375,0.681926,-8.114023
980,11.395348837209301,1904.0,18.6396484375,-3.020912,-6.950922
981,11.406976744186046,1906.0,20.6396484375,-6.205822,-5.183747
982,11.418604651162791,1887.0,1.6396484375,-8.988385,-3.494324
983,11.430232558139535,1904.0,18.6396484375,-11.482309,-2.315413
984,11.441860465116278,1882.0,-3.3603515625,-13.692615,-1.710599
985,11.453488372093023,1894.0,8.6396484375,-15.269084,-1.200131
986,11.465116279069768,1891.0,5.6396484375,-15.626553,-0.130331
987,11.476744186046512,1881.0,-4.3603515625,-14.254535,1.917497
988,11.488372093023257,1893.0,7.6396484375,-10.856311,4.899172
989,11.5,1890.0,4.6396484375,-5.750569,8.120123
990,11.511627906976743,1901.0,15.6396484375,0.2941,10.533522
991,11.523255813953488,1894.0,8.6396484375,6.152843,11.146984
992,11.534883720930234,1914.0,28.6396484375,10.809253,9.500616
993,11.546511627906977,1904.0,18.6396484375,13.604115,5.865101
994,11.55813953488372,1915.0,29.6396484375,14.49437,1.1997
995,11.569767441860465,1915.0,29.6396484375,13.899673,-3.260682
996,11.581395348837209,1925.0,39.6396484375,12.41725,-6.520779
997,11.593023255813954,1931.0,45.6396484375,10.581606,-8.1036
998,11.604651162790699,1920.0,34.6396484375,8.551029,-8.199486
999,11.616279069767442,1917.0,31.6396484375,6.244233,-7.379563
1000,11.627906976744185,1911.0,25.6396484375,3.392635,-6.286514
1001,11.63953488372093,1923.0,37.6396484375,-0.075064,-5.27297
1002,11.651162790697674,1903.0,17.6396484375,-4.043135,-4.376843
1003,11.662790697674419,1890.0,4.6396484375,-7.98574,-3.295144
1004,11.674418604651164,1879.0,-6.3603515625,-11.261657,-1.729453
1005,11.686046511627907,1889.0,3.6396484375,-13.313684,0.407855
1006,11.69767441860465,1872.0,-13.3603515625,-13.888533,2.868576
1007,11.709302325581394,1875.0,-10.3603515625,-13.072466,5.175543
1008,11.72093023255814,1878.0,-7.3603515625,-11.168756,6.843232
1009,11.732558139534884,1883.0,-2.3603515625,-8.605326,7.540577
1010,11.744186046511627,1896.0,10.6396484375,-5.636242,7.252145
1011,11.755813953488373,1882.0,-3.3603515625,-2.426427,6.180807
1012,11.767441860465116,1897.0,11.6396484375,1.040481,4.652403
1013,11.77906976744186,1901.0,15.6396484375,4.678967,2.924857
1014,11.790697674418606,1921.0,35.6396484375,8.287024,1.12481
1015,11.80232558139535,1918.0,32.6396484375,11.43701,-0.727306
1016,11.813953488372093,1927.0,41.6396484375,13.621115,-2.616331
1017,11.825581395348838,1913.0,27.6396484375,14.385514,-4.427249
1018,11.837209302325581,1931.0,45.6396484375,13.525237,-5.927709
1019,11.848837209302326,1926.0,40.6396484375,11.124501,-6.851279
1020,11.86046511627907,1904.0,18.6396484375,7.554526,-6.994902
1021,11.872093023255815,1910.0,24.6396484375,3.373523,-6.313148
1022,11.883720930232558,1887.0,1.6396484375,-0.869778,-4.941371
1023,11.895348837209301,1899.0,13.6396484375,-4.682586,-3.109606
1024,11.906976744186046,1870.0,-15.3603515625,-7.823105,-1.135927
1025,11.918604651162791,1876.0,-9.3603515625,-10.103052,0.792263
1026,11.930232558139535,1859.0,-26.3603515625,-11.486201,2.553256
1027,11.94186046511628,1872.0,-13.3603515625,-11.930891,4.112738
1028,11.953488372093023,1887.0,1.6396484375,-11.434755,5.407408
1029,11.965116279069766,1875.0,-10.3603515625,-10.049989,6.296935
1030,11.976744186046512,1897.0,11.6396484375,-7.829326,6.643329
1031,11.988372093023257,1895.0,9.6396484375,-4.976327,6.276972
1032,12.0,1901.0,15.6396484375,-1.729093,5.138384
1033,12.011627906976743,1901.0,15.6396484375,1.560969,3.313029
1034,12.023255813953488,1919.0,33.6396484375,4.570409,1.028437
1035,12.034883720930232,1907.0,21.6396484375,6.960259,-1.402341
1036,12.046511627906977,1921.0,35.6396484375,8.533402,-3.659081
1037,12.058139534883722,1926.0,40.6396484375,9.19512,-5.480661
1038,12.069767441860465,1927.0,41.6396484375,9.026731,-6.673944
1039,12.081395348837209,1927.0,41.6396484375,8.230003,-7.082108
1040,12.093023255813954,1909.0,23.6396484375,7.078282,-6.614507
1041,12.104651162790697,1915.0,29.6396484375,5.854579,-5.219485
1042,12.116279069767442,1883.0,-2.3603515625,4.661449,-2.990011
1043,12.127906976744187,1897.0,11.6396484375,3.522806,-0.147856
1044,12.13953488372093,1871.0,-14.3603515625,2.198397,2.842633
1045,12.151162790697674,1877.0,-8.3603515625,0.475762,5.420482
1046,12.162790697674417,1856.0,-29.3603515625,-1.859061,7.019819
1047,12.174418604651164,1870.0,-15.3603515625,-4.717994,7.290934
1048,12.186046511627907,1856.0,-29.3603515625,-7.82421,6.182174
1049,12.19767441860465,1861.0,-24.3603515625,-10.617755,4.011838
1050,12.209302325581396,1863.0,-22.3603515625,-12.541054,1.310915
1051,12.220930232558139,1856.0,-29.3603515625,-13.143215,-1.334171
1052,12.232558139534882,1872.0,-13.3603515625,-12.266685,-3.481876
1053,12.24418604651163,1873.0,-12.3603515625,-10.105827,-4.951351
1054,12.255813953488373,1888.0,2.6396484375,-7.006549,-5.737078
1055,12.267441860465116,1876.0,-9.3603515625,-3.417945,-5.936389
1056,12.279069767441861,1904.0,18.6396484375,0.418441,-5.547349
1057,12.290697674418604,1890.0,4.6396484375,4.328573,-4.494863
1058,12.30232558139535,1904.0,18.6396484375,8.317845,-2.64425
1059,12.313953488372093,1905.0,19.6396484375,12.254963,0.022346
1060,12.325581395348838,1904.0,18.6396484375,15.800323,3.202141
1061,12.337209302325581,1904.0,18.6396484375,18.354933,6.323882
1062,12.348837209302324,1906.0,20.6396484375,19.188713,8.635119
1063,12.36046511627907,1899.0,13.6396484375,17.705097,9.453814
1064,12.372093023255815,1895.0,9.6396484375,13.717502,8.495213
1065,12.383720930232558,1889.0,3.6396484375,7.555368,5.900215
1066,12.395348837209303,1876.0,-9.3603515625,0.052992,2.301538
1067,12.406976744186046,1885.0,-0.3603515625,-7.616027,-1.451766
1068,12.41860465116279,1870.0,-15.3603515625,-14.363523,-4.601755
1069,12.430232558139537,1873.0,-12.3603515625,-19.320442,-6.706843
1070,12.44186046511628,1865.0,-20.3603515625,-22.061459,-7.69129
1071,12.453488372093023,1858.0,-27.3603515625,-22.508581,-7.762154
1072,12.465116279069766,1855.0,-30.3603515625,-20.90889,-7.24066
1073,12.476744186046512,1853.0,-32.3603515625,-17.573442,-6.340668
1074,12.488372093023255,1872.0,-13.3603515625,-12.81975,-5.09975
1075,12.5,1867.0,-18.3603515625,-7.000267,-3.486903
1076,12.511627906976745,1886.0,0.6396484375,-0.443947,-1.449291
1077,12.523255813953488,1872.0,-13.3603515625,6.408912,0.962675
1078,12.534883720930232,1887.0,1.6396484375,13.075165,3.554274
1079,12.546511627906977,1881.0,-4.3603515625,18.982918,6.093788
1080,12.558139534883722,1887.0,1.6396484375,23.52808,8.253808
1081,12.569767441860465,1893.0,7.6396484375,26.087786,9.7498
1082,12.58139534883721,1902.0,16.6396484375,26.119429,10.285139
1083,12.593023255813954,1903.0,17.6396484375,23.225327,9.601811
1084,12.604651162790697,1909.0,23.6396484375,17.343216,7.524346
1085,12.61627906976744,1907.0,21.6396484375,8.904338,4.078254
1086,12.627906976744187,1907.0,21.6396484375,-1.09129,-0.340855
1087,12.63953488372093,1907.0,21.6396484375,-11.154087,-5.010427
1088,12.651162790697674,1904.0,18.6396484375,-19.591892,-8.906977
1089,12.662790697674419,1901.0,15.6396484375,-24.977774,-11.126762
1090,12.674418604651162,1882.0,-3.3603515625,-26.583979,-11.125609
1091,12.686046511627906,1885.0,-0.3603515625,-24.60623,-9.072178
1092,12.697674418604652,1861.0,-24.3603515625,-20.137932,-5.827021
1093,12.709302325581396,1870.0,-15.3603515625,-14.60908,-2.55269
1094,12.720930232558139,1869.0,-16.3603515625,-9.321403,-0.285702
1095,12.732558139534884,1857.0,-28.3603515625,-4.919154,0.531354
1096,12.744186046511627,1851.0,-34.3603515625,-1.250834,0.235914
1097,12.755813953488373,1853.0,-32.3603515625,2.371279,-0.237856
1098,12.767441860465116,1852.0,-33.3603515625,6.677018,0.133788
1099,12.779069767441861,1861.0,-24.3603515625,11.867603,1.954227
1100,12.790697674418604,1870.0,-15.3603515625,17.373587,4.994966
1101,12.802325581395348,1859.0,-26.3603515625,21.9519,8.323998
1102,12.813953488372093,1893.0,7.6396484375,24.268885,10.678678
1103,12.825581395348838,1885.0,-0.3603515625,23.353558,11.00419
1104,12.837209302325581,1905.0,19.6396484375,19.167913,8.985475
1105,12.848837209302326,1901.0,15.6396484375,12.509572,5.09822
1106,12.86046511627907,1915.0,29.6396484375,4.783134,0.435985
1107,12.872093023255813,1913.0,27.6396484375,-2.593179,-3.824447
1108,12.88372093023256,1925.0,39.6396484375,-8.589499,-6.769243
1109,12.895348837209303,1921.0,35.6396484375,-12.824755,-8.104664
1110,12.906976744186046,1922.0,36.6396484375,-15.430143,-8.012822
1111,12.918604651162791,1920.0,34.6396484375,-16.771185,-7.016585
1112,12.930232558139535,1899.0,13.6396484375,-17.20805,-5.653437
1113,12.941860465116278,1902.0,16.6396484375,-16.797993,-4.224192
1114,12.953488372093023,1888.0,2.6396484375,-15.491364,-2.875223
1115,12.965116279069768,1892.0,6.6396484375,-13.147445,-1.595452
1116,12.976744186046512,1867.0,-18.3603515625,-9.794997,-0.370892
1117,12.988372093023255,1861.0,-24.3603515625,-5.654322,0.765489
1118,13.0,1845.0,-40.3603515625,-1.104266,1.723914
1119,13.011627906976745,1851.0,-34.3603515625,3.419619,2.46578
1120,13.023255813953488,1853.0,-32.3603515625,7.525364,2.961606
1121,13.034883720930234,1842.0,-43.3603515625,10.87233,3.222792
1122,13.046511627906977,1857.0,-28.3603515625,13.27916,3.310097
1123,13.05813953488372,1854.0,-31.3603515625,14.576969,3.234936
1124,13.069767441860465,1872.0,-13.3603515625,14.73999,3.015251
1125,13.08139534883721,1867.0,-18.3603515625,13.822886,2.680571
1126,13.093023255813954,1886.0,0.6396484375,12.061929,2.307875
1127,13.104651162790697,1879.0,-6.3603515625,9.75508,1.971632
1128,13.116279069767442,1905.0,19.6396484375,7.1976,1.715312
1129,13.127906976744185,1901.0,15.6396484375,4.502533,1.393984
1130,13.13953488372093,1909.0,23.6396484375,1.61438,0.814547
1131,13.151162790697676,1909.0,23.6396484375,-1.597513,-0.234034
1132,13.162790697674419,1909.0,23.6396484375,-5.196096,-1.740184
1133,13.174418604651162,1910.0,24.6396484375,-8.963088,-3.427687
1134,13.186046511627907,1893.0,7.6396484375,-12.364727,-4.718499
1135,13.19767441860465,1901.0,15.6396484375,-14.601506,-4.929209
1136,13.209302325581396,1878.0,-7.3603515625,-15.060627,-3.712173
1137,13.22093023255814,1881.0,-4.3603515625,-13.525774,-1.232432
1138,13.232558139534884,1854.0,-31.3603515625,-10.447449,1.670274
1139,13.244186046511627,1872.0,-13.3603515625,-6.74694,3.854275
1140,13.25581395348837,1850.0,-35.3603515625,-3.528291,4.220423
1141,13.267441860465116,1849.0,-36.3603515625,-1.56141,2.330158
1142,13.279069767441861,1840.0,-45.3603515625,-0.928267,-1.385778
1143,13.290697674418604,1841.0,-44.3603515625,-0.999266,-5.635846
1144,13.30232558139535,1853.0,-32.3603515625,-0.710008,-8.825795
1145,13.313953488372093,1847.0,-38.3603515625,0.849373,-9.675229
1146,13.325581395348836,1854.0,-31.3603515625,4.053842,-7.715391
1147,13.337209302325583,1854.0,-31.3603515625,8.439377,-3.518333
1148,13.348837209302326,1881.0,-4.3603515625,12.977946,1.678284
1149,13.36046511627907,1872.0,-13.3603515625,16.402275,6.380136
1150,13.372093023255815,1892.0,6.6396484375,17.768517,9.524879
1151,13.383720930232558,1879.0,-6.3603515625,16.774315,10.719912
1152,13.395348837209301,1902.0,16.6396484375,13.795217,10.337061
1153,13.406976744186046,1886.0,0.6396484375,9.627908,9.080419
1154,13.418604651162791,1917.0,31.6396484375,5.111001,7.643864
1155,13.430232558139535,1898.0,12.6396484375,0.7753,6.309489
1156,13.441860465116278,1898.0,12.6396484375,-3.219149,4.957194
1157,13.453488372093023,1903.0,17.6396484375,-6.967663,3.249891
1158,13.465116279069768,1887.0,1.6396484375,-10.586422,0.874102
1159,13.476744186046512,1898.0,12.6396484375,-14.0118,-2.160098
1160,13.488372093023257,1885.0,-0.3603515625,-16.911242,-5.564748
1161,13.5,1879.0,-6.3603515625,-18.780338,-8.780755
1162,13.511627906976743,1873.0,-12.3603515625,-19.137423,-11.316391
1163,13.523255813953488,1878.0,-7.3603515625,-17.733837,-12.827879
1164,13.534883720930234,1872.0,-13.3603515625,-14.625294,-13.236533
1165,13.546511627906977,1871.0,-14.3603515625,-10.190113,-12.629383
1166,13.55813953488372,1857.0,-28.3603515625,-4.962084,-11.138819
1167,13.569767441860465,1869.0,-16.3603515625,0.532062,-8.829363
1168,13.581395348837209,1863.0,-22.3603515625,5.822379,-5.73706
1169,13.593023255813954,1871.0,-14.3603515625,10.603712,-1.910049
1170,13.604651162790699,1873.0,-12.3603515625,14.635906,2.471307
1171,13.616279069767442,1875.0,-10.3603515625,17.789734,7.074503
1172,13.627906976744185,1872.0,-13.3603515625,19.890631,11.428982
1173,13.63953488372093,1872.0,-13.3603515625,20.824774,15.048065
1174,13.651162790697674,1883.0,-2.3603515625,20.422953,17.517437
1175,13.662790697674419,1885.0,-0.3603515625,18.552786,18.531799
1176,13.674418604651164,1885.0,-0.3603515625,15.099746,17.938978
1177,13.686046511627907,1889.0,3.6396484375,10.125312,15.734512
1178,13.69767441860465,1888.0,2.6396484375,3.854604,12.027669
1179,13.709302325581394,1891.0,5.6396484375,-3.211012,7.107654
1180,13.72093023255814,1885.0,-0.3603515625,-10.333727,1.39609
1181,13.732558139534884,1891.0,5.6396484375,-16.648787,-4.481729
1182,13.744186046511627,1872.0,-13.3603515625,-21.337759,-9.8951
1183,13.755813953488373,1887.0,1.6396484375,-23.814859,-14.229462
1184,13.767441860465116,1875.0,-10.3603515625,-23.9111,-17.179604
1185,13.77906976744186,1881.0,-4.3603515625,-21.892559,-18.728138
1186,13.790697674418606,1861.0,-24.3603515625,-18.286831,-19.105339
1187,13.80232558139535,1878.0,-7.3603515625,-13.698419,-18.572777
1188,13.813953488372093,1861.0,-24.3603515625,-8.620363,-17.273045
1189,13.825581395348838,1873.0,-12.3603515625,-3.278729,-15.047523
1190,13.837209302325581,1872.0,-13.3603515625,2.238555,-11.537069
1191,13.848837209302324,1867.0,-18.3603515625,7.851363,-6.460196
1192,13.86046511627907,1875.0,-10.3603515625,13.323215,0.220128
1193,13.872093023255815,1870.0,-15.3603515625,18.13743,7.932381
1194,13.883720930232558,1866.0,-19.3603515625,21.623608,15.676558
1195,13.895348837209301,1872.0,-13.3603515625,23.168755,22.177248
1196,13.906976744186046,1895.0,9.6396484375,22.429766,26.315365
1197,13.918604651162791,1882.0,-3.3603515625,19.491966,27.443428
1198,13.930232558139535,1909.0,23.6396484375,14.87285,25.602097
1199,13.94186046511628,1901.0,15.6396484375,9.282082,21.36043
1200,13.953488372093023,1914.0,28.6396484375,3.44273,15.569708
1201,13.965116279069766,1903.0,17.6396484375,-2.158829,9.00536
1202,13.976744186046512,1909.0,23.6396484375,-7.249663,2.187069
1203,13.988372093023257,1911.0,25.6396484375,-11.73429,-4.616827
1204,14.0,1904.0,18.6396484375,-15.477661,-11.252083
1205,14.011627906976743,1911.0,25.6396484375,-18.242945,-17.4051
1206,14.023255813953488,1895.0,9.6396484375,-19.671648,-22.571852
1207,14.034883720930232,1904.0,18.6396484375,-19.43948,-26.039604
1208,14.046511627906977,1893.0,7.6396484375,-17.417757,-27.191006
1209,14.058139534883722,1883.0,-2.3603515625,-13.799276,-25.679783
1210,14.069767441860465,1872.0,-13.3603515625,-9.071485,-21.615444
1211,14.081395348837209,1885.0,-0.3603515625,-3.873166,-15.556424
1212,14.093023255813954,1872.0,-13.3603515625,1.154134,-8.330506
1213,14.104651162790697,1865.0,-20.3603515625,5.564264,-0.812455
1214,14.116279069767442,1865.0,-20.3603515625,9.152613,6.359773
1215,14.127906976744187,1860.0,-25.3603515625,11.869693,12.721975
1216,14.13953488372093,1867.0,-18.3603515625,13.733448,18.068676
1217,14.151162790697674,1861.0,-24.3603515625,14.706142,22.19783
1218,14.162790697674417,1881.0,-4.3603515625,14.715839,24.898304
1219,14.174418604651164,1873.0,-12.3603515625,13.663986,25.838097
1220,14.186046511627907,1897.0,11.6396484375,11.562447,24.703342
1221,14.19767441860465,1890.0,4.6396484375,8.576022,21.336094
1222,14.209302325581396,1905.0,19.6396484375,5.024419,15.857758
1223,14.220930232558139,1903.0,17.6396484375,1.315423,8.766549
1224,14.232558139534882,1917.0,31.6396484375,-2.142257,0.847895
1225,14.24418604651163,1913.0,27.6396484375,-5.091024,-6.991947
1226,14.255813953488373,1910.0,24.6396484375,-7.404488,-13.935123
1227,14.267441860465116,1913.0,27.6396484375,-9.055211,-19.320839
1228,14.279069767441861,1901.0,15.6396484375,-10.08563,-22.840008
1229,14.290697674418604,1901.0,15.6396484375,-10.50241,-24.389484
1230,14.30232558139535,1873.0,-12.3603515625,-10.300989,-24.079765
1231,14.313953488372093,1877.0,-8.3603515625,-9.48373,-22.100893
1232,14.325581395348838,1866.0,-19.3603515625,-8.073948,-18.629837
1233,14.337209302325581,1886.0,0.6396484375,-6.195566,-13.883857
1234,14.348837209302324,1869.0,-16.3603515625,-4.05888,-8.104423
1235,14.36046511627907,1865.0,-20.3603515625,-1.887457,-1.642361
1236,14.372093023255815,1863.0,-22.3603515625,0.162814,5.143673
1237,14.383720930232558,1876.0,-9.3603515625,2.025076,11.752567
1238,14.395348837209303,1877.0,-8.3603515625,3.736334,17.673298
1239,14.406976744186046,1874.0,-11.3603515625,5.371041,22.367283
1240,14.41860465116279,1895.0,9.6396484375,6.981615,25.380899
1241,14.430232558139535,1883.0,-2.3603515625,8.461636,26.309227
1242,14.44186046511628,1898.0,12.6396484375,9.564528,24.864929
1243,14.453488372093023,1889.0,3.6396484375,9.95053,20.966755
1244,14.465116279069768,1909.0,23.6396484375,9.34407,14.796733
1245,14.476744186046512,1907.0,21.6396484375,7.670291,6.896731
1246,14.488372093023255,1910.0,24.6396484375,5.136987,-1.87661
1247,14.5,1905.0,19.6396484375,2.235579,-10.382861
1248,14.511627906976745,1904.0,18.6396484375,-0.438904,-17.489277
1249,14.523255813953488,1909.0,23.6396484375,-2.386724,-22.270569
1250,14.534883720930232,1894.0,8.6396484375,-3.443457,-24.28709
1251,14.546511627906977,1889.0,3.6396484375,-3.855345,-23.68432
1252,14.55813953488372,1872.0,-13.3603515625,-4.152471,-21.05636
1253,14.569767441860465,1874.0,-11.3603515625,-4.912937,-17.240038
1254,14.58139534883721,1859.0,-26.3603515625,-6.448423,-12.947925
1255,14.593023255813954,1857.0,-28.3603515625,-8.613153,-8.57543
1256,14.604651162790697,1866.0,-19.3603515625,-10.754417,-4.095923
1257,14.616279069767442,1861.0,-24.3603515625,-12.023475,0.669997
1258,14.627906976744187,1872.0,-13.3603515625,-11.603411,5.937574
1259,14.63953488372093,1870.0,-15.3603515625,-9.166117,11.532854
1260,14.651162790697674,1886.0,0.6396484375,-4.961269,16.919525
1261,14.662790697674419,1879.0,-6.3603515625,0.185368,21.208288
1262,14.674418604651162,1902.0,16.6396484375,5.228785,23.521086
1263,14.686046511627906,1899.0,13.6396484375,9.21491,23.26417
1264,14.697674418604652,1910.0,24.6396484375,11.607305,20.336842
1265,14.709302325581396,1906.0,20.6396484375,12.419811,15.221861
1266,14.720930232558139,1920.0,34.6396484375,12.067773,8.75885
1267,14.732558139534884,1922.0,36.6396484375,11.139967,1.910761
1268,14.744186046511627,1904.0,18.6396484375,10.041913,-4.57837
1269,14.755813953488373,1906.0,20.6396484375,8.967717,-10.134568
1270,14.767441860465118,1897.0,11.6396484375,7.733124,-14.502766
1271,14.779069767441861,1909.0,23.6396484375,6.021183,-17.542625
1272,14.790697674418604,1872.0,-13.3603515625,3.491517,-19.203989
1273,14.802325581395348,1873.0,-12.3603515625,0.087172,-19.357441
1274,14.813953488372093,1873.0,-12.3603515625,-3.962241,-17.91227
1275,14.825581395348838,1863.0,-22.3603515625,-8.214545,-14.958654
1276,14.837209302325581,1878.0,-7.3603515625,-12.085138,-10.752248
1277,14.848837209302326,1873.0,-12.3603515625,-15.094463,-5.845432
1278,14.86046511627907,1894.0,8.6396484375,-16.839418,-0.818176
1279,14.872093023255813,1883.0,-2.3603515625,-17.186893,3.713345
1280,14.88372093023256,1904.0,18.6396484375,-16.057571,7.441017
1281,14.895348837209303,1885.0,-0.3603515625,-13.549183,10.230001
1282,14.906976744186046,1907.0,21.6396484375,-9.683513,12.307467
1283,14.918604651162791,1917.0,31.6396484375,-4.633699,13.908487
1284,14.930232558139535,1931.0,45.6396484375,1.388241,15.209954
1285,14.941860465116278,1915.0,29.6396484375,7.899499,16.112896
1286,14.953488372093023,1925.0,39.6396484375,14.232197,16.240442
1287,14.965116279069768,1936.0,50.6396484375,19.537497,15.081184
1288,14.976744186046512,1925.0,39.6396484375,22.89043,12.072801
1289,14.988372093023255,1935.0,49.6396484375,23.631582,7.049135
1290,15.0,1895.0,9.6396484375,21.443653,0.246046
1291,15.011627906976745,1906.0,20.6396484375,16.618496,-7.465508
1292,15.023255813953488,1886.0,0.6396484375,9.880877,-14.878905
1293,15.034883720930234,1895.0,9.6396484375,2.331344,-20.615885
1294,15.046511627906977,1873.0,-12.3603515625,-4.935667,-23.582634
1295,15.05813953488372,1883.0,-2.3603515625,-10.982035,-23.191555
1296,15.069767441860465,1872.0,-13.3603515625,-15.312526,-19.591412
1297,15.08139534883721,1872.0,-13.3603515625,-17.773737,-13.548276
1298,15.093023255813954,1886.0,0.6396484375,-18.528938,-6.233542
1299,15.104651162790697,1882.0,-3.3603515625,-17.889664,1.04665
1300,15.116279069767442,1886.0,0.6396484375,-16.154356,7.211494
1301,15.127906976744185,1882.0,-3.3603515625,-13.563164,11.562609
1302,15.139534883720929,1904.0,18.6396484375,-10.277106,13.891572
1303,15.151162790697676,1902.0,16.6396484375,-6.475525,14.312418
1304,15.162790697674419,1910.0,24.6396484375,-2.302161,13.261051
1305,15.174418604651162,1904.0,18.6396484375,2.074009,11.263261
1306,15.186046511627907,1904.0,18.6396484375,6.502371,8.86187
1307,15.19767441860465,1909.0,23.6396484375,10.838135,6.511481
1308,15.209302325581396,1905.0,19.6396484375,14.873071,4.48096
1309,15.22093023255814,1913.0,27.6396484375,18.304939,2.899246
1310,15.232558139534884,1888.0,2.6396484375,20.624519,1.583643
1311,15.244186046511627,1886.0,0.6396484375,21.270582,0.299303
1312,15.25581395348837,1878.0,-7.3603515625,19.647673,-1.345873
1313,15.267441860465116,1880.0,-5.3603515625,15.467234,-3.555185
1314,15.279069767441861,1885.0,-0.3603515625,8.866678,-6.340091
1315,15.290697674418604,1881.0,-4.3603515625,0.565355,-9.368736
1316,15.30232558139535,1878.0,-7.3603515625,-8.27918,-12.043365
1317,15.313953488372093,1871.0,-14.3603515625,-16.244888,-13.620546
1318,15.325581395348836,1889.0,3.6396484375,-22.071922,-13.474296
1319,15.337209302325583,1870.0,-15.3603515625,-24.97191,-11.388402
1320,15.348837209302326,1886.0,0.6396484375,-24.737741,-7.547228
1321,15.36046511627907,1882.0,-3.3603515625,-21.809082,-2.670902
1322,15.372093023255815,1895.0,9.6396484375,-16.964937,2.357584
1323,15.383720930232558,1887.0,1.6396484375,-11.109599,6.603251
1324,15.395348837209301,1907.0,21.6396484375,-4.946217,9.497831
1325,15.406976744186046,1904.0,18.6396484375,1.088849,10.869716
1326,15.418604651162791,1911.0,25.6396484375,6.898215,11.058779
1327,15.430232558139535,1903.0,17.6396484375,12.420115,10.58225
1328,15.441860465116278,1904.0,18.6396484375,17.551182,9.970002
1329,15.453488372093023,1918.0,32.6396484375,21.872499,9.454874
1330,15.465116279069768,1906.0,20.6396484375,24.671043,8.836635
1331,15.476744186046512,1904.0,18.6396484375,25.09601,7.620779
1332,15.488372093023257,1902.0,16.6396484375,22.472242,5.213825
1333,15.5,1901.0,15.6396484375,16.630796,1.337434
1334,15.511627906976743,1899.0,13.6396484375,8.109272,-3.825834
1335,15.523255813953488,1895.0,9.6396484375,-1.809136,-9.454504
1336,15.534883720930234,1897.0,11.6396484375,-11.422826,-14.39012
1337,15.546511627906977,1897.0,11.6396484375,-19.025253,-17.427776
1338,15.55813953488372,1908.0,22.6396484375,-23.436419,-17.780872
1339,15.569767441860465,1898.0,12.6396484375,-24.350136,-15.416196
1340,15.581395348837209,1898.0,12.6396484375,-22.326832,-10.969486
1341,15.593023255813954,1899.0,13.6396484375,-18.465017,-5.573321
1342,15.604651162790699,1904.0,18.6396484375,-13.956755,-0.392294
1343,15.616279069767442,1904.0,18.6396484375,-9.603156,3.71255
1344,15.627906976744185,1909.0,23.6396484375,-5.551631,6.4936
1345,15.63953488372093,1914.0,28.6396484375,-1.425303,8.202614
1346,15.651162790697674,1919.0,33.6396484375,3.333336,9.391134
1347,15.662790697674417,1921.0,35.6396484375,8.949834,10.49792
1348,15.674418604651162,1911.0,25.6396484375,15.061132,11.64312
1349,15.686046511627906,1915.0,29.6396484375,20.644382,12.531989
1350,15.697674418604652,1915.0,29.6396484375,24.378344,12.608706
1351,15.709302325581396,1918.0,32.6396484375,25.071169,11.315557
1352,15.72093023255814,1903.0,17.6396484375,22.170143,8.356497
1353,15.732558139534884,1905.0,19.6396484375,15.988551,3.905328
1354,15.744186046511627,1888.0,2.6396484375,7.624291,-1.464735
1355,15.755813953488373,1900.0,14.6396484375,-1.364823,-6.854681
1356,15.767441860465116,1892.0,6.6396484375,-9.480458,-11.414018
1357,15.77906976744186,1885.0,-0.3603515625,-15.60417,-14.442078
1358,15.790697674418604,1892.0,6.6396484375,-19.234882,-15.598146
1359,15.802325581395348,1887.0,1.6396484375,-20.438437,-14.935045
1360,15.813953488372091,1893.0,7.6396484375,-19.681398,-12.821505
1361,15.82558139534884,1889.0,3.6396484375,-17.519428,-9.794764
1362,15.837209302325583,1901.0,15.6396484375,-14.411669,-6.340755
1363,15.848837209302326,1904.0,18.6396484375,-10.580544,-2.809203
1364,15.86046511627907,1902.0,16.6396484375,-6.11568,0.681466
1365,15.872093023255815,1900.0,14.6396484375,-1.067498,4.113397
1366,15.883720930232558,1921.0,35.6396484375,4.385894,7.510343
1367,15.895348837209301,1903.0,17.6396484375,9.798605,10.71034
1368,15.906976744186046,1926.0,40.6396484375,14.533504,13.340079
1369,15.91860465116279,1923.0,37.6396484375,17.771612,14.791868
1370,15.930232558139533,1930.0,44.6396484375,18.875549,14.484644
1371,15.941860465116278,1931.0,45.6396484375,17.511049,12.110778
1372,15.953488372093025,1925.0,39.6396484375,13.894243,7.861499
1373,15.965116279069768,1930.0,44.6396484375,8.724159,2.512671
1374,15.976744186046513,1921.0,35.6396484375,3.036528,-2.82192
1375,15.988372093023257,1920.0,34.6396484375,-2.129606,-6.97857
1376,16.0,1909.0,23.6396484375,-6.046111,-9.226389
1377,16.011627906976745,1910.0,24.6396484375,-8.470062,-9.454666
1378,16.023255813953487,1906.0,20.6396484375,-9.64515,-8.219265
1379,16.03488372093023,1906.0,20.6396484375,-10.055001,-6.450121
1380,16.046511627906977,1898.0,12.6396484375,-10.185741,-5.048896
1381,16.05813953488372,1894.0,8.6396484375,-10.233109,-4.524753
1382,16.069767441860463,1892.0,6.6396484375,-10.073301,-4.786181
1383,16.081395348837212,1883.0,-2.3603515625,-9.328938,-5.275271
1384,16.093023255813954,1886.0,0.6396484375,-7.625093,-5.217854
1385,16.1046511627907,1892.0,6.6396484375,-4.814939,-4.039649
1386,16.116279069767444,1886.0,0.6396484375,-1.082139,-1.56876
1387,16.127906976744185,1875.0,-10.3603515625,3.07345,1.856568
1388,16.13953488372093,1893.0,7.6396484375,7.047946,5.577393
1389,16.151162790697676,1891.0,5.6396484375,10.215478,8.770407
1390,16.162790697674417,1909.0,23.6396484375,12.179366,10.761817
1391,16.174418604651162,1894.0,8.6396484375,12.692966,11.140965
1392,16.186046511627907,1915.0,29.6396484375,11.809105,9.892024
1393,16.19767441860465,1905.0,19.6396484375,9.674055,7.303426
1394,16.209302325581397,1924.0,38.6396484375,6.633915,3.933448
1395,16.220930232558143,1918.0,32.6396484375,3.085974,0.418318
1396,16.232558139534884,1915.0,29.6396484375,-0.459486,-2.597338
1397,16.24418604651163,1936.0,50.6396484375,-3.492134,-4.602057
1398,16.25581395348837,1909.0,23.6396484375,-5.727096,-5.45947
1399,16.267441860465116,1907.0,21.6396484375,-7.051383,-5.335248
1400,16.27906976744186,1887.0,1.6396484375,-7.668826,-4.689232
1401,16.290697674418603,1905.0,19.6396484375,-7.860997,-4.075838
1402,16.302325581395348,1881.0,-4.3603515625,-8.009486,-3.995928
1403,16.313953488372093,1887.0,1.6396484375,-8.203367,-4.571684
1404,16.325581395348834,1872.0,-13.3603515625,-8.25465,-5.494917
1405,16.337209302325583,1873.0,-12.3603515625,-7.742611,-6.166805
1406,16.348837209302328,1869.0,-16.3603515625,-6.214524,-5.886736
1407,16.36046511627907,1872.0,-13.3603515625,-3.482658,-4.245757
1408,16.372093023255815,1871.0,-14.3603515625,0.269734,-1.269177
1409,16.38372093023256,1868.0,-17.3603515625,4.42809,2.511653
1410,16.3953488372093,1893.0,7.6396484375,8.254384,6.293154
1411,16.406976744186046,1878.0,-7.3603515625,10.985263,9.19847
1412,16.41860465116279,1913.0,27.6396484375,12.266366,10.658359
1413,16.430232558139533,1897.0,11.6396484375,12.043786,10.509836
1414,16.441860465116278,1933.0,47.6396484375,10.649136,8.98719
1415,16.453488372093023,1921.0,35.6396484375,8.403259,6.520389
1416,16.46511627906977,1936.0,50.6396484375,5.640195,3.608504
1417,16.476744186046513,1927.0,41.6396484375,2.566594,0.663407
1418,16.48837209302326,1936.0,50.6396484375,-0.657938,-2.008959
1419,16.5,1935.0,49.6396484375,-3.782975,-4.174426
1420,16.511627906976745,1920.0,34.6396484375,-6.517583,-5.686577
1421,16.52325581395349,1935.0,49.6396484375,-8.426044,-6.41926
1422,16.53488372093023,1900.0,14.6396484375,-9.272635,-6.405216
1423,16.546511627906977,1914.0,28.6396484375,-8.976132,-5.801928
1424,16.558139534883722,1865.0,-20.3603515625,-7.909047,-4.986806
1425,16.569767441860463,1896.0,10.6396484375,-6.53077,-4.2909
1426,16.58139534883721,1858.0,-27.3603515625,-5.415652,-3.99987
1427,16.59302325581395,1872.0,-13.3603515625,-4.777403,-4.046656
1428,16.6046511627907,1853.0,-32.3603515625,-4.449683,-4.071996
1429,16.616279069767444,1856.0,-29.3603515625,-3.901368,-3.504863
1430,16.627906976744185,1866.0,-19.3603515625,-2.527601,-1.892226
1431,16.63953488372093,1862.0,-23.3603515625,-0.026973,0.837341
1432,16.651162790697676,1875.0,-10.3603515625,3.459004,4.283717
1433,16.662790697674417,1871.0,-14.3603515625,7.230113,7.62058
1434,16.674418604651162,1905.0,19.6396484375,10.367733,9.919809
1435,16.686046511627907,1893.0,7.6396484375,11.990571,10.476626
1436,16.69767441860465,1919.0,33.6396484375,11.743995,9.185239
1437,16.709302325581394,1905.0,19.6396484375,9.849185,6.509321
1438,16.72093023255814,1939.0,53.6396484375,7.073905,3.368731
1439,16.732558139534884,1929.0,43.6396484375,4.312668,0.661331
1440,16.74418604651163,1936.0,50.6396484375,2.231832,-1.034914
1441,16.755813953488374,1936.0,50.6396484375,1.007375,-1.696449
1442,16.767441860465116,1922.0,36.6396484375,0.293505,-1.74383
1443,16.77906976744186,1930.0,44.6396484375,-0.50418,-1.776545
1444,16.790697674418606,1904.0,18.6396484375,-1.944359,-2.242117
1445,16.802325581395348,1921.0,35.6396484375,-4.183399,-3.207268
1446,16.813953488372093,1893.0,7.6396484375,-6.98567,-4.435446
1447,16.825581395348838,1903.0,17.6396484375,-9.753058,-5.500692
1448,16.83720930232558,1872.0,-13.3603515625,-11.845718,-6.103081
1449,16.848837209302324,1873.0,-12.3603515625,-12.83714,-6.200315
1450,16.86046511627907,1856.0,-29.3603515625,-12.637588,-6.0132
1451,16.872093023255815,1862.0,-23.3603515625,-11.427558,-5.792843
1452,16.88372093023256,1872.0,-13.3603515625,-9.450413,-5.592523
1453,16.8953488372093,1855.0,-30.3603515625,-6.880631,-5.171266
1454,16.906976744186046,1863.0,-22.3603515625,-3.620623,-3.986446
1455,16.91860465116279,1865.0,-20.3603515625,0.467523,-1.563801
1456,16.930232558139533,1885.0,-0.3603515625,5.405977,2.195557
1457,16.941860465116278,1874.0,-11.3603515625,10.80276,6.747648
1458,16.953488372093023,1898.0,12.6396484375,15.900262,11.073154
1459,16.965116279069765,1893.0,7.6396484375,19.692177,13.96932
1460,16.97674418604651,1919.0,33.6396484375,21.298912,14.590779
1461,16.98837209302326,1904.0,18.6396484375,20.257818,12.758774
1462,17.0,1927.0,41.6396484375,16.808611,9.171737
1463,17.011627906976745,1927.0,41.6396484375,11.710759,4.995626
1464,17.02325581395349,1919.0,33.6396484375,5.980347,1.450083
1465,17.03488372093023,1922.0,36.6396484375,0.486663,-0.777404
1466,17.046511627906977,1904.0,18.6396484375,-4.357544,-1.76209
1467,17.058139534883722,1915.0,29.6396484375,-8.586972,-2.221357
1468,17.069767441860463,1889.0,3.6396484375,-12.50998,-3.121931
1469,17.08139534883721,1893.0,7.6396484375,-16.307823,-5.111876
1470,17.093023255813954,1870.0,-15.3603515625,-19.812494,-8.190374
1471,17.104651162790695,1875.0,-10.3603515625,-22.381969,-11.611784
1472,17.116279069767444,1851.0,-34.3603515625,-23.186821,-14.295374
1473,17.12790697674419,1861.0,-24.3603515625,-21.519159,-15.220511
1474,17.13953488372093,1857.0,-28.3603515625,-17.213461,-13.976294
1475,17.151162790697676,1847.0,-38.3603515625,-10.749526,-10.838395
1476,17.16279069767442,1863.0,-22.3603515625,-3.09468,-6.591306
1477,17.174418604651162,1863.0,-22.3603515625,4.593789,-2.162126
1478,17.186046511627907,1876.0,-9.3603515625,11.375316,1.798918
1479,17.19767441860465,1870.0,-15.3603515625,16.747238,5.123339
1480,17.209302325581394,1914.0,28.6396484375,20.68012,8.078736
1481,17.22093023255814,1898.0,12.6396484375,23.284124,10.954739
1482,17.23255813953488,1941.0,55.6396484375,24.647163,13.872694
1483,17.24418604651163,1908.0,22.6396484375,24.539145,16.444736
1484,17.255813953488374,1936.0,50.6396484375,22.597872,18.025419
1485,17.267441860465116,1937.0,51.6396484375,18.477306,17.894527
1486,17.27906976744186,1927.0,41.6396484375,12.169453,15.661513
1487,17.290697674418606,1936.0,50.6396484375,4.197761,11.461739
1488,17.302325581395348,1906.0,20.6396484375,-4.46336,5.936426
1489,17.313953488372093,1925.0,39.6396484375,-12.5867,0.012618
1490,17.325581395348838,1885.0,-0.3603515625,-19.159157,-5.507536
1491,17.33720930232558,1895.0,9.6396484375,-23.539816,-10.098295
1492,17.348837209302324,1848.0,-37.3603515625,-25.652473,-13.678024
1493,17.36046511627907,1870.0,-15.3603515625,-25.702581,-16.328396
1494,17.372093023255815,1841.0,-44.3603515625,-24.100079,-18.233814
1495,17.38372093023256,1840.0,-45.3603515625,-21.105915,-19.365021
1496,17.395348837209305,1847.0,-38.3603515625,-16.775087,-19.442976
1497,17.406976744186046,1850.0,-35.3603515625,-11.16444,-18.156124
1498,17.41860465116279,1881.0,-4.3603515625,-4.400727,-15.22006
1499,17.430232558139537,1858.0,-27.3603515625,3.010672,-10.68816
1500,17.441860465116278,1893.0,7.6396484375,10.356599,-4.84773
1501,17.453488372093023,1887.0,1.6396484375,16.724552,1.718726
1502,17.46511627906977,1924.0,38.6396484375,21.382278,8.365649
1503,17.47674418604651,1907.0,21.6396484375,23.906277,14.463702
1504,17.488372093023255,1922.0,36.6396484375,24.351616,19.524082
1505,17.5,1935.0,49.6396484375,23.078636,23.177559
1506,17.511627906976745,1948.0,62.6396484375,20.520721,25.084824
1507,17.52325581395349,1936.0,50.6396484375,16.981672,24.972439
1508,17.53488372093023,1921.0,35.6396484375,12.568066,22.701059
1509,17.546511627906977,1930.0,44.6396484375,7.283719,18.345739
1510,17.558139534883722,1899.0,13.6396484375,1.135166,12.2167
1511,17.569767441860463,1910.0,24.6396484375,-5.57306,4.917825
1512,17.58139534883721,1872.0,-13.3603515625,-12.291087,-2.82335
1513,17.593023255813954,1883.0,-2.3603515625,-18.209028,-10.244144
1514,17.604651162790695,1856.0,-29.3603515625,-22.589691,-16.759857
1515,17.61627906976744,1858.0,-27.3603515625,-24.889347,-21.919296
1516,17.62790697674419,1847.0,-38.3603515625,-24.991323,-25.483002
1517,17.63953488372093,1847.0,-38.3603515625,-23.156553,-27.314854
1518,17.651162790697676,1859.0,-26.3603515625,-19.817799,-27.254757
1519,17.66279069767442,1853.0,-32.3603515625,-15.451546,-25.159613
1520,17.674418604651162,1872.0,-13.3603515625,-10.307257,-20.897625
1521,17.686046511627907,1869.0,-16.3603515625,-4.537625,-14.551483
1522,17.697674418604652,1893.0,7.6396484375,1.854646,-6.435902
1523,17.709302325581394,1886.0,0.6396484375,8.672994,2.764206
1524,17.72093023255814,1906.0,20.6396484375,15.546347,12.135341
1525,17.732558139534884,1904.0,18.6396484375,21.767813,20.601168
1526,17.744186046511626,1902.0,16.6396484375,26.471674,27.128691
1527,17.755813953488374,1914.0,28.6396484375,28.920736,30.999712
1528,17.76744186046512,1893.0,7.6396484375,28.596899,31.800909
1529,17.77906976744186,1905.0,19.6396484375,25.515577,29.609625
1530,17.790697674418606,1882.0,-3.3603515625,20.064737,24.835079
1531,17.802325581395348,1892.0,6.6396484375,13.051675,18.211227
1532,17.813953488372093,1858.0,-27.3603515625,5.257023,10.44738
1533,17.825581395348838,1873.0,-12.3603515625,-2.577458,2.21282
1534,17.83720930232558,1867.0,-18.3603515625,-10.038859,-6.05101
1535,17.848837209302324,1861.0,-24.3603515625,-16.893274,-14.033587
1536,17.86046511627907,1861.0,-24.3603515625,-22.956497,-21.383621
1537,17.87209302325581,1859.0,-26.3603515625,-27.904047,-27.595716
1538,17.883720930232556,1866.0,-19.3603515625,-31.176237,-31.949463
1539,17.895348837209305,1843.0,-42.3603515625,-32.107059,-33.619831
1540,17.906976744186046,1899.0,13.6396484375,-29.987331,-31.848499
1541,17.91860465116279,1874.0,-11.3603515625,-24.669289,-26.489954
1542,17.930232558139537,1903.0,17.6396484375,-16.432419,-17.993984
1543,17.941860465116278,1904.0,18.6396484375,-6.294942,-7.566298
1544,17.953488372093023,1915.0,29.6396484375,4.441428,3.234174
1545,17.96511627906977,1915.0,29.6396484375,14.401431,12.898074
1546,17.97674418604651,1920.0,34.6396484375,22.610979,20.475563
1547,17.988372093023255,1920.0,34.6396484375,28.591267,25.678116
1548,18.0,1915.0,29.6396484375,32.33416,28.809753
1549,18.01162790697674,1919.0,33.6396484375,34.010277,30.321766
1550,18.02325581395349,1902.0,16.6396484375,33.587078,30.348562
1551,18.034883720930235,1904.0,18.6396484375,30.817629,28.5536
1552,18.046511627906977,1883.0,-2.3603515625,25.180168,24.203005
1553,18.058139534883722,1895.0,9.6396484375,16.45919,16.737453
1554,18.069767441860467,1877.0,-8.3603515625,4.894157,6.192368
1555,18.08139534883721,1878.0,-7.3603515625,-8.298952,-6.288603
1556,18.093023255813954,1856.0,-29.3603515625,-21.301241,-18.734402
1557,18.104651162790695,1868.0,-17.3603515625,-31.942122,-28.756851
1558,18.11627906976744,1861.0,-24.3603515625,-38.510216,-34.488869
1559,18.127906976744185,1855.0,-30.3603515625,-40.176796,-35.127159
1560,18.139534883720927,1862.0,-23.3603515625,-37.184544,-31.194668
1561,18.151162790697676,1860.0,-25.3603515625,-30.689947,-24.260468
1562,18.16279069767442,1869.0,-16.3603515625,-22.176287,-16.220741
1563,18.174418604651162,1853.0,-32.3603515625,-13.00121,-8.620089
1564,18.186046511627907,1872.0,-13.3603515625,-3.885185,-2.078966
1565,18.197674418604652,1875.0,-10.3603515625,4.891024,3.544563
1566,18.209302325581394,1895.0,9.6396484375,13.375375,8.884379
1567,18.22093023255814,1892.0,6.6396484375,21.393837,14.351073
1568,18.232558139534884,1889.0,3.6396484375,28.468769,19.86475
1569,18.244186046511626,1901.0,15.6396484375,33.707249,24.666109
1570,18.25581395348837,1892.0,6.6396484375,36.082291,27.615562
1571,18.267441860465116,1892.0,6.6396484375,34.849049,27.689619
1572,18.27906976744186,1873.0,-12.3603515625,29.787725,24.387833
1573,18.290697674418606,1889.0,3.6396484375,21.439154,18.022522
1574,18.30232558139535,1872.0,-13.3603515625,10.803967,9.486437
1575,18.313953488372093,1878.0,-7.3603515625,-0.722221,0.117291
1576,18.325581395348838,1859.0,-26.3603515625,-11.843009,-8.835478
1577,18.337209302325583,1873.0,-12.3603515625,-21.390217,-16.309692
1578,18.348837209302324,1863.0,-22.3603515625,-28.607588,-21.709789
1579,18.36046511627907,1871.0,-14.3603515625,-32.982716,-24.723167
1580,18.372093023255815,1855.0,-30.3603515625,-34.315266,-25.308874
1581,18.383720930232556,1853.0,-32.3603515625,-32.57272,-23.52029
1582,18.3953488372093,1868.0,-17.3603515625,-27.899918,-19.526623
1583,18.406976744186046,1859.0,-26.3603515625,-20.726421,-13.697188
1584,18.41860465116279,1876.0,-9.3603515625,-11.650749,-6.609332
1585,18.430232558139537,1872.0,-13.3603515625,-1.528315,0.940986
1586,18.441860465116278,1883.0,-2.3603515625,8.693061,8.071146
1587,18.453488372093023,1875.0,-10.3603515625,17.928211,13.863417
1588,18.46511627906977,1895.0,9.6396484375,25.222757,17.668148
1589,18.47674418604651,1895.0,9.6396484375,29.738956,19.117912
1590,18.488372093023255,1894.0,8.6396484375,31.043673,18.314186
1591,18.5,1894.0,8.6396484375,29.096781,15.686853
1592,18.51162790697674,1887.0,1.6396484375,24.366007,11.955886
1593,18.523255813953487,1893.0,7.6396484375,17.693254,7.865107
1594,18.534883720930235,1879.0,-6.3603515625,10.04181,3.984906
1595,18.546511627906977,1888.0,2.6396484375,2.334108,0.599508
1596,18.558139534883722,1871.0,-14.3603515625,-4.865569,-2.362627
1597,18.569767441860467,1875.0,-10.3603515625,-11.244894,-5.113402
1598,18.58139534883721,1873.0,-12.3603515625,-16.768364,-7.877886
1599,18.593023255813954,1874.0,-11.3603515625,-21.336056,-10.635965
1600,18.6046511627907,1869.0,-16.3603515625,-24.674477,-13.065018
1601,18.61627906976744,1857.0,-28.3603515625,-26.207851,-14.541624
1602,18.627906976744185,1862.0,-23.3603515625,-25.297098,-14.446758
1603,18.63953488372093,1858.0,-27.3603515625,-21.517582,-12.389564
1604,18.651162790697672,1856.0,-29.3603515625,-14.984679,-8.478231
1605,18.66279069767442,1863.0,-22.3603515625,-6.508504,-3.327269
1606,18.674418604651166,1874.0,-11.3603515625,2.594282,2.103736
1607,18.686046511627907,1866.0,-19.3603515625,10.817791,6.82882
1608,18.697674418604652,1877.0,-8.3603515625,17.004316,10.157146
1609,18.709302325581397,1876.0,-9.3603515625,20.543053,11.811208
1610,18.72093023255814,1872.0,-13.3603515625,21.580172,12.003838
1611,18.732558139534884,1885.0,-0.3603515625,20.642761,11.106494
1612,18.744186046511626,1872.0,-13.3603515625,18.420803,9.533791
1613,18.75581395348837,1879.0,-6.3603515625,15.342777,7.450676
1614,18.767441860465116,1867.0,-18.3603515625,11.586199,4.938046
1615,18.779069767441857,1872.0,-13.3603515625,7.189936,2.047637
1616,18.790697674418606,1858.0,-27.3603515625,2.226003,-1.037426
1617,18.80232558139535,1855.0,-30.3603515625,-2.919015,-3.90864
1618,18.813953488372093,1846.0,-39.3603515625,-7.700639,-6.115695
1619,18.825581395348838,1860.0,-25.3603515625,-11.452353,-7.271569
1620,18.837209302325583,1854.0,-31.3603515625,-13.86323,-7.41599
1621,18.848837209302324,1854.0,-31.3603515625,-14.934286,-6.87118
1622,18.86046511627907,1855.0,-30.3603515625,-15.099833,-6.242415
1623,18.872093023255815,1850.0,-35.3603515625,-14.780634,-5.939491
1624,18.883720930232556,1856.0,-29.3603515625,-14.183509,-6.021329
1625,18.8953488372093,1868.0,-17.3603515625,-13.071013,-6.048527
1626,18.906976744186046,1862.0,-23.3603515625,-10.871976,-5.288133
1627,18.91860465116279,1863.0,-22.3603515625,-7.02383,-3.104106
1628,18.930232558139537,1869.0,-16.3603515625,-1.340633,0.677809
1629,18.94186046511628,1872.0,-13.3603515625,5.565521,5.443635
1630,18.953488372093023,1875.0,-10.3603515625,12.493539,10.025599
1631,18.96511627906977,1872.0,-13.3603515625,17.903637,13.023026
1632,18.976744186046513,1871.0,-14.3603515625,20.608871,13.461174
1633,18.988372093023255,1875.0,-10.3603515625,20.104214,11.105815
1634,19.0,1869.0,-16.3603515625,16.80048,6.624287
1635,19.011627906976745,1873.0,-12.3603515625,11.817578,1.356544
1636,19.023255813953487,1854.0,-31.3603515625,6.494407,-3.212426
1637,19.03488372093023,1866.0,-19.3603515625,1.906556,-5.993237
1638,19.046511627906973,1851.0,-34.3603515625,-1.533751,-6.678649
1639,19.058139534883722,1865.0,-20.3603515625,-3.93711,-5.662145
1640,19.069767441860467,1851.0,-34.3603515625,-5.862429,-3.91635
1641,19.08139534883721,1857.0,-28.3603515625,-7.751787,-2.403871
1642,19.093023255813954,1854.0,-31.3603515625,-9.833431,-1.822803
1643,19.1046511627907,1847.0,-38.3603515625,-11.874998,-2.258745
1644,19.11627906976744,1856.0,-29.3603515625,-13.395022,-3.314775
1645,19.127906976744185,1853.0,-32.3603515625,-13.846407,-4.272216
1646,19.13953488372093,1877.0,-8.3603515625,-12.833366,-4.4086
1647,19.151162790697672,1855.0,-30.3603515625,-10.297024,-3.332632
1648,19.162790697674417,1872.0,-13.3603515625,-6.39291,-1.033048
1649,19.174418604651162,1863.0,-22.3603515625,-1.594742,1.999755
1650,19.186046511627907,1873.0,-12.3603515625,3.528406,4.999203
1651,19.197674418604652,1874.0,-11.3603515625,8.272442,7.110002
1652,19.209302325581397,1869.0,-16.3603515625,11.987999,7.68801
1653,19.22093023255814,1866.0,-19.3603515625,14.118039,6.510339
1654,19.232558139534884,1866.0,-19.3603515625,14.4012,3.888855
1655,19.24418604651163,1875.0,-10.3603515625,12.926316,0.584956
1656,19.25581395348837,1855.0,-30.3603515625,10.116481,-2.463907
1657,19.267441860465116,1859.0,-26.3603515625,6.715789,-4.349177
1658,19.27906976744186,1863.0,-22.3603515625,3.416567,-4.631234
1659,19.290697674418603,1859.0,-26.3603515625,0.713307,-3.407477
1660,19.302325581395348,1849.0,-36.3603515625,-1.337976,-1.332004
1661,19.313953488372096,1851.0,-34.3603515625,-2.97688,0.747714
1662,19.325581395348838,1853.0,-32.3603515625,-4.675548,2.039133
1663,19.337209302325583,1847.0,-38.3603515625,-6.728295,2.169713
1664,19.348837209302324,1847.0,-38.3603515625,-9.071516,1.277158
1665,19.36046511627907,1844.0,-41.3603515625,-11.246754,-0.127369
1666,19.372093023255815,1856.0,-29.3603515625,-12.536534,-1.407376
1667,19.383720930232556,1858.0,-27.3603515625,-12.304435,-2.106579
1668,19.3953488372093,1856.0,-29.3603515625,-10.221162,-2.108154
1669,19.406976744186046,1846.0,-39.3603515625,-6.517079,-1.659168
1670,19.418604651162788,1873.0,-12.3603515625,-1.699835,-1.007471
1671,19.430232558139533,1862.0,-23.3603515625,3.353768,-0.432297
1672,19.44186046511628,1877.0,-8.3603515625,7.89771,0.065714
1673,19.453488372093023,1872.0,-13.3603515625,11.332689,0.626163
1674,19.46511627906977,1874.0,-11.3603515625,13.35135,1.370283
1675,19.476744186046513,1878.0,-7.3603515625,13.839293,2.223072
1676,19.488372093023255,1874.0,-11.3603515625,12.813161,2.866475
1677,19.5,1858.0,-27.3603515625,10.385729,2.863587
1678,19.511627906976745,1870.0,-15.3603515625,6.812565,1.936109
1679,19.523255813953487,1861.0,-24.3603515625,2.506162,0.148597
1680,19.53488372093023,1859.0,-26.3603515625,-1.958772,-1.97532
1681,19.546511627906977,1871.0,-14.3603515625,-5.895313,-3.642625
1682,19.55813953488372,1858.0,-27.3603515625,-8.774381,-4.161861
1683,19.569767441860467,1857.0,-28.3603515625,-10.255457,-3.223094
1684,19.581395348837212,1857.0,-28.3603515625,-10.388236,-1.128047
1685,19.593023255813954,1842.0,-43.3603515625,-9.499803,1.326917
1686,19.6046511627907,1854.0,-31.3603515625,-8.050861,3.185289
1687,19.616279069767444,1857.0,-28.3603515625,-6.40334,3.754158
1688,19.627906976744185,1868.0,-17.3603515625,-4.693573,2.911402
1689,19.63953488372093,1855.0,-30.3603515625,-2.859387,1.087858
1690,19.651162790697676,1879.0,-6.3603515625,-0.682582,-0.853064
1691,19.662790697674417,1872.0,-13.3603515625,1.896001,-2.139827
1692,19.674418604651162,1873.0,-12.3603515625,4.749576,-2.331743
1693,19.686046511627904,1872.0,-13.3603515625,7.446307,-1.544055
1694,19.697674418604652,1886.0,0.6396484375,9.472954,-0.281044
1695,19.709302325581397,1886.0,0.6396484375,10.34862,0.811528
1696,19.72093023255814,1882.0,-3.3603515625,9.889063,1.293516
1697,19.732558139534884,1878.0,-7.3603515625,8.230605,1.103677
1698,19.74418604651163,1870.0,-15.3603515625,5.761401,0.5053
1699,19.75581395348837,1873.0,-12.3603515625,3.001709,-0.05559
1700,19.767441860465116,1860.0,-25.3603515625,0.339112,-0.276885
1701,19.77906976744186,1866.0,-19.3603515625,-2.002558,-0.085958
1702,19.790697674418603,1861.0,-24.3603515625,-4.061828,0.255418
1703,19.802325581395348,1872.0,-13.3603515625,-5.896902,0.424749
1704,19.813953488372093,1859.0,-26.3603515625,-7.566954,0.150375
1705,19.825581395348838,1865.0,-20.3603515625,-8.893409,-0.526531
1706,19.837209302325583,1861.0,-24.3603515625,-9.591402,-1.346228
1707,19.848837209302328,1863.0,-22.3603515625,-9.276981,-1.871875
1708,19.86046511627907,1859.0,-26.3603515625,-7.742293,-1.788245
1709,19.872093023255815,1857.0,-28.3603515625,-5.040552,-1.034602
1710,19.88372093023256,1854.0,-31.3603515625,-1.59696,0.087709
1711,19.8953488372093,1866.0,-19.3603515625,1.932361,1.094722
1712,19.906976744186046,1875.0,-10.3603515625,4.886569,1.516855
1713,19.91860465116279,1863.0,-22.3603515625,6.774801,1.147091
1714,19.930232558139533,1878.0,-7.3603515625,7.540299,0.19991
1715,19.941860465116278,1872.0,-13.3603515625,7.417882,-0.838622
1716,19.953488372093023,1882.0,-3.3603515625,6.873023,-1.370868
1717,19.96511627906977,1884.0,-1.3603515625,6.259761,-1.046718
1718,19.976744186046513,1895.0,9.6396484375,5.730623,0.1134
1719,19.988372093023255,1881.0,-4.3603515625,5.116989,1.654692
1720,20.0,1897.0,11.6396484375,4.132515,2.971795
1721,20.011627906976745,1891.0,5.6396484375,2.526267,3.507659
1722,20.023255813953487,1882.0,-3.3603515625,0.303508,3.068606
1723,20.03488372093023,1874.0,-11.3603515625,-2.204159,1.899065
1724,20.046511627906977,1883.0,-2.3603515625,-4.520566,0.51114
1725,20.05813953488372,1877.0,-8.3603515625,-6.227974,-0.612465
1726,20.069767441860463,1873.0,-12.3603515625,-7.193703,-1.256199
1727,20.081395348837212,1874.0,-11.3603515625,-7.561834,-1.575189
1728,20.093023255813954,1867.0,-18.3603515625,-7.636092,-1.941422
1729,20.1046511627907,1866.0,-19.3603515625,-7.597777,-2.647696
1730,20.116279069767444,1867.0,-18.3603515625,-7.336109,-3.685396
1731,20.127906976744185,1862.0,-23.3603515625,-6.474279,-4.653454
1732,20.13953488372093,1866.0,-19.3603515625,-4.539855,-4.92572
1733,20.151162790697676,1865.0,-20.3603515625,-1.343137,-4.009191
1734,20.162790697674417,1870.0,-15.3603515625,2.79569,-1.893692
1735,20.174418604651162,1867.0,-18.3603515625,7.040355,0.887672
1736,20.186046511627907,1872.0,-13.3603515625,10.357405,3.435719
1737,20.19767441860465,1869.0,-16.3603515625,11.889398,4.890707
1738,20.209302325581397,1872.0,-13.3603515625,11.398418,4.8907
1739,20.220930232558143,1872.0,-13.3603515625,9.32317,3.744719
1740,20.232558139534884,1876.0,-9.3603515625,6.549934,2.242657
1741,20.24418604651163,1876.0,-9.3603515625,4.000454,1.305564
1742,20.255813953488374,1875.0,-10.3603515625,2.149483,1.438565
1743,20.267441860465116,1888.0,2.6396484375,0.912403,2.48205
1744,20.27906976744186,1872.0,-13.3603515625,-0.291707,3.668211
1745,20.290697674418603,1874.0,-11.3603515625,-2.028546,4.057821
1746,20.302325581395348,1872.0,-13.3603515625,-4.539705,3.010179
1747,20.313953488372093,1873.0,-12.3603515625,-7.497866,0.527563
1748,20.325581395348834,1857.0,-28.3603515625,-10.176824,-2.735504
1749,20.33720930232558,1872.0,-13.3603515625,-11.70654,-5.720661
1750,20.348837209302328,1871.0,-14.3603515625,-11.577771,-7.513432
1751,20.36046511627907,1871.0,-14.3603515625,-9.782084,-7.66106
1752,20.372093023255815,1854.0,-31.3603515625,-6.770057,-6.317957
1753,20.38372093023256,1858.0,-27.3603515625,-3.167478,-4.039799
1754,20.3953488372093,1865.0,-20.3603515625,0.481672,-1.542202
1755,20.406976744186046,1858.0,-27.3603515625,3.867615,0.624474
1756,20.41860465116279,1867.0,-18.3603515625,6.848423,2.157668
1757,20.430232558139533,1861.0,-24.3603515625,9.247869,2.967925
1758,20.441860465116278,1877.0,-8.3603515625,10.780112,3.067106
1759,20.453488372093023,1873.0,-12.3603515625,11.030866,2.491287
1760,20.465116279069765,1890.0,4.6396484375,9.74111,1.38683
1761,20.476744186046513,1889.0,3.6396484375,6.998618,0.038325
1762,20.48837209302326,1895.0,9.6396484375,3.403448,-1.054219
1763,20.5,1893.0,7.6396484375,-0.090819,-1.30586
1764,20.511627906976745,1899.0,13.6396484375,-2.548562,-0.301847
1765,20.52325581395349,1888.0,2.6396484375,-3.455997,1.938279
1766,20.53488372093023,1895.0,9.6396484375,-2.975116,4.844777
1767,20.546511627906977,1889.0,3.6396484375,-1.828752,7.467457
1768,20.558139534883722,1891.0,5.6396484375,-0.979018,8.785884
1769,20.569767441860463,1893.0,7.6396484375,-1.108064,8.173523
1770,20.58139534883721,1883.0,-2.3603515625,-2.37714,5.598222
1771,20.59302325581395,1882.0,-3.3603515625,-4.327047,1.652407
1772,20.6046511627907,1872.0,-13.3603515625,-6.193563,-2.738973
1773,20.616279069767444,1867.0,-18.3603515625,-7.282332,-6.699131
1774,20.627906976744185,1866.0,-19.3603515625,-7.239822,-9.62426
1775,20.63953488372093,1866.0,-19.3603515625,-6.166035,-11.30575
1776,20.651162790697676,1856.0,-29.3603515625,-4.378572,-11.743038
1777,20.662790697674417,1856.0,-29.3603515625,-2.254703,-11.000579
1778,20.674418604651162,1851.0,-34.3603515625,0.020443,-9.077897
1779,20.686046511627907,1858.0,-27.3603515625,2.394461,-5.981325
1780,20.69767441860465,1873.0,-12.3603515625,4.834787,-1.914315
1781,20.709302325581394,1871.0,-14.3603515625,7.132398,2.60245
1782,20.72093023255814,1883.0,-2.3603515625,8.899508,6.762772
1783,20.732558139534884,1877.0,-8.3603515625,9.663193,9.720005
1784,20.74418604651163,1892.0,6.6396484375,9.144108,10.954618
1785,20.755813953488374,1882.0,-3.3603515625,7.410985,10.485542
1786,20.767441860465116,1885.0,-0.3603515625,4.885961,8.843005
1787,20.77906976744186,1879.0,-6.3603515625,2.176613,6.816482
1788,20.790697674418606,1885.0,-0.3603515625,-0.177151,5.073856
1789,20.802325581395348,1874.0,-11.3603515625,-1.956357,3.818967
1790,20.813953488372093,1867.0,-18.3603515625,-3.264431,2.7768
1791,20.825581395348838,1877.0,-8.3603515625,-4.349592,1.418184
1792,20.83720930232558,1877.0,-8.3603515625,-5.396935,-0.65556
1793,20.848837209302324,1872.0,-13.3603515625,-6.359487,-3.425586
1794,20.860465116279073,1879.0,-6.3603515625,-6.953132,-6.370893
1795,20.872093023255815,1871.0,-14.3603515625,-6.891397,-8.741821
1796,20.88372093023256,1873.0,-12.3603515625,-6.042917,-9.881988
1797,20.8953488372093,1872.0,-13.3603515625,-4.597072,-9.540238
1798,20.906976744186046,1878.0,-7.3603515625,-2.963566,-7.983006
1799,20.91860465116279,1878.0,-7.3603515625,-1.588921,-5.836478
1800,20.930232558139533,1886.0,0.6396484375,-0.603977,-3.675452
1801,20.941860465116278,1887.0,1.6396484375,0.151935,-1.853062
1802,20.953488372093023,1897.0,11.6396484375,1.104267,-0.34565
1803,20.965116279069765,1893.0,7.6396484375,2.581239,1.095487
1804,20.97674418604651,1888.0,2.6396484375,4.589516,2.695215
1805,20.98837209302326,1887.0,1.6396484375,6.72082,4.486508
1806,21.0,1898.0,12.6396484375,8.307729,6.233559
1807,21.011627906976745,1889.0,3.6396484375,8.702813,7.540176
1808,21.02325581395349,1887.0,1.6396484375,7.720399,8.157726
1809,21.03488372093023,1890.0,4.6396484375,5.693188,8.040282
1810,21.046511627906977,1885.0,-0.3603515625,3.324168,7.360914
1811,21.058139534883722,1882.0,-3.3603515625,1.370197,6.36423
1812,21.069767441860463,1865.0,-20.3603515625,0.184147,5.151803
1813,21.08139534883721,1873.0,-12.3603515625,-0.402659,3.614624
1814,21.093023255813954,1863.0,-22.3603515625,-1.016977,1.484256
1815,21.104651162790695,1871.0,-14.3603515625,-2.356732,-1.442778
1816,21.116279069767444,1863.0,-22.3603515625,-4.748731,-5.053841
1817,21.12790697674419,1868.0,-17.3603515625,-7.875339,-8.819919
1818,21.13953488372093,1858.0,-27.3603515625,-10.834848,-11.86852
1819,21.151162790697676,1868.0,-17.3603515625,-12.522021,-13.330943
1820,21.16279069767442,1856.0,-29.3603515625,-12.081756,-12.658395
1821,21.174418604651162,1857.0,-28.3603515625,-9.320724,-9.856593
1822,21.186046511627907,1871.0,-14.3603515625,-4.807088,-5.562111
1823,21.19767441860465,1860.0,-25.3603515625,0.310082,-0.807249
1824,21.209302325581394,1867.0,-18.3603515625,4.835961,3.364471
1825,21.22093023255814,1871.0,-14.3603515625,7.905142,6.215472
1826,21.23255813953488,1872.0,-13.3603515625,9.260005,7.517588
1827,21.24418604651163,1867.0,-18.3603515625,9.233231,7.508445
1828,21.255813953488374,1871.0,-14.3603515625,8.48587,6.751912
1829,21.267441860465116,1872.0,-13.3603515625,7.66427,5.844995
1830,21.27906976744186,1859.0,-26.3603515625,7.082467,5.168389
1831,21.290697674418606,1867.0,-18.3603515625,6.713734,4.85191
1832,21.302325581395348,1856.0,-29.3603515625,6.201785,4.721068
1833,21.313953488372093,1863.0,-22.3603515625,5.174716,4.486413
1834,21.325581395348838,1850.0,-35.3603515625,3.332368,3.801282
1835,21.33720930232558,1857.0,-28.3603515625,0.656662,2.457382
1836,21.348837209302324,1845.0,-40.3603515625,-2.683902,0.366731
1837,21.36046511627907,1843.0,-42.3603515625,-6.337916,-2.357239
1838,21.372093023255815,1850.0,-35.3603515625,-9.877522,-5.424182
1839,21.38372093023256,1853.0,-32.3603515625,-12.829107,-8.368433
1840,21.395348837209305,1843.0,-42.3603515625,-14.686473,-10.613668
1841,21.406976744186046,1842.0,-43.3603515625,-14.900472,-11.497303
1842,21.41860465116279,1841.0,-44.3603515625,-13.023913,-10.501142
1843,21.430232558139537,1840.0,-45.3603515625,-8.9512,-7.481196
1844,21.441860465116278,1853.0,-32.3603515625,-3.029952,-2.782317
1845,21.453488372093023,1851.0,-34.3603515625,3.785184,2.665137
1846,21.46511627906977,1845.0,-40.3603515625,10.159374,7.577738
1847,21.47674418604651,1855.0,-30.3603515625,14.719574,10.691388
1848,21.488372093023255,1867.0,-18.3603515625,16.519396,11.206695
1849,21.5,1855.0,-30.3603515625,15.323768,9.04081
1850,21.511627906976745,1871.0,-14.3603515625,11.823645,5.065577
1851,21.52325581395349,1869.0,-16.3603515625,7.258312,0.668878
1852,21.53488372093023,1869.0,-16.3603515625,2.971918,-2.673929
1853,21.546511627906977,1863.0,-22.3603515625,-0.136911,-4.038231
1854,21.558139534883722,1857.0,-28.3603515625,-1.876235,-3.330842
1855,21.569767441860463,1863.0,-22.3603515625,-2.743549,-1.349333
1856,21.58139534883721,1851.0,-34.3603515625,-3.571975,0.637043
1857,21.593023255813954,1855.0,-30.3603515625,-4.966962,1.503619
1858,21.604651162790695,1841.0,-44.3603515625,-6.99869,0.753003
1859,21.61627906976744,1849.0,-36.3603515625,-9.08391,-1.220263
1860,21.627906976744185,1850.0,-35.3603515625,-10.324637,-3.393555
1861,21.63953488372093,1840.0,-45.3603515625,-9.982563,-4.639497
1862,21.651162790697676,1846.0,-39.3603515625,-7.843102,-4.234449
1863,21.66279069767442,1840.0,-45.3603515625,-4.396502,-2.247116
1864,21.674418604651162,1839.0,-46.3603515625,-0.568303,0.546232
1865,21.686046511627907,1845.0,-40.3603515625,2.685771,3.063504
1866,21.697674418604652,1843.0,-42.3603515625,4.809928,4.430247
1867,21.709302325581394,1841.0,-44.3603515625,5.826056,4.360052
1868,21.72093023255814,1840.0,-45.3603515625,6.206639,3.210554
1869,21.732558139534884,1841.0,-44.3603515625,6.500466,1.723983
1870,21.744186046511626,1854.0,-31.3603515625,6.97773,0.567091
1871,21.75581395348837,1837.0,-48.3603515625,7.421646,-0.02998
1872,21.76744186046512,1858.0,-27.3603515625,7.327952,-0.282088
1873,21.77906976744186,1845.0,-40.3603515625,6.188849,-0.691543
1874,21.790697674418606,1865.0,-20.3603515625,3.877295,-1.615252
1875,21.80232558139535,1866.0,-19.3603515625,0.764392,-3.024716
1876,21.813953488372093,1856.0,-29.3603515625,-2.389511,-4.404865
1877,21.825581395348838,1858.0,-27.3603515625,-4.758713,-5.002762
1878,21.83720930232558,1841.0,-44.3603515625,-5.918544,-4.272867
1879,21.848837209302324,1853.0,-32.3603515625,-5.918563,-2.143183
1880,21.86046511627907,1845.0,-40.3603515625,-5.309715,0.809793
1881,21.87209302325581,1840.0,-45.3603515625,-4.748255,3.643611
1882,21.883720930232556,1835.0,-50.3603515625,-4.678367,5.413855
1883,21.895348837209305,1842.0,-43.3603515625,-5.052529,5.635618
1884,21.906976744186046,1841.0,-44.3603515625,-5.39018,4.455956
1885,21.91860465116279,1837.0,-48.3603515625,-5.067388,2.528944
1886,21.930232558139537,1844.0,-41.3603515625,-3.626285,0.719367
1887,21.941860465116278,1839.0,-46.3603515625,-1.103661,-0.362634
1888,21.953488372093023,1850.0,-35.3603515625,2.038155,-0.559563
1889,21.96511627906977,1843.0,-42.3603515625,5.015411,-0.237421
1890,21.97674418604651,1840.0,-45.3603515625,7.14171,0.021152
1891,21.988372093023255,1847.0,-38.3603515625,8.03991,-0.27979
1892,22.0,1853.0,-32.3603515625,7.752737,-1.288897
1893,22.01162790697674,1855.0,-30.3603515625,6.629267,-2.739337
1894,22.02325581395349,1868.0,-17.3603515625,5.151584,-4.043429
1895,22.034883720930235,1855.0,-30.3603515625,3.648444,-4.646722
1896,22.046511627906977,1858.0,-27.3603515625,2.29947,-4.182264
1897,22.058139534883722,1857.0,-28.3603515625,1.084072,-2.693481
1898,22.069767441860467,1841.0,-44.3603515625,-0.079369,-0.53418
1899,22.08139534883721,1858.0,-27.3603515625,-1.184837,1.787101
1900,22.093023255813954,1838.0,-47.3603515625,-2.215469,3.764213
1901,22.1046511627907,1840.0,-45.3603515625,-3.071078,5.059764
1902,22.11627906976744,1841.0,-44.3603515625,-3.73165,5.546625
1903,22.127906976744185,1840.0,-45.3603515625,-4.275172,5.204922
1904,22.139534883720927,1843.0,-42.3603515625,-4.832384,4.120331
1905,22.151162790697676,1827.0,-58.3603515625,-5.493248,2.412286
1906,22.16279069767442,1834.0,-51.3603515625,-6.170527,0.254746
1907,22.174418604651162,1838.0,-47.3603515625,-6.58276,-2.063751
1908,22.186046511627907,1839.0,-46.3603515625,-6.330287,-4.171153
1909,22.197674418604652,1829.0,-56.3603515625,-5.054024,-5.604331
1910,22.209302325581394,1839.0,-46.3603515625,-2.589775,-5.951101
1911,22.22093023255814,1843.0,-42.3603515625,0.818666,-5.036127
1912,22.232558139534884,1855.0,-30.3603515625,4.601505,-3.02924
1913,22.244186046511626,1840.0,-45.3603515625,7.938928,-0.473189
1914,22.25581395348837,1849.0,-36.3603515625,10.133104,1.933904
1915,22.267441860465116,1846.0,-39.3603515625,10.722623,3.500388
1916,22.27906976744186,1850.0,-35.3603515625,9.694932,3.841591
1917,22.290697674418606,1856.0,-29.3603515625,7.416591,2.993231
1918,22.30232558139535,1860.0,-25.3603515625,4.51207,1.425832
1919,22.313953488372093,1857.0,-28.3603515625,1.60856,-0.185854
1920,22.325581395348838,1847.0,-38.3603515625,-0.842098,-1.194351
1921,22.337209302325583,1852.0,-33.3603515625,-2.608215,-1.217655
1922,22.348837209302324,1851.0,-34.3603515625,-3.710057,-0.26644
1923,22.36046511627907,1849.0,-36.3603515625,-4.309388,1.259271
1924,22.372093023255815,1840.0,-45.3603515625,-4.568605,2.813115
1925,22.383720930232556,1853.0,-32.3603515625,-4.594018,3.885251
1926,22.3953488372093,1843.0,-42.3603515625,-4.459565,4.105772
1927,22.40697674418605,1839.0,-46.3603515625,-4.212393,3.398055
1928,22.41860465116279,1840.0,-45.3603515625,-3.921857,1.877856
1929,22.430232558139537,1837.0,-48.3603515625,-3.703348,-0.231616
1930,22.441860465116278,1847.0,-38.3603515625,-3.619683,-2.649061
1931,22.453488372093023,1840.0,-45.3603515625,-3.647112,-5.069084
1932,22.46511627906977,1846.0,-39.3603515625,-3.54619,-7.107418
1933,22.47674418604651,1841.0,-44.3603515625,-2.956205,-8.30321
1934,22.488372093023255,1844.0,-41.3603515625,-1.494566,-8.194402
1935,22.5,1840.0,-45.3603515625,1.017847,-6.463795
1936,22.51162790697674,1855.0,-30.3603515625,4.434378,-3.128906
1937,22.523255813953487,1854.0,-31.3603515625,8.133022,1.279961
1938,22.534883720930235,1845.0,-40.3603515625,11.185662,5.776456
1939,22.546511627906977,1856.0,-29.3603515625,12.66146,9.206253
1940,22.558139534883722,1856.0,-29.3603515625,11.916631,10.606587
1941,22.569767441860467,1852.0,-33.3603515625,8.919333,9.595026
1942,22.58139534883721,1840.0,-45.3603515625,4.283589,6.56264
1943,22.593023255813954,1852.0,-33.3603515625,-0.82372,2.591808
1944,22.6046511627907,1851.0,-34.3603515625,-5.173063,-1.005647
1945,22.61627906976744,1847.0,-38.3603515625,-7.832302,-3.158553
1946,22.627906976744185,1849.0,-36.3603515625,-8.533141,-3.493967
1947,22.63953488372093,1850.0,-35.3603515625,-7.700541,-2.473104
1948,22.651162790697672,1843.0,-42.3603515625,-6.25828,-1.147062
1949,22.66279069767442,1845.0,-40.3603515625,-5.121852,-0.585886
1950,22.674418604651166,1835.0,-50.3603515625,-4.841952,-1.417761
1951,22.686046511627907,1839.0,-46.3603515625,-5.303929,-3.440608
1952,22.697674418604652,1840.0,-45.3603515625,-5.799935,-5.718125
1953,22.709302325581397,1843.0,-42.3603515625,-5.426501,-7.034837
1954,22.72093023255814,1840.0,-45.3603515625,-3.52297,-6.470877
1955,22.732558139534884,1840.0,-45.3603515625,-0.045661,-3.848759
1956,22.74418604651163,1841.0,-44.3603515625,4.333076,0.139469
1957,22.75581395348837,1842.0,-43.3603515625,8.450309,4.215686
1958,22.767441860465116,1847.0,-38.3603515625,11.138126,7.074378
1959,22.779069767441857,1835.0,-50.3603515625,11.680899,7.927468
1960,22.790697674418603,1852.0,-33.3603515625,10.097936,6.794167
1961,22.80232558139535,1841.0,-44.3603515625,7.073143,4.387597
1962,22.813953488372093,1860.0,-25.3603515625,3.648004,1.782434
1963,22.825581395348838,1858.0,-27.3603515625,0.747543,-0.137693
1964,22.837209302325583,1866.0,-19.3603515625,-1.165988,-1.00319
1965,22.848837209302324,1857.0,-28.3603515625,-2.175435,-1.010538
1966,22.86046511627907,1861.0,-24.3603515625,-2.743227,-0.680578
1967,22.872093023255815,1859.0,-26.3603515625,-3.394603,-0.54721
1968,22.883720930232556,1847.0,-38.3603515625,-4.38711,-0.835356
1969,22.8953488372093,1845.0,-40.3603515625,-5.565854,-1.401154
1970,22.906976744186046,1852.0,-33.3603515625,-6.501491,-1.907824
1971,22.918604651162788,1851.0,-34.3603515625,-6.732413,-2.05494
1972,22.930232558139537,1841.0,-44.3603515625,-6.01739,-1.80588
1973,22.94186046511628,1840.0,-45.3603515625,-4.462112,-1.376565
1974,22.953488372093023,1837.0,-48.3603515625,-2.452543,-1.10283
1975,22.96511627906977,1840.0,-45.3603515625,-0.472139,-1.193419
1976,22.976744186046513,1834.0,-51.3603515625,1.102133,-1.630427
1977,22.988372093023255,1837.0,-48.3603515625,2.185549,-2.07726
1978,23.0,1849.0,-36.3603515625,2.961405,-2.071167
1979,23.011627906976745,1843.0,-42.3603515625,3.655005,-1.328394
1980,23.023255813953487,1845.0,-40.3603515625,4.454352,0.177047
1981,23.03488372093023,1843.0,-42.3603515625,5.311822,2.107892
1982,23.046511627906977,1859.0,-26.3603515625,5.986824,3.940267
1983,23.058139534883722,1846.0,-39.3603515625,6.110787,5.124474
1984,23.069767441860467,1857.0,-28.3603515625,5.433948,5.376513
1985,23.08139534883721,1859.0,-26.3603515625,3.937301,4.72051
1986,23.093023255813954,1852.0,-33.3603515625,1.850726,3.454292
1987,23.1046511627907,1855.0,-30.3603515625,-0.365852,2.001618
1988,23.11627906976744,1847.0,-38.3603515625,-2.2671,0.704582
1989,23.127906976744185,1851.0,-34.3603515625,-3.51495,-0.282986
1990,23.13953488372093,1845.0,-40.3603515625,-4.038177,-1.008182
1991,23.151162790697672,1851.0,-34.3603515625,-4.025973,-1.675212
1992,23.162790697674417,1839.0,-46.3603515625,-3.815774,-2.47615
1993,23.174418604651162,1840.0,-45.3603515625,-3.709197,-3.476164
1994,23.186046511627907,1838.0,-47.3603515625,-3.836574,-4.558518
1995,23.197674418604652,1839.0,-46.3603515625,-4.055861,-5.420952
1996,23.209302325581397,1843.0,-42.3603515625,-4.029697,-5.707911
1997,23.22093023255814,1847.0,-38.3603515625,-3.392218,-5.115203
1998,23.232558139534884,1843.0,-42.3603515625,-1.961442,-3.581353
1999,23.24418604651163,1840.0,-45.3603515625,0.118313,-1.322561
2000,23.25581395348837,1866.0,-19.3603515625,2.419614,1.23629
2001,23.267441860465116,1845.0,-40.3603515625,4.243566,3.473354
2002,23.27906976744186,1852.0,-33.3603515625,5.104058,4.950406
2003,23.290697674418603,1854.0,-31.3603515625,4.806107,5.451562
2004,23.302325581395348,1856.0,-29.3603515625,3.659468,5.143178
2005,23.313953488372096,1867.0,-18.3603515625,2.317861,4.454353
2006,23.325581395348838,1861.0,-24.3603515625,1.439126,3.819536
2007,23.337209302325583,1865.0,-20.3603515625,1.421796,3.498875
2008,23.348837209302328,1858.0,-27.3603515625,2.112072,3.3695
2009,23.36046511627907,1860.0,-25.3603515625,2.955262,3.055473
2010,23.372093023255815,1861.0,-24.3603515625,3.21792,2.099383
2011,23.383720930232556,1861.0,-24.3603515625,2.406548,0.250604
2012,23.3953488372093,1867.0,-18.3603515625,0.549498,-2.275646
2013,23.406976744186046,1865.0,-20.3603515625,-1.776601,-4.84431
2014,23.418604651162788,1847.0,-38.3603515625,-3.734342,-6.629094
2015,23.430232558139533,1857.0,-28.3603515625,-4.630399,-6.983236
2016,23.44186046511628,1853.0,-32.3603515625,-4.313509,-5.79637
2017,23.453488372093023,1855.0,-30.3603515625,-3.254093,-3.587372
2018,23.46511627906977,1855.0,-30.3603515625,-2.272993,-1.271967
2019,23.476744186046513,1849.0,-36.3603515625,-2.117223,0.231256
2020,23.488372093023255,1846.0,-39.3603515625,-3.005915,0.435192
2021,23.5,1845.0,-40.3603515625,-4.455206,-0.435994
2022,23.511627906976745,1854.0,-31.3603515625,-5.478424,-1.581599
2023,23.523255813953487,1845.0,-40.3603515625,-5.103679,-2.022543
2024,23.53488372093023,1858.0,-27.3603515625,-2.807957,-1.020844
2025,23.546511627906977,1858.0,-27.3603515625,1.076111,1.446049
2026,23.55813953488372,1862.0,-23.3603515625,5.525114,4.724598
2027,23.569767441860467,1859.0,-26.3603515625,9.222909,7.712004
2028,23.581395348837212,1858.0,-27.3603515625,11.08601,9.317661
2029,23.593023255813954,1860.0,-25.3603515625,10.759338,8.961306
2030,23.6046511627907,1851.0,-34.3603515625,8.602452,6.731523
2031,23.616279069767444,1861.0,-24.3603515625,5.521087,3.337588
2032,23.627906976744185,1863.0,-22.3603515625,2.461637,-0.23691
2033,23.63953488372093,1860.0,-25.3603515625,0.020495,-3.169473
2034,23.651162790697676,1868.0,-17.3603515625,-1.698476,-5.009315
2035,23.662790697674417,1853.0,-32.3603515625,-3.046168,-5.826123
2036,23.674418604651162,1849.0,-36.3603515625,-4.416473,-5.950345
2037,23.686046511627904,1861.0,-24.3603515625,-5.971833,-5.730289
2038,23.697674418604652,1845.0,-40.3603515625,-7.528856,-5.370888
2039,23.709302325581397,1847.0,-38.3603515625,-8.610383,-4.813644
2040,23.72093023255814,1846.0,-39.3603515625,-8.707919,-3.888843
2041,23.732558139534884,1845.0,-40.3603515625,-7.564495,-2.463842
2042,23.74418604651163,1837.0,-48.3603515625,-5.28934,-0.614203
2043,23.75581395348837,1840.0,-45.3603515625,-2.350974,1.369684
2044,23.767441860465116,1850.0,-35.3603515625,0.671435,3.091303
2045,23.77906976744186,1846.0,-39.3603515625,3.275138,4.218909
2046,23.790697674418603,1857.0,-28.3603515625,5.233354,4.651218
2047,23.802325581395348,1857.0,-28.3603515625,6.551558,4.51598
