muestra,tiempo_ms,adc,adc_centrado,adc_filtrado,residual
0,0.0,1888.0,-6.6171875,-0.004032,-0.005703
1,0.011627906976744186,1888.0,-6.6171875,-0.006048,-0.00636
2,0.023255813953488372,1891.0,-3.6171875,-0.003441,-0.001115
3,0.03488372093023256,1887.0,-7.6171875,-0.001866,0.00071
4,0.046511627906976744,1891.0,-3.6171875,0.002887,0.000279
5,0.058139534883720936,1890.0,-4.6171875,0.005475,0.00071
6,0.06976744186046512,1899.0,4.3828125,0.011306,0.002
7,0.0813953488372093,1893.0,-1.6171875,0.009421,0.002058
8,0.09302325581395349,1905.0,10.3828125,0.013828,0.005613
9,0.10465116279069767,1902.0,7.3828125,0.015406,0.013617
10,0.11627906976744187,1909.0,14.3828125,0.022141,0.021401
11,0.12790697674418605,1905.0,10.3828125,0.025598,0.027096
12,0.13953488372093023,1918.0,23.3828125,0.034851,0.035663
13,0.1511627906976744,1911.0,16.3828125,0.031541,0.036567
14,0.1627906976744186,1920.0,25.3828125,0.024446,0.036267
15,0.1744186046511628,1918.0,23.3828125,0.006143,0.03414
16,0.18604651162790697,1921.0,26.3828125,-0.015938,0.032098
17,0.19767441860465115,1919.0,24.3828125,-0.03974,0.031454
18,0.20930232558139533,1924.0,29.3828125,-0.056458,0.031288
19,0.22093023255813954,1923.0,28.3828125,-0.071007,0.026803
20,0.23255813953488375,1923.0,28.3828125,-0.087138,0.012577
21,0.2441860465116279,1925.0,30.3828125,-0.108633,-0.007626
22,0.2558139534883721,1928.0,33.3828125,-0.136636,-0.028124
23,0.2674418604651163,1929.0,34.3828125,-0.167936,-0.050142
24,0.27906976744186046,1923.0,28.3828125,-0.196036,-0.071614
25,0.29069767441860467,1925.0,30.3828125,-0.201755,-0.080168
26,0.3023255813953488,1923.0,28.3828125,-0.180113,-0.081902
27,0.313953488372093,1919.0,24.3828125,-0.13491,-0.082078
28,0.3255813953488372,1917.0,22.3828125,-0.076321,-0.081487
29,0.3372093023255814,1918.0,23.3828125,-0.016925,-0.081172
30,0.3488372093023256,1919.0,24.3828125,0.034027,-0.07774
31,0.3604651162790698,1917.0,22.3828125,0.076883,-0.061981
32,0.37209302325581395,1915.0,20.3828125,0.124819,-0.028993
33,0.38372093023255816,1917.0,22.3828125,0.194907,0.022059
34,0.3953488372093023,1910.0,15.3828125,0.284182,0.07896
35,0.4069767441860465,1911.0,16.3828125,0.383892,0.135569
36,0.41860465116279066,1911.0,16.3828125,0.46342,0.184854
37,0.43023255813953487,1909.0,14.3828125,0.489535,0.218159
38,0.4418604651162791,1904.0,9.3828125,0.44411,0.236794
39,0.4534883720930233,1908.0,13.3828125,0.343013,0.252064
40,0.4651162790697675,1904.0,9.3828125,0.210872,0.264571
41,0.4767441860465116,1902.0,7.3828125,0.083225,0.271411
42,0.4883720930232558,1904.0,9.3828125,-0.020937,0.26974
43,0.5,1903.0,8.3828125,-0.117468,0.237428
44,0.5116279069767442,1891.0,-3.6171875,-0.248677,0.1618
45,0.5232558139534884,1901.0,6.3828125,-0.430157,0.055013
46,0.5348837209302326,1889.0,-5.6171875,-0.677908,-0.077602
47,0.5465116279069767,1904.0,9.3828125,-0.929221,-0.200022
48,0.5581395348837209,1895.0,0.3828125,-1.126641,-0.307758
49,0.5697674418604651,1898.0,3.3828125,-1.190068,-0.388882
50,0.5813953488372093,1897.0,2.3828125,-1.093402,-0.44771
51,0.5930232558139535,1897.0,2.3828125,-0.868898,-0.504661
52,0.6046511627906976,1895.0,0.3828125,-0.595813,-0.564509
53,0.6162790697674418,1897.0,2.3828125,-0.346042,-0.615661
54,0.627906976744186,1899.0,4.3828125,-0.138015,-0.620845
55,0.6395348837209301,1899.0,4.3828125,0.089727,-0.533844
56,0.6511627906976744,1900.0,5.3828125,0.455327,-0.304677
57,0.6627906976744186,1897.0,2.3828125,1.053892,0.072403
58,0.6744186046511628,1899.0,4.3828125,1.880223,0.561496
59,0.686046511627907,1900.0,5.3828125,2.767479,1.05955
60,0.6976744186046512,1895.0,0.3828125,3.413959,1.42938
61,0.7093023255813954,1898.0,3.3828125,3.501141,1.542999
62,0.7209302325581396,1889.0,-5.6171875,2.813817,1.330065
63,0.7325581395348838,1895.0,0.3828125,1.390116,0.832218
64,0.7441860465116279,1890.0,-4.6171875,-0.488641,0.170444
65,0.7558139534883721,1894.0,-0.6171875,-2.349443,-0.465157
66,0.7674418604651163,1889.0,-5.6171875,-3.721,-0.904662
67,0.7790697674418604,1890.0,-4.6171875,-4.286602,-1.04474
68,0.7906976744186046,1891.0,-3.6171875,-4.006021,-0.904842
69,0.8023255813953488,1891.0,-3.6171875,-3.100281,-0.61592
70,0.813953488372093,1891.0,-3.6171875,-1.929262,-0.343991
71,0.8255813953488372,1892.0,-2.6171875,-0.824857,-0.215529
72,0.8372093023255813,1891.0,-3.6171875,0.035061,-0.242759
73,0.8488372093023255,1890.0,-4.6171875,0.659959,-0.329392
74,0.8604651162790697,1887.0,-7.6171875,1.168205,-0.305431
75,0.872093023255814,1891.0,-3.6171875,1.665058,-0.041818
76,0.8837209302325582,1894.0,-0.6171875,2.127847,0.458044
77,0.8953488372093024,1893.0,-1.6171875,2.39976,1.022427
78,0.9069767441860466,1887.0,-7.6171875,2.284083,1.388492
79,0.9186046511627908,1879.0,-15.6171875,1.689107,1.313716
80,0.930232558139535,1885.0,-9.6171875,0.740176,0.740186
81,0.9418604651162791,1889.0,-5.6171875,-0.249332,-0.177676
82,0.9534883720930232,1885.0,-9.6171875,-0.896248,-1.097827
83,0.9651162790697674,1886.0,-8.6171875,-0.924399,-1.636063
84,0.9767441860465116,1893.0,-1.6171875,-0.330946,-1.558752
85,0.9883720930232557,1885.0,-9.6171875,0.566664,-0.91217
86,1.0,1889.0,-5.6171875,1.289007,-0.009014
87,1.0116279069767442,1886.0,-8.6171875,1.389048,0.705355
88,1.0232558139534884,1899.0,4.3828125,0.702375,0.874328
89,1.0348837209302326,1894.0,-0.6171875,-0.590869,0.411415
90,1.0465116279069768,1906.0,11.3828125,-1.990394,-0.427245
91,1.0581395348837208,1904.0,9.3828125,-2.941994,-1.17563
92,1.0697674418604652,1910.0,15.3828125,-3.05846,-1.386059
93,1.0813953488372092,1910.0,15.3828125,-2.31708,-0.85432
94,1.0930232558139534,1904.0,9.3828125,-1.049624,0.25096
95,1.1046511627906976,1910.0,15.3828125,0.237525,1.477872
96,1.1162790697674418,1894.0,-0.6171875,1.075989,2.29526
97,1.127906976744186,1901.0,6.3828125,1.296308,2.371518
98,1.1395348837209303,1874.0,-20.6171875,1.016876,1.732693
99,1.1511627906976745,1881.0,-13.6171875,0.625302,0.744063
100,1.1627906976744187,1851.0,-43.6171875,0.46628,-0.083308
101,1.1744186046511629,1863.0,-31.6171875,0.74234,-0.378292
102,1.186046511627907,1831.0,-63.6171875,1.305467,-0.098634
103,1.197674418604651,1840.0,-54.6171875,1.845542,0.432697
104,1.2093023255813953,1812.0,-82.6171875,1.959535,0.711193
105,1.2209302325581395,1819.0,-75.6171875,1.463486,0.329437
106,1.2325581395348837,1813.0,-81.6171875,0.424662,-0.780833
107,1.244186046511628,1810.0,-84.6171875,-0.817931,-2.281973
108,1.255813953488372,1831.0,-63.6171875,-1.8067,-3.555876
109,1.2674418604651163,1814.0,-80.6171875,-2.227782,-4.02618
110,1.2790697674418603,1861.0,-33.6171875,-1.948242,-3.401184
111,1.2906976744186047,1833.0,-61.6171875,-1.213896,-1.865177
112,1.3023255813953487,1911.0,16.3828125,-0.317828,0.040761
113,1.3139534883720931,1885.0,-9.6171875,0.304929,1.620993
114,1.3255813953488371,1952.0,57.3828125,0.537967,2.387197
115,1.3372093023255816,1927.0,32.3828125,0.386302,2.246195
116,1.3488372093023255,1982.0,87.3828125,0.175026,1.533231
117,1.36046511627907,1968.0,73.3828125,0.165066,0.810549
118,1.372093023255814,1994.0,99.3828125,0.562181,0.573136
119,1.383720930232558,1991.0,96.3828125,1.279477,0.995984
120,1.3953488372093024,1981.0,86.3828125,2.014818,1.865561
121,1.4069767441860463,1990.0,95.3828125,2.380811,2.688107
122,1.4186046511627908,1937.0,42.3828125,2.018175,2.95349
123,1.4302325581395348,1963.0,68.3828125,0.909574,2.386937
124,1.4418604651162792,1857.0,-37.6171875,-0.813214,1.075004
125,1.4534883720930232,1899.0,4.3828125,-2.598731,-0.563736
126,1.4651162790697676,1777.0,-117.6171875,-4.07061,-2.017325
127,1.4767441860465116,1818.0,-76.6171875,-4.764177,-2.896032
128,1.4883720930232558,1709.0,-185.6171875,-4.701405,-3.094396
129,1.5,1738.0,-156.6171875,-3.952174,-2.791868
130,1.5116279069767442,1665.0,-229.6171875,-2.903211,-2.315816
131,1.5232558139534884,1680.0,-214.6171875,-1.764866,-1.922952
132,1.5348837209302326,1665.0,-229.6171875,-0.655456,-1.656951
133,1.5465116279069768,1665.0,-229.6171875,0.519454,-1.367579
134,1.5581395348837208,1737.0,-157.6171875,1.989835,-0.840249
135,1.5697674418604652,1701.0,-193.6171875,3.77147,0.023128
136,1.5813953488372092,1839.0,-55.6171875,5.883552,1.124886
137,1.5930232558139534,1785.0,-109.6171875,7.821969,2.139253
138,1.6046511627906976,1959.0,64.3828125,9.271817,2.708244
139,1.6162790697674418,1899.0,4.3828125,9.633638,2.617233
140,1.627906976744186,2067.0,172.3828125,8.89392,1.945193
141,1.6395348837209303,2014.0,119.3828125,7.014952,1.020649
142,1.6511627906976745,2124.0,229.3828125,4.50214,0.298269
143,1.6627906976744187,2108.0,213.3828125,1.684841,0.092832
144,1.6744186046511627,2124.0,229.3828125,-1.111052,0.402643
145,1.686046511627907,2133.0,238.3828125,-3.834819,0.924393
146,1.697674418604651,2027.0,132.3828125,-6.683771,1.171939
147,1.7093023255813955,2086.0,191.3828125,-9.676034,0.796169
148,1.7209302325581395,1881.0,-13.6171875,-12.934689,-0.293315
149,1.7325581395348837,1964.0,69.3828125,-15.896322,-1.766781
150,1.744186046511628,1719.0,-175.6171875,-18.179707,-3.108061
151,1.755813953488372,1803.0,-91.6171875,-18.865555,-3.779216
152,1.7674418604651163,1579.0,-315.6171875,-17.660892,-3.493198
153,1.7790697674418603,1645.0,-249.6171875,-14.210094,-2.334054
154,1.7906976744186047,1499.0,-395.6171875,-8.953205,-0.693529
155,1.8023255813953487,1522.0,-372.6171875,-2.382783,0.905851
156,1.8139534883720931,1521.0,-373.6171875,4.714808,2.085194
157,1.8255813953488371,1497.0,-397.6171875,11.591484,2.645559
158,1.8372093023255816,1651.0,-243.6171875,17.79891,2.67418
159,1.8488372093023255,1581.0,-313.6171875,22.799681,2.342836
160,1.86046511627907,1845.0,-49.6171875,26.602966,1.868301
161,1.872093023255814,1743.0,-151.6171875,28.799192,1.355925
162,1.8837209302325582,2055.0,160.3828125,29.552572,0.862261
163,1.8953488372093024,1950.0,55.3828125,28.443512,0.401281
164,1.9069767441860463,2205.0,310.3828125,25.599661,0.00432
165,1.9186046511627908,2139.0,244.3828125,20.70104,-0.260386
166,1.9302325581395348,2256.0,361.3828125,13.869929,-0.389653
167,1.9418604651162792,2250.0,355.3828125,5.152048,-0.426334
168,1.9534883720930232,2186.0,291.3828125,-5.144064,-0.572738
169,1.9651162790697676,2239.0,344.3828125,-16.292583,-0.959446
170,1.9767441860465114,1990.0,95.3828125,-27.577799,-1.686396
171,1.9883720930232558,2102.0,207.3828125,-37.614223,-2.581257
172,2.0,1747.0,-147.6171875,-45.577374,-3.345036
173,2.011627906976744,1873.0,-21.6171875,-50.169273,-3.59198
174,2.0232558139534884,1510.0,-384.6171875,-51.199581,-3.10799
175,2.0348837209302326,1625.0,-269.6171875,-48.222237,-1.933552
176,2.046511627906977,1362.0,-532.6171875,-41.830006,-0.393948
177,2.058139534883721,1421.0,-473.6171875,-32.296448,1.049271
178,2.0697674418604652,1366.0,-528.6171875,-20.278301,2.051168
179,2.0813953488372094,1347.0,-547.6171875,-6.26525,2.446914
180,2.0930232558139537,1520.0,-374.6171875,9.356917,2.463006
181,2.1046511627906974,1427.0,-467.6171875,25.747627,2.420774
182,2.1162790697674416,1791.0,-103.6171875,42.300949,2.67802
183,2.1279069767441863,1648.0,-246.6171875,57.424179,3.318478
184,2.1395348837209305,2087.0,192.3828125,70.101921,4.206131
185,2.1511627906976742,1936.0,41.3828125,78.501564,4.95768
186,2.1627906976744184,2294.0,399.3828125,81.832924,5.191185
187,2.174418604651163,2201.0,306.3828125,79.029984,4.678864
188,2.186046511627907,2378.0,483.3828125,70.020561,3.338921
189,2.197674418604651,2355.0,460.3828125,54.852486,1.326797
190,2.2093023255813953,2274.0,379.3828125,34.10656,-1.182549
191,2.22093023255814,2349.0,454.3828125,8.983,-3.916023
192,2.2325581395348837,2031.0,136.3828125,-19.213533,-6.694321
193,2.244186046511628,2163.0,268.3828125,-48.049908,-9.187302
194,2.255813953488372,1715.0,-179.6171875,-75.453552,-11.033836
195,2.267441860465116,1872.0,-22.6171875,-98.405403,-11.813469
196,2.2790697674418605,1426.0,-468.6171875,-115.053017,-11.209709
197,2.2906976744186047,1562.0,-332.6171875,-123.338074,-9.165573
198,2.302325581395349,1271.0,-623.6171875,-122.740494,-5.909927
199,2.3139534883720927,1329.0,-565.6171875,-112.949944,-1.992035
200,2.3255813953488373,1306.0,-588.6171875,-94.530411,2.017876
201,2.3372093023255816,1264.0,-630.6171875,-68.348274,5.607368
202,2.3488372093023258,1516.0,-378.6171875,-35.347195,8.613152
203,2.3604651162790695,1393.0,-501.6171875,2.639639,11.036449
204,2.372093023255814,1845.0,-49.6171875,43.80426,13.007929
205,2.3837209302325584,1675.0,-219.6171875,84.729256,14.479309
206,2.395348837209302,2173.0,278.3828125,122.289909,15.205757
207,2.4069767441860463,2015.0,120.3828125,152.23822,14.756577
208,2.4186046511627906,2391.0,496.3828125,171.627426,12.748428
209,2.430232558139535,2304.0,409.3828125,177.828156,9.097534
210,2.441860465116279,2431.0,536.3828125,170.076004,4.102844
211,2.453488372093023,2437.0,542.3828125,148.695908,-1.531967
212,2.4651162790697674,2282.0,387.3828125,115.000938,-7.07515
213,2.4767441860465116,2381.0,486.3828125,71.248497,-11.912041
214,2.488372093023256,1990.0,95.3828125,19.635077,-15.798311
215,2.5,2151.0,256.3828125,-36.446438,-18.707954
216,2.511627906976744,1673.0,-221.6171875,-93.789413,-20.703613
217,2.5232558139534884,1833.0,-61.6171875,-147.557693,-21.666069
218,2.5348837209302326,1417.0,-477.6171875,-193.219879,-21.19368
219,2.546511627906977,1525.0,-369.6171875,-225.510086,-18.786011
220,2.5581395348837206,1318.0,-576.6171875,-240.570312,-14.049774
221,2.5697674418604652,1344.0,-550.6171875,-235.76445,-7.092377
222,2.5813953488372094,1399.0,-495.6171875,-210.671417,1.445847
223,2.5930232558139537,1335.0,-559.6171875,-167.072678,10.431427
224,2.6046511627906974,1632.0,-262.6171875,-108.162704,18.62925
225,2.6162790697674416,1504.0,-390.6171875,-38.839462,24.982811
226,2.6279069767441863,1917.0,22.3828125,36.013809,28.918831
227,2.6395348837209305,1776.0,-118.6171875,110.500252,30.295616
228,2.6511627906976742,2160.0,265.3828125,179.372498,29.25679
229,2.6627906976744184,2047.0,152.3828125,236.808762,25.999344
230,2.674418604651163,2288.0,393.3828125,277.932922,20.650574
231,2.686046511627907,2243.0,348.3828125,298.322998,13.33432
232,2.697674418604651,2269.0,374.3828125,295.166046,4.30603
233,2.7093023255813953,2298.0,403.3828125,267.557281,-5.801117
234,2.72093023255814,2128.0,233.3828125,216.571869,-16.024399
235,2.7325581395348837,2213.0,318.3828125,145.769592,-25.127533
236,2.744186046511628,1931.0,36.3828125,60.082115,-31.970863
237,2.755813953488372,2028.0,133.3828125,-33.678413,-35.761559
238,2.767441860465116,1744.0,-150.6171875,-128.324631,-36.19017
239,2.7790697674418605,1825.0,-69.6171875,-215.8246,-33.45462
240,2.7906976744186047,1619.0,-275.6171875,-288.638458,-28.000824
241,2.802325581395349,1670.0,-224.6171875,-339.695435,-20.386108
242,2.8139534883720927,1601.0,-293.6171875,-363.488922,-11.090485
243,2.8255813953488373,1600.0,-294.6171875,-356.701996,-0.623199
244,2.8372093023255816,1657.0,-237.6171875,-318.68573,10.421173
245,2.8488372093023253,1620.0,-274.6171875,-252.079987,21.178131
246,2.8604651162790695,1758.0,-136.6171875,-162.113297,30.559174
247,2.872093023255814,1712.0,-182.6171875,-56.624737,37.398045
248,2.8837209302325584,1861.0,-33.6171875,55.470779,40.70583
249,2.895348837209302,1808.0,-86.6171875,164.520554,39.946442
250,2.9069767441860463,1936.0,41.3828125,261.523254,35.171326
251,2.918604651162791,1904.0,9.3828125,338.332123,27.008484
252,2.930232558139535,1985.0,90.3828125,388.410614,16.447296
253,2.941860465116279,1979.0,84.3828125,407.141418,4.675171
254,2.953488372093023,1977.0,82.3828125,392.068024,-7.18396
255,2.9651162790697674,1983.0,88.3828125,343.60675,-18.086823
256,2.9767441860465116,1955.0,60.3828125,264.784882,-27.175385
257,2.988372093023256,1968.0,73.3828125,161.743927,-33.729721
258,3.0,1936.0,41.3828125,42.815479,-37.23579
259,3.011627906976744,1945.0,50.3828125,-81.713638,-37.421265
260,3.0232558139534884,1909.0,14.3828125,-201.006775,-34.355331
261,3.0348837209302326,1925.0,30.3828125,-304.397919,-28.440582
262,3.046511627906977,1873.0,-21.6171875,-382.653992,-20.387146
263,3.0581395348837206,1891.0,-3.6171875,-428.621399,-11.022919
264,3.0697674418604652,1835.0,-59.6171875,-437.859192,-1.161865
265,3.0813953488372094,1854.0,-40.6171875,-409.155853,8.4758
266,3.0930232558139537,1783.0,-111.6171875,-344.468567,17.332642
267,3.1046511627906974,1808.0,-86.6171875,-249.179871,24.909912
268,3.1162790697674416,1744.0,-150.6171875,-131.394012,30.712753
269,3.1279069767441863,1759.0,-135.6171875,-1.680734,34.18396
270,3.1395348837209305,1730.0,-164.6171875,128.332245,34.809792
271,3.1511627906976742,1732.0,-162.6171875,246.691605,32.22905
272,3.1627906976744184,1757.0,-137.6171875,342.764374,26.458069
273,3.174418604651163,1728.0,-166.6171875,407.970215,17.982483
274,3.186046511627907,1813.0,-81.6171875,436.881531,7.784454
275,3.197674418604651,1780.0,-114.6171875,427.401154,-2.883453
276,3.2093023255813953,1893.0,-1.6171875,380.865387,-12.752655
277,3.22093023255814,1854.0,-40.6171875,301.880035,-20.765411
278,3.2325581395348837,1973.0,78.3828125,197.560211,-26.306091
279,3.244186046511628,1937.0,42.3828125,77.291344,-29.180252
280,3.255813953488372,2011.0,116.3828125,-48.491524,-29.542889
281,3.2674418604651163,1990.0,95.3828125,-168.538498,-27.688934
282,3.2790697674418605,2007.0,112.3828125,-272.32547,-23.920975
283,3.2906976744186047,2015.0,120.3828125,-350.368042,-18.495056
284,3.302325581395349,1965.0,70.3828125,-395.78537,-11.670685
285,3.3139534883720927,1986.0,91.3828125,-404.56778,-3.83493
286,3.3255813953488373,1895.0,0.3828125,-376.44046,4.449738
287,3.3372093023255816,1932.0,37.3828125,-314.820374,12.37207
288,3.3488372093023253,1825.0,-69.6171875,-226.385925,19.049469
289,3.3604651162790695,1858.0,-36.6171875,-120.569427,23.632339
290,3.372093023255814,1773.0,-121.6171875,-7.919458,25.596769
291,3.3837209302325584,1797.0,-97.6171875,100.454826,24.793045
292,3.395348837209302,1750.0,-144.6171875,194.936203,21.553223
293,3.4069767441860463,1758.0,-136.6171875,267.419281,16.527512
294,3.418604651162791,1757.0,-137.6171875,312.798065,10.520813
295,3.430232558139535,1748.0,-146.6171875,328.401825,4.309967
296,3.441860465116279,1790.0,-104.6171875,314.541656,-1.531525
297,3.453488372093023,1773.0,-121.6171875,273.890808,-6.621216
298,3.4651162790697674,1840.0,-54.6171875,211.241577,-10.805954
299,3.4767441860465116,1815.0,-79.6171875,133.308975,-13.973892
300,3.488372093023256,1889.0,-5.6171875,47.714928,-16.085476
301,3.5,1866.0,-28.6171875,-36.877628,-17.001789
302,3.511627906976744,1927.0,32.3828125,-112.60247,-16.591507
303,3.5232558139534884,1909.0,14.3828125,-172.218948,-14.747421
304,3.5348837209302326,1950.0,55.3828125,-211.16539,-11.504837
305,3.546511627906977,1942.0,47.3828125,-227.049759,-7.113647
306,3.5581395348837206,1955.0,60.3828125,-220.769562,-2.046295
307,3.5697674418604652,1958.0,63.3828125,-195.403793,3.013596
308,3.5813953488372094,1946.0,51.3828125,-155.806931,7.374222
309,3.5930232558139537,1951.0,56.3828125,-107.632332,10.369637
310,3.6046511627906974,1899.0,4.3828125,-56.104736,11.646439
311,3.616279069767442,1926.0,31.3828125,-6.181235,11.156805
312,3.6279069767441863,1840.0,-54.6171875,38.612225,9.246014
313,3.63953488372093,1872.0,-22.6171875,74.969002,6.493744
314,3.6511627906976742,1777.0,-117.6171875,101.000153,3.603378
315,3.6627906976744184,1811.0,-83.6171875,115.035522,1.174545
316,3.674418604651163,1728.0,-166.6171875,116.956436,-0.47525
317,3.686046511627907,1751.0,-143.6171875,107.612602,-1.257858
318,3.697674418604651,1710.0,-184.6171875,89.476562,-1.38205
319,3.7093023255813953,1715.0,-179.6171875,66.163109,-1.124687
320,3.72093023255814,1729.0,-165.6171875,41.623672,-0.802113
321,3.7325581395348837,1714.0,-180.6171875,19.841499,-0.540722
322,3.744186046511628,1789.0,-105.6171875,3.136981,-0.391306
323,3.755813953488372,1759.0,-135.6171875,-7.174971,-0.295286
324,3.7674418604651163,1875.0,-19.6171875,-12.019736,-0.20297
325,3.7790697674418605,1837.0,-57.6171875,-12.777727,-0.130356
326,3.7906976744186047,1955.0,60.3828125,-11.860148,-0.151753
327,3.802325581395349,1919.0,24.3828125,-10.956741,-0.391438
328,3.8139534883720927,2003.0,108.3828125,-11.506681,-0.90868
329,3.8255813953488373,1989.0,94.3828125,-14.134728,-1.73467
330,3.8372093023255816,2000.0,105.3828125,-18.878801,-2.768879
331,3.8488372093023253,2006.0,111.3828125,-25.659138,-3.910225
332,3.8604651162790695,1951.0,56.3828125,-33.653442,-4.985144
333,3.872093023255814,1983.0,88.3828125,-42.274723,-5.876083
334,3.8837209302325584,1868.0,-26.6171875,-49.848232,-6.412113
335,3.895348837209302,1909.0,14.3828125,-55.072662,-6.410408
336,3.9069767441860463,1787.0,-107.6171875,-55.872929,-5.637875
337,3.9186046511627906,1828.0,-66.6171875,-51.164604,-3.869877
338,3.930232558139535,1744.0,-150.6171875,-40.193333,-1.026608
339,3.941860465116279,1758.0,-136.6171875,-23.628256,2.783737
340,3.9534883720930227,1750.0,-144.6171875,-3.078223,7.089706
341,3.9651162790697674,1744.0,-150.6171875,19.141869,11.190434
342,3.9767441860465116,1809.0,-85.6171875,40.214844,14.194586
343,3.9883720930232562,1769.0,-125.6171875,58.000019,15.354919
344,4.0,1893.0,-1.6171875,70.42662,14.236504
345,4.011627906976744,1851.0,-43.6171875,76.807884,10.923958
346,4.023255813953488,1972.0,77.3828125,76.514969,6.018005
347,4.034883720930233,1935.0,40.3828125,70.163216,0.458176
348,4.046511627906977,1991.0,96.3828125,58.257076,-4.69183
349,4.058139534883721,1984.0,89.3828125,42.180157,-8.605659
350,4.069767441860465,1966.0,71.3828125,23.286982,-10.842039
351,4.081395348837209,1983.0,88.3828125,3.300757,-11.473739
352,4.093023255813954,1888.0,-6.6171875,-16.024939,-10.91974
353,4.104651162790698,1930.0,35.3828125,-33.291538,-9.775551
354,4.116279069767442,1803.0,-91.6171875,-47.111893,-8.508415
355,4.127906976744186,1842.0,-52.6171875,-56.99284,-7.340027
356,4.1395348837209305,1742.0,-152.6171875,-62.300446,-6.158058
357,4.151162790697675,1766.0,-128.6171875,-63.316162,-4.674244
358,4.162790697674419,1735.0,-159.6171875,-59.977196,-2.595531
359,4.174418604651162,1728.0,-166.6171875,-52.984825,0.148335
360,4.186046511627907,1782.0,-112.6171875,-42.802067,3.315475
361,4.1976744186046515,1750.0,-144.6171875,-30.498369,6.411798
362,4.209302325581395,1875.0,-19.6171875,-17.12746,8.823956
363,4.22093023255814,1829.0,-65.6171875,-3.863533,10.097956
364,4.232558139534883,1968.0,73.3828125,8.246683,10.047968
365,4.2441860465116275,1930.0,35.3828125,18.759792,8.904199
366,4.2558139534883725,2041.0,146.3828125,27.429987,7.119274
367,4.267441860465116,2016.0,121.3828125,34.736801,5.222483
368,4.279069767441861,2047.0,152.3828125,40.887691,3.573559
369,4.290697674418605,2058.0,163.3828125,46.298054,2.265041
370,4.3023255813953485,1990.0,95.3828125,50.540703,1.100151
371,4.313953488372094,2027.0,132.3828125,53.145554,-0.213463
372,4.325581395348837,1883.0,-11.6171875,53.060413,-1.892597
373,4.337209302325581,1938.0,43.3828125,49.563957,-3.937325
374,4.348837209302326,1770.0,-124.6171875,42.095421,-6.08094
375,4.3604651162790695,1826.0,-68.6171875,30.729784,-7.906958
376,4.372093023255814,1680.0,-214.6171875,15.997933,-9.008319
377,4.383720930232558,1721.0,-173.6171875,-1.192221,-9.117962
378,4.395348837209302,1659.0,-235.6171875,-19.652805,-8.244828
379,4.406976744186047,1664.0,-230.6171875,-38.240543,-6.614561
380,4.4186046511627906,1707.0,-187.6171875,-55.500893,-4.576473
381,4.430232558139535,1675.0,-219.6171875,-70.126457,-2.435692
382,4.44186046511628,1808.0,-86.6171875,-80.387115,-0.394836
383,4.453488372093023,1750.0,-144.6171875,-84.881775,1.492149
384,4.465116279069767,1934.0,39.3828125,-82.174568,3.245209
385,4.476744186046512,1871.0,-23.6171875,-71.728714,4.910873
386,4.488372093023256,2041.0,146.3828125,-53.571526,6.449905
387,4.5,1992.0,97.3828125,-28.971489,7.779156
388,4.511627906976744,2106.0,211.3828125,0.097855,8.705702
389,4.523255813953488,2086.0,191.3828125,30.831297,9.038057
390,4.534883720930232,2099.0,204.3828125,60.1423,8.569263
391,4.546511627906977,2117.0,222.3828125,85.043922,7.21698
392,4.558139534883721,2020.0,125.3828125,102.734772,4.983383
393,4.569767441860465,2064.0,169.3828125,111.327141,2.053993
394,4.5813953488372094,1899.0,4.3828125,109.405533,-1.220482
395,4.593023255813954,1966.0,71.3828125,96.942245,-4.400215
396,4.604651162790698,1761.0,-133.6171875,74.446243,-7.021873
397,4.616279069767442,1826.0,-68.6171875,43.960312,-8.739834
398,4.627906976744185,1650.0,-244.6171875,7.947223,-9.390924
399,4.6395348837209305,1701.0,-193.6171875,-30.026537,-9.083529
400,4.651162790697675,1614.0,-280.6171875,-66.338531,-8.079681
401,4.662790697674418,1616.0,-278.6171875,-97.193779,-6.744087
402,4.674418604651163,1650.0,-244.6171875,-119.163605,-5.274483
403,4.686046511627906,1618.0,-276.6171875,-129.74913,-3.757576
404,4.6976744186046515,1774.0,-120.6171875,-127.161163,-2.022491
405,4.709302325581396,1700.0,-194.6171875,-111.385078,0.112907
406,4.720930232558139,1936.0,41.3828125,-83.236626,2.784424
407,4.732558139534884,1850.0,-44.6171875,-45.618279,5.834419
408,4.744186046511628,2099.0,204.3828125,-1.972267,8.860422
409,4.755813953488372,2021.0,126.3828125,42.748989,11.25787
410,4.767441860465117,2205.0,310.3828125,83.850281,12.405075
411,4.77906976744186,2162.0,267.3828125,116.51387,11.904785
412,4.790697674418604,2219.0,324.3828125,137.117264,9.682159
413,4.802325581395349,2224.0,329.3828125,143.360168,6.08461
414,4.813953488372093,2127.0,232.3828125,134.466492,1.697632
415,4.825581395348837,2189.0,294.3828125,111.633018,-2.757225
416,4.837209302325581,1957.0,62.3828125,77.026291,-6.65464
417,4.848837209302325,2047.0,152.3828125,34.562508,-9.54438
418,4.86046511627907,1751.0,-143.6171875,-11.838609,-11.201805
419,4.872093023255814,1853.0,-41.6171875,-57.232689,-11.606594
420,4.883720930232558,1590.0,-304.6171875,-97.502121,-10.864128
421,4.895348837209303,1667.0,-227.6171875,-128.399368,-9.163406
422,4.906976744186046,1520.0,-374.6171875,-147.016937,-6.719223
423,4.9186046511627906,1547.0,-347.6171875,-151.262405,-3.774414
424,4.930232558139535,1584.0,-310.6171875,-140.531448,-0.565247
425,4.941860465116279,1535.0,-359.6171875,-115.795593,2.628822
426,4.953488372093023,1748.0,-146.6171875,-79.123283,5.572945
427,4.965116279069767,1651.0,-243.6171875,-34.300739,7.987396
428,4.976744186046512,1972.0,77.3828125,14.666138,9.668194
429,4.988372093023256,1855.0,-39.6171875,62.615143,10.40926
430,5.0,2167.0,272.3828125,105.220314,10.106148
431,5.011627906976744,2075.0,180.3828125,137.984665,8.761429
432,5.023255813953488,2276.0,381.3828125,157.982056,6.48938
433,5.034883720930233,2235.0,340.3828125,163.06366,3.551285
434,5.046511627906977,2253.0,358.3828125,152.812271,0.272568
435,5.058139534883721,2283.0,388.3828125,128.200272,-2.940369
436,5.069767441860465,2119.0,224.3828125,91.452354,-5.76593
437,5.081395348837209,2198.0,303.3828125,46.240589,-7.921051
438,5.093023255813954,1906.0,11.3828125,-3.442239,-9.244658
439,5.104651162790698,2017.0,122.3828125,-52.665176,-9.649372
440,5.116279069767441,1699.0,-195.6171875,-97.323608,-9.135529
441,5.127906976744186,1798.0,-96.6171875,-133.149216,-7.742859
442,5.1395348837209305,1565.0,-329.6171875,-157.498749,-5.580338
443,5.151162790697675,1617.0,-277.6171875,-168.249786,-2.860596
444,5.162790697674419,1535.0,-359.6171875,-164.964371,0.134064
445,5.174418604651162,1529.0,-365.6171875,-148.015976,3.028137
446,5.186046511627907,1638.0,-256.6171875,-118.91169,5.469208
447,5.1976744186046515,1581.0,-313.6171875,-80.063744,7.169655
448,5.209302325581395,1818.0,-76.6171875,-34.293755,8.011368
449,5.22093023255814,1726.0,-168.6171875,14.66999,8.032043
450,5.232558139534883,2005.0,110.3828125,63.319695,7.386368
451,5.2441860465116275,1914.0,19.3828125,107.463097,6.258278
452,5.2558139534883725,2153.0,258.3828125,143.772293,4.766876
453,5.267441860465116,2095.0,200.3828125,168.854553,2.971283
454,5.279069767441861,2199.0,304.3828125,180.746964,0.881271
455,5.290697674418605,2192.0,297.3828125,178.18895,-1.390717
456,5.3023255813953485,2146.0,251.3828125,161.402863,-3.663116
457,5.313953488372094,2189.0,294.3828125,131.64418,-5.600662
458,5.325581395348837,2032.0,137.3828125,91.069214,-6.902161
459,5.337209302325581,2102.0,207.3828125,42.762646,-7.358837
460,5.348837209302326,1881.0,-13.6171875,-10.046639,-7.004426
461,5.3604651162790695,1957.0,62.3828125,-63.350552,-6.06736
462,5.372093023255814,1760.0,-134.6171875,-113.479286,-4.880447
463,5.383720930232558,1815.0,-79.6171875,-156.216843,-3.701263
464,5.395348837209302,1691.0,-203.6171875,-188.117966,-2.581009
465,5.406976744186046,1720.0,-174.6171875,-205.857285,-1.365677
466,5.4186046511627906,1695.0,-199.6171875,-207.458557,0.195984
467,5.430232558139535,1685.0,-209.6171875,-191.99382,2.256348
468,5.44186046511628,1749.0,-145.6171875,-160.149902,4.702835
469,5.453488372093023,1715.0,-179.6171875,-114.140724,7.116074
470,5.465116279069767,1840.0,-54.6171875,-57.298431,8.904381
471,5.476744186046512,1793.0,-101.6171875,5.814225,9.536652
472,5.488372093023256,1925.0,30.3828125,70.451279,8.785618
473,5.5,1884.0,-10.6171875,131.226868,6.801468
474,5.511627906976744,1999.0,104.3828125,183.351288,4.081451
475,5.523255813953488,1966.0,71.3828125,222.017609,1.217224
476,5.534883720930232,2031.0,136.3828125,243.592407,-1.303192
477,5.546511627906977,2012.0,117.3828125,245.283813,-3.302704
478,5.558139534883721,2029.0,134.3828125,226.033417,-4.868637
479,5.569767441860465,2032.0,137.3828125,186.558319,-6.202026
480,5.5813953488372094,1997.0,102.3828125,129.497055,-7.414261
481,5.593023255813954,2017.0,122.3828125,59.494247,-8.385658
482,5.604651162790698,1950.0,55.3828125,-17.655119,-8.809072
483,5.616279069767442,1981.0,86.3828125,-94.981339,-8.322243
484,5.627906976744185,1893.0,-1.6171875,-165.77124,-6.754272
485,5.6395348837209305,1924.0,29.3828125,-223.446625,-4.240814
486,5.651162790697675,1845.0,-49.6171875,-262.849304,-1.208771
487,5.662790697674418,1871.0,-23.6171875,-280.034576,1.761169
488,5.674418604651163,1805.0,-89.6171875,-273.057281,4.207947
489,5.686046511627907,1819.0,-75.6171875,-241.905228,5.917435
490,5.697674418604651,1787.0,-107.6171875,-188.701279,6.99147
491,5.709302325581396,1787.0,-107.6171875,-117.810013,7.666046
492,5.720930232558139,1803.0,-91.6171875,-35.249817,8.162289
493,5.732558139534884,1793.0,-101.6171875,51.313686,8.466156
494,5.744186046511628,1841.0,-53.6171875,133.925812,8.302078
495,5.755813953488372,1819.0,-75.6171875,204.60965,7.309769
496,5.767441860465117,1903.0,8.3828125,256.905487,5.206924
497,5.77906976744186,1872.0,-22.6171875,285.966339,2.043396
498,5.790697674418604,1961.0,66.3828125,289.492737,-1.792694
499,5.802325581395349,1936.0,41.3828125,267.490387,-5.600128
500,5.813953488372093,2005.0,110.3828125,222.237656,-8.677185
501,5.825581395348837,1989.0,94.3828125,158.007141,-10.480698
502,5.837209302325582,2021.0,126.3828125,80.398933,-10.849625
503,5.848837209302325,2015.0,120.3828125,-3.68049,-9.95059
504,5.86046511627907,1998.0,103.3828125,-87.022247,-8.157394
505,5.872093023255814,2015.0,120.3828125,-162.022629,-5.867096
506,5.883720930232558,1919.0,24.3828125,-222.027908,-3.390137
507,5.895348837209303,1979.0,84.3828125,-261.263824,-0.863983
508,5.906976744186046,1857.0,-37.6171875,-276.265442,1.646423
509,5.9186046511627906,1888.0,-6.6171875,-265.763184,4.069489
510,5.930232558139535,1815.0,-79.6171875,-231.242676,6.246506
511,5.941860465116279,1833.0,-61.6171875,-176.700684,7.912384
512,5.953488372093023,1799.0,-95.6171875,-107.922363,8.806557
513,5.965116279069767,1798.0,-96.6171875,-32.099556,8.753666
514,5.976744186046512,1819.0,-75.6171875,43.619591,7.753212
515,5.988372093023256,1805.0,-89.6171875,112.194992,5.983795
516,6.0,1868.0,-26.6171875,168.080612,3.708298
517,6.011627906976744,1840.0,-54.6171875,206.832077,1.224854
518,6.023255813953488,1926.0,31.3828125,226.067337,-1.244156
519,6.034883720930233,1899.0,4.3828125,224.917328,-3.512482
520,6.046511627906977,1975.0,80.3828125,204.462097,-5.458649
521,6.058139534883721,1953.0,58.3828125,167.389145,-6.905411
522,6.069767441860465,2000.0,105.3828125,117.739677,-7.664841
523,6.081395348837209,1991.0,96.3828125,60.735096,-7.537426
524,6.093023255813954,2000.0,105.3828125,1.81432,-6.42899
525,6.104651162790698,2003.0,108.3828125,-53.384041,-4.423927
526,6.116279069767441,1974.0,79.3828125,-100.363945,-1.825706
527,6.127906976744186,1991.0,96.3828125,-135.412933,0.879639
528,6.1395348837209305,1936.0,41.3828125,-156.687134,3.16803
529,6.151162790697675,1961.0,66.3828125,-163.455032,4.625336
530,6.162790697674419,1897.0,2.3828125,-156.585281,5.088287
531,6.174418604651162,1916.0,21.3828125,-137.842514,4.640793
532,6.186046511627907,1862.0,-32.6171875,-109.789864,3.621864
533,6.1976744186046515,1880.0,-14.6171875,-75.547379,2.41964
534,6.209302325581395,1838.0,-56.6171875,-38.24839,1.38673
535,6.22093023255814,1844.0,-50.6171875,-1.305529,0.664483
536,6.232558139534883,1839.0,-55.6171875,32.556164,0.233322
537,6.2441860465116275,1831.0,-63.6171875,60.675182,-0.092834
538,6.2558139534883725,1843.0,-51.6171875,81.60952,-0.495461
539,6.267441860465116,1840.0,-54.6171875,94.329269,-1.05864
540,6.279069767441861,1872.0,-22.6171875,99.0438,-1.747871
541,6.290697674418605,1866.0,-28.6171875,96.41909,-2.358871
542,6.3023255813953485,1910.0,15.3828125,87.811226,-2.693535
543,6.313953488372094,1895.0,0.3828125,74.800362,-2.578377
544,6.325581395348837,1959.0,64.3828125,58.887196,-1.99884
545,6.337209302325581,1939.0,44.3828125,41.598732,-1.090408
546,6.348837209302326,1977.0,82.3828125,23.826153,-0.087372
547,6.3604651162790695,1967.0,72.3828125,6.564044,0.776135
548,6.372093023255814,1986.0,91.3828125,-9.974236,1.340303
549,6.383720930232558,1984.0,89.3828125,-25.238581,1.575201
550,6.395348837209302,1973.0,78.3828125,-39.201508,1.551373
551,6.406976744186046,1981.0,86.3828125,-51.320877,1.387489
552,6.4186046511627906,1943.0,48.3828125,-61.210426,1.159142
553,6.430232558139535,1966.0,71.3828125,-68.140099,0.883507
554,6.44186046511628,1905.0,10.3828125,-71.365318,0.527557
555,6.453488372093023,1923.0,28.3828125,-70.408501,0.058601
556,6.465116279069767,1856.0,-38.6171875,-64.808548,-0.449905
557,6.476744186046512,1879.0,-15.6171875,-54.924572,-0.865234
558,6.488372093023256,1831.0,-63.6171875,-41.047493,-0.988514
559,6.5,1843.0,-51.6171875,-24.314857,-0.698988
560,6.511627906976744,1826.0,-68.6171875,-5.503819,-0.042853
561,6.523255813953488,1828.0,-66.6171875,14.109324,0.768869
562,6.534883720930233,1847.0,-47.6171875,33.61916,1.370159
563,6.546511627906977,1835.0,-59.6171875,51.811131,1.44511
564,6.558139534883721,1893.0,-1.6171875,67.409294,0.821236
565,6.569767441860465,1870.0,-24.6171875,78.990257,-0.367271
566,6.5813953488372094,1942.0,47.3828125,84.871956,-1.748123
567,6.593023255813954,1918.0,23.3828125,83.899605,-2.825539
568,6.604651162790698,1987.0,92.3828125,75.11499,-3.191086
569,6.616279069767442,1963.0,68.3828125,58.98484,-2.693615
570,6.627906976744185,1998.0,103.3828125,36.604542,-1.488094
571,6.6395348837209305,1997.0,102.3828125,10.526173,-0.004246
572,6.651162790697675,1985.0,90.3828125,-16.514826,1.266665
573,6.662790697674418,1991.0,96.3828125,-41.405605,1.926956
574,6.674418604651163,1947.0,52.3828125,-61.678459,1.867054
575,6.686046511627907,1968.0,73.3828125,-75.609444,1.243225
576,6.697674418604651,1903.0,8.3828125,-82.274948,0.421814
577,6.709302325581396,1922.0,27.3828125,-81.762909,-0.188187
578,6.720930232558139,1863.0,-31.6171875,-74.443466,-0.292557
579,6.732558139534884,1883.0,-11.6171875,-61.510929,0.19125
580,6.744186046511628,1840.0,-54.6171875,-44.064419,1.082806
581,6.755813953488372,1845.0,-49.6171875,-23.901165,2.054932
582,6.767441860465117,1838.0,-56.6171875,-2.641275,2.723705
583,6.77906976744186,1831.0,-63.6171875,17.68177,2.799693
584,6.790697674418604,1854.0,-40.6171875,35.359455,2.131725
585,6.802325581395349,1843.0,-51.6171875,48.955891,0.832436
586,6.813953488372093,1889.0,-5.6171875,57.575626,-0.850288
587,6.825581395348837,1872.0,-22.6171875,61.096039,-2.513355
588,6.837209302325582,1923.0,28.3828125,59.756062,-3.774292
589,6.848837209302325,1905.0,10.3828125,54.451618,-4.345726
590,6.86046511627907,1948.0,53.3828125,45.918495,-4.139015
591,6.872093023255814,1938.0,43.3828125,35.221085,-3.255413
592,6.883720930232558,1953.0,58.3828125,23.046715,-1.939159
593,6.895348837209303,1957.0,62.3828125,10.308846,-0.484116
594,6.906976744186046,1943.0,48.3828125,-2.344356,0.855272
595,6.9186046511627906,1945.0,50.3828125,-14.131597,1.931067
596,6.930232558139535,1920.0,25.3828125,-24.446161,2.670263
597,6.941860465116279,1936.0,41.3828125,-32.854336,3.04163
598,6.953488372093023,1902.0,7.3828125,-39.076103,2.97702
599,6.965116279069767,1914.0,19.3828125,-43.116444,2.418556
600,6.976744186046512,1880.0,-14.6171875,-44.868008,1.363392
601,6.988372093023256,1891.0,-3.6171875,-44.355618,-0.046032
602,7.0,1869.0,-25.6171875,-41.320202,-1.49649
603,7.011627906976744,1875.0,-19.6171875,-35.684658,-2.541519
604,7.023255813953488,1862.0,-32.6171875,-27.357763,-2.7537
605,7.034883720930233,1867.0,-27.6171875,-16.747025,-1.941409
606,7.046511627906977,1866.0,-28.6171875,-4.581373,-0.280451
607,7.058139534883721,1865.0,-29.6171875,7.988892,1.683262
608,7.069767441860465,1871.0,-23.6171875,19.756926,3.228266
609,7.081395348837209,1868.0,-26.6171875,29.726397,3.743221
610,7.093023255813954,1879.0,-15.6171875,37.269981,2.997082
611,7.104651162790698,1875.0,-19.6171875,42.295086,1.256744
612,7.116279069767441,1891.0,-3.6171875,44.894623,-0.819016
613,7.127906976744186,1887.0,-7.6171875,45.316055,-2.457745
614,7.1395348837209305,1900.0,5.3828125,43.469139,-3.122204
615,7.151162790697675,1897.0,2.3828125,39.153923,-2.730824
616,7.162790697674419,1905.0,10.3828125,31.94047,-1.65634
617,7.174418604651162,1904.0,9.3828125,21.714939,-0.513918
618,7.186046511627907,1911.0,16.3828125,8.723434,0.155435
619,7.1976744186046515,1906.0,11.3828125,-6.114157,0.123066
620,7.209302325581395,1909.0,14.3828125,-21.410624,-0.415802
621,7.22093023255814,1907.0,12.3828125,-35.547127,-1.031189
622,7.232558139534884,1904.0,9.3828125,-46.983341,-1.26376
623,7.2441860465116275,1909.0,14.3828125,-54.617245,-0.904709
624,7.2558139534883725,1899.0,4.3828125,-57.767284,-0.082081
625,7.267441860465116,1903.0,8.3828125,-56.305923,0.8451
626,7.27906976744186,1889.0,-5.6171875,-50.294182,1.498543
627,7.290697674418605,1894.0,-0.6171875,-40.16119,1.709194
628,7.3023255813953485,1883.0,-11.6171875,-26.417799,1.573341
629,7.313953488372094,1887.0,-7.6171875,-10.001507,1.398527
630,7.325581395348837,1877.0,-17.6171875,7.872509,1.451585
631,7.337209302325581,1879.0,-15.6171875,25.540611,1.817572
632,7.348837209302326,1878.0,-16.6171875,41.176762,2.275547
633,7.3604651162790695,1879.0,-15.6171875,53.023323,2.400288
634,7.372093023255814,1883.0,-11.6171875,59.713306,1.785549
635,7.383720930232559,1882.0,-12.6171875,60.667183,0.307877
636,7.395348837209302,1892.0,-2.6171875,55.908195,-1.785885
637,7.406976744186046,1887.0,-7.6171875,46.37719,-3.892986
638,7.4186046511627906,1895.0,0.3828125,33.257298,-5.315502
639,7.430232558139535,1894.0,-0.6171875,18.079441,-5.511795
640,7.44186046511628,1903.0,8.3828125,2.204229,-4.334889
641,7.453488372093023,1902.0,7.3828125,-13.095354,-2.095856
642,7.465116279069767,1903.0,8.3828125,-26.799227,0.53487
643,7.476744186046512,1904.0,9.3828125,-38.054604,2.794285
644,7.488372093023256,1905.0,10.3828125,-46.107815,4.080147
645,7.5,1907.0,12.3828125,-50.432064,4.144344
646,7.511627906976744,1904.0,9.3828125,-50.585018,3.157463
647,7.523255813953488,1908.0,13.3828125,-46.546089,1.60117
648,7.534883720930233,1903.0,8.3828125,-38.507545,0.091782
649,7.546511627906977,1904.0,9.3828125,-27.210922,-0.857708
650,7.558139534883721,1892.0,-2.6171875,-13.657934,-0.996572
651,7.569767441860464,1905.0,10.3828125,0.755971,-0.40398
652,7.5813953488372094,1887.0,-7.6171875,14.537919,0.523292
653,7.593023255813954,1891.0,-3.6171875,26.242355,1.291889
654,7.604651162790698,1885.0,-9.6171875,34.696236,1.469727
655,7.616279069767442,1875.0,-19.6171875,39.212547,0.85519
656,7.627906976744185,1875.0,-19.6171875,39.618446,-0.420612
657,7.6395348837209305,1872.0,-22.6171875,36.359055,-1.947807
658,7.651162790697675,1890.0,-4.6171875,30.199581,-3.197433
659,7.662790697674418,1890.0,-4.6171875,22.208906,-3.723486
660,7.674418604651163,1904.0,9.3828125,13.36097,-3.337754
661,7.686046511627907,1895.0,0.3828125,4.56845,-2.175459
662,7.697674418604651,1925.0,30.3828125,-3.524958,-0.612645
663,7.709302325581396,1913.0,18.3828125,-10.43457,0.875509
664,7.720930232558139,1940.0,45.3828125,-15.836725,1.93528
665,7.732558139534884,1933.0,38.3828125,-19.520025,2.426714
666,7.744186046511628,1946.0,51.3828125,-21.341158,2.474445
667,7.755813953488372,1941.0,46.3828125,-21.341497,2.310564
668,7.767441860465117,1945.0,50.3828125,-19.698004,2.147844
669,7.77906976744186,1947.0,52.3828125,-16.809435,2.054024
670,7.790697674418604,1932.0,37.3828125,-13.145804,1.901693
671,7.802325581395349,1938.0,43.3828125,-9.2158,1.498947
672,7.813953488372093,1905.0,10.3828125,-5.384133,0.697506
673,7.825581395348837,1925.0,30.3828125,-1.879644,-0.467031
674,7.837209302325581,1879.0,-15.6171875,1.255137,-1.740399
675,7.848837209302326,1894.0,-0.6171875,4.041457,-2.740805
676,7.86046511627907,1863.0,-31.6171875,6.473062,-3.133803
677,7.872093023255814,1872.0,-22.6171875,8.463791,-2.791797
678,7.883720930232558,1862.0,-32.6171875,9.84269,-1.861788
679,7.895348837209302,1859.0,-35.6171875,10.447827,-0.710188
680,7.9069767441860455,1872.0,-22.6171875,10.200223,0.229311
681,7.918604651162791,1870.0,-24.6171875,9.211928,0.658702
682,7.930232558139535,1916.0,21.3828125,7.725868,0.50147
683,7.941860465116279,1899.0,4.3828125,6.097857,-0.027819
684,7.953488372093023,1959.0,64.3828125,4.634905,-0.566205
685,7.9651162790697665,1935.0,40.3828125,3.504301,-0.760003
686,7.9767441860465125,1998.0,103.3828125,2.676244,-0.430581
687,7.988372093023257,1978.0,83.3828125,1.947671,0.339017
688,8.0,2004.0,109.3828125,1.045339,1.248944
689,8.011627906976743,2001.0,106.3828125,-0.243309,1.928832
690,8.023255813953488,1988.0,93.3828125,-1.996164,2.064375
691,8.034883720930232,2000.0,105.3828125,-4.070197,1.599915
692,8.046511627906977,1947.0,52.3828125,-6.185394,0.70663
693,8.058139534883722,1970.0,75.3828125,-7.961016,-0.244878
694,8.069767441860465,1889.0,-5.6171875,-9.07981,-0.869121
695,8.081395348837209,1917.0,22.3828125,-9.345469,-0.916013
696,8.093023255813954,1831.0,-63.6171875,-8.780402,-0.386323
697,8.104651162790699,1858.0,-36.6171875,-7.555546,0.475666
698,8.116279069767442,1798.0,-96.6171875,-5.949071,1.293612
699,8.127906976744185,1808.0,-86.6171875,-4.225165,1.692623
700,8.13953488372093,1789.0,-105.6171875,-2.556158,1.494313
701,8.151162790697674,1790.0,-104.6171875,-0.967416,0.771191
702,8.162790697674417,1838.0,-56.6171875,0.602558,-0.239048
703,8.174418604651164,1809.0,-85.6171875,2.190834,-1.254935
704,8.186046511627907,1904.0,9.3828125,3.834141,-2.051549
705,8.19767441860465,1867.0,-27.6171875,5.408648,-2.578617
706,8.209302325581396,1975.0,80.3828125,6.817053,-2.887504
707,8.220930232558139,1939.0,44.3828125,7.903849,-3.051219
708,8.232558139534884,2031.0,136.3828125,8.70083,-3.035516
709,8.24418604651163,2005.0,110.3828125,9.276827,-2.662911
710,8.255813953488373,2032.0,137.3828125,9.777875,-1.707254
711,8.267441860465116,2033.0,138.3828125,10.228645,-0.041326
712,8.279069767441861,2019.0,124.3828125,10.426885,2.170234
713,8.290697674418604,2039.0,144.3828125,9.934082,4.424476
714,8.30232558139535,1949.0,54.3828125,8.137908,5.997991
715,8.313953488372093,1989.0,94.3828125,4.654608,6.268722
716,8.325581395348838,1863.0,-31.6171875,-0.641554,4.948936
717,8.337209302325581,1907.0,12.3828125,-7.198601,2.31858
718,8.348837209302324,1783.0,-111.6171875,-14.121025,-0.863585
719,8.36046511627907,1820.0,-74.6171875,-20.12849,-3.615366
720,8.372093023255815,1741.0,-153.6171875,-24.16818,-5.104792
721,8.383720930232558,1757.0,-137.6171875,-25.518032,-4.983431
722,8.395348837209303,1750.0,-144.6171875,-24.096066,-3.482666
723,8.406976744186046,1742.0,-152.6171875,-20.311176,-1.28985
724,8.41860465116279,1806.0,-88.6171875,-14.82615,0.78628
725,8.430232558139535,1764.0,-130.6171875,-8.395752,2.128664
726,8.44186046511628,1892.0,-2.6171875,-1.431056,2.550314
727,8.453488372093023,1847.0,-47.6171875,5.705472,2.245611
728,8.465116279069766,1981.0,86.3828125,12.9409,1.604156
729,8.476744186046512,1937.0,42.3828125,19.941013,0.978098
730,8.488372093023255,2042.0,147.3828125,26.339239,0.498983
731,8.5,2017.0,122.3828125,31.419546,0.110109
732,8.511627906976745,2058.0,163.3828125,34.480579,-0.354595
733,8.523255813953488,2063.0,168.3828125,34.87915,-0.94453
734,8.534883720930232,2013.0,118.3828125,32.192329,-1.591553
735,8.546511627906977,2042.0,147.3828125,26.439138,-2.034225
736,8.558139534883722,1931.0,36.3828125,17.793484,-2.073046
737,8.569767441860465,1974.0,79.3828125,6.881955,-1.635464
738,8.58139534883721,1835.0,-59.6171875,-5.699124,-0.889143
739,8.593023255813954,1882.0,-12.6171875,-18.924875,-0.16066
740,8.604651162790697,1753.0,-141.6171875,-31.815994,0.247753
741,8.61627906976744,1789.0,-105.6171875,-43.004852,0.206184
742,8.627906976744187,1714.0,-180.6171875,-51.224041,-0.144756
743,8.63953488372093,1724.0,-170.6171875,-55.212208,-0.481148
744,8.651162790697674,1744.0,-150.6171875,-54.098713,-0.428669
745,8.662790697674419,1723.0,-171.6171875,-47.631241,0.190563
746,8.674418604651162,1812.0,-82.6171875,-36.101414,1.312599
747,8.686046511627907,1771.0,-123.6171875,-20.605978,2.622334
748,8.697674418604652,1913.0,18.3828125,-2.46927,3.710583
749,8.709302325581396,1863.0,-31.6171875,16.463243,4.210224
750,8.720930232558139,2005.0,110.3828125,34.607841,3.955137
751,8.732558139534884,1963.0,68.3828125,50.258648,3.012806
752,8.744186046511627,2072.0,177.3828125,62.196632,1.622475
753,8.755813953488373,2042.0,147.3828125,69.323975,0.096512
754,8.767441860465116,2066.0,171.3828125,71.005478,-1.274048
755,8.779069767441861,2074.0,179.3828125,66.939758,-2.285362
756,8.790697674418604,2013.0,118.3828125,57.138027,-2.882809
757,8.802325581395348,2039.0,144.3828125,42.129688,-3.130077
758,8.813953488372094,1926.0,31.3828125,22.652575,-3.183775
759,8.825581395348838,1968.0,73.3828125,0.072823,-3.242363
760,8.837209302325581,1835.0,-59.6171875,-24.091473,-3.456104
761,8.848837209302326,1875.0,-19.6171875,-47.685448,-3.879353
762,8.86046511627907,1760.0,-134.6171875,-68.518394,-4.303894
763,8.872093023255813,1773.0,-121.6171875,-84.149216,-4.380341
764,8.88372093023256,1775.0,-119.6171875,-92.533188,-3.661179
765,8.895348837209303,1754.0,-140.6171875,-92.344559,-1.862518
766,8.906976744186046,1831.0,-63.6171875,-83.183838,1.007706
767,8.91860465116279,1793.0,-101.6171875,-65.983742,4.483917
768,8.930232558139535,1915.0,20.3828125,-42.488552,7.760708
769,8.941860465116278,1883.0,-11.6171875,-15.318628,9.944315
770,8.953488372093023,2002.0,107.3828125,12.993643,10.369507
771,8.965116279069768,1961.0,66.3828125,39.97089,8.914381
772,8.976744186046512,2063.0,168.3828125,63.848667,6.044949
773,8.988372093023255,2032.0,137.3828125,83.11998,2.624298
774,9.0,2067.0,172.3828125,96.675789,-0.413216
775,9.011627906976745,2071.0,176.3828125,103.409203,-2.470268
776,9.023255813953488,2032.0,137.3828125,102.255913,-3.478706
777,9.034883720930234,2061.0,166.3828125,92.525055,-3.867661
778,9.046511627906977,1964.0,69.3828125,74.044899,-4.262306
779,9.05813953488372,1999.0,104.3828125,47.861404,-5.134243
780,9.069767441860463,1898.0,3.3828125,15.954927,-6.515013
781,9.08139534883721,1929.0,34.3828125,-18.504847,-7.972605
782,9.093023255813954,1842.0,-52.6171875,-52.085461,-8.814854
783,9.104651162790697,1869.0,-25.6171875,-81.289497,-8.431282
784,9.116279069767442,1831.0,-63.6171875,-103.393982,-6.569046
785,9.127906976744185,1834.0,-60.6171875,-116.538872,-3.470596
786,9.13953488372093,1854.0,-40.6171875,-119.829338,0.263031
787,9.151162790697676,1835.0,-59.6171875,-113.236893,3.898155
788,9.162790697674419,1892.0,-2.6171875,-97.257744,6.880516
789,9.174418604651162,1870.0,-24.6171875,-73.060097,8.938911
790,9.186046511627907,1942.0,47.3828125,-42.21138,10.070744
791,9.19767441860465,1917.0,22.3828125,-7.051583,10.383564
792,9.209302325581396,1980.0,85.3828125,29.702572,9.984453
793,9.220930232558139,1970.0,75.3828125,64.765221,8.870667
794,9.232558139534884,1996.0,101.3828125,94.907478,6.977386
795,9.244186046511627,1997.0,102.3828125,117.151665,4.317581
796,9.25581395348837,1984.0,89.3828125,129.272842,1.042862
797,9.267441860465118,2000.0,105.3828125,130.045654,-2.498138
798,9.279069767441861,1966.0,71.3828125,119.301826,-5.880486
799,9.290697674418604,1984.0,89.3828125,98.034233,-8.703033
800,9.30232558139535,1936.0,41.3828125,68.069084,-10.682365
801,9.313953488372093,1953.0,58.3828125,32.111706,-11.677395
802,9.325581395348836,1904.0,9.3828125,-6.793409,-11.637356
803,9.337209302325583,1919.0,24.3828125,-45.201698,-10.537434
804,9.348837209302326,1879.0,-15.6171875,-79.911674,-8.405777
805,9.36046511627907,1883.0,-11.6171875,-107.916931,-5.341354
806,9.372093023255813,1873.0,-21.6171875,-126.882721,-1.601814
807,9.383720930232558,1874.0,-20.6171875,-135.144974,2.358627
808,9.395348837209303,1878.0,-16.6171875,-131.89328,5.959091
809,9.406976744186046,1874.0,-20.6171875,-117.224068,8.676521
810,9.418604651162791,1895.0,0.3828125,-92.124306,10.208153
811,9.430232558139535,1887.0,-7.6171875,-58.613201,10.592686
812,9.441860465116278,1909.0,14.3828125,-19.47213,10.124805
813,9.453488372093023,1904.0,9.3828125,21.691851,9.166285
814,9.465116279069768,1929.0,34.3828125,61.100262,7.913944
815,9.476744186046512,1919.0,24.3828125,94.954628,6.276207
816,9.488372093023257,1937.0,42.3828125,120.247101,3.9897
817,9.5,1935.0,40.3828125,134.808426,0.831558
818,9.511627906976743,1946.0,51.3828125,137.625412,-3.11351
819,9.523255813953487,1943.0,48.3828125,128.638168,-7.286072
820,9.534883720930234,1942.0,47.3828125,108.563766,-10.783463
821,9.546511627906977,1945.0,50.3828125,78.833336,-12.672005
822,9.55813953488372,1939.0,44.3828125,41.421692,-12.413769
823,9.569767441860465,1954.0,59.3828125,-0.764654,-10.099099
824,9.581395348837209,1922.0,27.3828125,-44.13776,-6.489304
825,9.593023255813954,1935.0,40.3828125,-84.139618,-2.61734
826,9.604651162790699,1909.0,14.3828125,-116.189629,0.572746
827,9.616279069767442,1919.0,24.3828125,-136.090118,2.639404
828,9.627906976744185,1901.0,6.3828125,-141.288559,3.719711
829,9.63953488372093,1903.0,8.3828125,-131.28183,4.310272
830,9.651162790697674,1878.0,-16.6171875,-107.926079,4.908905
831,9.662790697674419,1890.0,-4.6171875,-74.877678,5.714371
832,9.674418604651162,1877.0,-17.6171875,-36.667179,6.485535
833,9.686046511627907,1878.0,-16.6171875,2.143975,6.706666
834,9.69767441860465,1879.0,-15.6171875,37.995735,5.948269
835,9.709302325581394,1878.0,-16.6171875,68.228828,4.138222
836,9.72093023255814,1893.0,-1.6171875,91.329559,1.667557
837,9.732558139534884,1887.0,-7.6171875,106.113335,-0.78112
838,9.744186046511627,1909.0,14.3828125,111.867508,-2.556786
839,9.755813953488373,1904.0,9.3828125,107.989426,-3.332619
840,9.767441860465116,1927.0,32.3828125,94.537178,-3.269081
841,9.77906976744186,1920.0,25.3828125,72.481743,-2.821869
842,9.790697674418606,1937.0,42.3828125,43.971886,-2.4646
843,9.80232558139535,1936.0,41.3828125,12.244548,-2.431536
844,9.813953488372093,1942.0,47.3828125,-19.137249,-2.621407
845,9.825581395348838,1941.0,46.3828125,-46.645466,-2.687653
846,9.837209302325581,1931.0,36.3828125,-67.850708,-2.313683
847,9.848837209302326,1936.0,41.3828125,-81.229561,-1.411911
848,9.86046511627907,1913.0,18.3828125,-86.615486,-0.203667
849,9.872093023255815,1924.0,29.3828125,-84.369957,0.8992
850,9.883720930232558,1888.0,-6.6171875,-75.467491,1.521721
851,9.895348837209301,1906.0,11.3828125,-60.925953,1.540211
852,9.906976744186046,1882.0,-12.6171875,-42.043621,1.114185
853,9.918604651162791,1891.0,-3.6171875,-20.432003,0.574997
854,9.930232558139535,1881.0,-13.6171875,2.012532,0.219473
855,9.94186046511628,1878.0,-16.6171875,22.968409,0.124125
856,9.953488372093023,1890.0,-4.6171875,40.454655,0.176449
857,9.965116279069766,1888.0,-6.6171875,52.731472,0.149948
858,9.976744186046512,1904.0,9.3828125,59.170177,-0.083759
859,9.988372093023257,1897.0,2.3828125,59.789268,-0.428799
860,10.0,1920.0,25.3828125,55.546711,-0.599701
861,10.011627906976743,1911.0,16.3828125,47.547676,-0.258904
862,10.023255813953488,1935.0,40.3828125,36.980064,0.72028
863,10.034883720930232,1932.0,37.3828125,24.774254,2.180166
864,10.046511627906977,1942.0,47.3828125,11.589997,3.625835
865,10.058139534883722,1938.0,43.3828125,-1.797063,4.489015
866,10.069767441860465,1937.0,42.3828125,-14.649451,4.342164
867,10.081395348837209,1938.0,43.3828125,-25.787247,3.089344
868,10.093023255813954,1924.0,29.3828125,-34.245979,1.046932
869,10.104651162790699,1936.0,41.3828125,-38.993565,-1.241077
870,10.116279069767442,1905.0,10.3828125,-39.781727,-3.205452
871,10.127906976744187,1914.0,19.3828125,-36.738846,-4.456493
872,10.13953488372093,1889.0,-5.6171875,-30.753748,-4.900763
873,10.151162790697674,1897.0,2.3828125,-22.952362,-4.694048
874,10.162790697674417,1881.0,-13.6171875,-14.497128,-4.103581
875,10.174418604651164,1878.0,-16.6171875,-6.415422,-3.376132
876,10.186046511627907,1879.0,-15.6171875,0.771623,-2.634941
877,10.19767441860465,1875.0,-19.6171875,6.641579,-1.886647
878,10.209302325581396,1878.0,-16.6171875,11.279756,-1.068002
879,10.220930232558139,1877.0,-17.6171875,14.607389,-0.113896
880,10.232558139534882,1894.0,-0.6171875,16.865593,0.953113
881,10.24418604651163,1890.0,-4.6171875,18.038551,2.062319
882,10.255813953488373,1909.0,14.3828125,18.356668,3.094538
883,10.267441860465116,1908.0,13.3828125,17.893517,3.936575
884,10.279069767441861,1923.0,28.3828125,16.791025,4.487202
885,10.290697674418604,1915.0,20.3828125,15.174179,4.696735
886,10.30232558139535,1927.0,32.3828125,13.038698,4.549156
887,10.313953488372093,1925.0,30.3828125,10.475218,4.041271
888,10.325581395348838,1925.0,30.3828125,7.364047,3.208956
889,10.337209302325581,1926.0,31.3828125,3.849838,2.090025
890,10.348837209302324,1917.0,22.3828125,-0.115534,0.804226
891,10.36046511627907,1923.0,28.3828125,-4.2556,-0.57284
892,10.372093023255815,1899.0,4.3828125,-8.460524,-1.916673
893,10.383720930232558,1907.0,12.3828125,-12.429848,-3.135983
894,10.395348837209303,1889.0,-5.6171875,-15.862074,-4.114147
895,10.406976744186046,1895.0,0.3828125,-18.499254,-4.796032
896,10.41860465116279,1875.0,-19.6171875,-19.984766,-5.116828
897,10.430232558139537,1879.0,-15.6171875,-20.178909,-5.038994
898,10.44186046511628,1872.0,-22.6171875,-18.84218,-4.557387
899,10.453488372093023,1872.0,-22.6171875,-16.073681,-3.695936
900,10.465116279069766,1877.0,-17.6171875,-11.902431,-2.530557
901,10.476744186046512,1874.0,-20.6171875,-6.71445,-1.181441
902,10.488372093023255,1890.0,-4.6171875,-0.772963,0.237512
903,10.5,1884.0,-10.6171875,5.440335,1.606196
904,10.511627906976745,1902.0,7.3828125,11.522368,2.8423
905,10.523255813953488,1894.0,-0.6171875,17.029566,3.878181
906,10.534883720930232,1919.0,24.3828125,21.459913,4.667801
907,10.546511627906977,1906.0,11.3828125,24.393641,5.150105
908,10.558139534883722,1921.0,26.3828125,25.318785,5.265331
909,10.569767441860465,1919.0,24.3828125,24.018208,4.942852
910,10.58139534883721,1923.0,28.3828125,20.341932,4.157734
911,10.593023255813954,1923.0,28.3828125,14.625351,2.935528
912,10.604651162790697,1918.0,23.3828125,7.357623,1.377378
913,10.61627906976744,1921.0,26.3828125,-0.598641,-0.333248
914,10.627906976744187,1914.0,19.3828125,-8.37812,-1.973906
915,10.63953488372093,1915.0,20.3828125,-15.164585,-3.331632
916,10.651162790697674,1897.0,2.3828125,-20.328758,-4.223001
917,10.662790697674419,1894.0,-0.6171875,-23.569834,-4.573694
918,10.674418604651162,1881.0,-13.6171875,-24.74791,-4.397038
919,10.686046511627907,1890.0,-4.6171875,-24.00993,-3.822458
920,10.697674418604652,1877.0,-17.6171875,-21.502501,-3.031534
921,10.709302325581396,1877.0,-17.6171875,-17.523232,-2.224985
922,10.720930232558139,1872.0,-22.6171875,-12.294614,-1.542172
923,10.732558139534884,1877.0,-17.6171875,-6.150191,-1.012009
924,10.744186046511627,1873.0,-21.6171875,0.528344,-0.600344
925,10.755813953488373,1874.0,-20.6171875,7.268339,-0.181687
926,10.767441860465116,1882.0,-12.6171875,13.490168,0.329099
927,10.779069767441861,1879.0,-15.6171875,18.640015,0.990341
928,10.790697674418604,1895.0,0.3828125,22.180073,1.778887
929,10.802325581395348,1890.0,-4.6171875,23.78586,2.614281
930,10.813953488372093,1904.0,9.3828125,23.292027,3.396126
931,10.825581395348838,1903.0,8.3828125,20.845877,4.045656
932,10.837209302325581,1915.0,20.3828125,16.731972,4.485209
933,10.848837209302326,1914.0,19.3828125,11.43392,4.655118
934,10.86046511627907,1926.0,31.3828125,5.424736,4.438376
935,10.872093023255813,1922.0,27.3828125,-0.833859,3.678597
936,10.88372093023256,1917.0,22.3828125,-6.944583,2.260817
937,10.895348837209303,1918.0,23.3828125,-12.541761,0.190382
938,10.906976744186046,1905.0,10.3828125,-17.268887,-2.321214
939,10.91860465116279,1920.0,25.3828125,-20.743067,-4.83183
940,10.930232558139535,1888.0,-6.6171875,-22.59556,-6.786476
941,10.941860465116278,1898.0,3.3828125,-22.511469,-7.656841
942,10.953488372093023,1874.0,-20.6171875,-20.372427,-7.184136
943,10.965116279069768,1880.0,-14.6171875,-16.327045,-5.488183
944,10.976744186046512,1865.0,-29.6171875,-10.808663,-3.043091
945,10.988372093023255,1867.0,-27.6171875,-4.494522,-0.522883
946,11.0,1858.0,-36.6171875,1.869455,1.457156
947,11.011627906976745,1862.0,-32.6171875,7.614717,2.58336
948,11.023255813953488,1872.0,-22.6171875,12.293495,2.907435
949,11.034883720930234,1861.0,-33.6171875,15.675554,2.757499
950,11.046511627906977,1877.0,-17.6171875,17.763334,2.565224
951,11.05813953488372,1872.0,-22.6171875,18.633848,2.63958
952,11.069767441860463,1899.0,4.3828125,18.380585,3.008464
953,11.08139534883721,1889.0,-5.6171875,17.047842,3.490774
954,11.093023255813954,1917.0,22.3828125,14.632872,3.737288
955,11.104651162790697,1907.0,12.3828125,11.166306,3.482019
956,11.116279069767442,1930.0,35.3828125,6.77395,2.616103
957,11.127906976744185,1925.0,30.3828125,1.719863,1.245991
958,11.13953488372093,1927.0,32.3828125,-3.611551,-0.376674
959,11.151162790697676,1930.0,35.3828125,-8.727223,-1.957859
960,11.162790697674419,1915.0,20.3828125,-13.179029,-3.265778
961,11.174418604651162,1922.0,27.3828125,-16.494986,-4.124339
962,11.186046511627907,1883.0,-11.6171875,-18.37883,-4.437096
963,11.19767441860465,1911.0,16.3828125,-18.591478,-4.142641
964,11.209302325581396,1859.0,-35.6171875,-17.180519,-3.292666
965,11.220930232558139,1872.0,-22.6171875,-14.306492,-2.015501
966,11.232558139534884,1825.0,-69.6171875,-10.38281,-0.582817
967,11.244186046511627,1845.0,-49.6171875,-5.898841,0.679395
968,11.25581395348837,1836.0,-58.6171875,-1.400313,1.427012
969,11.267441860465118,1831.0,-63.6171875,2.652894,1.492065
970,11.279069767441861,1840.0,-54.6171875,6.04859,0.962265
971,11.290697674418604,1834.0,-60.6171875,8.737138,0.184733
972,11.30232558139535,1871.0,-23.6171875,10.888641,-0.377528
973,11.313953488372093,1851.0,-43.6171875,12.598844,-0.355125
974,11.325581395348836,1904.0,9.3828125,13.941798,0.362048
975,11.337209302325583,1887.0,-7.6171875,14.699975,1.543574
976,11.348837209302326,1935.0,40.3828125,14.589488,2.724457
977,11.36046511627907,1920.0,25.3828125,13.268618,3.410384
978,11.372093023255815,1939.0,44.3828125,10.606486,3.302711
979,11.383720930232558,1938.0,43.3828125,6.802262,2.465451
980,11.395348837209301,1927.0,32.3828125,2.302599,1.21974
981,11.406976744186046,1938.0,43.3828125,-2.178326,0.046886
982,11.418604651162791,1895.0,0.3828125,-6.071603,-0.705061
983,11.430232558139535,1911.0,16.3828125,-8.932117,-0.92353
984,11.441860465116278,1851.0,-43.6171875,-10.764495,-0.789968
985,11.453488372093023,1872.0,-22.6171875,-11.752312,-0.64736
986,11.465116279069768,1809.0,-85.6171875,-12.289207,-0.797235
987,11.476744186046512,1825.0,-69.6171875,-12.586908,-1.340252
988,11.488372093023257,1790.0,-104.6171875,-12.697665,-2.144258
989,11.5,1797.0,-97.6171875,-12.412539,-2.927739
990,11.511627906976743,1795.0,-99.6171875,-11.396066,-3.394787
991,11.523255813953488,1788.0,-106.6171875,-9.408173,-3.38263
992,11.534883720930234,1829.0,-65.6171875,-6.327005,-2.884404
993,11.546511627906977,1808.0,-86.6171875,-2.385242,-2.04287
994,11.55813953488372,1875.0,-19.6171875,2.11559,-1.001354
995,11.569767441860465,1856.0,-38.6171875,6.663437,0.125368
996,11.581395348837209,1925.0,30.3828125,10.911891,1.310781
997,11.593023255813954,1902.0,7.3828125,14.497983,2.527087
998,11.604651162790699,1943.0,48.3828125,17.226288,3.701205
999,11.616279069767442,1937.0,42.3828125,18.901037,4.683572
1000,11.627906976744185,1955.0,60.3828125,19.306047,5.215639
1001,11.63953488372093,1957.0,62.3828125,18.25425,5.071432
1002,11.651162790697674,1924.0,29.3828125,15.584476,4.140718
1003,11.662790697674419,1939.0,44.3828125,11.417547,2.5586
1004,11.674418604651164,1881.0,-13.6171875,6.000701,0.638733
1005,11.686046511627907,1906.0,11.3828125,-0.092021,-1.20656
1006,11.69767441860465,1838.0,-56.6171875,-6.301877,-2.620932
1007,11.709302325581394,1855.0,-39.6171875,-11.990983,-3.409949
1008,11.72093023255814,1808.0,-86.6171875,-16.772865,-3.589488
1009,11.732558139534884,1824.0,-70.6171875,-20.373775,-3.331152
1010,11.744186046511627,1808.0,-86.6171875,-22.698332,-2.874838
1011,11.755813953488373,1804.0,-90.6171875,-23.693583,-2.406681
1012,11.767441860465116,1833.0,-61.6171875,-23.228653,-2.008633
1013,11.77906976744186,1817.0,-77.6171875,-21.209042,-1.668468
1014,11.790697674418606,1875.0,-19.6171875,-17.448498,-1.326275
1015,11.80232558139535,1856.0,-38.6171875,-12.022288,-0.932814
1016,11.813953488372093,1938.0,43.3828125,-5.065844,-0.474307
1017,11.825581395348838,1901.0,6.3828125,2.885806,0.032608
1018,11.837209302325581,1956.0,61.3828125,11.26815,0.597972
1019,11.848837209302326,1962.0,67.3828125,19.33287,1.236067
1020,11.86046511627907,1950.0,55.3828125,26.339153,1.944843
1021,11.872093023255815,1955.0,60.3828125,31.664448,2.723539
1022,11.883720930232558,1925.0,30.3828125,34.686493,3.477362
1023,11.895348837209301,1938.0,43.3828125,34.974602,4.039181
1024,11.906976744186046,1889.0,-5.6171875,32.129208,4.206524
1025,11.918604651162791,1904.0,9.3828125,26.105801,3.821798
1026,11.930232558139535,1863.0,-31.6171875,17.076359,2.835977
1027,11.94186046511628,1875.0,-19.6171875,5.726645,1.348814
1028,11.953488372093023,1854.0,-40.6171875,-6.936114,-0.402105
1029,11.965116279069766,1854.0,-40.6171875,-19.595387,-2.146875
1030,11.976744186046512,1852.0,-42.6171875,-30.881273,-3.626354
1031,11.988372093023257,1853.0,-41.6171875,-39.603081,-4.673759
1032,12.0,1863.0,-31.6171875,-44.864555,-5.214363
1033,12.011627906976743,1857.0,-37.6171875,-46.210751,-5.236824
1034,12.023255813953488,1875.0,-19.6171875,-43.485687,-4.736504
1035,12.034883720930232,1871.0,-23.6171875,-36.903233,-3.718216
1036,12.046511627906977,1890.0,-4.6171875,-26.840778,-2.210081
1037,12.058139534883722,1885.0,-9.6171875,-14.002697,-0.327291
1038,12.069767441860465,1901.0,6.3828125,0.693268,1.693036
1039,12.081395348837209,1895.0,0.3828125,15.99894,3.520521
1040,12.093023255813954,1902.0,7.3828125,30.484213,4.817438
1041,12.104651162790697,1901.0,6.3828125,42.654591,5.356037
1042,12.116279069767442,1899.0,4.3828125,51.183735,5.099758
1043,12.127906976744187,1900.0,5.3828125,55.142265,4.234356
1044,12.13953488372093,1901.0,6.3828125,54.089645,3.087242
1045,12.151162790697674,1898.0,3.3828125,48.112541,1.953842
1046,12.162790697674417,1890.0,-4.6171875,37.701431,0.996727
1047,12.174418604651164,1886.0,-8.6171875,23.691849,0.164743
1048,12.186046511627907,1887.0,-7.6171875,7.144402,-0.710525
1049,12.19767441860465,1892.0,-2.6171875,-10.624602,-1.797136
1050,12.209302325581396,1881.0,-13.6171875,-28.117287,-3.102617
1051,12.220930232558139,1891.0,-3.6171875,-43.631256,-4.403969
1052,12.232558139534882,1872.0,-22.6171875,-55.499275,-5.318001
1053,12.24418604651163,1875.0,-19.6171875,-62.24638,-5.435314
1054,12.255813953488373,1856.0,-38.6171875,-62.96558,-4.556828
1055,12.267441860465116,1865.0,-29.6171875,-57.453651,-2.791428
1056,12.279069767441861,1849.0,-45.6171875,-46.318455,-0.556408
1057,12.290697674418604,1852.0,-42.6171875,-30.809021,1.579308
1058,12.30232558139535,1842.0,-52.6171875,-12.558874,3.1324
1059,12.313953488372093,1845.0,-49.6171875,6.677299,3.874656
1060,12.325581395348838,1855.0,-39.6171875,25.250572,3.879133
1061,12.337209302325581,1856.0,-38.6171875,41.646091,3.454193
1062,12.348837209302324,1872.0,-22.6171875,54.546421,2.910503
1063,12.36046511627907,1863.0,-31.6171875,62.75008,2.441113
1064,12.372093023255815,1893.0,-1.6171875,65.362007,2.021248
1065,12.383720930232558,1883.0,-11.6171875,61.831779,1.466583
1066,12.395348837209303,1911.0,16.3828125,52.273415,0.594086
1067,12.406976744186046,1903.0,8.3828125,37.503147,-0.605171
1068,12.41860465116279,1919.0,24.3828125,19.046564,-1.916573
1069,12.430232558139537,1917.0,22.3828125,-1.086248,-2.938981
1070,12.44186046511628,1910.0,15.3828125,-20.831848,-3.328854
1071,12.453488372093023,1918.0,23.3828125,-38.289448,-2.934002
1072,12.465116279069766,1891.0,-3.6171875,-52.067131,-1.927258
1073,12.476744186046512,1903.0,8.3828125,-61.127644,-0.730274
1074,12.488372093023255,1862.0,-32.6171875,-64.857536,0.1745
1075,12.5,1875.0,-19.6171875,-62.771481,0.487286
1076,12.511627906976745,1837.0,-57.6171875,-54.717617,0.229149
1077,12.523255813953488,1853.0,-41.6171875,-40.88924,-0.24292
1078,12.534883720930232,1833.0,-61.6171875,-22.219746,-0.436609
1079,12.546511627906977,1827.0,-67.6171875,-0.525649,0.001032
1080,12.558139534883722,1841.0,-53.6171875,21.589647,1.106403
1081,12.569767441860465,1836.0,-58.6171875,41.020477,2.518524
1082,12.58139534883721,1861.0,-33.6171875,54.952366,3.620632
1083,12.593023255813954,1852.0,-42.6171875,61.374477,3.840885
1084,12.604651162790697,1887.0,-7.6171875,59.779545,2.883396
1085,12.61627906976744,1873.0,-21.6171875,51.039333,0.932228
1086,12.627906976744187,1911.0,16.3828125,37.308655,-1.44553
1087,12.63953488372093,1904.0,9.3828125,21.191273,-3.494736
1088,12.651162790697674,1927.0,32.3828125,5.209061,-4.602667
1089,12.662790697674419,1936.0,41.3828125,-8.77496,-4.481511
1090,12.674418604651162,1918.0,23.3828125,-19.758823,-3.300978
1091,12.686046511627906,1918.0,23.3828125,-27.364515,-1.512388
1092,12.697674418604652,1897.0,2.3828125,-31.745945,0.30249
1093,12.709302325581396,1907.0,12.3828125,-33.070351,1.692577
1094,12.720930232558139,1871.0,-23.6171875,-31.686399,2.415686
1095,12.732558139534884,1872.0,-22.6171875,-27.842295,2.484814
1096,12.744186046511627,1850.0,-44.6171875,-22.068712,2.078539
1097,12.755813953488373,1859.0,-35.6171875,-15.00551,1.430941
1098,12.767441860465116,1846.0,-48.6171875,-7.521849,0.782457
1099,12.779069767441861,1840.0,-54.6171875,-0.485931,0.291524
1100,12.790697674418604,1839.0,-55.6171875,5.43311,0.091297
1101,12.802325581395348,1840.0,-54.6171875,9.829195,0.239698
1102,12.813953488372093,1854.0,-40.6171875,12.683973,0.699162
1103,12.825581395348838,1852.0,-42.6171875,14.065749,1.298014
1104,12.837209302325581,1870.0,-24.6171875,14.229942,1.741209
1105,12.848837209302326,1863.0,-31.6171875,13.279774,1.702009
1106,12.86046511627907,1887.0,-7.6171875,11.441506,0.952305
1107,12.872093023255813,1885.0,-9.6171875,8.915577,-0.479086
1108,12.88372093023256,1898.0,3.3828125,6.137659,-2.279591
1109,12.895348837209303,1895.0,0.3828125,3.672981,-3.872421
1110,12.906976744186046,1902.0,7.3828125,2.098149,-4.67157
1111,12.918604651162791,1899.0,4.3828125,1.818753,-4.288322
1112,12.930232558139535,1894.0,-0.6171875,2.74907,-2.764469
1113,12.941860465116278,1900.0,5.3828125,4.42417,-0.569623
1114,12.953488372093023,1879.0,-15.6171875,5.883817,1.547196
1115,12.965116279069768,1887.0,-7.6171875,6.257716,2.894711
1116,12.976744186046512,1865.0,-29.6171875,4.787993,3.072367
1117,12.988372093023255,1879.0,-15.6171875,1.375199,2.178114
1118,13.0,1869.0,-25.6171875,-3.606177,0.723018
1119,13.011627906976745,1871.0,-23.6171875,-9.275536,-0.598637
1120,13.023255813953488,1865.0,-29.6171875,-14.594558,-1.178763
1121,13.034883720930234,1870.0,-24.6171875,-18.665657,-0.773575
1122,13.046511627906977,1861.0,-33.6171875,-20.847383,0.464695
1123,13.05813953488372,1862.0,-32.6171875,-20.96843,2.043259
1124,13.069767441860465,1859.0,-35.6171875,-19.059273,3.377453
1125,13.08139534883721,1858.0,-36.6171875,-15.45503,3.994572
1126,13.093023255813954,1856.0,-38.6171875,-10.42455,3.701436
1127,13.104651162790697,1857.0,-37.6171875,-4.334756,2.594373
1128,13.116279069767442,1856.0,-38.6171875,2.532167,0.970242
1129,13.127906976744185,1856.0,-38.6171875,9.805751,-0.76385
1130,13.13953488372093,1863.0,-31.6171875,17.037331,-2.237009
1131,13.151162790697676,1859.0,-35.6171875,23.620848,-3.208776
1132,13.162790697674419,1875.0,-19.6171875,28.759768,-3.6075
1133,13.174418604651162,1871.0,-23.6171875,31.64854,-3.527863
1134,13.186046511627907,1890.0,-4.6171875,31.494469,-3.15852
1135,13.19767441860465,1885.0,-9.6171875,27.896742,-2.714378
1136,13.209302325581396,1904.0,9.3828125,20.851753,-2.3377
1137,13.22093023255814,1895.0,0.3828125,11.014858,-2.065024
1138,13.232558139534884,1904.0,9.3828125,-0.474213,-1.763438
1139,13.244186046511627,1901.0,6.3828125,-12.103251,-1.221437
1140,13.25581395348837,1904.0,9.3828125,-22.376413,-0.257776
1141,13.267441860465116,1905.0,10.3828125,-30.143755,1.121763
1142,13.279069767441861,1891.0,-3.6171875,-34.733906,2.701183
1143,13.290697674418604,1899.0,4.3828125,-36.06897,4.081062
1144,13.30232558139535,1873.0,-21.6171875,-34.365822,4.83823
1145,13.313953488372093,1883.0,-11.6171875,-30.034479,4.736326
1146,13.325581395348836,1858.0,-36.6171875,-23.315226,3.848543
1147,13.337209302325583,1873.0,-21.6171875,-14.475589,2.548478
1148,13.348837209302326,1851.0,-43.6171875,-3.834908,1.345283
1149,13.36046511627907,1853.0,-41.6171875,7.978111,0.685344
1150,13.372093023255815,1849.0,-45.6171875,19.802683,0.657211
1151,13.383720930232558,1850.0,-44.6171875,30.111589,0.981468
1152,13.395348837209301,1862.0,-32.6171875,37.236191,1.10677
1153,13.406976744186046,1857.0,-37.6171875,39.937344,0.508877
1154,13.418604651162791,1878.0,-16.6171875,37.702732,-1.050266
1155,13.430232558139535,1869.0,-25.6171875,31.030247,-3.344936
1156,13.441860465116278,1902.0,7.3828125,21.215687,-5.743608
1157,13.453488372093023,1887.0,-7.6171875,9.97777,-7.476555
1158,13.465116279069768,1910.0,15.3828125,-1.000674,-7.883521
1159,13.476744186046512,1904.0,9.3828125,-10.507743,-6.733373
1160,13.488372093023257,1909.0,14.3828125,-17.88855,-4.259456
1161,13.5,1910.0,15.3828125,-22.991604,-1.06321
1162,13.511627906976743,1904.0,9.3828125,-25.908857,2.107775
1163,13.523255813953488,1906.0,11.3828125,-26.791866,4.609268
1164,13.534883720930234,1883.0,-11.6171875,-25.722214,6.053867
1165,13.546511627906977,1893.0,-1.6171875,-22.74975,6.388184
1166,13.55813953488372,1871.0,-23.6171875,-18.031128,5.784988
1167,13.569767441860465,1881.0,-13.6171875,-11.903991,4.581204
1168,13.581395348837209,1861.0,-33.6171875,-4.931834,3.161354
1169,13.593023255813954,1867.0,-27.6171875,2.19712,1.863329
1170,13.604651162790699,1863.0,-31.6171875,8.760484,0.912293
1171,13.616279069767442,1856.0,-38.6171875,14.119528,0.374469
1172,13.627906976744185,1854.0,-40.6171875,17.783689,0.144417
1173,13.63953488372093,1854.0,-40.6171875,19.434124,-0.02932
1174,13.651162790697674,1856.0,-38.6171875,18.949579,-0.451792
1175,13.662790697674419,1855.0,-39.6171875,16.442034,-1.324884
1176,13.674418604651164,1876.0,-18.6171875,12.314616,-2.650014
1177,13.686046511627907,1870.0,-24.6171875,7.219947,-4.172439
1178,13.69767441860465,1886.0,-8.6171875,2.049827,-5.421158
1179,13.709302325581394,1879.0,-15.6171875,-2.299741,-5.88701
1180,13.72093023255814,1904.0,9.3828125,-5.133648,-5.240979
1181,13.732558139534884,1895.0,0.3828125,-6.176792,-3.489313
1182,13.744186046511627,1904.0,9.3828125,-5.630529,-0.984576
1183,13.755813953488373,1904.0,9.3828125,-4.069454,1.705436
1184,13.767441860465116,1907.0,12.3828125,-2.261759,3.988136
1185,13.77906976744186,1907.0,12.3828125,-0.857501,5.461663
1186,13.790697674418606,1895.0,0.3828125,-0.278122,5.984268
1187,13.80232558139535,1904.0,9.3828125,-0.584422,5.657044
1188,13.813953488372093,1885.0,-9.6171875,-1.648753,4.671704
1189,13.825581395348838,1893.0,-1.6171875,-3.188445,3.226881
1190,13.837209302325581,1872.0,-22.6171875,-4.944615,1.456393
1191,13.848837209302324,1875.0,-19.6171875,-6.671285,-0.508157
1192,13.86046511627907,1855.0,-39.6171875,-8.1345,-2.466349
1193,13.872093023255815,1861.0,-33.6171875,-9.077239,-4.106785
1194,13.883720930232558,1838.0,-56.6171875,-9.190042,-5.056262
1195,13.895348837209301,1847.0,-47.6171875,-8.207688,-4.992481
1196,13.906976744186046,1843.0,-51.6171875,-5.989112,-3.869535
1197,13.918604651162791,1845.0,-49.6171875,-2.660558,-1.963288
1198,13.930232558139535,1846.0,-48.6171875,1.420553,0.147676
1199,13.94186046511628,1849.0,-45.6171875,5.714417,1.840705
1200,13.953488372093023,1878.0,-16.6171875,9.652811,2.629315
1201,13.965116279069766,1871.0,-23.6171875,12.778105,2.408813
1202,13.976744186046512,1903.0,8.3828125,14.835181,1.463883
1203,13.988372093023257,1890.0,-4.6171875,15.764449,0.343325
1204,14.0,1920.0,25.3828125,15.593622,-0.381573
1205,14.011627906976743,1910.0,15.3828125,14.363603,-0.387441
1206,14.023255813953488,1927.0,32.3828125,12.034057,0.300772
1207,14.034883720930232,1922.0,27.3828125,8.570381,1.338604
1208,14.046511627906977,1918.0,23.3828125,3.995274,2.267621
1209,14.058139534883722,1922.0,27.3828125,-1.484082,2.671943
1210,14.069767441860465,1895.0,0.3828125,-7.416913,2.39108
1211,14.081395348837209,1893.0,-1.6171875,-13.142403,1.514458
1212,14.093023255813954,1865.0,-29.6171875,-17.913349,0.319201
1213,14.104651162790697,1881.0,-13.6171875,-21.081106,-0.885769
1214,14.116279069767442,1843.0,-51.6171875,-22.232008,-1.899248
1215,14.127906976744187,1854.0,-40.6171875,-21.243259,-2.616982
1216,14.13953488372093,1844.0,-50.6171875,-18.241425,-3.012853
1217,14.151162790697674,1837.0,-57.6171875,-13.575836,-3.083163
1218,14.162790697674417,1847.0,-47.6171875,-7.659461,-2.779012
1219,14.174418604651164,1840.0,-54.6171875,-0.980818,-2.040776
1220,14.186046511627907,1869.0,-25.6171875,5.910359,-0.898069
1221,14.19767441860465,1856.0,-38.6171875,12.357123,0.473698
1222,14.209302325581396,1902.0,7.3828125,17.681671,1.774927
1223,14.220930232558139,1883.0,-11.6171875,21.211374,2.63131
1224,14.232558139534882,1931.0,36.3828125,22.497597,2.779385
1225,14.24418604651163,1919.0,24.3828125,21.387745,2.141317
1226,14.255813953488373,1958.0,63.3828125,18.196539,0.978897
1227,14.267441860465116,1948.0,53.3828125,13.579898,-0.271916
1228,14.279069767441861,1946.0,51.3828125,8.401633,-1.083079
1229,14.290697674418604,1951.0,56.3828125,3.448335,-1.119538
1230,14.30232558139535,1924.0,29.3828125,-0.824736,-0.365426
1231,14.313953488372093,1936.0,41.3828125,-4.320989,0.855908
1232,14.325581395348838,1889.0,-5.6171875,-7.310495,2.005484
1233,14.337209302325581,1907.0,12.3828125,-10.099267,2.56974
1234,14.348837209302324,1856.0,-38.6171875,-12.901914,2.24999
1235,14.36046511627907,1874.0,-20.6171875,-15.556079,1.120469
1236,14.372093023255815,1835.0,-59.6171875,-17.634037,-0.436497
1237,14.383720930232558,1842.0,-52.6171875,-18.518625,-1.871006
1238,14.395348837209303,1834.0,-60.6171875,-17.725779,-2.713492
1239,14.406976744186046,1826.0,-68.6171875,-15.106897,-2.747083
1240,14.41860465116279,1845.0,-49.6171875,-10.89085,-2.068188
1241,14.430232558139535,1837.0,-57.6171875,-5.67883,-1.005328
1242,14.44186046511628,1873.0,-21.6171875,-0.162272,0.022609
1243,14.453488372093023,1860.0,-34.6171875,5.014133,0.715931
1244,14.465116279069768,1902.0,7.3828125,9.464666,0.945213
1245,14.476744186046512,1890.0,-4.6171875,13.013353,0.807369
1246,14.488372093023255,1923.0,28.3828125,15.673368,0.49837
1247,14.5,1917.0,22.3828125,17.488474,0.231377
1248,14.511627906976745,1920.0,25.3828125,18.471251,0.132235
1249,14.523255813953488,1923.0,28.3828125,18.573059,0.210394
1250,14.534883720930232,1904.0,9.3828125,17.675522,0.387079
1251,14.546511627906977,1917.0,22.3828125,15.721302,0.562223
1252,14.55813953488372,1874.0,-20.6171875,12.613214,0.633559
1253,14.569767441860465,1888.0,-6.6171875,8.398404,0.565839
1254,14.58139534883721,1847.0,-47.6171875,3.106332,0.359068
1255,14.593023255813954,1859.0,-35.6171875,-3.05618,0.047226
1256,14.604651162790697,1833.0,-61.6171875,-9.797085,-0.329809
1257,14.616279069767442,1838.0,-56.6171875,-16.568787,-0.713861
1258,14.627906976744187,1831.0,-63.6171875,-22.657457,-1.030478
1259,14.63953488372093,1831.0,-63.6171875,-27.230076,-1.204548
1260,14.651162790697674,1856.0,-38.6171875,-29.489208,-1.166775
1261,14.662790697674419,1840.0,-54.6171875,-28.961451,-0.916739
1262,14.674418604651162,1866.0,-28.6171875,-25.481731,-0.472271
1263,14.686046511627906,1854.0,-40.6171875,-19.398087,0.092714
1264,14.697674418604652,1883.0,-11.6171875,-11.302767,0.707978
1265,14.709302325581396,1875.0,-19.6171875,-2.046392,1.318943
1266,14.720930232558139,1894.0,-0.6171875,7.592443,1.910241
1267,14.732558139534884,1891.0,-3.6171875,16.838743,2.453797
1268,14.744186046511627,1895.0,0.3828125,25.022852,2.869276
1269,14.755813953488373,1887.0,-7.6171875,31.459963,3.002249
1270,14.767441860465118,1886.0,-8.6171875,35.473156,2.673107
1271,14.779069767441861,1889.0,-5.6171875,36.448715,1.711208
1272,14.790697674418604,1871.0,-23.6171875,33.946907,0.106491
1273,14.802325581395348,1875.0,-19.6171875,28.006941,-1.922314
1274,14.813953488372093,1866.0,-28.6171875,19.115589,-3.91835
1275,14.825581395348838,1866.0,-28.6171875,8.30903,-5.310337
1276,14.837209302325581,1861.0,-33.6171875,-3.161985,-5.608308
1277,14.848837209302326,1860.0,-34.6171875,-14.007869,-4.60497
1278,14.86046511627907,1866.0,-28.6171875,-23.275522,-2.521673
1279,14.872093023255813,1871.0,-23.6171875,-30.420401,0.03447
1280,14.88372093023256,1869.0,-25.6171875,-35.26823,2.2635
1281,14.895348837209303,1869.0,-25.6171875,-37.795601,3.505981
1282,14.906976744186046,1873.0,-21.6171875,-37.889042,3.450123
1283,14.918604651162791,1872.0,-22.6171875,-35.299721,2.305237
1284,14.930232558139535,1876.0,-18.6171875,-29.646276,0.669928
1285,14.941860465116278,1878.0,-16.6171875,-20.771477,-0.67914
1286,14.953488372093023,1876.0,-18.6171875,-8.923416,-1.128465
1287,14.965116279069768,1877.0,-17.6171875,4.931732,-0.475397
1288,14.976744186046512,1879.0,-15.6171875,19.243996,1.00135
1289,14.988372093023255,1879.0,-15.6171875,32.08445,2.663542
1290,15.0,1878.0,-16.6171875,41.626823,3.794708
1291,15.011627906976745,1874.0,-20.6171875,46.576923,3.909737
1292,15.023255813953488,1876.0,-18.6171875,46.442188,2.935108
1293,15.034883720930234,1878.0,-16.6171875,41.576412,1.21669
1294,15.046511627906977,1885.0,-9.6171875,32.908981,-0.678154
1295,15.05813953488372,1882.0,-12.6171875,21.685881,-2.182089
1296,15.069767441860465,1890.0,-4.6171875,9.097177,-2.960883
1297,15.08139534883721,1887.0,-7.6171875,-3.829477,-3.027256
1298,15.093023255813954,1890.0,-4.6171875,-16.278124,-2.646252
1299,15.104651162790697,1891.0,-3.6171875,-27.478807,-2.181509
1300,15.116279069767442,1886.0,-8.6171875,-36.615368,-1.881535
1301,15.127906976744185,1886.0,-8.6171875,-42.800098,-1.806339
1302,15.139534883720929,1877.0,-17.6171875,-45.206692,-1.801838
1303,15.151162790697676,1882.0,-12.6171875,-43.267242,-1.620979
1304,15.162790697674419,1869.0,-25.6171875,-36.927414,-1.093285
1305,15.174418604651162,1875.0,-19.6171875,-26.732531,-0.187445
1306,15.186046511627907,1870.0,-24.6171875,-13.774439,0.978077
1307,15.19767441860465,1871.0,-23.6171875,0.464747,2.179775
1308,15.209302325581396,1869.0,-25.6171875,14.423759,3.205903
1309,15.22093023255814,1869.0,-25.6171875,26.641703,3.905491
1310,15.232558139534884,1872.0,-22.6171875,35.993568,4.22571
1311,15.244186046511627,1869.0,-25.6171875,41.65316,4.130859
1312,15.25581395348837,1883.0,-11.6171875,43.167652,3.571297
1313,15.267441860465116,1874.0,-20.6171875,40.384968,2.487247
1314,15.279069767441861,1891.0,-3.6171875,33.56163,0.854088
1315,15.290697674418604,1885.0,-9.6171875,23.346796,-1.209267
1316,15.30232558139535,1904.0,9.3828125,10.839636,-3.414428
1317,15.313953488372093,1895.0,0.3828125,-2.495936,-5.306697
1318,15.325581395348836,1906.0,11.3828125,-15.025493,-6.385832
1319,15.337209302325583,1906.0,11.3828125,-25.204334,-6.278049
1320,15.348837209302326,1905.0,10.3828125,-31.916447,-4.881742
1321,15.36046511627907,1905.0,10.3828125,-34.611919,-2.461502
1322,15.372093023255815,1902.0,7.3828125,-33.424545,0.455757
1323,15.383720930232558,1907.0,12.3828125,-28.967752,3.209604
1324,15.395348837209301,1893.0,-1.6171875,-22.213797,5.214167
1325,15.406976744186046,1901.0,6.3828125,-14.123704,6.139264
1326,15.418604651162791,1883.0,-11.6171875,-5.581681,5.947918
1327,15.430232558139535,1889.0,-5.6171875,2.748076,4.881284
1328,15.441860465116278,1875.0,-19.6171875,10.301919,3.279853
1329,15.453488372093023,1877.0,-17.6171875,16.575262,1.510369
1330,15.465116279069768,1872.0,-22.6171875,21.092403,-0.161554
1331,15.476744186046512,1877.0,-17.6171875,23.366392,-1.581234
1332,15.488372093023257,1873.0,-21.6171875,23.09827,-2.704117
1333,15.5,1873.0,-21.6171875,20.223328,-3.528179
1334,15.511627906976743,1889.0,-5.6171875,15.13757,-4.039124
1335,15.523255813953488,1869.0,-25.6171875,8.553728,-4.231858
1336,15.534883720930234,1899.0,4.3828125,1.561549,-4.027252
1337,15.546511627906977,1875.0,-19.6171875,-4.777023,-3.41647
1338,15.55813953488372,1896.0,1.3828125,-9.52435,-2.374487
1339,15.569767441860465,1894.0,-0.6171875,-12.157537,-0.982555
1340,15.581395348837209,1901.0,6.3828125,-12.653909,0.602384
1341,15.593023255813954,1898.0,3.3828125,-11.396296,2.115402
1342,15.604651162790699,1905.0,10.3828125,-9.059383,3.295008
1343,15.616279069767442,1904.0,9.3828125,-6.294951,3.91925
1344,15.627906976744185,1900.0,5.3828125,-3.668091,3.893591
1345,15.63953488372093,1903.0,8.3828125,-1.434338,3.280653
1346,15.651162790697674,1894.0,-0.6171875,0.353452,2.32742
1347,15.662790697674417,1894.0,-0.6171875,1.766842,1.316608
1348,15.674418604651162,1883.0,-11.6171875,2.86891,0.531627
1349,15.686046511627906,1886.0,-8.6171875,3.589585,0.090169
1350,15.697674418604652,1875.0,-19.6171875,3.780359,-0.070707
1351,15.709302325581396,1878.0,-16.6171875,3.219743,-0.158778
1352,15.72093023255814,1872.0,-22.6171875,1.87966,-0.38756
1353,15.732558139534884,1872.0,-22.6171875,-0.112159,-0.876985
1354,15.744186046511627,1872.0,-22.6171875,-2.276362,-1.541045
1355,15.755813953488373,1872.0,-22.6171875,-4.039377,-2.134352
1356,15.767441860465116,1877.0,-17.6171875,-4.768836,-2.340164
1357,15.77906976744186,1874.0,-20.6171875,-4.111295,-1.949533
1358,15.790697674418604,1887.0,-7.6171875,-2.079493,-1.017112
1359,15.802325581395348,1883.0,-11.6171875,0.911066,0.166948
1360,15.813953488372091,1900.0,5.3828125,4.130739,1.147172
1361,15.82558139534884,1891.0,-3.6171875,6.816596,1.498064
1362,15.837209302325583,1907.0,12.3828125,8.324844,1.022222
1363,15.848837209302326,1904.0,9.3828125,8.421505,-0.154994
1364,15.86046511627907,1911.0,16.3828125,7.188827,-1.62068
1365,15.872093023255815,1910.0,15.3828125,5.090143,-2.813858
1366,15.883720930232558,1904.0,9.3828125,2.639471,-3.240312
1367,15.895348837209301,1911.0,16.3828125,0.325737,-2.647511
1368,15.906976744186046,1897.0,2.3828125,-1.616407,-1.122437
1369,15.91860465116279,1903.0,8.3828125,-3.191676,0.945789
1370,15.930232558139533,1877.0,-17.6171875,-4.564814,3.000829
1371,15.941860465116278,1890.0,-4.6171875,-5.91073,4.541372
1372,15.953488372093025,1866.0,-28.6171875,-7.256601,5.215076
1373,15.965116279069768,1872.0,-22.6171875,-8.449674,4.966052
1374,15.976744186046513,1856.0,-38.6171875,-9.129347,3.96483
1375,15.988372093023257,1868.0,-26.6171875,-8.936714,2.544841
1376,16.0,1856.0,-38.6171875,-7.626159,1.026317
1377,16.011627906976745,1857.0,-37.6171875,-5.221031,-0.339916
1378,16.023255813953487,1862.0,-32.6171875,-2.033509,-1.477227
1379,16.03488372093023,1857.0,-37.6171875,1.433953,-2.413203
1380,16.046511627906977,1872.0,-22.6171875,4.633286,-3.222455
1381,16.05813953488372,1867.0,-27.6171875,7.193212,-3.8887
1382,16.069767441860463,1886.0,-8.6171875,8.930039,-4.304049
1383,16.081395348837212,1879.0,-15.6171875,9.923084,-4.267851
1384,16.093023255813954,1895.0,0.3828125,10.312757,-3.599258
1385,16.1046511627907,1891.0,-3.6171875,10.227141,-2.254352
1386,16.116279069767444,1891.0,-3.6171875,9.618319,-0.418723
1387,16.127906976744185,1895.0,0.3828125,8.330408,1.504601
1388,16.13953488372093,1899.0,4.3828125,6.166965,3.019174
1389,16.151162790697676,1904.0,9.3828125,3.059622,3.706081
1390,16.162790697674417,1888.0,-6.6171875,-0.757856,3.448418
1391,16.174418604651162,1894.0,-0.6171875,-4.797569,2.458808
1392,16.186046511627907,1882.0,-12.6171875,-8.383038,1.220079
1393,16.19767441860465,1886.0,-8.6171875,-10.920419,0.272875
1394,16.209302325581397,1870.0,-24.6171875,-12.044073,-0.016007
1395,16.220930232558143,1870.0,-24.6171875,-11.776099,0.383396
1396,16.232558139534884,1861.0,-33.6171875,-10.451914,1.144321
1397,16.24418604651163,1865.0,-29.6171875,-8.572605,1.755012
1398,16.25581395348837,1858.0,-36.6171875,-6.582588,1.735082
1399,16.267441860465116,1858.0,-36.6171875,-4.694144,0.885364
1400,16.27906976744186,1862.0,-32.6171875,-2.842652,-0.591768
1401,16.290697674418603,1863.0,-31.6171875,-0.772579,-2.207296
1402,16.302325581395348,1867.0,-27.6171875,1.73225,-3.35831
1403,16.313953488372093,1868.0,-26.6171875,4.710779,-3.623247
1404,16.325581395348834,1873.0,-21.6171875,7.903165,-2.898756
1405,16.337209302325583,1872.0,-22.6171875,10.811033,-1.455881
1406,16.348837209302328,1883.0,-11.6171875,12.863509,0.19917
1407,16.36046511627907,1873.0,-21.6171875,13.589855,1.530586
1408,16.372093023255815,1885.0,-9.6171875,12.836404,2.212461
1409,16.38372093023256,1879.0,-15.6171875,10.745803,2.188993
1410,16.3953488372093,1886.0,-8.6171875,7.715046,1.658807
1411,16.406976744186046,1887.0,-7.6171875,4.210337,0.956437
1412,16.41860465116279,1886.0,-8.6171875,0.641819,0.384186
1413,16.430232558139533,1888.0,-6.6171875,-2.731596,0.11092
1414,16.441860465116278,1879.0,-15.6171875,-5.793585,0.129023
1415,16.453488372093023,1884.0,-10.6171875,-8.470747,0.319667
1416,16.46511627906977,1878.0,-16.6171875,-10.689662,0.502038
1417,16.476744186046513,1875.0,-19.6171875,-12.29906,0.530492
1418,16.48837209302326,1872.0,-22.6171875,-13.104044,0.337957
1419,16.5,1877.0,-17.6171875,-12.93407,-0.060316
1420,16.511627906976745,1878.0,-16.6171875,-11.730697,-0.595799
1421,16.52325581395349,1873.0,-21.6171875,-9.58023,-1.180775
1422,16.53488372093023,1874.0,-20.6171875,-6.6665,-1.682646
1423,16.546511627906977,1872.0,-22.6171875,-3.229994,-1.961909
1424,16.558139534883722,1876.0,-18.6171875,0.516854,-1.885124
1425,16.569767441860463,1873.0,-21.6171875,4.363742,-1.405456
1426,16.58139534883721,1873.0,-21.6171875,8.116826,-0.555402
1427,16.59302325581395,1872.0,-22.6171875,11.507539,0.494563
1428,16.6046511627907,1875.0,-19.6171875,14.190472,1.49818
1429,16.616279069767444,1873.0,-21.6171875,15.769655,2.194756
1430,16.627906976744185,1881.0,-13.6171875,15.906983,2.432333
1431,16.63953488372093,1879.0,-15.6171875,14.441003,2.186996
1432,16.651162790697676,1889.0,-5.6171875,11.476963,1.617566
1433,16.662790697674417,1882.0,-12.6171875,7.388991,0.955428
1434,16.674418604651162,1894.0,-0.6171875,2.720546,0.426894
1435,16.686046511627907,1895.0,0.3828125,-1.964451,0.129549
1436,16.69767441860465,1901.0,6.3828125,-6.21468,0.015788
1437,16.709302325581394,1895.0,0.3828125,-9.755707,-0.075575
1438,16.72093023255814,1903.0,8.3828125,-12.440664,-0.296103
1439,16.732558139534884,1901.0,6.3828125,-14.201304,-0.707253
1440,16.74418604651163,1902.0,7.3828125,-14.940233,-1.223769
1441,16.755813953488374,1902.0,7.3828125,-14.553419,-1.656479
1442,16.767441860465116,1900.0,5.3828125,-12.942834,-1.805477
1443,16.77906976744186,1903.0,8.3828125,-10.170824,-1.576801
1444,16.790697674418606,1895.0,0.3828125,-6.473658,-1.043912
1445,16.802325581395348,1895.0,0.3828125,-2.292704,-0.40839
1446,16.813953488372093,1883.0,-11.6171875,1.869039,0.107482
1447,16.825581395348838,1888.0,-6.6171875,5.551948,0.360857
1448,16.83720930232558,1882.0,-12.6171875,8.471774,0.359162
1449,16.848837209302324,1887.0,-7.6171875,10.561134,0.248692
1450,16.86046511627907,1871.0,-23.6171875,11.875479,0.228527
1451,16.872093023255815,1872.0,-22.6171875,12.528902,0.447934
1452,16.88372093023256,1881.0,-13.6171875,12.539164,0.935553
1453,16.8953488372093,1877.0,-17.6171875,11.809283,1.544887
1454,16.906976744186046,1887.0,-7.6171875,10.169488,2.049284
1455,16.91860465116279,1883.0,-11.6171875,7.522533,2.216695
1456,16.930232558139533,1900.0,5.3828125,3.93979,1.911226
1457,16.941860465116278,1894.0,-0.6171875,-0.267375,1.131204
1458,16.953488372093023,1910.0,15.3828125,-4.573134,0.031162
1459,16.965116279069765,1915.0,20.3828125,-8.366415,-1.13665
1460,16.97674418604651,1920.0,25.3828125,-11.098269,-2.096964
1461,16.98837209302326,1917.0,22.3828125,-12.403506,-2.589993
1462,17.0,1920.0,25.3828125,-12.18569,-2.4715
1463,17.011627906976745,1920.0,25.3828125,-10.638459,-1.752666
1464,17.02325581395349,1914.0,19.3828125,-8.134888,-0.602556
1465,17.03488372093023,1918.0,23.3828125,-5.211609,0.619031
1466,17.046511627906977,1899.0,4.3828125,-2.346854,1.538222
1467,17.058139534883722,1905.0,10.3828125,0.062689,1.813654
1468,17.069767441860463,1882.0,-12.6171875,1.824264,1.344136
1469,17.08139534883721,1892.0,-2.6171875,2.981373,0.317626
1470,17.093023255813954,1871.0,-23.6171875,3.710663,-0.837675
1471,17.104651162790695,1872.0,-22.6171875,4.27319,-1.61071
1472,17.116279069767444,1859.0,-35.6171875,4.850393,-1.619658
1473,17.12790697674419,1863.0,-31.6171875,5.475573,-0.808434
1474,17.13953488372093,1863.0,-31.6171875,5.968362,0.492331
1475,17.151162790697676,1858.0,-36.6171875,6.043058,1.710985
1476,17.16279069767442,1877.0,-17.6171875,5.442957,2.282722
1477,17.174418604651162,1872.0,-22.6171875,4.066394,1.907046
1478,17.186046511627907,1897.0,2.3828125,2.0959,0.706848
1479,17.19767441860465,1885.0,-9.6171875,-0.071839,-0.798818
1480,17.209302325581394,1914.0,19.3828125,-1.896029,-1.939904
1481,17.22093023255814,1900.0,5.3828125,-2.960527,-2.20029
1482,17.23255813953488,1926.0,31.3828125,-3.046994,-1.437403
1483,17.24418604651163,1919.0,24.3828125,-2.301504,0.043427
1484,17.255813953488374,1927.0,32.3828125,-1.097577,1.647622
1485,17.267441860465116,1927.0,32.3828125,0.058496,2.760128
1486,17.27906976744186,1914.0,19.3828125,0.732781,2.977348
1487,17.290697674418606,1920.0,25.3828125,0.697729,2.287313
1488,17.302325581395348,1893.0,-1.6171875,-0.03999,0.978646
1489,17.313953488372093,1906.0,11.3828125,-1.246936,-0.485825
1490,17.325581395348838,1872.0,-22.6171875,-2.616856,-1.707134
1491,17.33720930232558,1879.0,-15.6171875,-3.823158,-2.464553
1492,17.348837209302324,1852.0,-42.6171875,-4.642819,-2.73239
1493,17.36046511627907,1861.0,-33.6171875,-4.934659,-2.604625
1494,17.372093023255815,1840.0,-54.6171875,-4.695989,-2.201348
1495,17.38372093023256,1844.0,-50.6171875,-3.964992,-1.59351
1496,17.395348837209305,1840.0,-54.6171875,-2.866799,-0.833336
1497,17.406976744186046,1840.0,-54.6171875,-1.517079,0.039561
1498,17.41860465116279,1858.0,-36.6171875,-0.050811,0.927772
1499,17.430232558139537,1850.0,-44.6171875,1.427403,1.695735
1500,17.441860465116278,1879.0,-15.6171875,2.849235,2.201465
1501,17.453488372093023,1870.0,-24.6171875,4.191576,2.395947
1502,17.46511627906977,1904.0,9.3828125,5.463571,2.315694
1503,17.47674418604651,1895.0,0.3828125,6.632124,2.061572
1504,17.488372093023255,1923.0,28.3828125,7.629441,1.738227
1505,17.5,1920.0,25.3828125,8.30382,1.400979
1506,17.511627906976745,1933.0,38.3828125,8.459908,1.018986
1507,17.52325581395349,1930.0,35.3828125,7.890252,0.523086
1508,17.53488372093023,1921.0,26.3828125,6.47966,-0.102594
1509,17.546511627906977,1923.0,28.3828125,4.228378,-0.798444
1510,17.558139534883722,1903.0,8.3828125,1.278198,-1.420738
1511,17.569767441860463,1907.0,12.3828125,-2.121524,-1.834734
1512,17.58139534883721,1875.0,-19.6171875,-5.673427,-1.965994
1513,17.593023255813954,1895.0,0.3828125,-9.04548,-1.872874
1514,17.604651162790695,1859.0,-35.6171875,-11.966212,-1.71515
1515,17.61627906976744,1868.0,-26.6171875,-14.11913,-1.630328
1516,17.62790697674419,1848.0,-46.6171875,-15.245598,-1.651853
1517,17.63953488372093,1857.0,-37.6171875,-15.065163,-1.653921
1518,17.651162790697676,1851.0,-43.6171875,-13.408122,-1.409853
1519,17.66279069767442,1849.0,-45.6171875,-10.235521,-0.730721
1520,17.674418604651162,1868.0,-26.6171875,-5.759431,0.397132
1521,17.686046511627907,1858.0,-36.6171875,-0.443072,1.73592
1522,17.697674418604652,1885.0,-9.6171875,5.098551,2.909697
1523,17.709302325581394,1872.0,-22.6171875,10.184208,3.523356
1524,17.72093023255814,1909.0,14.3828125,14.289076,3.389196
1525,17.732558139534884,1902.0,7.3828125,17.067841,2.586678
1526,17.744186046511626,1935.0,40.3828125,18.468401,1.458281
1527,17.755813953488374,1921.0,26.3828125,18.567335,0.448809
1528,17.76744186046512,1933.0,38.3828125,17.525202,-0.102133
1529,17.77906976744186,1935.0,40.3828125,15.408958,-0.121073
1530,17.790697674418606,1919.0,24.3828125,12.183621,0.205165
1531,17.802325581395348,1926.0,31.3828125,7.804995,0.526367
1532,17.813953488372093,1897.0,2.3828125,2.292785,0.529195
1533,17.825581395348838,1904.0,9.3828125,-4.054352,0.066313
1534,17.83720930232558,1873.0,-21.6171875,-10.698299,-0.773058
1535,17.848837209302324,1888.0,-6.6171875,-16.836279,-1.738571
1536,17.86046511627907,1858.0,-36.6171875,-21.657207,-2.540424
1537,17.87209302325581,1866.0,-28.6171875,-24.476883,-2.991926
1538,17.883720930232556,1854.0,-40.6171875,-24.939892,-3.037445
1539,17.895348837209305,1857.0,-37.6171875,-23.058901,-2.754599
1540,17.906976744186046,1872.0,-22.6171875,-19.149073,-2.256702
1541,17.91860465116279,1856.0,-38.6171875,-13.736573,-1.635585
1542,17.930232558139537,1889.0,-5.6171875,-7.331123,-0.904767
1543,17.941860465116278,1874.0,-20.6171875,-0.448515,-0.05774
1544,17.953488372093023,1913.0,18.3828125,6.516709,0.900778
1545,17.96511627906977,1902.0,7.3828125,13.138049,1.896604
1546,17.97674418604651,1935.0,40.3828125,19.017063,2.801983
1547,17.988372093023255,1923.0,28.3828125,23.647284,3.459757
1548,18.0,1936.0,41.3828125,26.56258,3.75466
1549,18.01162790697674,1934.0,39.3828125,27.361336,3.64818
1550,18.02325581395349,1926.0,31.3828125,25.834108,3.198313
1551,18.034883720930235,1936.0,41.3828125,22.031305,2.49832
1552,18.046511627906977,1905.0,10.3828125,16.233574,1.64548
1553,18.058139534883722,1919.0,24.3828125,8.996818,0.730886
1554,18.069767441860467,1883.0,-11.6171875,0.953707,-0.16536
1555,18.08139534883721,1895.0,0.3828125,-7.162302,-0.988678
1556,18.093023255813954,1859.0,-35.6171875,-14.726503,-1.693885
1557,18.104651162790695,1871.0,-23.6171875,-21.14406,-2.251858
1558,18.11627906976744,1849.0,-45.6171875,-25.988253,-2.68075
1559,18.127906976744185,1861.0,-33.6171875,-28.909847,-3.032223
1560,18.139534883720927,1855.0,-39.6171875,-29.688454,-3.362583
1561,18.151162790697676,1850.0,-44.6171875,-28.205908,-3.671556
1562,18.16279069767442,1871.0,-23.6171875,-24.419073,-3.836815
1563,18.174418604651162,1856.0,-38.6171875,-18.498178,-3.664047
1564,18.186046511627907,1887.0,-7.6171875,-10.718655,-2.916163
1565,18.197674418604652,1879.0,-15.6171875,-1.647079,-1.453884
1566,18.209302325581394,1905.0,10.3828125,7.991274,0.644756
1567,18.22093023255814,1903.0,8.3828125,17.235634,3.038175
1568,18.232558139534884,1917.0,22.3828125,25.11227,5.178377
1569,18.244186046511626,1910.0,15.3828125,30.705194,6.50033
1570,18.25581395348837,1918.0,23.3828125,33.37915,6.625431
1571,18.267441860465116,1917.0,22.3828125,32.853432,5.497225
1572,18.27906976744186,1904.0,9.3828125,29.255644,3.436846
1573,18.290697674418606,1909.0,14.3828125,23.11636,1.028387
1574,18.30232558139535,1889.0,-5.6171875,15.175567,-1.091073
1575,18.313953488372093,1897.0,2.3828125,6.328949,-2.454477
1576,18.325581395348838,1874.0,-20.6171875,-2.625323,-2.907979
1577,18.337209302325583,1877.0,-17.6171875,-10.95971,-2.6067
1578,18.348837209302324,1857.0,-37.6171875,-18.172482,-1.920963
1579,18.36046511627907,1870.0,-24.6171875,-23.874222,-1.243807
1580,18.372093023255815,1867.0,-27.6171875,-27.879543,-0.904425
1581,18.383720930232556,1868.0,-26.6171875,-30.068693,-1.026064
1582,18.3953488372093,1877.0,-17.6171875,-30.332365,-1.523598
1583,18.406976744186046,1870.0,-24.6171875,-28.587948,-2.167624
1584,18.41860465116279,1886.0,-8.6171875,-24.697901,-2.650055
1585,18.430232558139537,1885.0,-9.6171875,-18.62878,-2.686477
1586,18.441860465116278,1895.0,0.3828125,-10.45608,-2.076711
1587,18.453488372093023,1891.0,-3.6171875,-0.595715,-0.789652
1588,18.46511627906977,1898.0,3.3828125,10.194698,1.009614
1589,18.47674418604651,1900.0,5.3828125,20.765251,2.973974
1590,18.488372093023255,1893.0,-1.6171875,29.745691,4.615911
1591,18.5,1892.0,-2.6171875,35.817081,5.458534
1592,18.51162790697674,1870.0,-24.6171875,38.018646,5.18227
1593,18.523255813953487,1883.0,-11.6171875,36.051201,3.794212
1594,18.534883720930235,1872.0,-22.6171875,30.261065,1.611876
1595,18.546511627906977,1874.0,-20.6171875,21.621897,-0.781466
1596,18.558139534883722,1874.0,-20.6171875,11.361497,-2.744491
1597,18.569767441860467,1872.0,-22.6171875,0.726532,-3.8131
1598,18.58139534883721,1872.0,-22.6171875,-9.331724,-3.844388
1599,18.593023255813954,1870.0,-24.6171875,-18.146727,-3.041329
1600,18.6046511627907,1879.0,-15.6171875,-25.327364,-1.856464
1601,18.61627906976744,1873.0,-21.6171875,-30.567307,-0.784948
1602,18.627906976744185,1885.0,-9.6171875,-33.529514,-0.162174
1603,18.63953488372093,1877.0,-17.6171875,-33.853252,-0.050079
1604,18.651162790697672,1894.0,-0.6171875,-31.225903,-0.248196
1605,18.66279069767442,1888.0,-6.6171875,-25.646711,-0.445478
1606,18.674418604651166,1894.0,-0.6171875,-17.447441,-0.339977
1607,18.686046511627907,1897.0,2.3828125,-7.423568,0.194787
1608,18.697674418604652,1890.0,-4.6171875,3.36777,1.077887
1609,18.709302325581397,1897.0,2.3828125,13.722944,2.058225
1610,18.72093023255814,1883.0,-11.6171875,22.572361,2.830147
1611,18.732558139534884,1889.0,-5.6171875,29.064575,3.141272
1612,18.744186046511626,1878.0,-16.6171875,32.685417,2.884533
1613,18.75581395348837,1878.0,-16.6171875,33.215298,2.102974
1614,18.767441860465116,1875.0,-19.6171875,30.715925,0.994478
1615,18.779069767441857,1872.0,-22.6171875,25.50086,-0.177652
1616,18.790697674418606,1882.0,-12.6171875,18.092836,-1.170805
1617,18.80232558139535,1878.0,-16.6171875,9.225399,-1.820646
1618,18.813953488372093,1895.0,0.3828125,-0.262527,-2.105444
1619,18.825581395348838,1887.0,-7.6171875,-9.461899,-2.107677
1620,18.837209302325583,1904.0,9.3828125,-17.556171,-1.989203
1621,18.848837209302324,1900.0,5.3828125,-23.862392,-1.890156
1622,18.86046511627907,1911.0,16.3828125,-27.921667,-1.864706
1623,18.872093023255815,1907.0,12.3828125,-29.454826,-1.840868
1624,18.883720930232556,1913.0,18.3828125,-28.394142,-1.682137
1625,18.8953488372093,1914.0,19.3828125,-24.840061,-1.242725
1626,18.906976744186046,1907.0,12.3828125,-19.088608,-0.490658
1627,18.91860465116279,1909.0,14.3828125,-11.629622,0.463138
1628,18.930232558139537,1899.0,4.3828125,-3.122894,1.405029
1629,18.94186046511628,1904.0,9.3828125,5.60682,2.090725
1630,18.953488372093023,1899.0,4.3828125,13.719595,2.402285
1631,18.96511627906977,1887.0,-7.6171875,20.37849,2.34947
1632,18.976744186046513,1869.0,-25.6171875,24.964371,2.146515
1633,18.988372093023255,1873.0,-21.6171875,27.036318,2.008429
1634,19.0,1867.0,-27.6171875,26.418203,2.061136
1635,19.011627906976745,1867.0,-27.6171875,23.160299,2.220701
1636,19.023255813953487,1872.0,-22.6171875,17.588573,2.270898
1637,19.03488372093023,1870.0,-24.6171875,10.270146,1.934293
1638,19.046511627906973,1882.0,-12.6171875,2.00747,1.072379
1639,19.058139534883722,1875.0,-19.6171875,-6.238696,-0.24763
1640,19.069767441860467,1897.0,2.3828125,-13.485443,-1.733024
1641,19.08139534883721,1890.0,-4.6171875,-18.898014,-3.044775
1642,19.093023255813954,1905.0,10.3828125,-21.964836,-3.921532
1643,19.1046511627907,1907.0,12.3828125,-22.487419,-4.261147
1644,19.11627906976744,1914.0,19.3828125,-20.657837,-4.158783
1645,19.127906976744185,1910.0,15.3828125,-16.847469,-3.768479
1646,19.13953488372093,1909.0,14.3828125,-11.554154,-3.171081
1647,19.151162790697672,1910.0,15.3828125,-5.272227,-2.317223
1648,19.162790697674417,1906.0,11.3828125,1.447298,-1.083737
1649,19.174418604651162,1901.0,6.3828125,7.949143,0.54341
1650,19.186046511627907,1889.0,-5.6171875,13.490908,2.393537
1651,19.197674418604652,1894.0,-0.6171875,17.254005,4.030255
1652,19.209302325581397,1879.0,-15.6171875,18.589436,4.945456
1653,19.22093023255814,1887.0,-7.6171875,17.192902,4.76003
1654,19.232558139534884,1871.0,-23.6171875,13.343857,3.484823
1655,19.24418604651163,1877.0,-17.6171875,7.843457,1.577873
1656,19.25581395348837,1872.0,-22.6171875,1.868411,-0.221952
1657,19.267441860465116,1872.0,-22.6171875,-3.457566,-1.214423
1658,19.27906976744186,1874.0,-20.6171875,-7.34369,-1.057221
1659,19.290697674418603,1872.0,-22.6171875,-9.539327,0.062297
1660,19.302325581395348,1888.0,-6.6171875,-10.304354,1.497479
1661,19.313953488372096,1877.0,-17.6171875,-10.137555,2.434579
1662,19.325581395348838,1892.0,-2.6171875,-9.485966,2.284224
1663,19.337209302325583,1890.0,-4.6171875,-8.488116,0.930958
1664,19.348837209302324,1904.0,9.3828125,-7.007379,-1.218584
1665,19.36046511627907,1901.0,6.3828125,-4.723484,-3.431878
1666,19.372093023255815,1905.0,10.3828125,-1.477221,-4.981629
1667,19.383720930232556,1908.0,13.3828125,2.595916,-5.413122
1668,19.3953488372093,1907.0,12.3828125,6.954113,-4.691701
1669,19.406976744186046,1911.0,16.3828125,10.813858,-3.118948
1670,19.418604651162788,1908.0,13.3828125,13.403027,-1.16397
1671,19.430232558139533,1907.0,12.3828125,14.120708,0.702475
1672,19.44186046511628,1902.0,7.3828125,12.7901,2.163763
1673,19.453488372093023,1904.0,9.3828125,9.538214,3.02744
1674,19.46511627906977,1898.0,3.3828125,4.84321,3.234037
1675,19.476744186046513,1902.0,7.3828125,-0.689245,2.795118
1676,19.488372093023255,1893.0,-1.6171875,-6.310633,1.839849
1677,19.5,1897.0,2.3828125,-11.270588,0.634272
1678,19.511627906976745,1876.0,-18.6171875,-14.856054,-0.4466
1679,19.523255813953487,1888.0,-6.6171875,-16.46875,-0.965338
1680,19.53488372093023,1894.0,-0.6171875,-15.849605,-0.672262
1681,19.546511627906977,1895.0,0.3828125,-13.102523,0.390761
1682,19.55813953488372,1895.0,0.3828125,-8.804845,1.789662
1683,19.569767441860467,1895.0,0.3828125,-3.745246,2.875713
1684,19.581395348837212,1902.0,7.3828125,1.190432,3.015424
1685,19.593023255813954,1895.0,0.3828125,5.400323,1.926733
1686,19.6046511627907,1904.0,9.3828125,8.62244,-0.159632
1687,19.616279069767444,1904.0,9.3828125,10.991917,-2.548018
1688,19.627906976744185,1918.0,23.3828125,12.766541,-4.365381
1689,19.63953488372093,1911.0,16.3828125,14.102294,-4.924535
1690,19.651162790697676,1920.0,25.3828125,14.865801,-4.037394
1691,19.662790697674417,1919.0,24.3828125,14.58421,-2.089978
1692,19.674418604651162,1923.0,28.3828125,12.741602,0.15397
1693,19.686046511627904,1919.0,24.3828125,8.966632,1.887867
1694,19.697674418604652,1907.0,12.3828125,3.424219,2.621055
1695,19.709302325581397,1922.0,27.3828125,-3.198381,2.362411
1696,19.72093023255814,1915.0,20.3828125,-9.814788,1.490911
1697,19.732558139534884,1919.0,24.3828125,-15.277641,0.561
1698,19.74418604651163,1909.0,14.3828125,-18.705893,-0.024673
1699,19.75581395348837,1912.0,17.3828125,-19.718599,-0.168892
1700,19.767441860465116,1904.0,9.3828125,-18.446728,-0.046597
1701,19.77906976744186,1906.0,11.3828125,-15.357803,0.048309
1702,19.790697674418603,1894.0,-0.6171875,-11.079978,-0.061525
1703,19.802325581395348,1899.0,4.3828125,-6.12315,-0.331556
1704,19.813953488372093,1891.0,-3.6171875,-0.922871,-0.539047
1705,19.825581395348838,1893.0,-1.6171875,4.23055,-0.438576
1706,19.837209302325583,1888.0,-6.6171875,8.985682,0.035098
1707,19.848837209302328,1885.0,-9.6171875,12.965241,0.707914
1708,19.86046511627907,1899.0,4.3828125,15.723649,1.201389
1709,19.872093023255815,1890.0,-4.6171875,16.89217,1.157087
1710,19.88372093023256,1904.0,9.3828125,16.321602,0.430716
1711,19.8953488372093,1904.0,9.3828125,14.112431,-0.790246
1712,19.906976744186046,1909.0,14.3828125,10.662692,-2.049521
1713,19.91860465116279,1909.0,14.3828125,6.5005,-2.804506
1714,19.930232558139533,1918.0,23.3828125,2.212028,-2.677063
1715,19.941860465116278,1918.0,23.3828125,-1.759585,-1.620966
1716,19.953488372093023,1919.0,24.3828125,-5.126674,0.037157
1717,19.96511627906977,1920.0,25.3828125,-7.797164,1.744507
1718,19.976744186046513,1919.0,24.3828125,-9.786288,2.935997
1719,19.988372093023255,1918.0,23.3828125,-11.139534,3.261177
1720,20.0,1917.0,22.3828125,-11.878305,2.707006
1721,20.011627906976745,1917.0,22.3828125,-11.935576,1.569087
1722,20.023255813953487,1904.0,9.3828125,-11.237436,0.296287
1723,20.03488372093023,1908.0,13.3828125,-9.645218,-0.659204
1724,20.046511627906977,1896.0,1.3828125,-7.153107,-1.056575
1725,20.05813953488372,1903.0,8.3828125,-3.884465,-0.93723
1726,20.069767441860463,1888.0,-6.6171875,-0.190683,-0.577171
1727,20.081395348837212,1892.0,-2.6171875,3.445482,-0.341802
1728,20.093023255813954,1888.0,-6.6171875,6.487421,-0.518692
1729,20.1046511627907,1890.0,-4.6171875,8.526249,-1.151214
1730,20.116279069767444,1898.0,3.3828125,9.436551,-1.998276
1731,20.127906976744185,1895.0,0.3828125,9.363077,-2.630407
1732,20.13953488372093,1905.0,10.3828125,8.709894,-2.60358
1733,20.151162790697676,1904.0,9.3828125,7.854984,-1.703437
1734,20.162790697674417,1916.0,21.3828125,7.046723,-0.056887
1735,20.174418604651162,1909.0,14.3828125,6.197433,1.838304
1736,20.186046511627907,1920.0,25.3828125,5.023118,3.332474
1737,20.19767441860465,1921.0,26.3828125,3.193983,3.864389
1738,20.209302325581397,1925.0,30.3828125,0.589433,3.21737
1739,20.220930232558143,1923.0,28.3828125,-2.518152,1.647808
1740,20.232558139534884,1920.0,25.3828125,-5.542836,-0.244965
1741,20.24418604651163,1922.0,27.3828125,-7.758502,-1.749873
1742,20.255813953488374,1918.0,23.3828125,-8.673777,-2.376559
1743,20.267441860465116,1920.0,25.3828125,-8.226427,-2.055381
1744,20.27906976744186,1910.0,15.3828125,-6.846193,-1.129808
1745,20.290697674418603,1919.0,24.3828125,-5.222023,-0.154312
1746,20.302325581395348,1906.0,11.3828125,-3.981934,0.387608
1747,20.313953488372093,1910.0,15.3828125,-3.378733,0.345219
1748,20.325581395348834,1906.0,11.3828125,-3.178231,-0.057479
1749,20.33720930232558,1904.0,9.3828125,-2.857943,-0.389143
1750,20.348837209302328,1904.0,9.3828125,-1.873424,-0.256384
1751,20.36046511627907,1904.0,9.3828125,-0.041118,0.431656
1752,20.372093023255815,1907.0,12.3828125,2.367893,1.407457
1753,20.38372093023256,1904.0,9.3828125,4.695825,2.16902
1754,20.3953488372093,1919.0,24.3828125,6.262016,2.249545
1755,20.406976744186046,1913.0,18.3828125,6.6545,1.457483
1756,20.41860465116279,1922.0,27.3828125,5.963713,0.011417
1757,20.430232558139533,1920.0,25.3828125,4.71103,-1.575581
1758,20.441860465116278,1920.0,25.3828125,3.572222,-2.70389
1759,20.453488372093023,1931.0,36.3828125,3.067851,-2.97248
1760,20.465116279069765,1930.0,35.3828125,3.279873,-2.327435
1761,20.476744186046513,1925.0,30.3828125,3.852298,-1.097313
1762,20.48837209302326,1922.0,27.3828125,4.164465,0.219779
1763,20.5,1924.0,29.3828125,3.672263,1.168679
1764,20.511627906976745,1912.0,17.3828125,2.112319,1.490811
1765,20.52325581395349,1913.0,18.3828125,-0.360619,1.202813
1766,20.53488372093023,1907.0,12.3828125,-3.28774,0.511054
1767,20.546511627906977,1910.0,15.3828125,-6.104437,-0.30523
1768,20.558139534883722,1898.0,3.3828125,-8.328394,-1.003566
1769,20.569767441860463,1904.0,9.3828125,-9.686159,-1.422724
1770,20.58139534883721,1891.0,-3.6171875,-10.083236,-1.481653
1771,20.59302325581395,1895.0,0.3828125,-9.556262,-1.151607
1772,20.6046511627907,1889.0,-5.6171875,-8.184383,-0.477514
1773,20.616279069767444,1893.0,-1.6171875,-6.069714,0.445193
1774,20.627906976744185,1893.0,-1.6171875,-3.366223,1.428346
1775,20.63953488372093,1890.0,-4.6171875,-0.326562,2.219857
1776,20.651162790697676,1897.0,2.3828125,2.721609,2.605214
1777,20.662790697674417,1891.0,-3.6171875,5.421145,2.460437
1778,20.674418604651162,1903.0,8.3828125,7.515628,1.88179
1779,20.686046511627907,1902.0,7.3828125,8.888859,1.105166
1780,20.69767441860465,1905.0,10.3828125,9.583474,0.445294
1781,20.709302325581394,1904.0,9.3828125,9.750617,0.127537
1782,20.72093023255814,1904.0,9.3828125,9.482923,0.171825
1783,20.732558139534884,1906.0,11.3828125,8.783628,0.376074
1784,20.74418604651163,1902.0,7.3828125,7.488219,0.378833
1785,20.755813953488374,1904.0,9.3828125,5.426711,-0.103366
1786,20.767441860465116,1894.0,-0.6171875,2.51334,-1.173955
1787,20.77906976744186,1900.0,5.3828125,-1.088352,-2.621073
1788,20.790697674418606,1891.0,-3.6171875,-4.978059,-4.049999
1789,20.802325581395348,1904.0,9.3828125,-8.577676,-4.985368
1790,20.813953488372093,1894.0,-0.6171875,-11.30541,-5.116795
1791,20.825581395348838,1891.0,-3.6171875,-12.759443,-4.378075
1792,20.83720930232558,1897.0,2.3828125,-12.770631,-2.961549
1793,20.848837209302324,1890.0,-4.6171875,-11.472033,-1.216174
1794,20.860465116279073,1894.0,-0.6171875,-9.134774,0.53838
1795,20.872093023255815,1893.0,-1.6171875,-6.124011,2.089762
1796,20.88372093023256,1899.0,4.3828125,-2.770439,3.382572
1797,20.8953488372093,1894.0,-0.6171875,0.636633,4.434471
1798,20.906976744186046,1905.0,10.3828125,3.85616,5.257397
1799,20.91860465116279,1902.0,7.3828125,6.643134,5.767259
1800,20.930232558139533,1906.0,11.3828125,8.769357,5.829482
1801,20.941860465116278,1906.0,11.3828125,10.047363,5.286938
1802,20.953488372093023,1909.0,14.3828125,10.385983,4.111923
1803,20.965116279069765,1907.0,12.3828125,9.835546,2.411391
1804,20.97674418604651,1909.0,14.3828125,8.565976,0.460417
1805,20.98837209302326,1907.0,12.3828125,6.823281,-1.422758
1806,21.0,1907.0,12.3828125,4.821449,-2.979975
1807,21.011627906976745,1907.0,12.3828125,2.718306,-4.070009
1808,21.02325581395349,1911.0,16.3828125,0.539138,-4.737617
1809,21.03488372093023,1907.0,12.3828125,-1.718573,-5.087661
1810,21.046511627906977,1911.0,16.3828125,-4.018211,-5.231073
1811,21.058139534883722,1909.0,14.3828125,-6.250651,-5.20893
1812,21.069767441860463,1915.0,20.3828125,-8.201586,-4.993794
1813,21.08139534883721,1912.0,17.3828125,-9.619274,-4.499917
1814,21.093023255813954,1913.0,18.3828125,-10.246336,-3.648594
1815,21.104651162790695,1911.0,16.3828125,-9.942058,-2.42698
1816,21.116279069767444,1914.0,19.3828125,-8.671832,-0.875023
1817,21.12790697674419,1917.0,22.3828125,-6.549045,0.899106
1818,21.13953488372093,1915.0,20.3828125,-3.764511,2.774562
1819,21.151162790697676,1922.0,27.3828125,-0.590401,4.592155
1820,21.16279069767442,1905.0,10.3828125,2.658005,6.182083
1821,21.174418604651162,1909.0,14.3828125,5.666625,7.36579
1822,21.186046511627907,1905.0,10.3828125,8.108445,7.942053
1823,21.19767441860465,1904.0,9.3828125,9.7001,7.741098
1824,21.209302325581394,1903.0,8.3828125,10.223483,6.657543
1825,21.22093023255814,1904.0,9.3828125,9.648791,4.759702
1826,21.23255813953488,1907.0,12.3828125,8.103669,2.265117
1827,21.24418604651163,1906.0,11.3828125,5.887005,-0.466904
1828,21.255813953488374,1919.0,24.3828125,3.373775,-3.04042
1829,21.267441860465116,1911.0,16.3828125,0.912038,-5.122017
1830,21.27906976744186,1921.0,26.3828125,-1.246077,-6.491195
1831,21.290697674418606,1917.0,22.3828125,-3.006272,-7.118959
1832,21.302325581395348,1913.0,18.3828125,-4.416872,-7.112605
1833,21.313953488372093,1921.0,26.3828125,-5.555828,-6.627815
1834,21.325581395348838,1920.0,25.3828125,-6.504628,-5.85182
1835,21.33720930232558,1920.0,25.3828125,-7.232622,-4.892801
1836,21.348837209302324,1919.0,24.3828125,-7.609664,-3.793524
1837,21.36046511627907,1922.0,27.3828125,-7.44774,-2.529573
1838,21.372093023255815,1920.0,25.3828125,-6.551337,-1.035258
1839,21.38372093023256,1922.0,27.3828125,-4.855119,0.717139
1840,21.395348837209305,1919.0,24.3828125,-2.440847,2.700599
1841,21.406976744186046,1917.0,22.3828125,0.419361,4.781251
1842,21.41860465116279,1907.0,12.3828125,3.31372,6.710728
1843,21.430232558139537,1911.0,16.3828125,5.783176,8.170974
1844,21.441860465116278,1904.0,9.3828125,7.421811,8.817009
1845,21.453488372093023,1909.0,14.3828125,7.993941,8.404276
1846,21.46511627906977,1904.0,9.3828125,7.473126,6.855594
1847,21.47674418604651,1905.0,10.3828125,6.072727,4.35484
1848,21.488372093023255,1906.0,11.3828125,4.162735,1.318928
1849,21.5,1906.0,11.3828125,2.161947,-1.711851
1850,21.511627906976745,1906.0,11.3828125,0.414986,-4.197917
1851,21.52325581395349,1904.0,9.3828125,-0.890907,-5.785001
1852,21.53488372093023,1909.0,14.3828125,-1.776127,-6.376109
1853,21.546511627906977,1908.0,13.3828125,-2.389277,-6.159679
1854,21.558139534883722,1914.0,19.3828125,-2.932884,-5.484008
1855,21.569767441860463,1914.0,19.3828125,-3.514335,-4.714505
1856,21.58139534883721,1917.0,22.3828125,-4.114701,-4.087589
1857,21.593023255813954,1913.0,18.3828125,-4.551567,-3.621517
1858,21.604651162790695,1922.0,27.3828125,-4.559643,-3.144209
1859,21.61627906976744,1921.0,26.3828125,-3.930794,-2.414969
1860,21.627906976744185,1921.0,26.3828125,-2.591569,-1.246472
1861,21.63953488372093,1920.0,25.3828125,-0.705227,0.38423
1862,21.651162790697676,1921.0,26.3828125,1.38314,2.285307
1863,21.66279069767442,1920.0,25.3828125,3.202981,4.127759
1864,21.674418604651162,1921.0,26.3828125,4.344448,5.544641
1865,21.686046511627907,1921.0,26.3828125,4.539902,6.27192
1866,21.697674418604652,1919.0,24.3828125,3.794394,6.220604
1867,21.709302325581394,1921.0,26.3828125,2.35963,5.512594
1868,21.72093023255814,1920.0,25.3828125,0.65194,4.375106
1869,21.732558139534884,1918.0,23.3828125,-0.8921,3.062686
1870,21.744186046511626,1918.0,23.3828125,-1.957508,1.741808
1871,21.75581395348837,1922.0,27.3828125,-2.427836,0.458252
1872,21.76744186046512,1926.0,31.3828125,-2.406901,-0.856447
1873,21.77906976744186,1919.0,24.3828125,-2.115414,-2.293836
1874,21.790697674418606,1919.0,24.3828125,-1.771038,-3.849638
1875,21.80232558139535,1919.0,24.3828125,-1.437398,-5.357717
1876,21.813953488372093,1918.0,23.3828125,-1.035282,-6.51084
1877,21.825581395348838,1919.0,24.3828125,-0.354857,-6.943285
1878,21.83720930232558,1927.0,32.3828125,0.779822,-6.359324
1879,21.848837209302324,1920.0,25.3828125,2.343565,-4.714419
1880,21.86046511627907,1929.0,34.3828125,4.062533,-2.239771
1881,21.87209302325581,1924.0,29.3828125,5.407046,0.555639
1882,21.883720930232556,1930.0,35.3828125,5.809805,3.046193
1883,21.895348837209305,1937.0,42.3828125,4.857138,4.669761
1884,21.906976744186046,1947.0,52.3828125,2.550791,5.12866
1885,21.91860465116279,1936.0,41.3828125,-0.686332,4.470942
1886,21.930232558139537,1938.0,43.3828125,-4.02961,3.098665
1887,21.941860465116278,1939.0,44.3828125,-6.576448,1.599458
1888,21.953488372093023,1939.0,44.3828125,-7.652464,0.50441
1889,21.96511627906977,1942.0,47.3828125,-7.031819,0.128897
1890,21.97674418604651,1932.0,37.3828125,-5.046374,0.435719
1891,21.988372093023255,1936.0,41.3828125,-2.421919,1.066729
1892,22.0,1926.0,31.3828125,-0.028757,1.497272
1893,22.01162790697674,1934.0,39.3828125,1.499002,1.290469
1894,22.02325581395349,1923.0,28.3828125,1.90945,0.254762
1895,22.034883720930235,1931.0,36.3828125,1.466502,-1.401175
1896,22.046511627906977,1923.0,28.3828125,0.726388,-3.159758
1897,22.058139534883722,1923.0,28.3828125,0.337353,-4.35966
1898,22.069767441860467,1930.0,35.3828125,0.700639,-4.485378
1899,22.08139534883721,1926.0,31.3828125,1.836943,-3.387232
1900,22.093023255813954,1936.0,41.3828125,3.367306,-1.362846
1901,22.1046511627907,1931.0,36.3828125,4.687001,0.942099
1902,22.11627906976744,1943.0,48.3828125,5.231515,2.779775
1903,22.127906976744185,1938.0,43.3828125,4.687751,3.594307
1904,22.139534883720927,1952.0,57.3828125,3.149701,3.241856
1905,22.151162790697676,1954.0,59.3828125,1.018317,2.007619
1906,22.16279069767442,1953.0,58.3828125,-1.117918,0.47156
1907,22.174418604651162,1957.0,62.3828125,-2.749472,-0.763172
1908,22.186046511627907,1957.0,62.3828125,-3.596122,-1.329798
1909,22.197674418604652,1947.0,52.3828125,-3.703158,-1.248447
1910,22.209302325581394,1952.0,57.3828125,-3.334306,-0.840324
1911,22.22093023255814,1953.0,58.3828125,-2.853546,-0.558464
1912,22.232558139534884,1941.0,46.3828125,-2.540549,-0.720893
1913,22.244186046511626,1947.0,52.3828125,-2.447417,-1.316536
1914,22.25581395348837,1939.0,44.3828125,-2.458338,-2.046665
1915,22.267441860465116,1937.0,42.3828125,-2.327022,-2.448601
1916,22.27906976744186,1936.0,41.3828125,-1.865503,-2.150569
1917,22.290697674418606,1937.0,42.3828125,-1.007183,-1.039142
1918,22.30232558139535,1937.0,42.3828125,0.111525,0.649451
1919,22.313953488372093,1936.0,41.3828125,1.267767,2.473815
1920,22.325581395348838,1941.0,46.3828125,2.209219,3.927576
1921,22.337209302325583,1939.0,44.3828125,2.760472,4.65755
1922,22.348837209302324,1947.0,52.3828125,2.911815,4.575144
1923,22.36046511627907,1943.0,48.3828125,2.738238,3.787081
1924,22.372093023255815,1957.0,62.3828125,2.395271,2.542506
1925,22.383720930232556,1950.0,55.3828125,1.976229,1.05116
1926,22.3953488372093,1957.0,62.3828125,1.547269,-0.518393
1927,22.40697674418605,1958.0,63.3828125,1.087062,-2.07718
1928,22.41860465116279,1962.0,67.3828125,0.596305,-3.516346
1929,22.430232558139537,1962.0,67.3828125,0.098876,-4.68626
1930,22.441860465116278,1966.0,71.3828125,-0.310887,-5.363762
1931,22.453488372093023,1961.0,66.3828125,-0.528515,-5.367044
1932,22.46511627906977,1954.0,59.3828125,-0.479737,-4.599724
1933,22.47674418604651,1956.0,61.3828125,-0.193444,-3.161631
1934,22.488372093023255,1951.0,56.3828125,0.168815,-1.322721
1935,22.5,1962.0,67.3828125,0.36906,0.552219
1936,22.51162790697674,1937.0,42.3828125,0.138012,2.094157
1937,22.523255813953487,1952.0,57.3828125,-0.631483,3.11796
1938,22.534883720930235,1955.0,60.3828125,-1.892112,3.581194
1939,22.546511627906977,1954.0,59.3828125,-3.408831,3.585953
1940,22.558139534883722,1949.0,54.3828125,-4.802456,3.306691
1941,22.569767441860467,1947.0,52.3828125,-5.67499,2.894018
1942,22.58139534883721,1955.0,60.3828125,-5.709837,2.443494
1943,22.593023255813954,1951.0,56.3828125,-4.802287,1.952959
1944,22.6046511627907,1956.0,61.3828125,-3.041777,1.399422
1945,22.61627906976744,1951.0,56.3828125,-0.713616,0.741426
1946,22.627906976744185,1959.0,64.3828125,1.820478,-0.007471
1947,22.63953488372093,1959.0,64.3828125,4.182215,-0.808644
1948,22.651162790697672,1966.0,71.3828125,6.061719,-1.602102
1949,22.66279069767442,1967.0,72.3828125,7.270073,-2.322853
1950,22.674418604651166,1968.0,73.3828125,7.702263,-2.931239
1951,22.686046511627907,1967.0,72.3828125,7.369587,-3.359861
1952,22.697674418604652,1968.0,73.3828125,6.354179,-3.540428
1953,22.709302325581397,1968.0,73.3828125,4.791892,-3.389673
1954,22.72093023255814,1968.0,73.3828125,2.852441,-2.855819
1955,22.732558139534884,1969.0,74.3828125,0.71973,-1.934562
1956,22.74418604651163,1967.0,72.3828125,-1.431496,-0.719858
1957,22.75581395348837,1967.0,72.3828125,-3.468447,0.60962
1958,22.767441860465116,1959.0,64.3828125,-5.281904,1.831433
1959,22.779069767441857,1963.0,68.3828125,-6.807534,2.726003
1960,22.790697674418603,1953.0,58.3828125,-7.977401,3.149353
1961,22.80232558139535,1955.0,60.3828125,-8.680431,3.077968
1962,22.813953488372093,1952.0,57.3828125,-8.778067,2.59717
1963,22.825581395348838,1955.0,60.3828125,-8.085097,1.892709
1964,22.837209302325583,1947.0,52.3828125,-6.478941,1.143108
1965,22.848837209302324,1949.0,54.3828125,-3.952412,0.499535
1966,22.86046511627907,1957.0,62.3828125,-0.704701,0.02845
1967,22.872093023255815,1949.0,54.3828125,2.851257,-0.307001
1968,22.883720930232556,1953.0,58.3828125,6.186129,-0.560486
1969,22.8953488372093,1949.0,54.3828125,8.766989,-0.802847
1970,22.906976744186046,1957.0,62.3828125,10.219876,-1.046188
1971,22.918604651162788,1952.0,57.3828125,10.405933,-1.271592
1972,22.930232558139537,1968.0,73.3828125,9.451034,-1.422463
1973,22.94186046511628,1963.0,68.3828125,7.648601,-1.470301
1974,22.953488372093023,1973.0,78.3828125,5.356432,-1.418996
1975,22.96511627906977,1968.0,73.3828125,2.868078,-1.316431
1976,22.976744186046513,1982.0,87.3828125,0.377871,-1.217593
1977,22.988372093023255,1974.0,79.3828125,-2.034218,-1.161871
1978,23.0,1971.0,76.3828125,-4.284844,-1.107173
1979,23.011627906976745,1974.0,79.3828125,-6.242387,-0.944331
1980,23.023255813953487,1968.0,73.3828125,-7.722785,-0.548014
1981,23.03488372093023,1968.0,73.3828125,-8.526107,0.130697
1982,23.046511627906977,1962.0,67.3828125,-8.526483,1.037902
1983,23.058139534883722,1962.0,67.3828125,-7.743878,1.96239
1984,23.069767441860467,1956.0,61.3828125,-6.350049,2.640436
1985,23.08139534883721,1955.0,60.3828125,-4.600654,2.81705
1986,23.093023255813954,1945.0,50.3828125,-2.731029,2.393971
1987,23.1046511627907,1945.0,50.3828125,-0.864899,1.47369
1988,23.11627906976744,1945.0,50.3828125,1.010993,0.364783
1989,23.127906976744185,1946.0,51.3828125,2.957716,-0.568448
1990,23.13953488372093,1943.0,48.3828125,4.965943,-1.048392
1991,23.151162790697672,1942.0,47.3828125,6.860155,-1.006765
1992,23.162790697674417,1949.0,54.3828125,8.292809,-0.618238
1993,23.174418604651162,1948.0,53.3828125,8.828724,-0.226674
1994,23.186046511627907,1952.0,57.3828125,8.156547,-0.189884
1995,23.197674418604652,1952.0,57.3828125,6.25058,-0.66641
1996,23.209302325581397,1966.0,71.3828125,3.461923,-1.551007
1997,23.22093023255814,1955.0,60.3828125,0.412262,-2.493544
1998,23.232558139534884,1964.0,69.3828125,-2.164801,-3.021656
1999,23.24418604651163,1966.0,71.3828125,-3.741558,-2.788232
2000,23.25581395348837,1967.0,72.3828125,-4.171249,-1.733135
2001,23.267441860465116,1968.0,73.3828125,-3.729136,-0.127505
2002,23.27906976744186,1960.0,65.3828125,-2.976807,1.51686
2003,23.290697674418603,1965.0,70.3828125,-2.503715,2.654077
2004,23.302325581395348,1953.0,58.3828125,-2.680855,2.923539
2005,23.313953488372096,1963.0,68.3828125,-3.461893,2.323711
2006,23.325581395348838,1937.0,42.3828125,-4.479603,1.169367
2007,23.337209302325583,1946.0,51.3828125,-5.145825,-0.013052
2008,23.348837209302328,1936.0,41.3828125,-4.989481,-0.744701
2009,23.36046511627907,1936.0,41.3828125,-3.855084,-0.812186
2010,23.372093023255815,1931.0,36.3828125,-1.962026,-0.308483
2011,23.383720930232556,1933.0,38.3828125,0.180997,0.399045
2012,23.3953488372093,1928.0,33.3828125,2.011491,0.888053
2013,23.406976744186046,1930.0,35.3828125,3.167011,0.888611
2014,23.418604651162788,1933.0,38.3828125,3.626714,0.415029
2015,23.430232558139533,1930.0,35.3828125,3.640935,-0.294966
2016,23.44186046511628,1937.0,42.3828125,3.608869,-0.886652
2017,23.453488372093023,1935.0,40.3828125,3.816632,-1.108639
2018,23.46511627906977,1950.0,55.3828125,4.298119,-0.936012
2019,23.476744186046513,1939.0,44.3828125,4.780321,-0.594743
2020,23.488372093023255,1957.0,62.3828125,4.859503,-0.398314
2021,23.5,1952.0,57.3828125,4.190247,-0.581908
2022,23.511627906976745,1959.0,64.3828125,2.704343,-1.122494
2023,23.523255813953487,1963.0,68.3828125,0.689785,-1.70995
2024,23.53488372093023,1968.0,73.3828125,-1.355849,-1.92441
2025,23.546511627906977,1970.0,75.3828125,-2.908762,-1.429692
2026,23.55813953488372,1957.0,62.3828125,-3.704647,-0.220158
2027,23.569767441860467,1962.0,67.3828125,-3.817467,1.349293
2028,23.581395348837212,1950.0,55.3828125,-3.643583,2.671108
2029,23.593023255813954,1953.0,58.3828125,-3.674852,3.134035
2030,23.6046511627907,1942.0,47.3828125,-4.235207,2.431934
2031,23.616279069767444,1945.0,50.3828125,-5.290241,0.716944
2032,23.627906976744185,1935.0,40.3828125,-6.418987,-1.414365
2033,23.63953488372093,1941.0,46.3828125,-6.992545,-3.161928
2034,23.651162790697676,1939.0,44.3828125,-6.445383,-3.846171
2035,23.662790697674417,1936.0,41.3828125,-4.544298,-3.179103
2036,23.674418604651162,1939.0,44.3828125,-1.513397,-1.392379
2037,23.686046511627904,1936.0,41.3828125,2.034383,0.883093
2038,23.697674418604652,1946.0,51.3828125,5.344093,2.881348
2039,23.709302325581397,1940.0,45.3828125,7.742096,3.976652
2040,23.72093023255814,1951.0,56.3828125,8.921916,3.937709
2041,23.732558139534884,1950.0,55.3828125,8.947744,2.958148
2042,23.74418604651163,1959.0,64.3828125,8.153926,1.497119
2043,23.75581395348837,1955.0,60.3828125,6.957295,0.081758
2044,23.767441860465116,1962.0,67.3828125,5.660114,-0.898324
2045,23.77906976744186,1963.0,68.3828125,4.338656,-1.359373
2046,23.790697674418603,1961.0,66.3828125,2.884117,-1.472309
2047,23.802325581395348,1967.0,72.3828125,1.137538,-1.546309
