muestra,tiempo_ms,adc,adc_centrado,adc_filtrado,residual
0,0.0,1931.0,40.19921875,0.024496,0.020312
1,0.011627906976744186,1941.0,50.19921875,0.042834,0.034609
2,0.023255813953488372,1947.0,56.19921875,0.044804,0.036169
3,0.03488372093023256,1935.0,44.19921875,0.019321,0.015009
4,0.046511627906976744,1943.0,52.19921875,-0.008464,-0.014206
5,0.058139534883720936,1952.0,61.19921875,-0.02551,-0.027361
6,0.06976744186046512,1983.0,92.19921875,-0.013277,-0.022258
7,0.0813953488372093,1955.0,64.19921875,-0.021334,-0.027968
8,0.09302325581395349,1971.0,80.19921875,-0.031351,-0.0384
9,0.10465116279069767,1979.0,88.19921875,-0.06295,-0.056291
10,0.11627906976744187,1981.0,90.19921875,-0.125708,-0.105835
11,0.12790697674418605,1979.0,88.19921875,-0.211049,-0.165488
12,0.13953488372093023,1982.0,91.19921875,-0.289632,-0.224474
13,0.1511627906976744,1987.0,96.19921875,-0.333291,-0.245604
14,0.1627906976744186,1991.0,100.19921875,-0.331441,-0.233642
15,0.1744186046511628,1989.0,98.19921875,-0.300644,-0.187639
16,0.18604651162790697,1994.0,103.19921875,-0.265759,-0.134251
17,0.19767441860465115,1989.0,98.19921875,-0.261559,-0.10076
18,0.20930232558139533,2000.0,109.19921875,-0.280677,-0.088902
19,0.22093023255813954,1993.0,102.19921875,-0.306716,-0.089046
20,0.23255813953488375,1998.0,107.19921875,-0.280483,-0.061954
21,0.2441860465116279,2000.0,109.19921875,-0.163212,0.034674
22,0.2558139534883721,1994.0,103.19921875,0.040144,0.194208
23,0.2674418604651163,1989.0,98.19921875,0.28154,0.385998
24,0.27906976744186046,1997.0,106.19921875,0.491544,0.54789
25,0.29069767441860467,2000.0,109.19921875,0.600253,0.619071
26,0.3023255813953488,2000.0,109.19921875,0.593326,0.579212
27,0.313953488372093,1995.0,104.19921875,0.520957,0.460693
28,0.3255813953488372,2006.0,115.19921875,0.480991,0.350488
29,0.3372093023255814,1996.0,105.19921875,0.517965,0.292285
30,0.3488372093023256,2001.0,110.19921875,0.625333,0.301398
31,0.3604651162790698,2000.0,109.19921875,0.699078,0.310007
32,0.37209302325581395,2009.0,118.19921875,0.614446,0.218097
33,0.38372093023255816,2003.0,112.19921875,0.279977,-0.063174
34,0.3953488372093023,2006.0,115.19921875,-0.26274,-0.503804
35,0.4069767441860465,2013.0,122.19921875,-0.860945,-0.995289
36,0.41860465116279066,2003.0,112.19921875,-1.334896,-1.376464
37,0.43023255813953487,2013.0,122.19921875,-1.545744,-1.518235
38,0.4418604651162791,2006.0,115.19921875,-1.526983,-1.417648
39,0.4534883720930233,2009.0,118.19921875,-1.430244,-1.190053
40,0.4651162790697675,2002.0,111.19921875,-1.457499,-1.013808
41,0.4767441860465116,2005.0,114.19921875,-1.693207,-0.996971
42,0.4883720930232558,1996.0,105.19921875,-2.043187,-1.104313
43,0.5,2001.0,110.19921875,-2.226551,-1.140248
44,0.5116279069767442,1991.0,100.19921875,-1.958827,-0.863902
45,0.5232558139534884,1994.0,103.19921875,-1.098194,-0.133428
46,0.5348837209302326,1987.0,96.19921875,0.202371,0.957075
47,0.5465116279069767,1989.0,98.19921875,1.565662,2.109874
48,0.5581395348837209,1983.0,92.19921875,2.559121,2.941236
49,0.5697674418604651,1984.0,93.19921875,2.964426,3.2042
50,0.5813953488372093,1980.0,89.19921875,2.907219,2.949448
51,0.5930232558139535,1983.0,92.19921875,2.814488,2.512343
52,0.6046511627906976,1975.0,84.19921875,3.129549,2.303239
53,0.6162790697674418,1977.0,86.19921875,4.00408,2.542671
54,0.627906976744186,1977.0,86.19921875,5.065425,3.029272
55,0.6395348837209301,1975.0,84.19921875,5.49952,3.138207
56,0.6511627906976744,1975.0,84.19921875,4.422562,2.120076
57,0.6627906976744186,1970.0,79.19921875,1.377418,-0.480566
58,0.6744186046511628,1966.0,75.19921875,-3.278166,-4.430429
59,0.686046511627907,1975.0,84.19921875,-8.343258,-8.715436
60,0.6976744186046512,1974.0,83.19921875,-12.19153,-11.858829
61,0.7093023255813954,1968.0,77.19921875,-13.409696,-12.4953
62,0.7209302325581396,1969.0,78.19921875,-11.418635,-9.983241
63,0.7325581395348838,1968.0,77.19921875,-6.776823,-4.788107
64,0.7441860465116279,1969.0,78.19921875,-0.968081,1.647306
65,0.7558139534883721,1966.0,75.19921875,4.201019,7.402809
66,0.7674418604651163,1957.0,66.19921875,7.336692,10.863268
67,0.7790697674418604,1965.0,74.19921875,7.986544,11.319416
68,0.7906976744186046,1955.0,64.19921875,6.66317,9.152517
69,0.8023255813953488,1956.0,65.19921875,4.508765,5.572665
70,0.813953488372093,1955.0,64.19921875,2.654324,2.013635
71,0.8255813953488372,1946.0,55.19921875,1.703118,-0.50236
72,0.8372093023255813,1957.0,66.19921875,1.568457,-1.678908
73,0.8488372093023255,1954.0,63.19921875,1.636884,-1.944407
74,0.8604651162790697,1955.0,64.19921875,1.256694,-2.014806
75,0.872093023255814,1949.0,58.19921875,0.144715,-2.441639
76,0.8837209302325582,1958.0,67.19921875,-1.42105,-3.265425
77,0.8953488372093024,1950.0,59.19921875,-2.801977,-4.082958
78,0.9069767441860466,1955.0,64.19921875,-3.33719,-4.276932
79,0.9186046511627908,1959.0,68.19921875,-2.753635,-3.45196
80,0.930232558139535,1964.0,73.19921875,-1.317346,-1.675764
81,0.9418604651162791,1961.0,70.19921875,0.294573,0.528797
82,0.9534883720930232,1965.0,74.19921875,1.358903,2.447235
83,0.9651162790697674,1956.0,65.19921875,1.446559,3.500117
84,0.9767441860465116,1957.0,66.19921875,0.641095,3.526668
85,0.9883720930232557,1957.0,66.19921875,-0.56403,2.783144
86,1.0,1963.0,72.19921875,-1.538785,1.761078
87,1.0116279069767442,1952.0,61.19921875,-1.865423,0.881096
88,1.0232558139534884,1950.0,59.19921875,-1.500706,0.320282
89,1.0348837209302326,1953.0,62.19921875,-0.774014,-0.050153
90,1.0465116279069768,1948.0,57.19921875,-0.179061,-0.509805
91,1.0581395348837208,1951.0,60.19921875,-0.075243,-1.264028
92,1.0697674418604652,1946.0,55.19921875,-0.520031,-2.30072
93,1.0813953488372092,1951.0,60.19921875,-1.232841,-3.339867
94,1.0930232558139534,1943.0,52.19921875,-1.780752,-4.012477
95,1.1046511627906976,1943.0,52.19921875,-1.777362,-4.005498
96,1.1162790697674418,1942.0,51.19921875,-1.087282,-3.245991
97,1.127906976744186,1951.0,60.19921875,0.136971,-1.884102
98,1.1395348837209303,1951.0,60.19921875,1.524641,-0.232785
99,1.1511627906976745,1953.0,62.19921875,2.679823,1.409958
100,1.1627906976744187,1951.0,60.19921875,3.328908,2.84174
101,1.1744186046511629,1951.0,60.19921875,3.405026,3.976129
102,1.186046511627907,1943.0,52.19921875,3.011454,4.778571
103,1.197674418604651,1951.0,60.19921875,2.351862,5.176126
104,1.2093023255813953,1943.0,52.19921875,1.589357,5.0408
105,1.2209302325581395,1946.0,55.19921875,0.830951,4.241042
106,1.2325581395348837,1926.0,35.19921875,0.087392,2.754846
107,1.244186046511628,1933.0,42.19921875,-0.625013,0.756361
108,1.255813953488372,1918.0,27.19921875,-1.308463,-1.398546
109,1.2674418604651163,1922.0,31.19921875,-1.898155,-3.262578
110,1.2790697674418603,1914.0,23.19921875,-2.326702,-4.460588
111,1.2906976744186047,1914.0,23.19921875,-2.522434,-4.82018
112,1.3023255813953487,1901.0,10.19921875,-2.471291,-4.417123
113,1.3139534883720931,1899.0,8.19921875,-2.198888,-3.522603
114,1.3255813953488371,1899.0,8.19921875,-1.785427,-2.474871
115,1.3372093023255816,1905.0,14.19921875,-1.33082,-1.537463
116,1.3488372093023255,1912.0,21.19921875,-0.9301,-0.865525
117,1.36046511627907,1904.0,13.19921875,-0.653053,-0.461023
118,1.372093023255814,1930.0,39.19921875,-0.482795,-0.242042
119,1.383720930232558,1917.0,26.19921875,-0.397573,-0.118051
120,1.3953488372093024,1957.0,66.19921875,-0.262641,0.016009
121,1.4069767441860463,1955.0,64.19921875,0.011774,0.240606
122,1.4186046511627908,1975.0,84.19921875,0.544906,0.644135
123,1.4302325581395348,1968.0,77.19921875,1.355681,1.313119
124,1.4418604651162792,1993.0,102.19921875,2.393845,2.277437
125,1.4534883720930232,1984.0,93.19921875,3.435729,3.390963
126,1.4651162790697676,1990.0,99.19921875,4.202562,4.377057
127,1.4767441860465116,1994.0,103.19921875,4.397982,4.828189
128,1.4883720930232558,1975.0,84.19921875,3.818023,4.406896
129,1.5,1987.0,96.19921875,2.468651,2.979002
130,1.5116279069767442,1936.0,45.19921875,0.570217,0.810233
131,1.5232558139534884,1957.0,66.19921875,-1.416618,-1.536927
132,1.5348837209302326,1902.0,11.19921875,-3.108141,-3.389155
133,1.5465116279069768,1922.0,31.19921875,-4.17757,-4.254927
134,1.5581395348837208,1861.0,-29.80078125,-4.626624,-4.062059
135,1.5697674418604652,1873.0,-17.80078125,-4.580056,-3.15264
136,1.5813953488372092,1837.0,-53.80078125,-4.297554,-2.127558
137,1.5930232558139534,1840.0,-50.80078125,-3.998706,-1.598866
138,1.6046511627906976,1819.0,-71.80078125,-3.729723,-1.842665
139,1.6162790697674418,1827.0,-63.80078125,-3.289985,-2.592596
140,1.627906976744186,1840.0,-50.80078125,-2.390043,-3.273247
141,1.6395348837209303,1825.0,-65.80078125,-0.839415,-3.190575
142,1.6511627906976745,1887.0,-3.80078125,1.391322,-1.972233
143,1.6627906976744187,1863.0,-27.80078125,3.917319,0.248156
144,1.6744186046511627,1933.0,42.19921875,6.266435,2.823675
145,1.686046511627907,1919.0,28.19921875,7.807548,4.908285
146,1.697674418604651,1984.0,93.19921875,8.236241,5.806461
147,1.7093023255813955,1972.0,81.19921875,7.458214,5.306643
148,1.7209302325581395,2016.0,125.19921875,5.830557,3.76128
149,1.7325581395348837,2016.0,125.19921875,3.795832,1.89983
150,1.744186046511628,2033.0,142.19921875,1.808242,0.449427
151,1.755813953488372,2031.0,140.19921875,0.078203,-0.183697
152,1.7674418604651163,2006.0,115.19921875,-1.466197,-0.047639
153,1.7790697674418603,2005.0,114.19921875,-3.050817,0.388723
154,1.7906976744186047,1945.0,54.19921875,-4.935153,0.602669
155,1.8023255813953487,1979.0,88.19921875,-7.080583,0.210806
156,1.8139534883720931,1877.0,-13.80078125,-9.33435,-0.785708
157,1.8255813953488371,1910.0,19.19921875,-11.141931,-2.098645
158,1.8372093023255816,1795.0,-95.80078125,-12.060782,-3.270787
159,1.8488372093023255,1823.0,-67.80078125,-11.601777,-3.970263
160,1.86046511627907,1744.0,-146.80078125,-9.721113,-4.139876
161,1.872093023255814,1776.0,-114.80078125,-6.54986,-3.931443
162,1.8837209302325582,1735.0,-155.80078125,-2.576699,-3.63635
163,1.8953488372093024,1740.0,-150.80078125,1.679209,-3.398037
164,1.9069767441860463,1774.0,-116.80078125,5.735393,-3.200922
165,1.9186046511627908,1750.0,-140.80078125,9.209421,-2.788816
166,1.9302325581395348,1851.0,-39.80078125,11.99188,-1.910412
167,1.9418604651162792,1811.0,-79.80078125,13.947357,-0.397161
168,1.9534883720930232,1957.0,66.19921875,15.220909,1.672264
169,1.9651162790697676,1903.0,12.19921875,15.696392,3.979593
170,1.9767441860465114,2033.0,142.19921875,15.46938,6.115071
171,1.9883720930232558,1991.0,100.19921875,14.33275,7.678054
172,2.0,2090.0,199.19921875,12.235984,8.450668
173,2.011627906976744,2077.0,186.19921875,8.968553,8.319858
174,2.0232558139534884,2073.0,182.19921875,4.467748,7.333701
175,2.0348837209302326,2096.0,205.19921875,-1.138395,5.59597
176,2.046511627906977,2015.0,124.19921875,-7.60224,3.265247
177,2.058139534883721,2055.0,164.19921875,-14.270476,0.513594
178,2.0697674418604652,1903.0,12.19921875,-20.544968,-2.395859
179,2.0813953488372094,1959.0,68.19921875,-25.482401,-5.149584
180,2.0930232558139537,1793.0,-97.80078125,-28.557581,-7.420721
181,2.1046511627906974,1842.0,-48.80078125,-29.164358,-8.923754
182,2.1162790697674416,1697.0,-193.80078125,-27.322073,-9.543261
183,2.1279069767441863,1733.0,-157.80078125,-23.084444,-9.289884
184,2.1395348837209305,1654.0,-236.80078125,-16.947401,-8.35227
185,2.1511627906976742,1671.0,-219.80078125,-9.376193,-6.886461
186,2.1627906976744184,1703.0,-187.80078125,-0.912466,-5.111497
187,2.174418604651163,1664.0,-226.80078125,7.871448,-3.107176
188,2.186046511627907,1798.0,-92.80078125,16.599739,-0.968287
189,2.197674418604651,1744.0,-146.80078125,24.659224,1.257208
190,2.2093023255813953,1939.0,48.19921875,31.711845,3.445671
191,2.22093023255814,1878.0,-12.80078125,37.017246,5.401443
192,2.2325581395348837,2069.0,178.19921875,40.207909,6.967098
193,2.244186046511628,2011.0,120.19921875,40.632763,7.993122
194,2.255813953488372,2138.0,247.19921875,38.112099,8.524792
195,2.267441860465116,2123.0,232.19921875,32.454586,8.600012
196,2.2790697674418605,2133.0,242.19921875,23.836353,8.323205
197,2.2906976744186047,2145.0,254.19921875,12.71552,7.663265
198,2.302325581395349,2032.0,141.19921875,-0.299333,6.570352
199,2.3139534883720927,2092.0,201.19921875,-14.166248,4.891041
200,2.3255813953488373,1893.0,2.19921875,-27.994755,2.579617
201,2.3372093023255816,1961.0,70.19921875,-40.472851,-0.285114
202,2.3488372093023258,1739.0,-151.80078125,-50.685982,-3.378937
203,2.3604651162790695,1810.0,-80.80078125,-57.44519,-6.232948
204,2.372093023255814,1637.0,-253.80078125,-60.164558,-8.433319
205,2.3837209302325584,1685.0,-205.80078125,-58.251431,-9.673088
206,2.395348837209302,1634.0,-256.80078125,-51.690453,-9.972523
207,2.4069767441860463,1626.0,-264.80078125,-40.780128,-9.539227
208,2.4186046511627906,1712.0,-178.80078125,-26.161648,-8.759922
209,2.430232558139535,1664.0,-226.80078125,-8.971154,-7.899783
210,2.441860465116279,1869.0,-21.80078125,9.691277,-7.103327
211,2.453488372093023,1790.0,-100.80078125,28.214199,-6.293507
212,2.4651162790697674,2023.0,132.19921875,45.441856,-5.219349
213,2.4767441860465116,1950.0,59.19921875,59.900414,-3.63155
214,2.488372093023256,2157.0,266.19921875,70.757896,-1.32061
215,2.5,2100.0,209.19921875,77.033081,1.679916
216,2.511627906976744,2186.0,295.19921875,78.286491,5.258156
217,2.5232558139534884,2176.0,285.19921875,74.098495,9.04213
218,2.5348837209302326,2115.0,224.19921875,64.309425,12.654526
219,2.546511627906977,2160.0,269.19921875,49.164917,15.579823
220,2.5581395348837206,1966.0,75.19921875,29.051899,17.363523
221,2.5697674418604652,2054.0,163.19921875,5.238791,17.626225
222,2.5813953488372094,1797.0,-93.80078125,-20.921259,16.133944
223,2.5930232558139537,1879.0,-11.80078125,-47.103577,12.967052
224,2.6046511627906974,1658.0,-232.80078125,-71.194099,8.418205
225,2.6162790697674416,1719.0,-171.80078125,-90.690216,3.091263
226,2.6279069767441863,1600.0,-290.80078125,-103.77446,-2.458153
227,2.6395348837209305,1614.0,-276.80078125,-108.977905,-7.646118
228,2.6511627906976742,1661.0,-229.80078125,-105.624008,-12.230278
229,2.6627906976744184,1609.0,-281.80078125,-93.827187,-16.133743
230,2.674418604651163,1791.0,-99.80078125,-74.088875,-19.413635
231,2.686046511627907,1709.0,-181.80078125,-47.772575,-22.020672
232,2.697674418604651,1951.0,60.19921875,-16.292929,-23.656904
233,2.7093023255813953,1862.0,-28.80078125,18.063255,-23.79974
234,2.72093023255814,2095.0,204.19921875,53.042389,-21.784599
235,2.7325581395348837,2032.0,141.19921875,85.637894,-17.242661
236,2.744186046511628,2155.0,264.19921875,113.010674,-10.210297
237,2.755813953488372,2135.0,244.19921875,132.290588,-1.386932
238,2.767441860465116,2118.0,227.19921875,141.232803,8.150375
239,2.7790697674418605,2146.0,255.19921875,138.534317,17.098816
240,2.7906976744186047,1988.0,97.19921875,123.829811,24.415062
241,2.802325581395349,2064.0,173.19921875,98.214935,29.467484
242,2.8139534883720927,1831.0,-59.80078125,63.393974,32.079853
243,2.8255813953488373,1911.0,20.19921875,22.282209,32.394737
244,2.8372093023255816,1717.0,-173.80078125,-22.142466,30.522982
245,2.8488372093023253,1776.0,-114.80078125,-66.278603,26.485176
246,2.8604651162790695,1643.0,-247.80078125,-106.770805,20.076134
247,2.872093023255814,1662.0,-228.80078125,-140.15062,11.264084
248,2.8837209302325584,1678.0,-212.80078125,-163.301971,0.319275
249,2.895348837209302,1650.0,-240.80078125,-173.749924,-11.881073
250,2.9069767441860463,1849.0,-41.80078125,-169.629532,-23.927612
251,2.918604651162791,1719.0,-171.80078125,-150.68631,-34.127388
252,2.930232558139535,1968.0,77.19921875,-117.513824,-40.93483
253,2.941860465116279,1908.0,17.19921875,-72.678925,-43.401321
254,2.953488372093023,2045.0,154.19921875,-19.622881,-41.270126
255,2.9651162790697674,2026.0,135.19921875,36.975517,-35.079208
256,2.9767441860465116,2081.0,190.19921875,92.109749,-25.776176
257,2.988372093023256,2077.0,186.19921875,140.678009,-14.550827
258,3.0,2026.0,135.19921875,178.011871,-2.429535
259,3.011627906976744,2047.0,156.19921875,200.483032,9.647247
260,3.0232558139534884,1916.0,25.19921875,205.461746,20.889572
261,3.0348837209302326,1978.0,87.19921875,192.197922,30.544571
262,3.046511627906977,1809.0,-81.80078125,161.220978,37.787521
263,3.0581395348837206,1866.0,-24.80078125,115.181442,41.93541
264,3.0697674418604652,1731.0,-159.80078125,57.813046,42.402496
265,3.0813953488372094,1774.0,-116.80078125,-5.680671,39.068695
266,3.0930232558139537,1712.0,-178.80078125,-69.735466,32.152672
267,3.1046511627906974,1713.0,-177.80078125,-128.535904,22.393784
268,3.1162790697674416,1752.0,-138.80078125,-176.750275,10.721741
269,3.1279069767441863,1727.0,-163.80078125,-209.966507,-1.741409
270,3.1395348837209305,1820.0,-70.80078125,-224.843674,-13.949051
271,3.1511627906976742,1786.0,-104.80078125,-219.804932,-24.940842
272,3.1627906976744184,1914.0,23.19921875,-194.685547,-33.864517
273,3.174418604651163,1878.0,-12.80078125,-151.528473,-40.064774
274,3.186046511627907,1967.0,76.19921875,-93.833473,-43.024086
275,3.197674418604651,1941.0,50.19921875,-26.90053,-42.456215
276,3.2093023255813953,1995.0,104.19921875,43.20332,-38.278904
277,3.22093023255814,1981.0,90.19921875,109.847168,-30.755951
278,3.2325581395348837,1968.0,77.19921875,166.854614,-20.38089
279,3.244186046511628,1981.0,90.19921875,208.969315,-7.936859
280,3.255813953488372,1905.0,14.19921875,232.274612,5.605621
281,3.2674418604651163,1939.0,48.19921875,234.664505,19.102158
282,3.2790697674418605,1857.0,-33.80078125,215.638489,31.291016
283,3.2906976744186047,1887.0,-3.80078125,176.766678,40.876205
284,3.302325581395349,1806.0,-84.80078125,121.170525,46.69783
285,3.3139534883720927,1831.0,-59.80078125,53.95298,47.963509
286,3.3255813953488373,1783.0,-107.80078125,-18.800945,44.329403
287,3.3372093023255816,1790.0,-100.80078125,-89.996674,36.119431
288,3.3488372093023253,1792.0,-98.80078125,-152.839462,24.192017
289,3.3604651162790695,1777.0,-113.80078125,-201.217484,9.903412
290,3.372093023255814,1825.0,-65.80078125,-230.639832,-5.214096
291,3.3837209302325584,1807.0,-83.80078125,-238.506989,-19.598007
292,3.395348837209302,1863.0,-27.80078125,-224.24707,-31.939545
293,3.4069767441860463,1853.0,-37.80078125,-189.312668,-41.154327
294,3.418604651162791,1906.0,15.19921875,-136.72905,-46.452843
295,3.430232558139535,1882.0,-8.80078125,-71.260574,-47.342777
296,3.441860465116279,1913.0,22.19921875,1.340723,-43.59515
297,3.453488372093023,1909.0,18.19921875,74.092522,-35.451073
298,3.4651162790697674,1908.0,17.19921875,139.937119,-23.589661
299,3.4767441860465116,1920.0,29.19921875,191.963638,-9.276962
300,3.488372093023256,1873.0,-17.80078125,224.798279,5.839325
301,3.5,1901.0,10.19921875,235.092133,19.97641
302,3.511627906976744,1835.0,-55.80078125,222.169662,31.554596
303,3.5232558139534884,1856.0,-34.80078125,187.976166,39.511276
304,3.5348837209302326,1791.0,-99.80078125,136.400345,43.371155
305,3.546511627906977,1813.0,-77.80078125,72.897293,43.205185
306,3.5581395348837206,1765.0,-125.80078125,3.299774,39.357552
307,3.5697674418604652,1776.0,-114.80078125,-66.060127,32.251991
308,3.5813953488372094,1743.0,-147.80078125,-129.254776,22.24678
309,3.5930232558139537,1746.0,-144.80078125,-180.196487,9.794998
310,3.6046511627906974,1748.0,-142.80078125,-213.664963,-4.385056
311,3.616279069767442,1744.0,-146.80078125,-225.314987,-19.063614
312,3.6279069767441863,1761.0,-129.80078125,-213.076187,-32.507004
313,3.63953488372093,1749.0,-141.80078125,-177.547256,-42.663956
314,3.6511627906976742,1797.0,-93.80078125,-122.646133,-47.740082
315,3.6627906976744184,1776.0,-114.80078125,-55.23914,-46.644562
316,3.674418604651163,1830.0,-60.80078125,16.12534,-39.431423
317,3.686046511627907,1817.0,-73.80078125,82.324547,-27.345032
318,3.697674418604651,1851.0,-39.80078125,135.872803,-12.472916
319,3.7093023255813953,1855.0,-35.80078125,171.389465,2.818909
320,3.72093023255814,1863.0,-27.80078125,186.828339,16.485611
321,3.7325581395348837,1856.0,-34.80078125,182.491882,27.177185
322,3.744186046511628,1855.0,-35.80078125,161.078308,34.364487
323,3.755813953488372,1857.0,-33.80078125,126.168953,38.011665
324,3.7674418604651163,1824.0,-66.80078125,82.070869,38.349144
325,3.7790697674418605,1828.0,-62.80078125,33.150757,35.527988
326,3.7906976744186047,1792.0,-98.80078125,-16.315872,29.626667
327,3.802325581395349,1808.0,-82.80078125,-62.047947,20.733829
328,3.8139534883720927,1765.0,-125.80078125,-100.374031,9.261574
329,3.8255813953488373,1775.0,-115.80078125,-127.82901,-3.832199
330,3.8372093023255816,1758.0,-132.80078125,-142.326614,-17.045044
331,3.8488372093023253,1757.0,-133.80078125,-142.606613,-28.569771
332,3.8604651162790695,1754.0,-136.80078125,-129.253174,-36.693558
333,3.872093023255814,1743.0,-147.80078125,-103.861717,-40.164127
334,3.8837209302325584,1776.0,-114.80078125,-69.508034,-38.59095
335,3.895348837209302,1773.0,-117.80078125,-29.953094,-32.407612
336,3.9069767441860463,1815.0,-75.80078125,10.569785,-22.813263
337,3.9186046511627906,1807.0,-83.80078125,47.766094,-11.350674
338,3.930232558139535,1857.0,-33.80078125,78.124405,0.377342
339,3.941860465116279,1830.0,-60.80078125,98.756279,11.067764
340,3.9534883720930227,1881.0,-9.80078125,108.583267,19.915451
341,3.9651162790697674,1872.0,-18.80078125,107.406662,26.478279
342,3.9767441860465116,1890.0,-0.80078125,96.753151,30.65892
343,3.9883720930232562,1899.0,8.19921875,78.524216,32.417561
344,4.0,1881.0,-9.80078125,55.312645,31.719574
345,4.011627906976744,1891.0,0.19921875,29.35585,28.417921
346,4.023255813953488,1867.0,-23.80078125,2.69256,22.435087
347,4.034883720930233,1873.0,-17.80078125,-22.918346,13.846943
348,4.046511627906977,1834.0,-56.80078125,-46.00996,3.190132
349,4.058139534883721,1846.0,-44.80078125,-64.772827,-8.500744
350,4.069767441860465,1807.0,-83.80078125,-77.839073,-19.801945
351,4.081395348837209,1821.0,-69.80078125,-83.55587,-29.077682
352,4.093023255813954,1792.0,-98.80078125,-81.442039,-35.000244
353,4.104651162790698,1792.0,-98.80078125,-71.460892,-36.715637
354,4.116279069767442,1782.0,-108.80078125,-55.087986,-34.208092
355,4.127906976744186,1779.0,-111.80078125,-34.339508,-28.036589
356,4.1395348837209305,1791.0,-99.80078125,-11.881028,-19.310816
357,4.151162790697675,1776.0,-114.80078125,9.765326,-9.188535
358,4.162790697674419,1814.0,-76.80078125,28.76849,1.271517
359,4.174418604651162,1801.0,-89.80078125,43.707199,11.224884
360,4.186046511627907,1858.0,-32.80078125,54.255383,20.029667
361,4.1976744186046515,1824.0,-66.80078125,59.977856,27.016273
362,4.209302325581395,1893.0,2.19921875,61.234463,31.635357
363,4.22093023255814,1867.0,-23.80078125,57.855534,33.203224
364,4.232558139534883,1907.0,16.19921875,50.347263,31.460358
365,4.2441860465116275,1904.0,13.19921875,39.057198,26.424839
366,4.2558139534883725,1927.0,36.19921875,24.991266,18.789616
367,4.267441860465116,1919.0,28.19921875,9.389338,9.574375
368,4.279069767441861,1915.0,24.19921875,-6.299365,0.090069
369,4.290697674418605,1927.0,36.19921875,-20.502499,-8.56585
370,4.3023255813953485,1890.0,-0.80078125,-32.315464,-15.712269
371,4.313953488372094,1908.0,17.19921875,-40.850273,-21.094616
372,4.325581395348837,1852.0,-38.80078125,-46.223686,-24.919334
373,4.337209302325581,1878.0,-12.80078125,-48.333065,-27.32975
374,4.348837209302326,1810.0,-80.80078125,-47.652946,-28.432402
375,4.3604651162790695,1834.0,-56.80078125,-44.10614,-27.833973
376,4.372093023255814,1780.0,-110.80078125,-37.828293,-25.147116
377,4.383720930232558,1797.0,-93.80078125,-28.701347,-19.849506
378,4.395348837209302,1772.0,-118.80078125,-16.841593,-11.936806
379,4.406976744186047,1766.0,-124.80078125,-2.937299,-1.911875
380,4.4186046511627906,1789.0,-101.80078125,12.179433,9.078266
381,4.430232558139535,1764.0,-126.80078125,26.628721,19.431221
382,4.44186046511628,1824.0,-66.80078125,38.906746,27.606613
383,4.453488372093023,1785.0,-105.80078125,47.227654,32.318245
384,4.465116279069767,1874.0,-16.80078125,50.81599,33.152199
385,4.476744186046512,1852.0,-38.80078125,49.399361,30.311373
386,4.488372093023256,1936.0,45.19921875,43.760124,24.82992
387,4.5,1899.0,8.19921875,35.039474,17.816395
388,4.511627906976744,1982.0,91.19921875,24.569695,10.513494
389,4.523255813953488,1954.0,63.19921875,13.408189,3.549551
390,4.534883720930232,1991.0,100.19921875,2.049867,-2.801521
391,4.546511627906977,1984.0,93.19921875,-9.132572,-8.672887
392,4.558139534883721,1968.0,77.19921875,-20.123604,-14.277189
393,4.569767441860465,1974.0,83.19921875,-30.332581,-19.503061
394,4.5813953488372094,1899.0,8.19921875,-39.090267,-24.000862
395,4.593023255813954,1937.0,46.19921875,-45.091404,-26.913733
396,4.604651162790698,1813.0,-77.80078125,-47.388596,-27.645882
397,4.616279069767442,1856.0,-34.80078125,-45.24659,-25.65324
398,4.627906976744185,1739.0,-151.80078125,-38.834404,-21.222528
399,4.6395348837209305,1781.0,-109.80078125,-28.98456,-14.939302
400,4.651162790697675,1710.0,-180.80078125,-17.045404,-7.91779
401,4.662790697674418,1715.0,-175.80078125,-4.519594,-1.078614
402,4.674418604651163,1710.0,-180.80078125,7.535208,4.993094
403,4.686046511627906,1709.0,-181.80078125,18.289557,10.166433
404,4.6976744186046515,1763.0,-127.80078125,27.451313,14.666414
405,4.709302325581396,1731.0,-159.80078125,34.604122,18.595821
406,4.720930232558139,1855.0,-35.80078125,39.532883,22.015366
407,4.732558139534884,1805.0,-85.80078125,41.648232,24.36813
408,4.744186046511628,1953.0,62.19921875,40.68372,25.221458
409,4.755813953488372,1913.0,22.19921875,36.51009,24.015495
410,4.767441860465117,2027.0,136.19921875,29.595497,20.805674
411,4.77906976744186,2000.0,109.19921875,20.813787,15.96813
412,4.790697674418604,2063.0,172.19921875,11.239594,10.3353
413,4.802325581395349,2051.0,160.19921875,1.834179,4.621654
414,4.813953488372093,2004.0,113.19921875,-6.971875,-0.808304
415,4.825581395348837,2032.0,141.19921875,-14.977803,-5.911366
416,4.837209302325581,1926.0,35.19921875,-22.43985,-11.13043
417,4.848837209302325,1975.0,84.19921875,-29.256098,-16.598181
418,4.86046511627907,1808.0,-82.80078125,-35.207966,-22.316172
419,4.872093023255814,1869.0,-21.80078125,-39.425167,-27.432865
420,4.883720930232558,1718.0,-172.80078125,-41.100773,-31.029837
421,4.895348837209303,1773.0,-117.80078125,-39.453369,-31.939835
422,4.906976744186046,1678.0,-212.80078125,-34.407848,-29.721506
423,4.9186046511627906,1685.0,-205.80078125,-26.45134,-24.518129
424,4.930232558139535,1680.0,-210.80078125,-16.535639,-17.157352
425,4.941860465116279,1663.0,-227.80078125,-5.83593,-8.85463
426,4.953488372093023,1764.0,-126.80078125,4.843683,-0.537229
427,4.965116279069767,1725.0,-165.80078125,14.884556,7.114886
428,4.976744186046512,1877.0,-13.80078125,24.221647,14.201824
429,4.988372093023256,1814.0,-76.80078125,32.634937,20.819124
430,5.0,1998.0,107.19921875,39.947937,27.25065
431,5.011627906976744,1938.0,47.19921875,45.442352,33.084053
432,5.023255813953488,2091.0,200.19921875,48.381359,37.711422
433,5.034883720930233,2046.0,155.19921875,47.914978,40.041023
434,5.046511627906977,2097.0,206.19921875,43.648579,39.2813
435,5.058139534883721,2101.0,210.19921875,35.743507,35.100258
436,5.069767441860465,2037.0,146.19921875,24.775955,27.709312
437,5.081395348837209,2084.0,193.19921875,11.822742,17.988226
438,5.093023255813954,1929.0,38.19921875,-2.290987,6.697703
439,5.104651162790698,1986.0,95.19921875,-16.584902,-5.215252
440,5.116279069767441,1793.0,-97.80078125,-30.582586,-17.434231
441,5.127906976744186,1861.0,-29.80078125,-43.503963,-29.450224
442,5.1395348837209305,1702.0,-188.80078125,-54.731808,-40.989838
443,5.151162790697675,1740.0,-150.80078125,-63.155857,-51.160915
444,5.162790697674419,1662.0,-228.80078125,-67.622795,-58.797798
445,5.174418604651162,1680.0,-210.80078125,-67.014153,-62.450142
446,5.186046511627907,1698.0,-192.80078125,-60.601341,-60.822227
447,5.1976744186046515,1665.0,-225.80078125,-48.455029,-53.358871
448,5.209302325581395,1802.0,-88.80078125,-31.20369,-40.157619
449,5.22093023255814,1750.0,-140.80078125,-10.389902,-22.451565
450,5.232558139534883,1930.0,39.19921875,12.392037,-1.706196
451,5.2441860465116275,1870.0,-20.80078125,35.12072,20.068331
452,5.2558139534883725,2041.0,150.19921875,56.221825,41.324356
453,5.267441860465116,1981.0,90.19921875,73.973404,60.422115
454,5.279069767441861,2096.0,205.19921875,87.001122,76.044502
455,5.290697674418605,2069.0,178.19921875,93.847649,86.695824
456,5.3023255813953485,2077.0,186.19921875,93.316383,90.87812
457,5.313953488372094,2098.0,207.19921875,84.722946,87.384201
458,5.325581395348837,1997.0,106.19921875,67.977455,75.415428
459,5.337209302325581,2033.0,142.19921875,44.230602,55.462013
460,5.348837209302326,1878.0,-12.80078125,15.374513,28.949799
461,5.3604651162790695,1935.0,44.19921875,-15.67901,-1.325108
462,5.372093023255814,1779.0,-111.80078125,-46.082844,-32.35482
463,5.383720930232558,1825.0,-65.80078125,-73.011703,-60.966728
464,5.395348837209302,1729.0,-161.80078125,-94.456535,-84.802261
465,5.406976744186046,1746.0,-144.80078125,-108.981094,-102.199776
466,5.4186046511627906,1734.0,-156.80078125,-115.709763,-112.165527
467,5.430232558139535,1710.0,-180.80078125,-114.098099,-114.101883
468,5.44186046511628,1780.0,-110.80078125,-103.566887,-107.266731
469,5.453488372093023,1744.0,-146.80078125,-84.052361,-91.316269
470,5.465116279069767,1869.0,-21.80078125,-55.834782,-66.067627
471,5.476744186046512,1823.0,-67.80078125,-20.552485,-32.691498
472,5.488372093023256,1967.0,76.19921875,19.136824,6.515346
473,5.5,1922.0,31.19921875,59.174175,47.607826
474,5.511627906976744,2031.0,140.19921875,95.148048,85.967079
475,5.523255813953488,2006.0,115.19921875,122.784256,116.902672
476,5.534883720930232,2038.0,147.19921875,139.031387,136.783768
477,5.546511627906977,2047.0,156.19921875,142.472763,143.703049
478,5.558139534883721,2017.0,126.19921875,133.287857,137.4048
479,5.569767441860465,2032.0,141.19921875,113.080208,119.308304
480,5.5813953488372094,1946.0,55.19921875,83.99102,91.44873
481,5.593023255813954,1984.0,93.19921875,48.601944,56.437962
482,5.604651162790698,1858.0,-32.80078125,9.219836,16.606472
483,5.616279069767442,1904.0,13.19921875,-31.551992,-25.390207
484,5.627906976744185,1797.0,-93.80078125,-71.137482,-66.887108
485,5.6395348837209305,1830.0,-60.80078125,-106.43531,-104.647781
486,5.651162790697675,1766.0,-124.80078125,-134.297974,-135.254318
487,5.662790697674418,1783.0,-107.80078125,-151.721359,-155.361664
488,5.674418604651163,1777.0,-113.80078125,-156.448776,-162.264618
489,5.686046511627907,1767.0,-123.80078125,-147.507141,-154.600754
490,5.697674418604651,1825.0,-65.80078125,-125.204536,-132.333771
491,5.709302325581396,1799.0,-91.80078125,-91.483322,-97.298775
492,5.720930232558139,1902.0,11.19921875,-49.097652,-52.343346
493,5.732558139534884,1856.0,-34.80078125,-1.837374,-1.602811
494,5.744186046511628,1959.0,68.19921875,46.425152,50.533188
495,5.755813953488372,1930.0,39.19921875,91.478592,99.277802
496,5.767441860465117,2000.0,109.19921875,129.468796,140.144348
497,5.77906976744186,1983.0,92.19921875,156.805359,169.081665
498,5.790697674418604,2010.0,119.19921875,170.737045,182.954422
499,5.802325581395349,2005.0,114.19921875,169.620117,179.998459
500,5.813953488372093,1980.0,89.19921875,153.155609,159.948837
501,5.825581395348837,1993.0,102.19921875,122.710854,124.479263
502,5.837209302325582,1936.0,45.19921875,80.896759,76.706291
503,5.848837209302325,1965.0,74.19921875,31.680302,21.30932
504,5.86046511627907,1882.0,-8.80078125,-20.561516,-36.492142
505,5.872093023255814,1904.0,13.19921875,-70.960823,-91.004349
506,5.883720930232558,1808.0,-82.80078125,-115.127403,-137.116333
507,5.895348837209303,1830.0,-60.80078125,-149.008804,-170.399689
508,5.906976744186046,1809.0,-81.80078125,-169.622025,-187.794922
509,5.9186046511627906,1810.0,-80.80078125,-175.124863,-187.780533
510,5.930232558139535,1833.0,-57.80078125,-164.988129,-170.413055
511,5.941860465116279,1813.0,-77.80078125,-140.256546,-137.51358
512,5.953488372093023,1879.0,-11.80078125,-103.09433,-92.088913
513,5.965116279069767,1862.0,-28.80078125,-57.046379,-38.480236
514,5.976744186046512,1936.0,45.19921875,-6.113146,18.534229
515,5.988372093023256,1911.0,20.19921875,45.046871,73.683838
516,6.0,1995.0,104.19921875,92.067696,122.042038
517,6.011627906976744,1974.0,83.19921875,130.567047,158.970352
518,6.023255813953488,2027.0,136.19921875,157.093887,180.969376
519,6.034883720930233,2016.0,125.19921875,168.974609,185.700623
520,6.046511627906977,2016.0,125.19921875,165.037292,172.63797
521,6.058139534883721,2023.0,132.19921875,145.737015,143.153381
522,6.069767441860465,1971.0,80.19921875,113.182884,100.385612
523,6.081395348837209,2000.0,109.19921875,71.135544,49.076607
524,6.093023255813954,1923.0,32.19921875,24.015127,-5.474485
525,6.104651162790698,1952.0,61.19921875,-23.197945,-57.658443
526,6.116279069767441,1872.0,-18.80078125,-66.381447,-102.862946
527,6.127906976744186,1898.0,7.19921875,-101.951561,-137.252136
528,6.1395348837209305,1856.0,-34.80078125,-127.741631,-158.56543
529,6.151162790697675,1853.0,-37.80078125,-142.268051,-165.49942
530,6.162790697674419,1844.0,-46.80078125,-144.965439,-157.953049
531,6.174418604651162,1839.0,-51.80078125,-135.837555,-136.754105
532,6.186046511627907,1867.0,-23.80078125,-115.555634,-103.726151
533,6.1976744186046515,1857.0,-33.80078125,-85.707069,-61.801849
534,6.209302325581395,1915.0,24.19921875,-48.64542,-14.71452
535,6.22093023255814,1888.0,-2.80078125,-7.871259,32.867748
536,6.232558139534883,1953.0,62.19921875,32.939884,76.430603
537,6.2441860465116275,1931.0,40.19921875,69.694633,111.557732
538,6.2558139534883725,1991.0,100.19921875,99.212776,135.198944
539,6.267441860465116,1972.0,81.19921875,118.888306,145.385605
540,6.279069767441861,1986.0,95.19921875,127.53257,141.910873
541,6.290697674418605,1990.0,99.19921875,124.877388,125.760124
542,6.3023255813953485,1981.0,90.19921875,111.744698,99.125931
543,6.313953488372094,1986.0,95.19921875,89.746346,64.940636
544,6.325581395348837,1950.0,59.19921875,61.000755,26.491364
545,6.337209302325581,1967.0,76.19921875,28.289883,-12.573807
546,6.348837209302326,1933.0,42.19921875,-5.661197,-49.010555
547,6.3604651162790695,1930.0,39.19921875,-37.848068,-79.670441
548,6.372093023255814,1887.0,-3.80078125,-65.945122,-102.402054
549,6.383720930232558,1905.0,14.19921875,-87.749779,-115.493454
550,6.395348837209302,1874.0,-16.80078125,-102.019096,-118.451889
551,6.406976744186046,1879.0,-11.80078125,-107.757492,-111.285461
552,6.4186046511627906,1872.0,-18.80078125,-104.701752,-94.896408
553,6.430232558139535,1871.0,-19.80078125,-93.042778,-70.770309
554,6.44186046511628,1908.0,17.19921875,-73.605507,-40.968872
555,6.453488372093023,1884.0,-6.80078125,-48.155643,-8.29916
556,6.465116279069767,1931.0,40.19921875,-18.946985,24.302519
557,6.476744186046512,1919.0,28.19921875,10.911672,53.441631
558,6.488372093023256,1957.0,66.19921875,38.628117,76.445648
559,6.5,1939.0,48.19921875,61.517578,91.059769
560,6.511627906976744,1969.0,78.19921875,78.248917,96.618202
561,6.523255813953488,1959.0,68.19921875,88.113091,93.319275
562,6.534883720930233,1974.0,83.19921875,91.460846,82.611374
563,6.546511627906977,1973.0,82.19921875,88.637825,66.216263
564,6.558139534883721,1968.0,77.19921875,79.92572,45.92625
565,6.569767441860465,1965.0,74.19921875,65.386948,23.354866
566,6.5813953488372094,1950.0,59.19921875,45.029606,-0.31213
567,6.593023255813954,1959.0,68.19921875,19.746008,-23.586828
568,6.604651162790698,1934.0,43.19921875,-8.830323,-45.127083
569,6.616279069767442,1925.0,34.19921875,-37.585487,-62.897507
570,6.627906976744185,1907.0,16.19921875,-63.15657,-75.189056
571,6.6395348837209305,1917.0,26.19921875,-82.025459,-80.319527
572,6.651162790697675,1899.0,8.19921875,-92.089226,-77.761261
573,6.662790697674418,1898.0,7.19921875,-92.562729,-67.879021
574,6.674418604651163,1904.0,13.19921875,-84.333794,-52.176235
575,6.686046511627907,1892.0,1.19921875,-69.231544,-32.818359
576,6.697674418604651,1907.0,16.19921875,-49.307137,-11.9608
577,6.709302325581396,1885.0,-5.80078125,-26.586412,8.268053
578,6.720930232558139,1924.0,33.19921875,-2.402024,26.632807
579,6.732558139534884,1910.0,19.19921875,21.674755,41.92598
580,6.744186046511628,1945.0,54.19921875,44.283524,53.632481
581,6.755813953488372,1936.0,45.19921875,63.299263,60.939968
582,6.767441860465117,1949.0,58.19921875,76.79673,63.457066
583,6.77906976744186,1954.0,63.19921875,82.860168,60.768333
584,6.790697674418604,1959.0,68.19921875,80.692291,53.039932
585,6.802325581395349,1956.0,65.19921875,70.608841,40.956032
586,6.813953488372093,1941.0,50.19921875,54.131218,25.650368
587,6.825581395348837,1959.0,68.19921875,33.672623,8.80678
588,6.837209302325582,1936.0,45.19921875,11.557246,-8.173005
589,6.848837209302325,1952.0,61.19921875,-9.960926,-23.726812
590,6.86046511627907,1934.0,43.19921875,-29.545683,-36.993938
591,6.872093023255814,1941.0,50.19921875,-45.994942,-47.01757
592,6.883720930232558,1925.0,34.19921875,-58.649555,-53.335869
593,6.895348837209303,1926.0,35.19921875,-66.578468,-55.364319
594,6.906976744186046,1906.0,15.19921875,-69.056961,-52.813377
595,6.9186046511627906,1911.0,20.19921875,-65.461273,-45.646812
596,6.930232558139535,1906.0,15.19921875,-55.776478,-34.25676
597,6.941860465116279,1904.0,13.19921875,-40.880516,-19.792482
598,6.953488372093023,1920.0,29.19921875,-22.330183,-3.63093
599,6.965116279069767,1902.0,11.19921875,-2.471625,12.256104
600,6.976744186046512,1934.0,43.19921875,16.53599,26.343071
601,6.988372093023256,1926.0,35.19921875,32.565239,37.125774
602,7.0,1947.0,56.19921875,44.477459,44.009037
603,7.011627906976744,1936.0,45.19921875,51.603394,46.724518
604,7.023255813953488,1969.0,78.19921875,54.159779,45.666222
605,7.034883720930233,1962.0,71.19921875,52.549953,41.365482
606,7.046511627906977,1982.0,91.19921875,47.411274,34.390606
607,7.058139534883721,1982.0,91.19921875,39.327641,25.357779
608,7.069767441860465,1979.0,88.19921875,28.759731,14.623293
609,7.081395348837209,1975.0,84.19921875,16.266104,2.7663
610,7.093023255813954,1959.0,68.19921875,2.357148,-9.763101
611,7.104651162790698,1958.0,67.19921875,-11.985891,-21.994228
612,7.116279069767441,1942.0,51.19921875,-25.740894,-32.964169
613,7.127906976744186,1956.0,65.19921875,-37.38406,-41.285446
614,7.1395348837209305,1920.0,29.19921875,-45.615429,-45.821419
615,7.151162790697675,1935.0,44.19921875,-49.161392,-45.609295
616,7.162790697674419,1904.0,13.19921875,-47.537937,-40.414482
617,7.174418604651162,1918.0,27.19921875,-40.948479,-30.806322
618,7.186046511627907,1904.0,13.19921875,-30.506353,-18.09351
619,7.1976744186046515,1899.0,8.19921875,-17.958687,-4.275029
620,7.209302325581395,1904.0,13.19921875,-5.113567,8.793018
621,7.22093023255814,1904.0,13.19921875,6.370783,19.439392
622,7.232558139534884,1930.0,39.19921875,15.712585,26.98912
623,7.2441860465116275,1907.0,16.19921875,22.588943,31.323193
624,7.2558139534883725,1942.0,51.19921875,27.451353,33.08075
625,7.267441860465116,1940.0,49.19921875,30.617859,32.897514
626,7.27906976744186,1970.0,79.19921875,32.318272,31.164223
627,7.290697674418605,1955.0,64.19921875,32.227962,27.81208
628,7.3023255813953485,1979.0,88.19921875,29.887671,22.44318
629,7.313953488372094,1975.0,84.19921875,24.906958,14.825438
630,7.325581395348837,1973.0,82.19921875,17.38061,5.1264
631,7.337209302325581,1981.0,90.19921875,8.160627,-5.612068
632,7.348837209302326,1966.0,75.19921875,-1.522175,-15.939075
633,7.3604651162790695,1968.0,77.19921875,-10.183414,-24.153576
634,7.372093023255814,1936.0,45.19921875,-16.936783,-29.177519
635,7.383720930232559,1952.0,61.19921875,-21.387585,-30.674131
636,7.395348837209302,1920.0,29.19921875,-24.032146,-29.276138
637,7.406976744186046,1921.0,30.19921875,-25.462883,-26.035059
638,7.4186046511627906,1889.0,-1.80078125,-26.125793,-21.851252
639,7.430232558139535,1906.0,15.19921875,-25.838625,-17.104252
640,7.44186046511628,1883.0,-7.80078125,-23.902313,-11.471828
641,7.453488372093023,1884.0,-6.80078125,-19.544468,-4.46424
642,7.465116279069767,1890.0,-0.80078125,-12.350779,4.175472
643,7.476744186046512,1888.0,-2.80078125,-2.94377,13.784663
644,7.488372093023256,1919.0,28.19921875,7.284617,22.874882
645,7.5,1902.0,11.19921875,16.250313,29.417168
646,7.511627906976744,1952.0,61.19921875,22.349911,31.795681
647,7.523255813953488,1930.0,39.19921875,24.673161,29.372303
648,7.534883720930233,1968.0,77.19921875,23.698641,22.96714
649,7.546511627906977,1951.0,60.19921875,20.707172,14.480624
650,7.558139534883721,1989.0,98.19921875,17.320875,6.142556
651,7.569767441860464,1991.0,100.19921875,14.651375,-0.339273
652,7.5813953488372094,1977.0,86.19921875,12.774693,-4.489345
653,7.593023255813954,1983.0,92.19921875,11.030129,-6.846568
654,7.604651162790698,1950.0,59.19921875,8.182891,-8.701392
655,7.616279069767442,1964.0,73.19921875,3.525262,-11.059312
656,7.627906976744185,1917.0,26.19921875,-3.053713,-14.271199
657,7.6395348837209305,1935.0,44.19921875,-10.549389,-17.658131
658,7.651162790697675,1888.0,-2.80078125,-17.59935,-20.034124
659,7.662790697674418,1904.0,13.19921875,-22.805695,-20.281836
660,7.674418604651163,1871.0,-19.80078125,-25.458672,-17.953457
661,7.686046511627907,1875.0,-15.80078125,-25.573317,-13.470266
662,7.697674418604651,1872.0,-18.80078125,-23.679056,-7.793088
663,7.709302325581396,1870.0,-20.80078125,-20.456079,-2.053043
664,7.720930232558139,1890.0,-0.80078125,-16.153702,3.135551
665,7.732558139534884,1878.0,-12.80078125,-10.785332,7.637844
666,7.744186046511628,1925.0,34.19921875,-4.017442,11.793642
667,7.755813953488372,1904.0,13.19921875,4.009466,15.767402
668,7.767441860465117,1959.0,68.19921875,12.781468,19.358727
669,7.77906976744186,1938.0,47.19921875,20.993021,21.748562
670,7.790697674418604,1978.0,87.19921875,27.205132,21.903677
671,7.802325581395349,1961.0,70.19921875,30.18108,19.075096
672,7.813953488372093,1995.0,104.19921875,29.492466,13.286613
673,7.825581395348837,1990.0,99.19921875,25.592007,5.48175
674,7.837209302325581,1964.0,73.19921875,19.559244,-2.779469
675,7.848837209302326,1977.0,86.19921875,12.779408,-9.746574
676,7.86046511627907,1936.0,45.19921875,6.191639,-14.236561
677,7.872093023255814,1958.0,67.19921875,0.258002,-15.905272
678,7.883720930232558,1906.0,15.19921875,-5.285291,-15.314627
679,7.895348837209302,1918.0,27.19921875,-10.750195,-13.454851
680,7.9069767441860455,1883.0,-7.80078125,-16.403708,-11.314293
681,7.918604651162791,1893.0,2.19921875,-21.954029,-9.471571
682,7.930232558139535,1876.0,-14.80078125,-26.697224,-7.911945
683,7.941860465116279,1872.0,-18.80078125,-29.678249,-6.282234
684,7.953488372093023,1883.0,-7.80078125,-29.979286,-4.074436
685,7.9651162790697665,1879.0,-11.80078125,-27.22245,-1.161909
686,7.9767441860465125,1917.0,26.19921875,-21.469208,2.275045
687,7.988372093023257,1895.0,4.19921875,-13.448957,5.620388
688,8.0,1953.0,62.19921875,-4.040886,8.254791
689,8.011627906976743,1933.0,42.19921875,5.60526,9.672859
690,8.023255813953488,1995.0,104.19921875,14.630113,9.787836
691,8.034883720930232,1971.0,80.19921875,22.233608,8.854461
692,8.046511627906977,2002.0,111.19921875,27.991081,7.383213
693,8.058139534883722,2002.0,111.19921875,31.609259,5.902208
694,8.069767441860465,1985.0,94.19921875,32.93441,4.688774
695,8.081395348837209,1994.0,103.19921875,31.927309,3.801809
696,8.093023255813954,1967.0,76.19921875,28.525982,2.981398
697,8.104651162790699,1982.0,91.19921875,22.831507,1.925436
698,8.116279069767442,1922.0,31.19921875,14.957521,0.397577
699,8.127906976744185,1938.0,47.19921875,5.357841,-1.599763
700,8.13953488372093,1895.0,4.19921875,-5.35833,-3.815109
701,8.151162790697674,1902.0,11.19921875,-16.19096,-5.846434
702,8.162790697674417,1882.0,-8.80078125,-26.057577,-7.286026
703,8.174418604651164,1872.0,-18.80078125,-33.856045,-7.962679
704,8.186046511627907,1885.0,-5.80078125,-38.680008,-7.847961
705,8.19767441860465,1875.0,-15.80078125,-40.068951,-7.213516
706,8.209302325581396,1906.0,15.19921875,-37.899036,-6.29159
707,8.220930232558139,1903.0,12.19921875,-32.524998,-5.287941
708,8.232558139534884,1942.0,51.19921875,-24.381054,-4.15163
709,8.24418604651163,1936.0,45.19921875,-14.127172,-2.69418
710,8.255813953488373,1986.0,95.19921875,-2.339516,-0.709136
711,8.267441860465116,1968.0,77.19921875,10.164801,1.835023
712,8.279069767441861,2000.0,109.19921875,22.482891,4.659016
713,8.290697674418604,1995.0,104.19921875,33.426079,7.283144
714,8.30232558139535,1998.0,107.19921875,41.725822,9.082981
715,8.313953488372093,2001.0,110.19921875,46.221687,9.657017
716,8.325581395348838,1968.0,77.19921875,46.095051,8.852123
717,8.337209302325581,1981.0,90.19921875,41.265018,6.994602
718,8.348837209302324,1955.0,64.19921875,32.222832,4.590511
719,8.36046511627907,1959.0,68.19921875,20.125761,2.189959
720,8.372093023255815,1911.0,20.19921875,6.338978,0.185742
721,8.383720930232558,1931.0,40.19921875,-7.634925,-1.310253
722,8.395348837209303,1884.0,-6.80078125,-20.612762,-2.414803
723,8.406976744186046,1897.0,6.19921875,-31.573864,-3.336895
724,8.41860465116279,1881.0,-9.80078125,-39.851532,-4.223965
725,8.430232558139535,1889.0,-1.80078125,-44.906391,-5.101799
726,8.44186046511628,1901.0,10.19921875,-46.372341,-5.820004
727,8.453488372093023,1887.0,-3.80078125,-44.082569,-6.248672
728,8.465116279069766,1922.0,31.19921875,-38.012848,-6.200586
729,8.476744186046512,1911.0,20.19921875,-28.569288,-5.651285
730,8.488372093023255,1963.0,72.19921875,-16.347475,-4.57443
731,8.5,1942.0,51.19921875,-2.389033,-3.026766
732,8.511627906976745,1982.0,91.19921875,12.178834,-1.066861
733,8.523255813953488,1969.0,78.19921875,25.970299,1.159525
734,8.534883720930232,1994.0,103.19921875,37.714485,3.414429
735,8.546511627906977,1989.0,98.19921875,46.159508,5.359772
736,8.558139534883722,1986.0,95.19921875,50.369225,6.601585
737,8.569767441860465,1986.0,95.19921875,49.807323,6.890953
738,8.58139534883721,1966.0,75.19921875,44.451874,6.1828
739,8.593023255813954,1981.0,90.19921875,34.899387,4.741276
740,8.604651162790697,1934.0,43.19921875,22.153746,2.995035
741,8.61627906976744,1951.0,60.19921875,7.636089,1.398543
742,8.627906976744187,1905.0,14.19921875,-7.294693,0.207951
743,8.63953488372093,1927.0,36.19921875,-21.286043,-0.605761
744,8.651162790697674,1890.0,-0.80078125,-33.416862,-1.331898
745,8.662790697674419,1890.0,-0.80078125,-42.878056,-2.286037
746,8.674418604651162,1895.0,4.19921875,-49.100666,-3.568508
747,8.686046511627907,1883.0,-7.80078125,-51.542145,-4.989742
748,8.697674418604652,1914.0,23.19921875,-49.710815,-6.016907
749,8.709302325581396,1898.0,7.19921875,-43.374725,-6.123306
750,8.720930232558139,1947.0,56.19921875,-32.608364,-4.960648
751,8.732558139534884,1930.0,39.19921875,-18.175339,-2.635042
752,8.744186046511627,1984.0,93.19921875,-1.311226,0.357931
753,8.755813953488373,1953.0,62.19921875,16.073202,3.229429
754,8.767441860465116,1995.0,104.19921875,32.057621,5.286655
755,8.779069767441861,1990.0,99.19921875,44.760555,6.162224
756,8.790697674418604,1989.0,98.19921875,52.878876,5.849812
757,8.802325581395348,1998.0,107.19921875,55.711433,4.712482
758,8.813953488372094,1965.0,74.19921875,53.229836,3.149139
759,8.825581395348838,1982.0,91.19921875,45.982456,1.512325
760,8.837209302325581,1927.0,36.19921875,34.773434,-0.118977
761,8.848837209302326,1955.0,64.19921875,20.727804,-1.805191
762,8.86046511627907,1911.0,20.19921875,4.923645,-3.612039
763,8.872093023255813,1913.0,22.19921875,-11.372042,-5.509483
764,8.88372093023256,1890.0,-0.80078125,-26.9266,-7.191511
765,8.895348837209303,1891.0,0.19921875,-40.342918,-8.207836
766,8.906976744186046,1893.0,2.19921875,-50.315895,-8.036266
767,8.91860465116279,1889.0,-1.80078125,-55.669373,-6.383766
768,8.930232558139535,1920.0,29.19921875,-55.630119,-3.243462
769,8.941860465116278,1902.0,11.19921875,-49.990898,1.006222
770,8.953488372093023,1941.0,50.19921875,-39.213219,5.668991
771,8.965116279069768,1926.0,35.19921875,-24.525335,9.902807
772,8.976744186046512,1983.0,92.19921875,-7.604749,12.840107
773,8.988372093023255,1967.0,76.19921875,9.476736,13.877007
774,9.0,1997.0,106.19921875,24.882133,12.725302
775,9.011627906976745,2000.0,109.19921875,37.047974,9.55394
776,9.023255813953488,1998.0,107.19921875,45.12735,4.910034
777,9.034883720930234,2014.0,123.19921875,48.81498,-0.365372
778,9.046511627906977,1983.0,92.19921875,48.324886,-5.380486
779,9.05813953488372,1987.0,96.19921875,44.123234,-9.38805
780,9.069767441860463,1946.0,55.19921875,36.765453,-11.903229
781,9.08139534883721,1968.0,77.19921875,26.856928,-12.834532
782,9.093023255813954,1908.0,17.19921875,14.888459,-12.422109
783,9.104651162790697,1929.0,38.19921875,1.632931,-11.043406
784,9.116279069767442,1903.0,12.19921875,-12.067243,-9.035028
785,9.127906976744185,1904.0,13.19921875,-25.004366,-6.629158
786,9.13953488372093,1878.0,-12.80078125,-35.974052,-3.853012
787,9.151162790697676,1901.0,10.19921875,-43.710987,-0.656902
788,9.162790697674419,1903.0,12.19921875,-47.409142,2.905922
789,9.174418604651162,1893.0,2.19921875,-46.657688,6.635056
790,9.186046511627907,1922.0,31.19921875,-41.602051,10.127663
791,9.19767441860465,1905.0,14.19921875,-32.883629,12.85812
792,9.209302325581396,1942.0,51.19921875,-21.407053,14.335005
793,9.220930232558139,1927.0,36.19921875,-8.347614,14.254799
794,9.232558139534884,1962.0,71.19921875,5.173148,12.540051
795,9.244186046511627,1965.0,74.19921875,17.939077,9.410285
796,9.25581395348837,1978.0,87.19921875,28.957354,5.233416
797,9.267441860465118,1968.0,77.19921875,37.288429,0.525604
798,9.279069767441861,1968.0,77.19921875,42.382236,-4.14185
799,9.290697674418604,1978.0,87.19921875,43.902718,-8.238255
800,9.30232558139535,1945.0,54.19921875,41.878197,-11.301716
801,9.313953488372093,1961.0,70.19921875,36.589424,-13.030407
802,9.325581395348836,1917.0,26.19921875,28.472914,-13.280359
803,9.337209302325583,1925.0,34.19921875,18.114838,-12.191853
804,9.348837209302326,1900.0,9.19921875,6.046721,-10.115217
805,9.36046511627907,1904.0,13.19921875,-6.99122,-7.594775
806,9.372093023255813,1893.0,2.19921875,-20.185312,-5.092145
807,9.383720930232558,1893.0,2.19921875,-32.357494,-2.914831
808,9.395348837209303,1895.0,4.19921875,-42.234264,-0.995556
809,9.406976744186046,1887.0,-3.80078125,-48.455627,0.961555
810,9.418604651162791,1903.0,12.19921875,-49.970963,3.415287
811,9.430232558139535,1894.0,3.19921875,-46.271194,6.63176
812,9.441860465116278,1931.0,40.19921875,-37.5648,10.490513
813,9.453488372093023,1906.0,15.19921875,-24.871887,14.360764
814,9.465116279069768,1949.0,58.19921875,-9.636665,17.257301
815,9.476744186046512,1949.0,58.19921875,6.342401,18.150896
816,9.488372093023257,1969.0,78.19921875,21.45533,16.322838
817,9.5,1959.0,68.19921875,34.234089,11.714838
818,9.511627906976743,1969.0,78.19921875,43.70961,4.976021
819,9.523255813953487,1971.0,80.19921875,49.102238,-2.710403
820,9.534883720930234,1954.0,63.19921875,50.022003,-9.979248
821,9.546511627906977,1967.0,76.19921875,46.293835,-15.67091
822,9.55813953488372,1936.0,45.19921875,38.104546,-19.151535
823,9.569767441860465,1939.0,48.19921875,26.141474,-20.295149
824,9.581395348837209,1910.0,19.19921875,11.507051,-19.397362
825,9.593023255813954,1925.0,34.19921875,-4.191916,-16.898998
826,9.604651162790699,1891.0,0.19921875,-19.289373,-13.144149
827,9.616279069767442,1898.0,7.19921875,-32.095509,-8.365284
828,9.627906976744185,1886.0,-4.80078125,-41.475746,-2.714878
829,9.63953488372093,1887.0,-3.80078125,-46.728748,3.484676
830,9.651162790697674,1894.0,3.19921875,-47.762428,9.720169
831,9.662790697674419,1881.0,-9.80078125,-44.814495,15.173664
832,9.674418604651162,1908.0,17.19921875,-38.277,19.05685
833,9.686046511627907,1902.0,11.19921875,-28.653524,20.69858
834,9.69767441860465,1935.0,44.19921875,-16.42281,19.914322
835,9.709302325581394,1919.0,28.19921875,-2.353062,17.005795
836,9.72093023255814,1947.0,56.19921875,12.58211,12.636891
837,9.732558139534884,1935.0,44.19921875,26.917618,7.618486
838,9.744186046511627,1962.0,71.19921875,39.046062,2.542496
839,9.755813953488373,1957.0,66.19921875,47.264378,-2.281513
840,9.767441860465116,1959.0,68.19921875,50.38728,-6.873177
841,9.77906976744186,1957.0,66.19921875,47.863686,-11.307682
842,9.790697674418606,1949.0,58.19921875,40.08477,-15.559772
843,9.80232558139535,1962.0,71.19921875,28.239548,-19.248486
844,9.813953488372093,1930.0,39.19921875,14.015527,-21.747364
845,9.825581395348838,1942.0,51.19921875,-0.646468,-22.275837
846,9.837209302325581,1915.0,24.19921875,-14.124124,-20.24147
847,9.848837209302326,1920.0,29.19921875,-25.134808,-15.499849
848,9.86046511627907,1904.0,13.19921875,-33.029858,-8.385778
849,9.872093023255815,1904.0,13.19921875,-37.578075,0.150295
850,9.883720930232558,1897.0,6.19921875,-39.011742,8.871502
851,9.895348837209301,1894.0,3.19921875,-37.643326,16.46962
852,9.906976744186046,1903.0,12.19921875,-33.899426,21.890087
853,9.918604651162791,1899.0,8.19921875,-28.092747,24.475941
854,9.930232558139535,1919.0,28.19921875,-20.457783,24.15868
855,9.94186046511628,1908.0,17.19921875,-11.226002,21.332752
856,9.953488372093023,1937.0,46.19921875,-0.654196,16.766775
857,9.965116279069766,1936.0,45.19921875,10.653043,11.303943
858,9.976744186046512,1962.0,71.19921875,21.859289,5.628244
859,9.988372093023257,1951.0,60.19921875,31.684282,0.1635
860,10.0,1953.0,62.19921875,38.830795,-5.027679
861,10.011627906976743,1958.0,67.19921875,42.046089,-10.004917
862,10.023255813953488,1966.0,75.19921875,40.648117,-14.825951
863,10.034883720930232,1966.0,75.19921875,34.639854,-19.234982
864,10.046511627906977,1951.0,60.19921875,24.898201,-22.612743
865,10.058139534883722,1955.0,64.19921875,12.953528,-24.060974
866,10.069767441860465,1935.0,44.19921875,0.569268,-22.777225
867,10.081395348837209,1948.0,57.19921875,-10.629008,-18.417892
868,10.093023255813954,1921.0,30.19921875,-19.66144,-11.382861
869,10.104651162790699,1931.0,40.19921875,-26.104998,-2.80287
870,10.116279069767442,1914.0,23.19921875,-30.214636,5.732073
871,10.127906976744187,1920.0,29.19921875,-32.334969,12.660934
872,10.13953488372093,1913.0,22.19921875,-32.795013,17.008385
873,10.151162790697674,1909.0,18.19921875,-31.483513,18.590153
874,10.162790697674417,1936.0,45.19921875,-28.042723,18.054293
875,10.174418604651164,1926.0,35.19921875,-22.108128,16.347904
876,10.186046511627907,1936.0,45.19921875,-13.571621,14.411325
877,10.19767441860465,1936.0,45.19921875,-2.968696,12.6393
878,10.209302325581396,1946.0,55.19921875,8.620931,10.85297
879,10.220930232558139,1940.0,49.19921875,19.610632,8.466063
880,10.232558139534882,1950.0,59.19921875,28.510971,4.886343
881,10.24418604651163,1948.0,57.19921875,34.101391,-0.039913
882,10.255813953488373,1947.0,56.19921875,35.930008,-5.900581
883,10.267441860465116,1943.0,52.19921875,34.106487,-11.749756
884,10.279069767441861,1943.0,52.19921875,29.321886,-16.504553
885,10.290697674418604,1947.0,56.19921875,22.430573,-19.216679
886,10.30232558139535,1936.0,45.19921875,14.208739,-19.558487
887,10.313953488372093,1941.0,50.19921875,5.314422,-17.669838
888,10.325581395348838,1934.0,43.19921875,-3.817344,-14.170411
889,10.337209302325581,1935.0,44.19921875,-12.649858,-9.798668
890,10.348837209302324,1930.0,39.19921875,-20.643553,-5.152828
891,10.36046511627907,1943.0,52.19921875,-26.993057,-0.629568
892,10.372093023255815,1935.0,44.19921875,-30.987972,3.659424
893,10.383720930232558,1920.0,29.19921875,-32.04932,7.593758
894,10.395348837209303,1936.0,45.19921875,-29.99437,11.117863
895,10.406976744186046,1936.0,45.19921875,-25.135782,13.919256
896,10.41860465116279,1935.0,44.19921875,-18.178728,15.680197
897,10.430232558139537,1937.0,46.19921875,-10.069107,16.046228
898,10.44186046511628,1939.0,48.19921875,-1.676369,14.860187
899,10.453488372093023,1933.0,42.19921875,6.239813,12.178944
900,10.465116279069766,1941.0,50.19921875,13.258797,8.288282
901,10.476744186046512,1949.0,58.19921875,19.042486,3.715547
902,10.488372093023255,1941.0,50.19921875,23.41379,-1.031219
903,10.5,1941.0,50.19921875,26.109694,-5.354925
904,10.511627906976745,1942.0,51.19921875,26.888699,-8.85833
905,10.523255813953488,1949.0,58.19921875,25.553488,-11.201468
906,10.534883720930232,1943.0,52.19921875,22.049898,-12.329546
907,10.546511627906977,1950.0,59.19921875,16.647099,-12.268303
908,10.558139534883722,1945.0,54.19921875,9.793591,-11.263458
909,10.569767441860465,1943.0,52.19921875,2.173268,-9.635696
910,10.58139534883721,1936.0,45.19921875,-5.572684,-7.689084
911,10.593023255813954,1936.0,45.19921875,-12.757709,-5.64938
912,10.604651162790697,1936.0,45.19921875,-18.925049,-3.590927
913,10.61627906976744,1938.0,47.19921875,-23.607641,-1.515343
914,10.627906976744187,1938.0,47.19921875,-26.42725,0.739977
915,10.63953488372093,1936.0,45.19921875,-26.99819,3.205225
916,10.651162790697674,1933.0,42.19921875,-25.090569,5.854784
917,10.662790697674419,1930.0,39.19921875,-20.657242,8.471981
918,10.674418604651162,1929.0,38.19921875,-14.017908,10.743469
919,10.686046511627907,1934.0,43.19921875,-5.932937,12.276471
920,10.697674418604652,1931.0,40.19921875,2.58229,12.747155
921,10.709302325581396,1924.0,33.19921875,10.366904,11.992827
922,10.720930232558139,1933.0,42.19921875,16.546528,10.032004
923,10.732558139534884,1936.0,45.19921875,20.562464,7.095499
924,10.744186046511627,1939.0,48.19921875,22.377428,3.452312
925,10.755813953488373,1936.0,45.19921875,22.26305,-0.492723
926,10.767441860465116,1941.0,50.19921875,20.639351,-4.427246
927,10.779069767441861,1943.0,52.19921875,17.793407,-8.040979
928,10.790697674418604,1936.0,45.19921875,13.815038,-11.133126
929,10.802325581395348,1939.0,48.19921875,8.728763,-13.481477
930,10.813953488372093,1941.0,50.19921875,2.563105,-14.940347
931,10.825581395348838,1935.0,44.19921875,-4.296364,-15.391754
932,10.837209302325581,1940.0,49.19921875,-11.156813,-14.703403
933,10.848837209302326,1939.0,48.19921875,-17.002064,-12.858152
934,10.86046511627907,1931.0,40.19921875,-20.84609,-9.778538
935,10.872093023255813,1936.0,45.19921875,-21.965712,-5.545341
936,10.88372093023256,1930.0,39.19921875,-20.222584,-0.269821
937,10.895348837209303,1936.0,45.19921875,-16.059938,5.694811
938,10.906976744186046,1927.0,36.19921875,-10.38186,11.843593
939,10.91860465116279,1925.0,34.19921875,-4.262353,17.419819
940,10.930232558139535,1926.0,35.19921875,1.393185,21.565346
941,10.941860465116278,1922.0,31.19921875,5.950456,23.449995
942,10.953488372093023,1920.0,29.19921875,9.215914,22.49728
943,10.965116279069768,1927.0,36.19921875,11.164016,18.599663
944,10.976744186046512,1931.0,40.19921875,11.948312,12.1531
945,10.988372093023255,1935.0,44.19921875,11.685513,4.153975
946,11.0,1936.0,45.19921875,10.510895,-4.157175
947,11.011627906976745,1933.0,42.19921875,8.558258,-11.464764
948,11.023255813953488,1936.0,45.19921875,6.07944,-16.800972
949,11.034883720930234,1952.0,61.19921875,3.43011,-19.658663
950,11.046511627906977,1951.0,60.19921875,0.926658,-20.196733
951,11.05813953488372,1952.0,61.19921875,-1.138616,-18.942225
952,11.069767441860463,1954.0,63.19921875,-2.702385,-16.594431
953,11.08139534883721,1947.0,56.19921875,-3.832565,-13.742525
954,11.093023255813954,1951.0,60.19921875,-4.715644,-10.590443
955,11.104651162790697,1953.0,62.19921875,-5.43003,-7.055187
956,11.116279069767442,1948.0,57.19921875,-5.979748,-2.848468
957,11.127906976744185,1951.0,60.19921875,-6.180251,2.134418
958,11.13953488372093,1939.0,48.19921875,-5.854393,7.710391
959,11.151162790697676,1943.0,52.19921875,-4.911897,13.224354
960,11.162790697674419,1936.0,45.19921875,-3.472195,17.767654
961,11.174418604651162,1937.0,46.19921875,-1.873565,20.408581
962,11.186046511627907,1930.0,39.19921875,-0.465704,20.58696
963,11.19767441860465,1925.0,34.19921875,0.486802,18.300535
964,11.209302325581396,1936.0,45.19921875,1.039643,14.116738
965,11.220930232558139,1925.0,34.19921875,1.387554,8.949739
966,11.232558139534884,1935.0,44.19921875,1.897355,3.696241
967,11.244186046511627,1925.0,34.19921875,2.724423,-1.027316
968,11.25581395348837,1937.0,46.19921875,3.828182,-5.051645
969,11.267441860465118,1938.0,47.19921875,4.839349,-8.531496
970,11.279069767441861,1950.0,59.19921875,5.294806,-11.749084
971,11.290697674418604,1952.0,61.19921875,4.849072,-14.773253
972,11.30232558139535,1950.0,59.19921875,3.477241,-17.323271
973,11.313953488372093,1951.0,60.19921875,1.587208,-18.786705
974,11.325581395348836,1951.0,60.19921875,-0.249387,-18.485689
975,11.337209302325583,1949.0,58.19921875,-1.445722,-16.00802
976,11.348837209302326,1947.0,56.19921875,-1.769632,-11.358808
977,11.36046511627907,1953.0,62.19921875,-1.372321,-5.143506
978,11.372093023255815,1942.0,51.19921875,-0.787975,1.70858
979,11.383720930232558,1946.0,55.19921875,-0.597849,8.12726
980,11.395348837209301,1932.0,41.19921875,-1.203318,13.272593
981,11.406976744186046,1943.0,52.19921875,-2.573323,16.628426
982,11.418604651162791,1929.0,38.19921875,-4.281005,18.101885
983,11.430232558139535,1925.0,34.19921875,-5.672187,17.856434
984,11.441860465116278,1919.0,28.19921875,-6.120955,16.184898
985,11.453488372093023,1919.0,28.19921875,-5.362611,13.35663
986,11.465116279069768,1913.0,22.19921875,-3.519727,9.589597
987,11.476744186046512,1921.0,30.19921875,-1.099448,5.130527
988,11.488372093023257,1917.0,26.19921875,1.268378,0.208855
989,11.5,1917.0,26.19921875,3.029389,-4.794491
990,11.511627906976743,1932.0,41.19921875,3.925608,-9.48034
991,11.523255813953488,1919.0,28.19921875,4.005956,-13.404356
992,11.534883720930234,1936.0,45.19921875,3.623144,-16.134827
993,11.546511627906977,1933.0,42.19921875,3.182284,-17.346727
994,11.55813953488372,1942.0,51.19921875,2.99196,-16.832514
995,11.569767441860465,1934.0,43.19921875,3.162147,-14.531407
996,11.581395348837209,1939.0,48.19921875,3.555993,-10.557425
997,11.593023255813954,1940.0,49.19921875,3.916357,-5.270928
998,11.604651162790699,1944.0,53.19921875,3.893237,0.723569
999,11.616279069767442,1940.0,49.19921875,3.253127,6.577131
1000,11.627906976744185,1929.0,38.19921875,1.893704,11.420387
1001,11.63953488372093,1939.0,48.19921875,-0.050798,14.497909
1002,11.651162790697674,1919.0,28.19921875,-2.333888,15.442876
1003,11.662790697674419,1922.0,31.19921875,-4.603325,14.317539
1004,11.674418604651164,1911.0,20.19921875,-6.483819,11.663943
1005,11.686046511627907,1915.0,24.19921875,-7.700769,8.221599
1006,11.69767441860465,1918.0,27.19921875,-8.102342,4.696931
1007,11.709302325581394,1909.0,18.19921875,-7.697706,1.526664
1008,11.72093023255814,1906.0,15.19921875,-6.574793,-1.217752
1009,11.732558139534884,1910.0,19.19921875,-4.907228,-3.674146
1010,11.744186046511627,1907.0,16.19921875,-2.875096,-6.087324
1011,11.755813953488373,1910.0,19.19921875,-0.645025,-8.446168
1012,11.767441860465116,1927.0,36.19921875,1.640449,-10.532747
1013,11.77906976744186,1918.0,27.19921875,3.809381,-11.874423
1014,11.790697674418606,1926.0,35.19921875,5.713087,-12.010794
1015,11.80232558139535,1926.0,35.19921875,7.192147,-10.649063
1016,11.813953488372093,1914.0,23.19921875,8.078809,-7.906772
1017,11.825581395348838,1923.0,32.19921875,8.302216,-4.208973
1018,11.837209302325581,1920.0,29.19921875,7.838855,-0.17996
1019,11.848837209302326,1929.0,38.19921875,6.784729,3.574775
1020,11.86046511627907,1911.0,20.19921875,5.259772,6.671218
1021,11.872093023255815,1919.0,28.19921875,3.465728,8.9671
1022,11.883720930232558,1913.0,22.19921875,1.521511,10.515368
1023,11.895348837209301,1904.0,13.19921875,-0.548921,11.27667
1024,11.906976744186046,1894.0,3.19921875,-2.740416,11.218958
1025,11.918604651162791,1904.0,13.19921875,-5.034941,10.170744
1026,11.930232558139535,1895.0,4.19921875,-7.35699,7.98246
1027,11.94186046511628,1899.0,8.19921875,-9.458603,4.719907
1028,11.953488372093023,1915.0,24.19921875,-10.94666,0.724828
1029,11.965116279069766,1904.0,13.19921875,-11.416743,-3.358562
1030,11.976744186046512,1921.0,30.19921875,-10.50618,-6.825179
1031,11.988372093023257,1915.0,24.19921875,-8.124888,-9.053531
1032,12.0,1935.0,44.19921875,-4.514401,-9.846576
1033,12.011627906976743,1925.0,34.19921875,-0.285466,-9.419306
1034,12.023255813953488,1933.0,42.19921875,3.793409,-8.322578
1035,12.034883720930232,1932.0,41.19921875,6.990793,-7.125805
1036,12.046511627906977,1931.0,40.19921875,8.840184,-6.20995
1037,12.058139534883722,1937.0,46.19921875,9.316013,-5.535486
1038,12.069767441860465,1935.0,44.19921875,8.771146,-4.704776
1039,12.081395348837209,1931.0,40.19921875,7.788694,-3.213078
1040,12.093023255813954,1921.0,30.19921875,6.890864,-0.685308
1041,12.104651162790697,1927.0,36.19921875,6.325223,2.803987
1042,12.116279069767442,1919.0,28.19921875,5.915735,6.740123
1043,12.127906976744187,1923.0,32.19921875,5.197164,10.246737
1044,12.13953488372093,1914.0,23.19921875,3.628677,12.490956
1045,12.151162790697674,1911.0,20.19921875,0.926404,12.90929
1046,12.162790697674417,1919.0,28.19921875,-2.740668,11.522624
1047,12.174418604651164,1911.0,20.19921875,-6.765398,8.768919
1048,12.186046511627907,1913.0,22.19921875,-10.267423,5.37909
1049,12.19767441860465,1909.0,18.19921875,-12.435886,2.012588
1050,12.209302325581396,1893.0,2.19921875,-12.834702,-0.989932
1051,12.220930232558139,1898.0,7.19921875,-11.52467,-3.588078
1052,12.232558139534882,1899.0,8.19921875,-8.993026,-5.994086
1053,12.24418604651163,1902.0,11.19921875,-5.900421,-8.293657
1054,12.255813953488373,1890.0,-0.80078125,-2.801747,-10.361709
1055,12.267441860465116,1895.0,4.19921875,0.053006,-11.733199
1056,12.279069767441861,1897.0,6.19921875,2.689975,-11.895184
1057,12.290697674418604,1894.0,3.19921875,5.250693,-10.473199
1058,12.30232558139535,1901.0,10.19921875,7.765291,-7.55391
1059,12.313953488372093,1894.0,3.19921875,10.012225,-3.679015
1060,12.325581395348838,1902.0,11.19921875,11.584576,0.347464
1061,12.337209302325581,1901.0,10.19921875,12.011536,3.707407
1062,12.348837209302324,1909.0,18.19921875,11.038575,5.996004
1063,12.36046511627907,1905.0,14.19921875,8.730625,7.191061
1064,12.372093023255815,1907.0,16.19921875,5.465626,7.681553
1065,12.383720930232558,1909.0,18.19921875,1.785322,7.867907
1066,12.395348837209303,1904.0,13.19921875,-1.847883,7.974874
1067,12.406976744186046,1909.0,18.19921875,-5.132815,7.884572
1068,12.41860465116279,1903.0,12.19921875,-7.980686,7.268019
1069,12.430232558139537,1905.0,14.19921875,-10.334771,5.827418
1070,12.44186046511628,1895.0,4.19921875,-12.041327,3.528515
1071,12.453488372093023,1895.0,4.19921875,-12.777438,0.733437
1072,12.465116279069766,1878.0,-12.80078125,-12.188325,-2.045745
1073,12.476744186046512,1893.0,2.19921875,-10.034933,-4.246053
1074,12.488372093023255,1886.0,-4.80078125,-6.47982,-5.71151
1075,12.5,1886.0,-4.80078125,-2.075341,-6.577324
1076,12.511627906976745,1884.0,-6.80078125,2.362353,-7.241444
1077,12.523255813953488,1883.0,-7.80078125,6.054537,-7.971205
1078,12.534883720930232,1894.0,3.19921875,8.561769,-8.71529
1079,12.546511627906977,1885.0,-5.80078125,9.906843,-9.000292
1080,12.558139534883722,1897.0,6.19921875,10.471029,-8.18038
1081,12.569767441860465,1902.0,11.19921875,10.653604,-5.822711
1082,12.58139534883721,1905.0,14.19921875,10.589331,-1.994709
1083,12.593023255813954,1903.0,12.19921875,9.98813,2.587351
1084,12.604651162790697,1904.0,13.19921875,8.30827,6.879675
1085,12.61627906976744,1904.0,13.19921875,5.099038,9.846123
1086,12.627906976744187,1904.0,13.19921875,0.371638,10.952255
1087,12.63953488372093,1904.0,13.19921875,-5.186831,10.30327
1088,12.651162790697674,1905.0,14.19921875,-10.388284,8.544015
1089,12.662790697674419,1904.0,13.19921875,-13.927347,6.478453
1090,12.674418604651162,1901.0,10.19921875,-14.926057,4.679011
1091,12.686046511627906,1898.0,7.19921875,-13.265062,3.256208
1092,12.697674418604652,1890.0,-0.80078125,-9.631442,1.907471
1093,12.709302325581396,1898.0,7.19921875,-5.18786,0.224599
1094,12.720930232558139,1898.0,7.19921875,-1.073167,-2.008634
1095,12.732558139534884,1895.0,4.19921875,1.987945,-4.581841
1096,12.744186046511627,1894.0,3.19921875,3.907574,-6.958574
1097,12.755813953488373,1898.0,7.19921875,5.022054,-8.516651
1098,12.767441860465116,1897.0,6.19921875,5.787783,-8.907249
1099,12.779069767441861,1892.0,1.19921875,6.418063,-8.200462
1100,12.790697674418604,1895.0,4.19921875,6.787509,-6.84957
1101,12.802325581395348,1898.0,7.19921875,6.524109,-5.445459
1102,12.813953488372093,1901.0,10.19921875,5.309606,-4.399063
1103,12.825581395348838,1894.0,3.19921875,3.164532,-3.728203
1104,12.837209302325581,1893.0,2.19921875,0.562195,-3.014542
1105,12.848837209302326,1888.0,-2.80078125,-1.7464,-1.721682
1106,12.86046511627907,1895.0,4.19921875,-3.047284,0.593897
1107,12.872093023255813,1897.0,6.19921875,-2.994682,3.93572
1108,12.88372093023256,1878.0,-12.80078125,-1.81067,7.840205
1109,12.895348837209303,1882.0,-8.80078125,-0.107561,11.511594
1110,12.906976744186046,1863.0,-27.80078125,1.283328,14.052906
1111,12.918604651162791,1877.0,-13.80078125,1.794261,14.814448
1112,12.930232558139535,1861.0,-29.80078125,1.210955,13.51519
1113,12.941860465116278,1865.0,-25.80078125,-0.185006,10.352673
1114,12.953488372093023,1863.0,-27.80078125,-1.85441,5.876321
1115,12.965116279069768,1863.0,-27.80078125,-3.230287,0.813379
1116,12.976744186046512,1867.0,-23.80078125,-3.976758,-4.112938
1117,12.988372093023255,1858.0,-32.80078125,-4.063028,-8.333171
1118,13.0,1889.0,-1.80078125,-3.682115,-11.493578
1119,13.011627906976745,1875.0,-15.80078125,-3.178431,-13.526288
1120,13.023255813953488,1887.0,-3.80078125,-2.719718,-14.426254
1121,13.034883720930234,1888.0,-2.80078125,-2.350539,-14.295482
1122,13.046511627906977,1889.0,-1.80078125,-1.896889,-13.16609
1123,13.05813953488372,1889.0,-1.80078125,-1.139233,-11.018104
1124,13.069767441860465,1889.0,-1.80078125,0.094072,-7.814955
1125,13.08139534883721,1890.0,-0.80078125,1.783675,-3.612347
1126,13.093023255813954,1883.0,-7.80078125,3.7235,1.33486
1127,13.104651162790697,1879.0,-11.80078125,5.576035,6.514481
1128,13.116279069767442,1872.0,-18.80078125,6.976511,11.249594
1129,13.127906976744185,1871.0,-19.80078125,7.639081,14.780986
1130,13.13953488372093,1868.0,-22.80078125,7.393908,16.517294
1131,13.151162790697676,1877.0,-13.80078125,6.276178,16.193127
1132,13.162790697674419,1865.0,-25.80078125,4.390105,13.912042
1133,13.174418604651162,1863.0,-27.80078125,1.969617,10.147782
1134,13.186046511627907,1871.0,-19.80078125,-0.737176,5.557379
1135,13.19767441860465,1869.0,-21.80078125,-3.475851,0.779274
1136,13.209302325581396,1874.0,-16.80078125,-5.966378,-3.654616
1137,13.22093023255814,1867.0,-23.80078125,-7.94889,-7.390977
1138,13.232558139534884,1876.0,-14.80078125,-9.151053,-10.220526
1139,13.244186046511627,1878.0,-12.80078125,-9.352501,-11.974529
1140,13.25581395348837,1894.0,3.19921875,-8.434693,-12.544855
1141,13.267441860465116,1896.0,5.19921875,-6.470631,-11.852106
1142,13.279069767441861,1899.0,8.19921875,-3.683369,-9.924962
1143,13.290697674418604,1899.0,8.19921875,-0.490242,-6.964331
1144,13.30232558139535,1897.0,6.19921875,2.633893,-3.348126
1145,13.313953488372093,1895.0,4.19921875,5.257385,0.446233
1146,13.325581395348836,1888.0,-2.80078125,7.060579,3.912899
1147,13.337209302325583,1889.0,-1.80078125,7.945269,6.654189
1148,13.348837209302326,1883.0,-7.80078125,7.954465,8.423943
1149,13.36046511627907,1888.0,-2.80078125,7.266335,9.125793
1150,13.372093023255815,1869.0,-21.80078125,6.006829,8.76919
1151,13.383720930232558,1874.0,-16.80078125,4.324729,7.457031
1152,13.395348837209301,1858.0,-32.80078125,2.29384,5.371334
1153,13.406976744186046,1867.0,-23.80078125,0.030336,2.772395
1154,13.418604651162791,1853.0,-37.80078125,-2.331326,-0.022069
1155,13.430232558139535,1856.0,-34.80078125,-4.510772,-2.593501
1156,13.441860465116278,1855.0,-35.80078125,-6.21691,-4.609963
1157,13.453488372093023,1857.0,-33.80078125,-7.192716,-5.82544
1158,13.465116279069768,1875.0,-15.80078125,-7.277795,-6.216887
1159,13.476744186046512,1861.0,-29.80078125,-6.568761,-5.941897
1160,13.488372093023257,1885.0,-5.80078125,-5.235161,-5.235566
1161,13.5,1871.0,-19.80078125,-3.603443,-4.322916
1162,13.511627906976743,1901.0,10.19921875,-1.857639,-3.241705
1163,13.523255813953488,1889.0,-1.80078125,-0.154009,-1.92829
1164,13.534883720930234,1899.0,8.19921875,1.547138,-0.19547
1165,13.546511627906977,1911.0,20.19921875,3.325624,2.04025
1166,13.55813953488372,1904.0,13.19921875,5.191214,4.651162
1167,13.569767441860465,1905.0,14.19921875,7.040033,7.257328
1168,13.581395348837209,1891.0,0.19921875,8.574073,9.299097
1169,13.593023255813954,1904.0,13.19921875,9.407814,10.173854
1170,13.604651162790699,1877.0,-13.80078125,9.098754,9.448332
1171,13.616279069767442,1885.0,-5.80078125,7.436277,7.042515
1172,13.627906976744185,1872.0,-18.80078125,4.421685,3.254384
1173,13.63953488372093,1865.0,-25.80078125,0.399886,-1.307163
1174,13.651162790697674,1851.0,-39.80078125,-4.056314,-5.842169
1175,13.662790697674419,1863.0,-27.80078125,-8.235364,-9.590737
1176,13.674418604651164,1847.0,-43.80078125,-11.484585,-11.983402
1177,13.686046511627907,1851.0,-39.80078125,-13.313492,-12.734644
1178,13.69767441860465,1856.0,-34.80078125,-13.491082,-11.879921
1179,13.709302325581394,1852.0,-38.80078125,-12.048177,-9.669808
1180,13.72093023255814,1872.0,-18.80078125,-9.217363,-6.525736
1181,13.732558139534884,1867.0,-23.80078125,-5.364819,-2.843905
1182,13.744186046511627,1885.0,-5.80078125,-0.875339,1.00846
1183,13.755813953488373,1875.0,-15.80078125,3.817147,4.768089
1184,13.767441860465116,1887.0,-3.80078125,8.254632,8.155018
1185,13.77906976744186,1901.0,10.19921875,11.930621,10.890779
1186,13.790697674418606,1915.0,24.19921875,14.325641,12.580415
1187,13.80232558139535,1904.0,13.19921875,14.984561,12.823225
1188,13.813953488372093,1909.0,18.19921875,13.741914,11.411454
1189,13.825581395348838,1908.0,17.19921875,10.763229,8.398468
1190,13.837209302325581,1894.0,3.19921875,6.615646,4.297132
1191,13.848837209302324,1897.0,6.19921875,2.133238,-0.093292
1192,13.86046511627907,1865.0,-25.80078125,-1.872843,-3.838868
1193,13.872093023255815,1885.0,-5.80078125,-4.834572,-6.244834
1194,13.883720930232558,1851.0,-39.80078125,-6.729275,-7.136539
1195,13.895348837209301,1870.0,-20.80078125,-7.896127,-6.863159
1196,13.906976744186046,1840.0,-50.80078125,-8.952152,-6.195667
1197,13.918604651162791,1847.0,-43.80078125,-10.268377,-5.850018
1198,13.930232558139535,1831.0,-59.80078125,-11.810236,-6.196752
1199,13.94186046511628,1831.0,-59.80078125,-12.979257,-6.957005
1200,13.953488372093023,1851.0,-39.80078125,-12.899108,-7.43322
1201,13.965116279069766,1840.0,-50.80078125,-10.843417,-6.774014
1202,13.976744186046512,1869.0,-21.80078125,-6.618374,-4.537862
1203,13.988372093023257,1850.0,-40.80078125,-0.793593,-0.878595
1204,14.0,1890.0,-0.80078125,5.515923,3.393789
1205,14.011627906976743,1886.0,-4.80078125,10.94296,7.153315
1206,14.023255813953488,1920.0,29.19921875,14.495164,9.460728
1207,14.034883720930232,1907.0,16.19921875,15.780765,9.893447
1208,14.046511627906977,1923.0,32.19921875,15.188504,8.781388
1209,14.058139534883722,1926.0,35.19921875,13.466478,6.873718
1210,14.069767441860465,1919.0,28.19921875,11.367209,5.000993
1211,14.081395348837209,1933.0,42.19921875,9.282755,3.635444
1212,14.093023255813954,1903.0,12.19921875,7.074504,2.748984
1213,14.104651162790697,1918.0,27.19921875,4.354641,1.905645
1214,14.116279069767442,1872.0,-18.80078125,0.706151,0.588336
1215,14.127906976744187,1883.0,-7.80078125,-3.843909,-1.413686
1216,14.13953488372093,1856.0,-34.80078125,-8.861496,-3.889407
1217,14.151162790697674,1865.0,-25.80078125,-13.521279,-6.240112
1218,14.162790697674417,1853.0,-37.80078125,-16.995771,-7.810091
1219,14.174418604651164,1853.0,-37.80078125,-18.690714,-8.158386
1220,14.186046511627907,1857.0,-33.80078125,-18.430025,-7.287911
1221,14.19767441860465,1850.0,-40.80078125,-16.414494,-5.571951
1222,14.209302325581396,1866.0,-24.80078125,-13.03042,-3.618122
1223,14.220930232558139,1854.0,-36.80078125,-8.687995,-1.914331
1224,14.232558139534882,1872.0,-18.80078125,-3.668854,-0.722473
1225,14.24418604651163,1867.0,-23.80078125,1.764587,0.025131
1226,14.255813953488373,1891.0,0.19921875,7.344321,0.572829
1227,14.267441860465116,1884.0,-6.80078125,12.645804,1.207246
1228,14.279069767441861,1901.0,10.19921875,17.166857,2.125022
1229,14.290697674418604,1895.0,4.19921875,20.341938,3.311188
1230,14.30232558139535,1889.0,-1.80078125,21.741592,4.636169
1231,14.313953488372093,1898.0,7.19921875,21.159971,5.874009
1232,14.325581395348838,1890.0,-0.80078125,18.613005,6.78372
1233,14.337209302325581,1886.0,-4.80078125,14.321841,7.109173
1234,14.348837209302324,1872.0,-18.80078125,8.654908,6.741249
1235,14.36046511627907,1887.0,-3.80078125,2.114482,5.642487
1236,14.372093023255815,1863.0,-27.80078125,-4.725061,3.944766
1237,14.383720930232558,1866.0,-24.80078125,-11.147747,1.923937
1238,14.395348837209303,1846.0,-44.80078125,-16.504673,-0.139198
1239,14.406976744186046,1856.0,-34.80078125,-20.213585,-1.968721
1240,14.41860465116279,1858.0,-32.80078125,-22.035189,-3.521955
1241,14.430232558139535,1855.0,-35.80078125,-22.014496,-4.885801
1242,14.44186046511628,1867.0,-23.80078125,-20.471819,-6.274261
1243,14.453488372093023,1867.0,-23.80078125,-17.791636,-7.789091
1244,14.465116279069768,1885.0,-5.80078125,-14.198521,-9.311438
1245,14.476744186046512,1874.0,-16.80078125,-9.71114,-10.444583
1246,14.488372093023255,1887.0,-3.80078125,-4.149735,-10.618307
1247,14.5,1888.0,-2.80078125,2.49861,-9.402095
1248,14.511627906976745,1887.0,-3.80078125,9.941143,-6.645893
1249,14.523255813953488,1891.0,0.19921875,17.343184,-2.722206
1250,14.534883720930232,1891.0,0.19921875,23.529055,1.661747
1251,14.546511627906977,1897.0,6.19921875,27.329386,5.688681
1252,14.55813953488372,1885.0,-5.80078125,27.997164,8.794125
1253,14.569767441860465,1890.0,-0.80078125,25.527292,10.828205
1254,14.58139534883721,1860.0,-30.80078125,20.572546,12.029469
1255,14.593023255813954,1876.0,-14.80078125,14.224657,12.796108
1256,14.604651162790697,1842.0,-48.80078125,7.424526,13.295174
1257,14.616279069767442,1858.0,-32.80078125,0.773246,13.359066
1258,14.627906976744187,1833.0,-57.80078125,-5.671004,12.455173
1259,14.63953488372093,1840.0,-50.80078125,-12.022348,10.03042
1260,14.651162790697674,1838.0,-52.80078125,-18.284714,5.797329
1261,14.662790697674419,1835.0,-55.80078125,-24.000525,0.064341
1262,14.674418604651162,1836.0,-54.80078125,-28.294933,-6.385326
1263,14.686046511627906,1828.0,-62.80078125,-30.157413,-12.469971
1264,14.697674418604652,1849.0,-41.80078125,-28.823912,-17.198856
1265,14.709302325581396,1843.0,-47.80078125,-24.209681,-19.975134
1266,14.720930232558139,1866.0,-24.80078125,-16.868095,-20.646835
1267,14.732558139534884,1850.0,-40.80078125,-7.877913,-19.384144
1268,14.744186046511627,1868.0,-22.80078125,1.67735,-16.40237
1269,14.755813953488373,1862.0,-28.80078125,10.892843,-11.880085
1270,14.767441860465118,1873.0,-17.80078125,19.21866,-5.962374
1271,14.779069767441861,1874.0,-16.80078125,26.211775,0.967173
1272,14.790697674418604,1872.0,-18.80078125,31.325785,8.179136
1273,14.802325581395348,1872.0,-18.80078125,33.796803,14.533279
1274,14.813953488372093,1861.0,-29.80078125,32.793236,18.817917
1275,14.825581395348838,1869.0,-21.80078125,27.842052,20.182905
1276,14.837209302325581,1846.0,-44.80078125,19.171442,18.538105
1277,14.848837209302326,1858.0,-32.80078125,7.987186,14.698843
1278,14.86046511627907,1840.0,-50.80078125,-3.861963,10.042422
1279,14.872093023255813,1847.0,-43.80078125,-14.316655,5.99669
1280,14.88372093023256,1841.0,-49.80078125,-21.882549,3.340729
1281,14.895348837209303,1840.0,-50.80078125,-25.955984,1.971869
1282,14.906976744186046,1845.0,-45.80078125,-26.913452,0.999832
1283,14.918604651162791,1840.0,-50.80078125,-25.664888,-0.663963
1284,14.930232558139535,1871.0,-19.80078125,-23.105145,-3.712528
1285,14.941860465116278,1851.0,-39.80078125,-19.726919,-7.980268
1286,14.953488372093023,1877.0,-13.80078125,-15.423642,-12.467115
1287,14.965116279069768,1873.0,-17.80078125,-9.901906,-15.846226
1288,14.976744186046512,1894.0,3.19921875,-3.000765,-17.042332
1289,14.988372093023255,1890.0,-0.80078125,4.80669,-15.787415
1290,15.0,1904.0,13.19921875,12.567445,-12.578994
1291,15.011627906976745,1898.0,7.19921875,19.000956,-8.462933
1292,15.023255813953488,1902.0,11.19921875,23.143518,-4.318422
1293,15.034883720930234,1907.0,16.19921875,24.571997,-0.593359
1294,15.046511627906977,1890.0,-0.80078125,23.505419,2.841896
1295,15.05813953488372,1890.0,-0.80078125,20.590187,6.379829
1296,15.069767441860465,1879.0,-11.80078125,16.41786,10.173225
1297,15.08139534883721,1887.0,-3.80078125,11.319532,13.833948
1298,15.093023255813954,1872.0,-18.80078125,5.277553,16.454313
1299,15.104651162790697,1882.0,-8.80078125,-1.651357,17.083004
1300,15.116279069767442,1859.0,-31.80078125,-9.154545,15.159883
1301,15.127906976744185,1856.0,-34.80078125,-16.307961,11.000353
1302,15.139534883720929,1858.0,-32.80078125,-21.838257,5.678867
1303,15.151162790697676,1853.0,-37.80078125,-24.543459,0.550066
1304,15.162790697674419,1854.0,-36.80078125,-23.826429,-3.369314
1305,15.174418604651162,1856.0,-34.80078125,-19.951788,-5.787891
1306,15.186046511627907,1856.0,-34.80078125,-14.031334,-7.232786
1307,15.19767441860465,1859.0,-31.80078125,-7.517817,-8.549361
1308,15.209302325581396,1863.0,-27.80078125,-1.621219,-10.335098
1309,15.22093023255814,1861.0,-29.80078125,3.089212,-12.464338
1310,15.232558139534884,1882.0,-8.80078125,6.825387,-14.042674
1311,15.244186046511627,1870.0,-20.80078125,10.123899,-13.91259
1312,15.25581395348837,1883.0,-7.80078125,13.483768,-11.24025
1313,15.267441860465116,1889.0,-1.80078125,16.817999,-6.098665
1314,15.279069767441861,1895.0,4.19921875,19.450304,0.451916
1315,15.290697674418604,1888.0,-2.80078125,20.379761,6.804647
1316,15.30232558139535,1872.0,-18.80078125,18.805428,11.46018
1317,15.313953488372093,1879.0,-11.80078125,14.531512,13.620787
1318,15.325581395348836,1875.0,-15.80078125,8.117862,13.432827
1319,15.337209302325583,1872.0,-18.80078125,0.71257,11.735143
1320,15.348837209302326,1868.0,-22.80078125,-6.405705,9.554124
1321,15.36046511627907,1867.0,-23.80078125,-12.195041,7.553653
1322,15.372093023255815,1862.0,-28.80078125,-16.196272,5.757782
1323,15.383720930232558,1863.0,-27.80078125,-18.353157,3.765064
1324,15.395348837209301,1857.0,-33.80078125,-18.956137,1.044804
1325,15.406976744186046,1861.0,-29.80078125,-18.215298,-2.532472
1326,15.418604651162791,1863.0,-27.80078125,-16.274172,-6.616447
1327,15.430232558139535,1857.0,-33.80078125,-13.131437,-10.422984
1328,15.441860465116278,1866.0,-24.80078125,-8.83458,-13.11722
1329,15.453488372093023,1872.0,-18.80078125,-3.627489,-14.142688
1330,15.465116279069768,1873.0,-17.80078125,2.062612,-13.393494
1331,15.476744186046512,1872.0,-18.80078125,7.624741,-11.136749
1332,15.488372093023257,1890.0,-0.80078125,12.536496,-7.767772
1333,15.5,1878.0,-12.80078125,16.297487,-3.691746
1334,15.511627906976743,1885.0,-5.80078125,18.686241,0.855103
1335,15.523255813953488,1881.0,-9.80078125,19.526657,5.612582
1336,15.534883720930234,1873.0,-17.80078125,18.766876,10.230469
1337,15.546511627906977,1877.0,-13.80078125,16.353672,14.111864
1338,15.55813953488372,1860.0,-30.80078125,12.340482,16.54611
1339,15.569767441860465,1872.0,-18.80078125,7.009562,16.976841
1340,15.581395348837209,1850.0,-40.80078125,0.823235,15.183589
1341,15.593023255813954,1858.0,-32.80078125,-5.465564,11.462444
1342,15.604651162790699,1835.0,-55.80078125,-11.162548,6.439711
1343,15.616279069767442,1842.0,-48.80078125,-15.589343,0.944673
1344,15.627906976744185,1827.0,-63.80078125,-18.447424,-4.385496
1345,15.63953488372093,1836.0,-54.80078125,-19.599792,-9.10691
1346,15.651162790697674,1836.0,-54.80078125,-19.144066,-13.011982
1347,15.662790697674417,1837.0,-53.80078125,-17.160379,-15.869309
1348,15.674418604651162,1842.0,-48.80078125,-13.721227,-17.347067
1349,15.686046511627906,1844.0,-46.80078125,-8.928347,-17.01498
1350,15.697674418604652,1858.0,-32.80078125,-3.029872,-14.553376
1351,15.709302325581396,1855.0,-35.80078125,3.39705,-10.027073
1352,15.72093023255814,1876.0,-14.80078125,9.566323,-4.019444
1353,15.732558139534884,1866.0,-24.80078125,14.511106,2.408307
1354,15.744186046511627,1895.0,4.19921875,17.530064,8.082641
1355,15.755813953488373,1883.0,-7.80078125,18.259098,12.052988
1356,15.767441860465116,1904.0,13.19921875,16.955557,14.001926
1357,15.77906976744186,1879.0,-11.80078125,14.18945,14.141358
1358,15.790697674418604,1873.0,-17.80078125,10.743692,13.143106
1359,15.802325581395348,1886.0,-4.80078125,7.218549,11.627348
1360,15.813953488372091,1862.0,-28.80078125,3.82865,9.867834
1361,15.82558139534884,1879.0,-11.80078125,0.567307,7.774741
1362,15.837209302325583,1844.0,-46.80078125,-2.758356,5.012635
1363,15.848837209302326,1854.0,-36.80078125,-6.140676,1.37359
1364,15.86046511627907,1830.0,-60.80078125,-9.4114,-3.002843
1365,15.872093023255815,1834.0,-56.80078125,-12.112291,-7.491581
1366,15.883720930232558,1813.0,-77.80078125,-13.855323,-11.299659
1367,15.895348837209301,1819.0,-71.80078125,-14.363098,-13.700788
1368,15.906976744186046,1821.0,-69.80078125,-13.689483,-14.409494
1369,15.91860465116279,1809.0,-81.80078125,-12.064007,-13.575693
1370,15.930232558139533,1830.0,-60.80078125,-9.700796,-11.613648
1371,15.941860465116278,1823.0,-67.80078125,-6.730336,-8.965823
1372,15.953488372093025,1841.0,-49.80078125,-3.061524,-5.818965
1373,15.965116279069768,1827.0,-63.80078125,1.353308,-2.115045
1374,15.976744186046513,1859.0,-31.80078125,6.430207,2.302488
1375,15.988372093023257,1847.0,-43.80078125,11.587216,7.267189
1376,16.0,1871.0,-19.80078125,15.956963,12.2291
1377,16.011627906976745,1866.0,-24.80078125,18.513821,16.199907
1378,16.023255813953487,1866.0,-24.80078125,18.542044,18.152971
1379,16.03488372093023,1875.0,-15.80078125,15.959766,17.429625
1380,16.046511627906977,1858.0,-32.80078125,11.370111,14.06784
1381,16.05813953488372,1857.0,-33.80078125,5.920828,8.855529
1382,16.069767441860463,1825.0,-65.80078125,0.757464,3.008306
1383,16.081395348837212,1844.0,-46.80078125,-3.279772,-2.256917
1384,16.093023255813954,1810.0,-80.80078125,-6.127474,-6.290578
1385,16.1046511627907,1829.0,-61.80078125,-8.136566,-8.993256
1386,16.116279069767444,1789.0,-101.80078125,-10.002961,-10.870528
1387,16.127906976744185,1801.0,-89.80078125,-12.029377,-12.406207
1388,16.13953488372093,1793.0,-97.80078125,-14.089978,-13.843392
1389,16.151162790697676,1791.0,-99.80078125,-15.505322,-14.868553
1390,16.162790697674417,1799.0,-91.80078125,-15.413681,-14.823038
1391,16.174418604651162,1789.0,-101.80078125,-13.239269,-13.00913
1392,16.186046511627907,1823.0,-67.80078125,-8.953896,-9.126183
1393,16.19767441860465,1814.0,-76.80078125,-3.27109,-3.55907
1394,16.209302325581397,1848.0,-42.80078125,2.799311,2.825753
1395,16.220930232558143,1839.0,-51.80078125,8.1675,8.891107
1396,16.232558139534884,1871.0,-19.80078125,12.235103,13.757371
1397,16.24418604651163,1849.0,-41.80078125,14.799015,16.889755
1398,16.25581395348837,1879.0,-11.80078125,16.146917,18.332825
1399,16.267441860465116,1872.0,-18.80078125,16.545759,18.300631
1400,16.27906976744186,1872.0,-18.80078125,16.116371,17.084091
1401,16.290697674418603,1868.0,-22.80078125,14.692586,14.735909
1402,16.302325581395348,1847.0,-43.80078125,11.970821,11.205735
1403,16.313953488372093,1862.0,-28.80078125,7.842054,6.493869
1404,16.325581395348834,1847.0,-43.80078125,2.497506,0.797528
1405,16.337209302325583,1853.0,-37.80078125,-3.400833,-5.302032
1406,16.348837209302328,1808.0,-82.80078125,-9.075636,-11.094488
1407,16.36046511627907,1835.0,-55.80078125,-13.703146,-15.769165
1408,16.372093023255815,1789.0,-101.80078125,-16.929962,-18.934368
1409,16.38372093023256,1804.0,-86.80078125,-18.6562,-20.423849
1410,16.3953488372093,1787.0,-103.80078125,-19.082193,-20.427496
1411,16.406976744186046,1791.0,-99.80078125,-18.345787,-19.126896
1412,16.41860465116279,1789.0,-101.80078125,-16.397253,-16.588556
1413,16.430232558139533,1786.0,-104.80078125,-13.046899,-12.682982
1414,16.441860465116278,1808.0,-82.80078125,-8.073851,-7.266981
1415,16.453488372093023,1791.0,-99.80078125,-1.698247,-0.542138
1416,16.46511627906977,1819.0,-71.80078125,5.494157,6.956164
1417,16.476744186046513,1818.0,-72.80078125,12.435802,14.185928
1418,16.48837209302326,1839.0,-51.80078125,18.053358,20.05736
1419,16.5,1830.0,-60.80078125,21.514236,23.638237
1420,16.511627906976745,1831.0,-59.80078125,22.606192,24.654732
1421,16.52325581395349,1841.0,-49.80078125,21.648546,23.362743
1422,16.53488372093023,1840.0,-50.80078125,19.243538,20.441301
1423,16.546511627906977,1850.0,-40.80078125,15.956673,16.587688
1424,16.558139534883722,1830.0,-60.80078125,11.976578,12.171165
1425,16.569767441860463,1830.0,-60.80078125,7.226893,7.22075
1426,16.58139534883721,1824.0,-66.80078125,1.508774,1.533334
1427,16.59302325581395,1825.0,-65.80078125,-5.094524,-4.957381
1428,16.6046511627907,1808.0,-82.80078125,-12.098867,-11.980044
1429,16.616279069767444,1808.0,-82.80078125,-18.546898,-18.741386
1430,16.627906976744185,1798.0,-92.80078125,-23.42268,-24.285778
1431,16.63953488372093,1798.0,-92.80078125,-25.949148,-27.707584
1432,16.651162790697676,1797.0,-93.80078125,-25.871506,-28.529722
1433,16.662790697674417,1805.0,-85.80078125,-23.467611,-26.746071
1434,16.674418604651162,1811.0,-79.80078125,-19.313845,-22.749107
1435,16.686046511627907,1808.0,-82.80078125,-13.954979,-17.04792
1436,16.69767441860465,1835.0,-55.80078125,-7.664536,-10.017221
1437,16.709302325581394,1814.0,-76.80078125,-0.548661,-1.965157
1438,16.72093023255814,1840.0,-50.80078125,7.335665,6.864448
1439,16.732558139534884,1834.0,-56.80078125,15.529198,15.888627
1440,16.74418604651163,1851.0,-39.80078125,23.180332,24.268623
1441,16.755813953488374,1846.0,-44.80078125,29.02668,30.783607
1442,16.767441860465116,1855.0,-35.80078125,31.90173,34.343834
1443,16.77906976744186,1856.0,-34.80078125,31.118732,34.240833
1444,16.790697674418606,1837.0,-53.80078125,26.778709,30.488989
1445,16.802325581395348,1835.0,-55.80078125,19.757925,23.818983
1446,16.813953488372093,1838.0,-52.80078125,11.308702,15.344152
1447,16.825581395348838,1840.0,-50.80078125,2.639712,6.227536
1448,16.83720930232558,1825.0,-65.80078125,-5.483389,-2.711858
1449,16.848837209302324,1831.0,-59.80078125,-12.769575,-11.022057
1450,16.86046511627907,1822.0,-68.80078125,-19.242128,-18.559557
1451,16.872093023255815,1828.0,-62.80078125,-24.820383,-25.121611
1452,16.88372093023256,1826.0,-64.80078125,-29.090689,-30.290442
1453,16.8953488372093,1823.0,-67.80078125,-31.253466,-33.348766
1454,16.906976744186046,1843.0,-47.80078125,-30.416567,-33.521835
1455,16.91860465116279,1837.0,-53.80078125,-26.069235,-30.35084
1456,16.930232558139533,1847.0,-43.80078125,-18.393177,-23.910534
1457,16.941860465116278,1853.0,-37.80078125,-8.429958,-14.990195
1458,16.953488372093023,1856.0,-34.80078125,2.204853,-4.832879
1459,16.965116279069765,1860.0,-30.80078125,11.798015,5.17362
1460,16.97674418604651,1876.0,-14.80078125,19.053383,13.902805
1461,16.98837209302326,1870.0,-20.80078125,23.376257,20.669266
1462,17.0,1872.0,-18.80078125,24.991055,25.35218
1463,17.011627906976745,1863.0,-27.80078125,24.570353,28.114811
1464,17.02325581395349,1858.0,-32.80078125,22.912363,29.225069
1465,17.03488372093023,1861.0,-29.80078125,20.556929,28.822948
1466,17.046511627906977,1841.0,-49.80078125,17.600157,26.812511
1467,17.058139534883722,1854.0,-36.80078125,13.868389,23.061729
1468,17.069767441860463,1835.0,-55.80078125,9.010366,17.375141
1469,17.08139534883721,1841.0,-49.80078125,2.936892,9.881374
1470,17.093023255813954,1818.0,-72.80078125,-4.164259,0.929926
1471,17.104651162790695,1818.0,-72.80078125,-11.631186,-8.731272
1472,17.116279069767444,1819.0,-71.80078125,-18.582674,-18.171652
1473,17.12790697674419,1825.0,-65.80078125,-24.023149,-26.320843
1474,17.13953488372093,1827.0,-63.80078125,-27.140432,-32.189186
1475,17.151162790697676,1815.0,-75.80078125,-27.426062,-34.997284
1476,17.16279069767442,1840.0,-50.80078125,-24.7668,-34.308167
1477,17.174418604651162,1838.0,-52.80078125,-19.540297,-30.2201
1478,17.186046511627907,1857.0,-33.80078125,-12.455771,-23.249119
1479,17.19767441860465,1842.0,-48.80078125,-4.49393,-14.346832
1480,17.209302325581394,1872.0,-18.80078125,3.410885,-4.537849
1481,17.22093023255814,1870.0,-20.80078125,10.396798,5.127232
1482,17.23255813953488,1902.0,11.19921875,15.974946,13.945387
1483,17.24418604651163,1887.0,-3.80078125,19.867096,21.391542
1484,17.255813953488374,1895.0,4.19921875,22.143202,27.252703
1485,17.267441860465116,1897.0,6.19921875,22.888075,31.292778
1486,17.27906976744186,1891.0,0.19921875,22.180429,33.228043
1487,17.290697674418606,1901.0,10.19921875,19.943029,32.618992
1488,17.302325581395348,1879.0,-11.80078125,16.002108,29.015099
1489,17.313953488372093,1883.0,-7.80078125,10.37453,22.317604
1490,17.325581395348838,1872.0,-18.80078125,3.285526,12.854186
1491,17.33720930232558,1868.0,-22.80078125,-4.565608,1.607114
1492,17.348837209302324,1856.0,-34.80078125,-12.227915,-10.041166
1493,17.36046511627907,1858.0,-32.80078125,-18.56658,-20.493252
1494,17.372093023255815,1843.0,-47.80078125,-22.695484,-28.447735
1495,17.38372093023256,1849.0,-41.80078125,-24.096029,-33.031895
1496,17.395348837209305,1851.0,-39.80078125,-22.83275,-34.037445
1497,17.406976744186046,1847.0,-43.80078125,-19.381828,-31.74884
1498,17.41860465116279,1849.0,-41.80078125,-14.406756,-26.715134
1499,17.430232558139537,1840.0,-50.80078125,-8.57885,-19.610765
1500,17.441860465116278,1861.0,-29.80078125,-2.321726,-11.003906
1501,17.453488372093023,1857.0,-33.80078125,4.017487,-1.543015
1502,17.46511627906977,1877.0,-13.80078125,10.178904,8.093729
1503,17.47674418604651,1872.0,-18.80078125,15.673202,16.988125
1504,17.488372093023255,1891.0,0.19921875,19.92647,24.217424
1505,17.5,1880.0,-10.80078125,22.202536,28.879757
1506,17.511627906976745,1903.0,12.19921875,22.026796,30.45776
1507,17.52325581395349,1898.0,7.19921875,19.267515,28.861794
1508,17.53488372093023,1891.0,0.19921875,14.334031,24.510908
1509,17.546511627906977,1891.0,0.19921875,8.102828,18.183691
1510,17.558139534883722,1882.0,-8.80078125,1.575274,10.707251
1511,17.569767441860463,1885.0,-5.80078125,-4.356687,2.826818
1512,17.58139534883721,1856.0,-34.80078125,-9.270125,-5.014179
1513,17.593023255813954,1873.0,-17.80078125,-13.014235,-12.39449
1514,17.604651162790695,1859.0,-31.80078125,-15.799908,-18.998344
1515,17.61627906976744,1855.0,-35.80078125,-17.699059,-24.262774
1516,17.62790697674419,1855.0,-35.80078125,-18.641621,-27.53603
1517,17.63953488372093,1856.0,-34.80078125,-18.267441,-28.149986
1518,17.651162790697676,1846.0,-44.80078125,-16.17647,-25.700336
1519,17.66279069767442,1854.0,-36.80078125,-12.162761,-20.245707
1520,17.674418604651162,1847.0,-43.80078125,-6.458982,-12.44285
1521,17.686046511627907,1849.0,-41.80078125,0.19948,-3.421894
1522,17.697674418604652,1857.0,-33.80078125,6.837506,5.575877
1523,17.709302325581394,1861.0,-29.80078125,12.424427,13.379543
1524,17.72093023255814,1872.0,-18.80078125,16.313896,19.26231
1525,17.732558139534884,1864.0,-26.80078125,18.252228,22.886822
1526,17.744186046511626,1887.0,-3.80078125,18.504797,24.378187
1527,17.755813953488374,1883.0,-7.80078125,17.422762,23.898285
1528,17.76744186046512,1885.0,-5.80078125,15.40454,21.697067
1529,17.77906976744186,1877.0,-13.80078125,12.620366,17.895103
1530,17.790697674418606,1874.0,-16.80078125,9.084812,12.641855
1531,17.802325581395348,1875.0,-15.80078125,4.792061,6.201897
1532,17.813953488372093,1870.0,-20.80078125,-0.161107,-0.975978
1533,17.825581395348838,1872.0,-18.80078125,-5.376214,-8.132236
1534,17.83720930232558,1859.0,-31.80078125,-10.307116,-14.440657
1535,17.848837209302324,1872.0,-18.80078125,-14.297224,-19.072187
1536,17.86046511627907,1846.0,-44.80078125,-16.987705,-21.61718
1537,17.87209302325581,1856.0,-34.80078125,-18.140564,-21.895191
1538,17.883720930232556,1855.0,-35.80078125,-17.90905,-20.220097
1539,17.895348837209305,1846.0,-44.80078125,-16.508585,-17.037016
1540,17.906976744186046,1863.0,-27.80078125,-14.135357,-12.852952
1541,17.91860465116279,1862.0,-28.80078125,-10.873143,-8.023879
1542,17.930232558139537,1881.0,-9.80078125,-6.685992,-2.787323
1543,17.941860465116278,1872.0,-18.80078125,-1.627686,2.652605
1544,17.953488372093023,1891.0,0.19921875,4.137409,8.092173
1545,17.96511627906977,1879.0,-11.80078125,10.056664,13.050629
1546,17.97674418604651,1904.0,13.19921875,15.436612,17.023863
1547,17.988372093023255,1891.0,0.19921875,19.426449,19.37545
1548,18.0,1914.0,23.19921875,21.42721,19.761148
1549,18.01162790697674,1908.0,17.19921875,21.11694,18.061544
1550,18.02325581395349,1917.0,26.19921875,18.632086,14.617827
1551,18.034883720930235,1911.0,20.19921875,14.465979,10.034518
1552,18.046511627906977,1913.0,22.19921875,9.309238,5.048551
1553,18.058139534883722,1919.0,28.19921875,3.877585,0.30966
1554,18.069767441860467,1905.0,14.19921875,-1.316688,-3.820554
1555,18.08139534883721,1905.0,14.19921875,-5.927488,-7.209301
1556,18.093023255813954,1897.0,6.19921875,-9.814409,-9.898561
1557,18.104651162790695,1895.0,4.19921875,-12.915443,-11.943909
1558,18.11627906976744,1882.0,-8.80078125,-15.234142,-13.357752
1559,18.127906976744185,1879.0,-11.80078125,-16.71858,-14.006173
1560,18.139534883720927,1867.0,-23.80078125,-17.309404,-13.761202
1561,18.151162790697676,1869.0,-21.80078125,-16.900183,-12.522314
1562,18.16279069767442,1875.0,-15.80078125,-15.397569,-10.343536
1563,18.174418604651162,1859.0,-31.80078125,-12.737918,-7.413824
1564,18.186046511627907,1867.0,-23.80078125,-8.867852,-3.955951
1565,18.197674418604652,1866.0,-24.80078125,-3.882274,-0.219425
1566,18.209302325581394,1872.0,-18.80078125,2.029867,3.649576
1567,18.22093023255814,1870.0,-20.80078125,8.377419,7.435978
1568,18.232558139534884,1881.0,-9.80078125,14.497376,10.923605
1569,18.244186046511626,1882.0,-8.80078125,19.493399,13.680558
1570,18.25581395348837,1910.0,19.19921875,22.511339,15.268495
1571,18.267441860465116,1893.0,2.19921875,22.843803,15.197462
1572,18.27906976744186,1913.0,22.19921875,20.31941,13.333366
1573,18.290697674418606,1907.0,16.19921875,15.327902,9.906809
1574,18.30232558139535,1915.0,24.19921875,8.811038,5.568747
1575,18.313953488372093,1910.0,19.19921875,2.006201,1.196658
1576,18.325581395348838,1904.0,13.19921875,-3.903204,-2.40163
1577,18.337209302325583,1917.0,26.19921875,-8.147776,-4.759044
1578,18.348837209302324,1898.0,7.19921875,-10.669944,-6.013008
1579,18.36046511627907,1904.0,13.19921875,-11.935227,-6.653906
1580,18.372093023255815,1883.0,-7.80078125,-12.743693,-7.366156
1581,18.383720930232556,1899.0,8.19921875,-13.676286,-8.520132
1582,18.3953488372093,1886.0,-4.80078125,-14.852917,-10.0667
1583,18.406976744186046,1881.0,-9.80078125,-15.768496,-11.437542
1584,18.41860465116279,1886.0,-4.80078125,-15.485146,-11.799768
1585,18.430232558139537,1883.0,-7.80078125,-13.165763,-10.504341
1586,18.441860465116278,1893.0,2.19921875,-8.478087,-7.367753
1587,18.453488372093023,1895.0,4.19921875,-1.902069,-2.857388
1588,18.46511627906977,1909.0,18.19921875,5.384273,2.116072
1589,18.47674418604651,1897.0,6.19921875,11.872419,6.48255
1590,18.488372093023255,1923.0,32.19921875,16.375196,9.490926
1591,18.5,1918.0,27.19921875,18.310265,10.83296
1592,18.51162790697674,1936.0,45.19921875,17.932076,10.76061
1593,18.523255813953487,1929.0,38.19921875,15.995042,9.80142
1594,18.534883720930235,1932.0,41.19921875,13.370104,8.532869
1595,18.546511627906977,1934.0,43.19921875,10.614559,7.336076
1596,18.558139534883722,1936.0,45.19921875,7.738025,6.267902
1597,18.569767441860467,1935.0,44.19921875,4.427857,5.196889
1598,18.58139534883721,1930.0,39.19921875,0.327051,3.853982
1599,18.593023255813954,1936.0,45.19921875,-4.508171,2.080572
1600,18.6046511627907,1920.0,29.19921875,-9.555151,-0.204554
1601,18.61627906976744,1920.0,29.19921875,-13.860602,-2.89479
1602,18.627906976744185,1905.0,14.19921875,-16.479794,-5.786585
1603,18.63953488372093,1907.0,16.19921875,-16.838251,-8.566412
1604,18.651162790697672,1902.0,11.19921875,-15.017256,-10.882241
1605,18.66279069767442,1889.0,-1.80078125,-11.733061,-12.386157
1606,18.674418604651166,1899.0,8.19921875,-7.922407,-12.707768
1607,18.686046511627907,1895.0,4.19921875,-4.461992,-11.67136
1608,18.697674418604652,1915.0,24.19921875,-1.732211,-9.269543
1609,18.709302325581397,1904.0,13.19921875,0.301494,-5.839044
1610,18.72093023255814,1904.0,13.19921875,2.107725,-1.8289
1611,18.732558139534884,1922.0,31.19921875,4.154882,2.213121
1612,18.744186046511626,1922.0,31.19921875,6.692928,5.84534
1613,18.75581395348837,1917.0,26.19921875,9.539857,8.776895
1614,18.767441860465116,1908.0,17.19921875,12.198201,10.879053
1615,18.779069767441857,1914.0,23.19921875,14.050548,12.103444
1616,18.790697674418606,1902.0,11.19921875,14.546113,12.355026
1617,18.80232558139535,1905.0,14.19921875,13.48016,11.551746
1618,18.813953488372093,1899.0,8.19921875,10.934756,9.609281
1619,18.825581395348838,1899.0,8.19921875,7.314702,6.659164
1620,18.837209302325583,1879.0,-11.80078125,3.138072,3.085552
1621,18.848837209302324,1886.0,-4.80078125,-1.04052,-0.456554
1622,18.86046511627907,1887.0,-3.80078125,-4.833922,-3.34072
1623,18.872093023255815,1879.0,-11.80078125,-8.016402,-5.158617
1624,18.883720930232556,1879.0,-11.80078125,-10.542717,-5.972182
1625,18.8953488372093,1889.0,-1.80078125,-12.444967,-6.224601
1626,18.906976744186046,1893.0,2.19921875,-13.765461,-6.553516
1627,18.91860465116279,1890.0,-0.80078125,-14.470181,-7.408396
1628,18.930232558139537,1907.0,16.19921875,-14.371563,-8.741808
1629,18.94186046511628,1897.0,6.19921875,-13.256681,-10.035133
1630,18.953488372093023,1900.0,9.19921875,-10.85888,-10.396648
1631,18.96511627906977,1904.0,13.19921875,-7.110807,-9.099611
1632,18.976744186046513,1903.0,12.19921875,-2.188852,-5.920632
1633,18.988372093023255,1924.0,33.19921875,3.404821,-1.339128
1634,19.0,1906.0,15.19921875,8.933442,3.597394
1635,19.011627906976745,1906.0,15.19921875,13.601871,7.720735
1636,19.023255813953487,1904.0,13.19921875,16.793558,10.230659
1637,19.03488372093023,1905.0,14.19921875,18.174603,10.946993
1638,19.046511627906973,1901.0,10.19921875,17.735373,10.315487
1639,19.058139534883722,1894.0,3.19921875,15.743363,9.109746
1640,19.069767441860467,1906.0,15.19921875,12.586779,8.004072
1641,19.08139534883721,1900.0,9.19921875,8.639432,7.239585
1642,19.093023255813954,1903.0,12.19921875,4.150198,6.510374
1643,19.1046511627907,1903.0,12.19921875,-0.65114,5.251867
1644,19.11627906976744,1906.0,15.19921875,-5.542704,2.934353
1645,19.127906976744185,1901.0,10.19921875,-10.208807,-0.573465
1646,19.13953488372093,1895.0,4.19921875,-14.202681,-4.848907
1647,19.151162790697672,1897.0,6.19921875,-16.998196,-9.03671
1648,19.162790697674417,1900.0,9.19921875,-18.155294,-12.216196
1649,19.174418604651162,1901.0,10.19921875,-17.408022,-13.669582
1650,19.186046511627907,1899.0,8.19921875,-14.795877,-13.183567
1651,19.197674418604652,1891.0,0.19921875,-10.660719,-11.045711
1652,19.209302325581397,1886.0,-4.80078125,-5.566955,-7.882777
1653,19.22093023255814,1893.0,2.19921875,-0.197592,-4.391289
1654,19.232558139534884,1891.0,0.19921875,4.790196,-1.120455
1655,19.24418604651163,1886.0,-4.80078125,8.857327,1.63046
1656,19.25581395348837,1877.0,-13.80078125,11.740472,3.915143
1657,19.267441860465116,1875.0,-15.80078125,13.413828,5.935067
1658,19.27906976744186,1868.0,-22.80078125,14.049994,7.915347
1659,19.290697674418603,1873.0,-17.80078125,13.90009,9.920771
1660,19.302325581395348,1873.0,-17.80078125,13.136255,11.756433
1661,19.313953488372096,1875.0,-15.80078125,11.76338,12.986188
1662,19.325581395348838,1877.0,-13.80078125,9.575298,13.011528
1663,19.337209302325583,1872.0,-18.80078125,6.28162,11.311464
1664,19.348837209302324,1889.0,-1.80078125,1.697002,7.639659
1665,19.36046511627907,1883.0,-7.80078125,-4.003263,2.240249
1666,19.372093023255815,1875.0,-15.80078125,-10.195924,-4.158786
1667,19.383720930232556,1881.0,-9.80078125,-15.779888,-10.370404
1668,19.3953488372093,1886.0,-4.80078125,-19.502934,-15.134196
1669,19.406976744186046,1885.0,-5.80078125,-20.381428,-17.457811
1670,19.418604651162788,1878.0,-12.80078125,-18.016455,-16.962061
1671,19.430232558139533,1887.0,-3.80078125,-12.822392,-13.956779
1672,19.44186046511628,1879.0,-11.80078125,-5.903586,-9.340048
1673,19.453488372093023,1887.0,-3.80078125,1.278105,-4.259921
1674,19.46511627906977,1875.0,-15.80078125,7.405531,0.320967
1675,19.476744186046513,1877.0,-13.80078125,11.644577,3.856476
1676,19.488372093023255,1869.0,-21.80078125,13.83776,6.359952
1677,19.5,1870.0,-20.80078125,14.284867,8.115029
1678,19.511627906976745,1866.0,-24.80078125,13.501812,9.479274
1679,19.523255813953487,1871.0,-19.80078125,11.856124,10.513126
1680,19.53488372093023,1860.0,-30.80078125,9.455641,10.984608
1681,19.546511627906977,1866.0,-24.80078125,6.243033,10.497854
1682,19.55813953488372,1871.0,-19.80078125,2.216544,8.755636
1683,19.569767441860467,1872.0,-18.80078125,-2.318697,5.817158
1684,19.581395348837212,1875.0,-15.80078125,-6.727471,2.135229
1685,19.593023255813954,1872.0,-18.80078125,-10.176665,-1.581529
1686,19.6046511627907,1887.0,-3.80078125,-11.9483,-4.635564
1687,19.616279069767444,1876.0,-14.80078125,-11.760174,-6.657897
1688,19.627906976744185,1893.0,2.19921875,-9.843142,-7.650115
1689,19.63953488372093,1891.0,0.19921875,-6.864393,-7.913827
1690,19.651162790697676,1904.0,13.19921875,-3.602242,-7.780294
1691,19.662790697674417,1902.0,11.19921875,-0.652433,-7.401468
1692,19.674418604651162,1901.0,10.19921875,1.786087,-6.643157
1693,19.686046511627904,1901.0,10.19921875,3.791454,-5.268462
1694,19.697674418604652,1892.0,1.19921875,5.542333,-3.143574
1695,19.709302325581397,1894.0,3.19921875,7.055087,-0.454108
1696,19.72093023255814,1885.0,-5.80078125,8.059118,2.269809
1697,19.732558139534884,1885.0,-5.80078125,8.097589,4.335445
1698,19.74418604651163,1887.0,-3.80078125,6.800366,5.244016
1699,19.75581395348837,1873.0,-17.80078125,4.114933,4.870305
1700,19.767441860465116,1878.0,-12.80078125,0.555059,3.681275
1701,19.77906976744186,1872.0,-18.80078125,-3.06272,2.364966
1702,19.790697674418603,1881.0,-9.80078125,-5.78292,1.64755
1703,19.802325581395348,1872.0,-18.80078125,-6.988303,1.829139
1704,19.813953488372093,1883.0,-7.80078125,-6.5486,2.740597
1705,19.825581395348838,1877.0,-13.80078125,-4.913555,3.783403
1706,19.837209302325583,1885.0,-5.80078125,-2.847519,4.245183
1707,19.848837209302328,1877.0,-13.80078125,-1.075795,3.69477
1708,19.86046511627907,1891.0,0.19921875,-0.013817,2.091368
1709,19.872093023255815,1891.0,0.19921875,0.381044,-0.140048
1710,19.88372093023256,1904.0,13.19921875,0.480724,-2.402724
1711,19.8953488372093,1901.0,10.19921875,0.795814,-4.108373
1712,19.906976744186046,1903.0,12.19921875,1.665909,-4.953443
1713,19.91860465116279,1904.0,13.19921875,3.086658,-4.940147
1714,19.930232558139533,1904.0,13.19921875,4.716078,-4.294616
1715,19.941860465116278,1904.0,13.19921875,5.985355,-3.337784
1716,19.953488372093023,1888.0,-2.80078125,6.335998,-2.344761
1717,19.96511627906977,1906.0,15.19921875,5.442487,-1.504678
1718,19.976744186046513,1878.0,-12.80078125,3.285252,-0.934762
1719,19.988372093023255,1891.0,0.19921875,0.209862,-0.676615
1720,20.0,1863.0,-27.80078125,-3.185593,-0.689876
1721,20.011627906976745,1872.0,-18.80078125,-6.181298,-0.814242
1722,20.023255813953487,1871.0,-19.80078125,-8.139408,-0.761826
1723,20.03488372093023,1861.0,-29.80078125,-8.692662,-0.251168
1724,20.046511627906977,1856.0,-34.80078125,-7.803646,0.930864
1725,20.05813953488372,1857.0,-33.80078125,-5.788712,2.706499
1726,20.069767441860463,1869.0,-21.80078125,-3.213704,4.680673
1727,20.081395348837212,1862.0,-28.80078125,-0.732902,6.189099
1728,20.093023255813954,1871.0,-19.80078125,1.162448,6.575607
1729,20.1046511627907,1856.0,-34.80078125,2.289837,5.486285
1730,20.116279069767444,1891.0,0.19921875,2.841357,3.09163
1731,20.127906976744185,1879.0,-11.80078125,3.199295,0.035959
1732,20.13953488372093,1898.0,7.19921875,3.798933,-2.746159
1733,20.151162790697676,1897.0,6.19921875,4.843658,-4.442722
1734,20.162790697674417,1907.0,16.19921875,6.208319,-4.667196
1735,20.174418604651162,1906.0,15.19921875,7.404251,-3.665728
1736,20.186046511627907,1909.0,18.19921875,7.844179,-2.109962
1737,20.19767441860465,1903.0,12.19921875,7.038447,-0.809744
1738,20.209302325581397,1902.0,11.19921875,4.905169,-0.29641
1739,20.220930232558143,1915.0,24.19921875,1.769371,-0.610057
1740,20.232558139534884,1897.0,6.19921875,-1.759205,-1.376891
1741,20.24418604651163,1903.0,12.19921875,-4.92315,-1.922048
1742,20.255813953488374,1887.0,-3.80078125,-7.192055,-1.749505
1743,20.267441860465116,1895.0,4.19921875,-8.362576,-0.723235
1744,20.27906976744186,1872.0,-18.80078125,-8.644693,0.781803
1745,20.290697674418603,1876.0,-14.80078125,-8.385284,2.148553
1746,20.302325581395348,1875.0,-15.80078125,-7.947966,2.739439
1747,20.313953488372093,1872.0,-18.80078125,-7.452501,2.244313
1748,20.325581395348834,1879.0,-11.80078125,-6.730587,0.853969
1749,20.33720930232558,1871.0,-19.80078125,-5.416949,-0.835676
1750,20.348837209302328,1875.0,-15.80078125,-3.171697,-2.091637
1751,20.36046511627907,1876.0,-14.80078125,0.122389,-2.324411
1752,20.372093023255815,1881.0,-9.80078125,4.213866,-1.366011
1753,20.38372093023256,1889.0,-1.80078125,8.468737,0.450996
1754,20.3953488372093,1888.0,-2.80078125,12.036308,2.391619
1755,20.406976744186046,1886.0,-4.80078125,14.135488,3.682069
1756,20.41860465116279,1900.0,9.19921875,14.301682,3.787294
1757,20.430232558139533,1903.0,12.19921875,12.488286,2.618883
1758,20.441860465116278,1895.0,4.19921875,9.142175,0.609626
1759,20.453488372093023,1898.0,7.19921875,5.00522,-1.475305
1760,20.465116279069765,1891.0,0.19921875,0.874613,-2.834378
1761,20.476744186046513,1895.0,4.19921875,-2.615288,-2.938391
1762,20.48837209302326,1885.0,-5.80078125,-5.202919,-1.798372
1763,20.5,1890.0,-0.80078125,-6.909931,0.129531
1764,20.511627906976745,1874.0,-16.80078125,-8.050465,2.021412
1765,20.52325581395349,1879.0,-11.80078125,-8.925511,3.082129
1766,20.53488372093023,1866.0,-24.80078125,-9.715671,2.819366
1767,20.546511627906977,1872.0,-18.80078125,-10.330934,1.249225
1768,20.558139534883722,1846.0,-44.80078125,-10.517643,-1.163972
1769,20.569767441860463,1861.0,-29.80078125,-9.921691,-3.657158
1770,20.58139534883721,1847.0,-43.80078125,-8.313218,-5.524477
1771,20.59302325581395,1854.0,-36.80078125,-5.663212,-6.301555
1772,20.6046511627907,1851.0,-39.80078125,-2.195775,-5.90164
1773,20.616279069767444,1846.0,-44.80078125,1.698513,-4.540973
1774,20.627906976744185,1853.0,-37.80078125,5.591723,-2.573526
1775,20.63953488372093,1851.0,-39.80078125,9.076136,-0.339506
1776,20.651162790697676,1872.0,-18.80078125,11.841487,1.923531
1777,20.662790697674417,1866.0,-24.80078125,13.623114,4.06747
1778,20.674418604651162,1882.0,-8.80078125,14.252253,5.965598
1779,20.686046511627907,1878.0,-12.80078125,13.597718,7.426928
1780,20.69767441860465,1877.0,-13.80078125,11.661639,8.215977
1781,20.709302325581394,1886.0,-4.80078125,8.616858,8.143589
1782,20.72093023255814,1873.0,-17.80078125,4.799948,7.09865
1783,20.732558139534884,1872.0,-18.80078125,0.723487,5.216924
1784,20.74418604651163,1872.0,-18.80078125,-3.10949,2.800277
1785,20.755813953488374,1879.0,-11.80078125,-6.341231,0.188438
1786,20.767441860465116,1874.0,-16.80078125,-8.871031,-2.360482
1787,20.77906976744186,1867.0,-23.80078125,-10.781697,-4.722395
1788,20.790697674418606,1877.0,-13.80078125,-12.211017,-6.862469
1789,20.802325581395348,1872.0,-18.80078125,-13.189765,-8.752573
1790,20.813953488372093,1872.0,-18.80078125,-13.521857,-10.213787
1791,20.825581395348838,1871.0,-19.80078125,-12.846794,-10.927307
1792,20.83720930232558,1872.0,-18.80078125,-10.819646,-10.526869
1793,20.848837209302324,1871.0,-19.80078125,-7.375862,-8.797547
1794,20.860465116279073,1876.0,-14.80078125,-2.815476,-5.790888
1795,20.872093023255815,1877.0,-13.80078125,2.172469,-1.892288
1796,20.88372093023256,1903.0,12.19921875,6.757461,2.259277
1797,20.8953488372093,1898.0,7.19921875,10.233361,6.037607
1798,20.906976744186046,1907.0,16.19921875,12.316969,8.99472
1799,20.91860465116279,1905.0,14.19921875,13.13303,11.000769
1800,20.930232558139533,1904.0,13.19921875,13.056743,12.091547
1801,20.941860465116278,1911.0,20.19921875,12.472957,12.395173
1802,20.953488372093023,1904.0,13.19921875,11.482476,11.884918
1803,20.965116279069765,1902.0,11.19921875,9.934583,10.420581
1804,20.97674418604651,1898.0,7.19921875,7.516002,7.821719
1805,20.98837209302326,1901.0,10.19921875,4.069798,4.08297
1806,21.0,1889.0,-1.80078125,-0.238721,-0.47971
1807,21.011627906976745,1899.0,8.19921875,-4.822674,-5.229942
1808,21.02325581395349,1871.0,-19.80078125,-8.938238,-9.383988
1809,21.03488372093023,1887.0,-3.80078125,-11.854317,-12.243445
1810,21.046511627906977,1852.0,-38.80078125,-13.278839,-13.525347
1811,21.058139534883722,1870.0,-20.80078125,-13.264261,-13.281684
1812,21.069767441860463,1835.0,-55.80078125,-12.240099,-11.910065
1813,21.08139534883721,1837.0,-53.80078125,-10.626437,-9.801915
1814,21.093023255813954,1836.0,-54.80078125,-8.689819,-7.222934
1815,21.104651162790695,1840.0,-50.80078125,-6.453193,-4.2494
1816,21.116279069767444,1831.0,-59.80078125,-3.766221,-0.866163
1817,21.12790697674419,1838.0,-52.80078125,-0.550462,2.838387
1818,21.13953488372093,1838.0,-52.80078125,3.055889,6.539483
1819,21.151162790697676,1830.0,-60.80078125,6.621037,9.695516
1820,21.16279069767442,1837.0,-53.80078125,9.610678,11.731617
1821,21.174418604651162,1818.0,-72.80078125,11.53087,12.256984
1822,21.186046511627907,1830.0,-60.80078125,12.19482,11.304174
1823,21.19767441860465,1828.0,-62.80078125,11.708976,9.248179
1824,21.209302325581394,1831.0,-59.80078125,10.398251,6.680544
1825,21.22093023255814,1825.0,-65.80078125,8.630558,4.128276
1826,21.23255813953488,1820.0,-70.80078125,6.644625,1.879997
1827,21.24418604651163,1828.0,-62.80078125,4.513031,-0.080157
1828,21.255813953488374,1815.0,-75.80078125,2.176654,-1.932732
1829,21.267441860465116,1822.0,-68.80078125,-0.423134,-3.860555
1830,21.27906976744186,1819.0,-71.80078125,-3.252848,-5.865676
1831,21.290697674418606,1820.0,-70.80078125,-6.170116,-7.800246
1832,21.302325581395348,1840.0,-50.80078125,-8.924152,-9.341166
1833,21.313953488372093,1838.0,-52.80078125,-11.302311,-10.242256
1834,21.325581395348838,1852.0,-38.80078125,-13.039289,-10.303082
1835,21.33720930232558,1843.0,-47.80078125,-13.896461,-9.442346
1836,21.348837209302324,1883.0,-7.80078125,-13.522375,-7.58317
1837,21.36046511627907,1865.0,-25.80078125,-11.671416,-4.734556
1838,21.372093023255815,1879.0,-11.80078125,-8.140774,-0.932265
1839,21.38372093023256,1872.0,-18.80078125,-3.099041,3.559198
1840,21.395348837209305,1904.0,13.19921875,2.900971,8.203442
1841,21.406976744186046,1891.0,0.19921875,8.815523,12.113098
1842,21.41860465116279,1872.0,-18.80078125,13.459649,14.322946
1843,21.430232558139537,1895.0,4.19921875,15.887922,14.155905
1844,21.441860465116278,1886.0,-4.80078125,15.669953,11.443535
1845,21.453488372093023,1890.0,-0.80078125,13.165493,6.775607
1846,21.46511627906977,1867.0,-23.80078125,9.304221,1.299585
1847,21.47674418604651,1872.0,-18.80078125,5.367945,-3.587131
1848,21.488372093023255,1840.0,-50.80078125,2.297739,-6.844493
1849,21.5,1857.0,-33.80078125,0.538938,-8.010288
1850,21.511627906976745,1840.0,-50.80078125,-0.2947,-7.454777
1851,21.52325581395349,1840.0,-50.80078125,-1.007561,-6.035028
1852,21.53488372093023,1834.0,-56.80078125,-2.456847,-4.662427
1853,21.546511627906977,1835.0,-55.80078125,-5.072005,-3.91333
1854,21.558139534883722,1819.0,-71.80078125,-8.598421,-3.780208
1855,21.569767441860463,1831.0,-59.80078125,-12.096473,-3.72262
1856,21.58139534883721,1829.0,-61.80078125,-14.327083,-3.045618
1857,21.593023255813954,1825.0,-65.80078125,-14.261724,-1.293063
1858,21.604651162790695,1835.0,-55.80078125,-11.473389,1.500092
1859,21.61627906976744,1835.0,-55.80078125,-6.451898,4.683269
1860,21.627906976744185,1834.0,-56.80078125,-0.336166,7.332988
1861,21.63953488372093,1841.0,-49.80078125,5.357178,8.550269
1862,21.651162790697676,1826.0,-64.80078125,9.31767,7.870605
1863,21.66279069767442,1829.0,-61.80078125,10.878054,5.465254
1864,21.674418604651162,1811.0,-79.80078125,10.193237,2.080602
1865,21.686046511627907,1823.0,-67.80078125,8.154525,-1.212733
1866,21.697674418604652,1792.0,-98.80078125,5.928587,-3.474189
1867,21.709302325581394,1793.0,-97.80078125,4.536719,-4.137931
1868,21.72093023255814,1793.0,-97.80078125,4.360415,-3.300986
1869,21.732558139534884,1799.0,-91.80078125,5.05132,-1.610073
1870,21.744186046511626,1783.0,-107.80078125,5.613157,-0.064397
1871,21.75581395348837,1792.0,-98.80078125,4.973874,0.463768
1872,21.76744186046512,1776.0,-114.80078125,2.384489,-0.519797
1873,21.77906976744186,1775.0,-115.80078125,-2.054482,-2.794542
1874,21.790697674418606,1787.0,-103.80078125,-7.436757,-5.576432
1875,21.80232558139535,1782.0,-108.80078125,-12.300674,-7.741519
1876,21.813953488372093,1795.0,-95.80078125,-15.150622,-8.222103
1877,21.825581395348838,1787.0,-103.80078125,-15.085247,-6.490519
1878,21.83720930232558,1814.0,-76.80078125,-12.055362,-2.686542
1879,21.848837209302324,1806.0,-84.80078125,-6.975144,2.2824
1880,21.86046511627907,1830.0,-60.80078125,-1.223251,7.174428
1881,21.87209302325581,1829.0,-61.80078125,3.809196,10.76144
1882,21.883720930232556,1852.0,-38.80078125,7.290113,12.320744
1883,21.895348837209305,1840.0,-50.80078125,9.093757,11.783792
1884,21.906976744186046,1856.0,-34.80078125,9.735976,9.723496
1885,21.91860465116279,1850.0,-40.80078125,9.889445,6.964124
1886,21.930232558139537,1862.0,-28.80078125,10.033858,4.256488
1887,21.941860465116278,1856.0,-34.80078125,10.110402,1.92872
1888,21.953488372093023,1853.0,-37.80078125,9.580257,-0.163948
1889,21.96511627906977,1865.0,-25.80078125,7.764087,-2.443204
1890,21.97674418604651,1858.0,-32.80078125,4.21523,-5.302497
1891,21.988372093023255,1866.0,-24.80078125,-0.864254,-8.697388
1892,22.0,1850.0,-40.80078125,-6.650176,-12.10882
1893,22.01162790697674,1855.0,-35.80078125,-11.839314,-14.59203
1894,22.02325581395349,1834.0,-56.80078125,-15.224308,-15.225647
1895,22.034883720930235,1842.0,-48.80078125,-16.020939,-13.436366
1896,22.046511627906977,1831.0,-59.80078125,-14.255405,-9.373373
1897,22.058139534883722,1830.0,-60.80078125,-10.599851,-3.831548
1898,22.069767441860467,1825.0,-65.80078125,-6.169441,1.922842
1899,22.08139534883721,1823.0,-67.80078125,-1.958833,6.728024
1900,22.093023255813954,1838.0,-52.80078125,1.443341,9.842278
1901,22.1046511627907,1818.0,-72.80078125,3.997032,11.176214
1902,22.11627906976744,1837.0,-53.80078125,6.126072,11.269152
1903,22.127906976744185,1839.0,-51.80078125,8.279326,10.854902
1904,22.139534883720927,1835.0,-55.80078125,10.65083,10.508165
1905,22.151162790697676,1836.0,-54.80078125,12.950851,10.344135
1906,22.16279069767442,1829.0,-61.80078125,14.513774,9.987415
1907,22.174418604651162,1837.0,-53.80078125,14.54624,8.795574
1908,22.186046511627907,1811.0,-79.80078125,12.524115,6.219716
1909,22.197674418604652,1828.0,-62.80078125,8.518972,2.223937
1910,22.209302325581394,1810.0,-80.80078125,3.14143,-2.726446
1911,22.22093023255814,1811.0,-79.80078125,-2.555208,-7.666345
1912,22.232558139534884,1791.0,-99.80078125,-7.570948,-11.623264
1913,22.244186046511626,1799.0,-91.80078125,-11.225575,-13.899912
1914,22.25581395348837,1779.0,-111.80078125,-13.411707,-14.394442
1915,22.267441860465116,1789.0,-101.80078125,-14.397799,-13.448944
1916,22.27906976744186,1791.0,-99.80078125,-14.619658,-11.672142
1917,22.290697674418606,1785.0,-105.80078125,-14.323885,-9.588467
1918,22.30232558139535,1792.0,-98.80078125,-13.331989,-7.327468
1919,22.313953488372093,1776.0,-114.80078125,-11.197171,-4.700846
1920,22.325581395348838,1809.0,-81.80078125,-7.424439,-1.322073
1921,22.337209302325583,1807.0,-83.80078125,-1.973131,2.923357
1922,22.348837209302324,1821.0,-69.80078125,4.601363,7.736913
1923,22.36046511627907,1809.0,-81.80078125,11.12078,12.298682
1924,22.372093023255815,1841.0,-49.80078125,16.220455,15.591153
1925,22.383720930232556,1838.0,-52.80078125,18.719149,16.689766
1926,22.3953488372093,1856.0,-34.80078125,18.214911,15.235567
1927,22.40697674418605,1843.0,-47.80078125,15.103577,11.554253
1928,22.41860465116279,1858.0,-32.80078125,10.524013,6.601677
1929,22.430232558139537,1855.0,-35.80078125,5.807084,1.588645
1930,22.441860465116278,1853.0,-37.80078125,2.012177,-2.43745
1931,22.453488372093023,1855.0,-35.80078125,-0.417622,-4.887517
1932,22.46511627906977,1843.0,-47.80078125,-1.755793,-5.810806
1933,22.47674418604651,1845.0,-45.80078125,-2.700007,-5.731423
1934,22.488372093023255,1840.0,-50.80078125,-4.011726,-5.385644
1935,22.5,1840.0,-50.80078125,-6.090266,-5.382504
1936,22.51162790697674,1829.0,-61.80078125,-8.839494,-5.996907
1937,22.523255813953487,1830.0,-60.80078125,-11.622103,-7.049374
1938,22.534883720930235,1825.0,-65.80078125,-13.63853,-8.07199
1939,22.546511627906977,1823.0,-67.80078125,-14.101809,-8.439062
1940,22.558139534883722,1822.0,-68.80078125,-12.651462,-7.673025
1941,22.569767441860467,1830.0,-60.80078125,-9.321711,-5.533994
1942,22.58139534883721,1826.0,-64.80078125,-4.668282,-2.228002
1943,22.593023255813954,1830.0,-60.80078125,0.507434,1.705701
1944,22.6046511627907,1833.0,-57.80078125,5.318349,5.500422
1945,22.61627906976744,1822.0,-68.80078125,9.017834,8.387282
1946,22.627906976744185,1837.0,-53.80078125,11.16573,9.814499
1947,22.63953488372093,1838.0,-52.80078125,11.69396,9.620236
1948,22.651162790697672,1846.0,-44.80078125,10.925458,8.098073
1949,22.66279069767442,1840.0,-50.80078125,9.415354,5.89126
1950,22.674418604651166,1835.0,-55.80078125,7.828401,3.796684
1951,22.686046511627907,1841.0,-49.80078125,6.635533,2.424018
1952,22.697674418604652,1821.0,-69.80078125,5.971023,1.963667
1953,22.709302325581397,1840.0,-50.80078125,5.597064,2.186352
1954,22.72093023255814,1808.0,-82.80078125,4.915964,2.43052
1955,22.732558139534884,1810.0,-80.80078125,3.31892,1.995924
1956,22.74418604651163,1799.0,-91.80078125,0.383178,0.369043
1957,22.75581395348837,1807.0,-83.80078125,-3.810341,-2.458166
1958,22.767441860465116,1798.0,-92.80078125,-8.715741,-6.047316
1959,22.779069767441857,1792.0,-98.80078125,-13.366393,-9.572124
1960,22.790697674418603,1798.0,-92.80078125,-16.703196,-12.120028
1961,22.80232558139535,1793.0,-97.80078125,-17.92823,-13.043968
1962,22.813953488372093,1825.0,-65.80078125,-16.658762,-12.042499
1963,22.825581395348838,1808.0,-82.80078125,-13.149991,-9.34222
1964,22.837209302325583,1831.0,-59.80078125,-8.003664,-5.403352
1965,22.848837209302324,1818.0,-72.80078125,-2.134652,-0.910549
1966,22.86046511627907,1843.0,-47.80078125,3.70583,3.613677
1967,22.872093023255815,1840.0,-50.80078125,8.848187,7.689686
1968,22.883720930232556,1841.0,-49.80078125,12.916886,11.00279
1969,22.8953488372093,1841.0,-49.80078125,15.672049,13.258478
1970,22.906976744186046,1847.0,-43.80078125,17.034412,14.251139
1971,22.918604651162788,1840.0,-50.80078125,16.924656,13.808035
1972,22.930232558139537,1836.0,-54.80078125,15.294034,11.845981
1973,22.94186046511628,1841.0,-49.80078125,12.270957,8.575316
1974,22.953488372093023,1840.0,-50.80078125,8.119343,4.419291
1975,22.96511627906977,1831.0,-59.80078125,3.307244,-0.017128
1976,22.976744186046513,1829.0,-61.80078125,-1.626546,-4.098416
1977,22.988372093023255,1837.0,-53.80078125,-6.125493,-7.32982
1978,23.0,1822.0,-68.80078125,-9.865553,-9.550634
1979,23.011627906976745,1831.0,-59.80078125,-12.625055,-10.797302
1980,23.023255813953487,1835.0,-55.80078125,-14.39347,-11.274611
1981,23.03488372093023,1827.0,-63.80078125,-15.199122,-11.175491
1982,23.046511627906977,1840.0,-50.80078125,-15.003011,-10.502714
1983,23.058139534883722,1837.0,-53.80078125,-13.69036,-9.115816
1984,23.069767441860467,1857.0,-33.80078125,-11.131607,-6.836869
1985,23.08139534883721,1847.0,-43.80078125,-7.317284,-3.62034
1986,23.093023255813954,1862.0,-28.80078125,-2.448085,0.315293
1987,23.1046511627907,1863.0,-27.80078125,2.94607,4.434849
1988,23.11627906976744,1867.0,-23.80078125,8.154541,8.061391
1989,23.127906976744185,1858.0,-32.80078125,12.422409,10.586048
1990,23.13953488372093,1872.0,-18.80078125,15.194924,11.69266
1991,23.151162790697672,1872.0,-18.80078125,16.235376,11.451162
1992,23.162790697674417,1867.0,-23.80078125,15.625443,10.195236
1993,23.174418604651162,1861.0,-29.80078125,13.71249,8.393804
1994,23.186046511627907,1851.0,-39.80078125,10.874467,6.362001
1995,23.197674418604652,1863.0,-27.80078125,7.487417,4.262012
1996,23.209302325581397,1850.0,-40.80078125,3.719649,1.984062
1997,23.22093023255814,1855.0,-35.80078125,-0.271528,-0.583408
1998,23.232558139534884,1834.0,-56.80078125,-4.321958,-3.412471
1999,23.24418604651163,1853.0,-37.80078125,-8.087395,-6.187253
2000,23.25581395348837,1837.0,-53.80078125,-11.216536,-8.475494
2001,23.267441860465116,1835.0,-55.80078125,-13.297098,-9.785913
2002,23.27906976744186,1825.0,-65.80078125,-14.107759,-9.889486
2003,23.290697674418603,1824.0,-66.80078125,-13.650075,-8.884425
2004,23.302325581395348,1838.0,-52.80078125,-12.120852,-7.147344
2005,23.313953488372096,1827.0,-63.80078125,-9.873907,-5.232356
2006,23.325581395348838,1840.0,-50.80078125,-7.147079,-3.511092
2007,23.337209302325583,1841.0,-49.80078125,-4.084639,-2.103258
2008,23.348837209302328,1845.0,-45.80078125,-0.618135,-0.755788
2009,23.36046511627907,1847.0,-43.80078125,3.297206,0.923489
2010,23.372093023255815,1851.0,-39.80078125,7.601377,3.263859
2011,23.383720930232556,1843.0,-47.80078125,11.916548,6.249593
2012,23.3953488372093,1850.0,-40.80078125,15.653861,9.499655
2013,23.406976744186046,1853.0,-37.80078125,18.037745,12.247483
2014,23.418604651162788,1840.0,-50.80078125,18.428331,13.661786
2015,23.430232558139533,1856.0,-34.80078125,16.521719,13.116228
2016,23.44186046511628,1841.0,-49.80078125,12.445005,10.424541
2017,23.453488372093023,1842.0,-48.80078125,6.759241,5.916879
2018,23.46511627906977,1826.0,-64.80078125,0.25213,0.355637
2019,23.476744186046513,1839.0,-51.80078125,-6.176338,-5.237727
2020,23.488372093023255,1833.0,-57.80078125,-11.797405,-9.916685
2021,23.5,1835.0,-55.80078125,-16.028027,-12.971757
2022,23.511627906976745,1826.0,-64.80078125,-18.521751,-14.073808
2023,23.523255813953487,1827.0,-63.80078125,-19.040815,-13.248992
2024,23.53488372093023,1840.0,-50.80078125,-17.531998,-10.825641
2025,23.546511627906977,1839.0,-51.80078125,-14.105775,-7.309417
2026,23.55813953488372,1851.0,-39.80078125,-9.108362,-3.25889
2027,23.569767441860467,1841.0,-49.80078125,-3.159827,0.781091
2028,23.581395348837212,1863.0,-27.80078125,2.951089,4.361303
2029,23.593023255813954,1858.0,-32.80078125,8.333159,7.101679
2030,23.6046511627907,1887.0,-3.80078125,12.329744,8.803721
2031,23.616279069767444,1870.0,-20.80078125,14.506001,9.346418
2032,23.627906976744185,1883.0,-7.80078125,14.926477,8.8336
2033,23.63953488372093,1883.0,-7.80078125,13.949759,7.514351
2034,23.651162790697676,1872.0,-18.80078125,12.072086,5.693805
2035,23.662790697674417,1878.0,-12.80078125,9.747347,3.712396
2036,23.674418604651162,1862.0,-28.80078125,7.1702,1.781541
2037,23.686046511627904,1872.0,-18.80078125,4.38048,0.054269
2038,23.697674418604652,1856.0,-34.80078125,1.223395,-1.529288
2039,23.709302325581397,1859.0,-31.80078125,-2.287759,-2.988586
2040,23.72093023255814,1853.0,-37.80078125,-5.979534,-4.353671
2041,23.732558139534884,1856.0,-34.80078125,-9.403957,-5.533654
2042,23.74418604651163,1844.0,-46.80078125,-12.047159,-6.39182
2043,23.75581395348837,1845.0,-45.80078125,-13.408457,-6.695161
2044,23.767441860465116,1837.0,-53.80078125,-13.2876,-6.321985
2045,23.77906976744186,1834.0,-56.80078125,-11.755433,-5.23712
2046,23.790697674418603,1834.0,-56.80078125,-9.128229,-3.543389
2047,23.802325581395348,1829.0,-61.80078125,-5.841943,-1.455165
