muestra,tiempo_ms,adc,adc_centrado,adc_filtrado,residual
0,0.0,1931.0,42.611328125,0.025966,0.024296
1,0.011627906976744186,1927.0,38.611328125,0.036507,0.036195
2,0.023255813953488372,1936.0,47.611328125,0.035758,0.038084
3,0.03488372093023256,1931.0,42.611328125,0.015973,0.018549
4,0.046511627906976744,1936.0,47.611328125,-0.006725,-0.009333
5,0.058139534883720936,1936.0,47.611328125,-0.025234,-0.029999
6,0.06976744186046512,1941.0,52.611328125,-0.030479,-0.039785
7,0.0813953488372093,1938.0,49.611328125,-0.031959,-0.039322
8,0.09302325581395349,1953.0,64.611328125,-0.030197,-0.038413
9,0.10465116279069767,1942.0,53.611328125,-0.058964,-0.060752
10,0.11627906976744187,1949.0,60.611328125,-0.111364,-0.112104
11,0.12790697674418605,1954.0,65.611328125,-0.179687,-0.17819
12,0.13953488372093023,1952.0,63.611328125,-0.246097,-0.245285
13,0.1511627906976744,1951.0,62.611328125,-0.283466,-0.27844
14,0.1627906976744186,1946.0,57.611328125,-0.279601,-0.267781
15,0.1744186046511628,1955.0,66.611328125,-0.232524,-0.204527
16,0.18604651162790697,1947.0,58.611328125,-0.18261,-0.134574
17,0.19767441860465115,1949.0,60.611328125,-0.153367,-0.082173
18,0.20930232558139533,1954.0,65.611328125,-0.154394,-0.066648
19,0.22093023255813954,1947.0,58.611328125,-0.173729,-0.075919
20,0.23255813953488375,1954.0,65.611328125,-0.155951,-0.056235
21,0.2441860465116279,1949.0,60.611328125,-0.066335,0.034672
22,0.2558139534883721,1946.0,57.611328125,0.106793,0.215304
23,0.2674418604651163,1945.0,56.611328125,0.326203,0.443997
24,0.27906976744186046,1936.0,47.611328125,0.512753,0.637175
25,0.29069767441860467,1955.0,66.611328125,0.615452,0.737039
26,0.3023255813953488,1943.0,54.611328125,0.586729,0.68494
27,0.313953488372093,1953.0,64.611328125,0.482335,0.535166
28,0.3255813953488372,1951.0,62.611328125,0.377244,0.372078
29,0.3372093023255814,1948.0,59.611328125,0.344382,0.280135
30,0.3488372093023256,1959.0,70.611328125,0.401575,0.289808
31,0.3604651162790698,1952.0,63.611328125,0.459516,0.320653
32,0.37209302325581395,1963.0,74.611328125,0.407031,0.253219
33,0.38372093023255816,1955.0,66.611328125,0.135763,-0.037085
34,0.3953488372093023,1959.0,70.611328125,-0.339408,-0.54463
35,0.4069767441860465,1956.0,67.611328125,-0.898259,-1.146582
36,0.41860465116279066,1965.0,76.611328125,-1.344726,-1.623293
37,0.43023255813953487,1965.0,76.611328125,-1.539398,-1.810773
38,0.4418604651162791,1967.0,78.611328125,-1.466445,-1.673761
39,0.4534883720930233,1965.0,76.611328125,-1.261356,-1.352306
40,0.4651162790697675,1968.0,79.611328125,-1.121685,-1.067987
41,0.4767441860465116,1969.0,80.611328125,-1.184035,-0.995849
42,0.4883720930232558,1967.0,78.611328125,-1.40975,-1.119072
43,0.5,1967.0,78.611328125,-1.572742,-1.217846
44,0.5116279069767442,1965.0,76.611328125,-1.381836,-0.971359
45,0.5232558139534884,1970.0,81.611328125,-0.655353,-0.170183
46,0.5348837209302326,1959.0,70.611328125,0.515259,1.115564
47,0.5465116279069767,1968.0,79.611328125,1.805705,2.534904
48,0.5581395348837209,1950.0,61.611328125,2.761832,3.580714
49,0.5697674418604651,1953.0,64.611328125,3.113696,3.914881
50,0.5813953488372093,1942.0,53.611328125,2.90083,3.546522
51,0.5930232558139535,1945.0,56.611328125,2.511437,2.875674
52,0.6046511627906976,1946.0,57.611328125,2.426197,2.457501
53,0.6162790697674418,1943.0,54.611328125,2.892004,2.622386
54,0.627906976744186,1941.0,52.611328125,3.673515,3.190685
55,0.6395348837209301,1940.0,51.611328125,4.056193,3.432622
56,0.6511627906976744,1942.0,53.611328125,3.165653,2.405649
57,0.6627906976744186,1945.0,56.611328125,0.468017,-0.513472
58,0.6744186046511628,1950.0,61.611328125,-3.795935,-5.114663
59,0.686046511627907,1947.0,58.611328125,-8.514844,-10.222774
60,0.6976744186046512,1941.0,52.611328125,-12.035155,-14.019734
61,0.7093023255813954,1947.0,58.611328125,-12.828907,-14.787049
62,0.7209302325581396,1946.0,57.611328125,-10.227355,-11.711106
63,0.7325581395348838,1945.0,56.611328125,-4.796119,-5.354017
64,0.7441860465116279,1940.0,51.611328125,1.796618,2.455703
65,0.7558139534883721,1943.0,54.611328125,7.431078,9.315363
66,0.7674418604651163,1936.0,47.611328125,10.376666,13.193005
67,0.7790697674418604,1938.0,49.611328125,10.00795,13.249812
68,0.7906976744186046,1933.0,44.611328125,6.979428,10.080606
69,0.8023255813953488,1936.0,47.611328125,2.875058,5.35942
70,0.813953488372093,1931.0,42.611328125,-0.566554,1.018716
71,0.8255813953488372,1927.0,38.611328125,-2.200181,-1.590852
72,0.8372093023255813,1922.0,33.611328125,-1.904521,-2.182341
73,0.8488372093023255,1926.0,37.611328125,-0.48093,-1.47028
74,0.8604651162790697,1924.0,35.611328125,0.851884,-0.621752
75,0.872093023255814,1921.0,32.611328125,1.136736,-0.570141
76,0.8837209302325582,1921.0,32.611328125,0.143985,-1.525818
77,0.8953488372093024,1923.0,34.611328125,-1.577904,-2.955236
78,0.9069767441860466,1926.0,37.611328125,-3.053489,-3.94908
79,0.9186046511627908,1914.0,25.611328125,-3.436246,-3.811638
80,0.930232558139535,1911.0,22.611328125,-2.431259,-2.431248
81,0.9418604651162791,1909.0,20.611328125,-0.455093,-0.383436
82,0.9534883720930232,1905.0,16.611328125,1.594616,1.393036
83,0.9651162790697674,1907.0,18.611328125,2.800848,2.089183
84,0.9767441860465116,1911.0,22.611328125,2.661223,1.433418
85,0.9883720930232557,1904.0,15.611328125,1.300453,-0.178381
86,1.0,1915.0,26.611328125,-0.59559,-1.893611
87,1.0116279069767442,1913.0,24.611328125,-2.16367,-2.847363
88,1.0232558139534884,1925.0,36.611328125,-2.728899,-2.556947
89,1.0348837209302326,1919.0,30.611328125,-2.126277,-1.123994
90,1.0465116279069768,1937.0,48.611328125,-0.686298,0.87685
91,1.0581395348837208,1931.0,42.611328125,0.898444,2.664808
92,1.0697674418604652,1936.0,47.611328125,1.954753,3.627154
93,1.0813953488372092,1937.0,48.611328125,2.082492,3.545252
94,1.0930232558139534,1937.0,48.611328125,1.302384,2.602967
95,1.1046511627906976,1937.0,48.611328125,-0.005101,1.235246
96,1.1162790697674418,1918.0,29.611328125,-1.316698,-0.097427
97,1.127906976744186,1933.0,44.611328125,-2.158398,-1.083188
98,1.1395348837209303,1911.0,22.611328125,-2.36304,-1.647223
99,1.1511627906976745,1923.0,34.611328125,-1.998899,-1.880138
100,1.1627906976744187,1882.0,-6.388671875,-1.375362,-1.92495
101,1.1744186046511629,1899.0,10.611328125,-0.729351,-1.849983
102,1.186046511627907,1858.0,-30.388671875,-0.238101,-1.642202
103,1.197674418604651,1872.0,-16.388671875,0.195742,-1.217103
104,1.2093023255813953,1840.0,-48.388671875,0.725487,-0.522855
105,1.2209302325581395,1845.0,-43.388671875,1.54751,0.413461
106,1.2325581395348837,1827.0,-61.388671875,2.654922,1.449427
107,1.244186046511628,1827.0,-61.388671875,3.845038,2.380996
108,1.255813953488372,1837.0,-51.388671875,4.736451,2.987274
109,1.2674418604651163,1827.0,-61.388671875,4.906677,3.10828
110,1.2790697674418603,1869.0,-19.388671875,4.143304,2.690362
111,1.2906976744186047,1850.0,-38.388671875,2.436254,1.784973
112,1.3023255813953487,1910.0,21.611328125,0.164589,0.523179
113,1.3139534883720931,1888.0,-0.388671875,-2.226862,-0.910799
114,1.3255813953488371,1966.0,77.611328125,-4.158895,-2.309664
115,1.3372093023255816,1937.0,48.611328125,-5.351919,-3.492026
116,1.3488372093023255,1995.0,106.611328125,-5.617125,-4.258921
117,1.36046511627907,1987.0,98.611328125,-5.086604,-4.441121
118,1.372093023255814,2017.0,128.611328125,-3.946563,-3.935608
119,1.383720930232558,2005.0,116.611328125,-2.476735,-2.760228
120,1.3953488372093024,2001.0,112.611328125,-0.902448,-1.051704
121,1.4069767441860463,2007.0,118.611328125,0.575394,0.882689
122,1.4186046511627908,1957.0,68.611328125,1.721624,2.656939
123,1.4302325581395348,1987.0,98.611328125,2.414929,3.892292
124,1.4418604651162792,1896.0,7.611328125,2.455428,4.343646
125,1.4534883720930232,1926.0,37.611328125,1.94339,3.978384
126,1.4651162790697676,1808.0,-80.388671875,0.953157,3.006441
127,1.4767441860465116,1849.0,-39.388671875,-0.093909,1.774236
128,1.4883720930232558,1738.0,-150.388671875,-0.978689,0.62832
129,1.5,1772.0,-116.388671875,-1.415718,-0.255412
130,1.5116279069767442,1697.0,-191.388671875,-1.438632,-0.851237
131,1.5232558139534884,1712.0,-176.388671875,-1.169579,-1.327665
132,1.5348837209302326,1697.0,-191.388671875,-0.868186,-1.869681
133,1.5465116279069768,1678.0,-210.388671875,-0.689,-2.576034
134,1.5581395348837208,1754.0,-134.388671875,-0.485147,-3.315232
135,1.5697674418604652,1717.0,-171.388671875,-0.04972,-3.798061
136,1.5813953488372092,1847.0,-41.388671875,1.094582,-3.664084
137,1.5930232558139534,1793.0,-95.388671875,2.994785,-2.687931
138,1.6046511627906976,1968.0,79.611328125,5.671197,-0.892376
139,1.6162790697674418,1904.0,15.611328125,8.386771,1.370366
140,1.627906976744186,2069.0,180.611328125,10.501783,3.553057
141,1.6395348837209303,2014.0,125.611328125,11.08525,5.090948
142,1.6511627906976745,2127.0,238.611328125,9.787484,5.583613
143,1.6627906976744187,2106.0,217.611328125,6.526978,4.934969
144,1.6744186046511627,2111.0,222.611328125,1.801193,3.314888
145,1.686046511627907,2125.0,236.611328125,-3.578257,1.180956
146,1.697674418604651,2022.0,133.611328125,-8.847589,-0.991878
147,1.7093023255813955,2080.0,191.611328125,-13.200997,-2.728794
148,1.7209302325581395,1881.0,-7.388671875,-16.383865,-3.742492
149,1.7325581395348837,1958.0,69.611328125,-18.040808,-3.911266
150,1.744186046511628,1714.0,-174.388671875,-18.399332,-3.327686
151,1.755813953488372,1795.0,-93.388671875,-17.327328,-2.240989
152,1.7674418604651163,1584.0,-304.388671875,-15.172785,-1.005091
153,1.7790697674418603,1645.0,-243.388671875,-11.90289,-0.02685
154,1.7906976744186047,1502.0,-386.388671875,-7.880054,0.379622
155,1.8023255813953487,1533.0,-355.388671875,-3.169668,0.118966
156,1.8139534883720931,1525.0,-363.388671875,1.980077,-0.649536
157,1.8255813953488371,1504.0,-384.388671875,7.39853,-1.547395
158,1.8372093023255816,1648.0,-240.388671875,13.050076,-2.074654
159,1.8488372093023255,1578.0,-310.388671875,18.582832,-1.874012
160,1.86046511627907,1837.0,-51.388671875,23.934034,-0.800631
161,1.872093023255814,1735.0,-153.388671875,28.355274,0.912006
162,1.8837209302325582,2038.0,149.611328125,31.5177,2.827389
163,1.8953488372093024,1939.0,50.611328125,32.451172,4.408941
164,1.9069767441860463,2197.0,308.611328125,30.857327,5.261986
165,1.9186046511627908,2129.0,240.611328125,26.210478,5.249052
166,1.9302325581395348,2258.0,369.611328125,18.740873,4.481291
167,1.9418604651162792,2244.0,355.611328125,8.79004,3.211658
168,1.9534883720930232,2203.0,314.611328125,-2.921287,1.650039
169,1.9651162790697676,2246.0,357.611328125,-15.416491,-0.083353
170,1.9767441860465114,2032.0,143.611328125,-27.851027,-1.959623
171,1.9883720930232558,2130.0,241.611328125,-38.935139,-3.902172
172,2.0,1793.0,-95.388671875,-47.92194,-5.689602
173,2.011627906976744,1920.0,31.611328125,-53.514812,-6.937519
174,2.0232558139534884,1561.0,-327.388671875,-55.313267,-7.221676
175,2.0348837209302326,1670.0,-218.388671875,-52.57465,-6.285965
176,2.046511627906977,1398.0,-490.388671875,-45.645721,-4.209663
177,2.058139534883721,1461.0,-427.388671875,-34.794521,-1.448803
178,2.0697674418604652,1371.0,-517.388671875,-21.039747,1.289722
179,2.0813953488372094,1361.0,-527.388671875,-5.386821,3.325343
180,2.0930232558139537,1495.0,-393.388671875,11.185788,4.291876
181,2.1046511627906974,1417.0,-471.388671875,27.582335,4.255482
182,2.1162790697674416,1744.0,-144.388671875,43.265518,3.64259
183,2.1279069767441863,1611.0,-277.388671875,57.115364,3.009663
184,2.1395348837209305,2025.0,136.611328125,68.654694,2.758904
185,2.1511627906976742,1887.0,-1.388671875,76.508484,2.9646
186,2.1627906976744184,2256.0,367.611328125,80.012619,3.37088
187,2.174418604651163,2157.0,268.611328125,77.930008,3.578888
188,2.186046511627907,2358.0,469.611328125,69.915924,3.234283
189,2.197674418604651,2330.0,441.611328125,55.750229,2.224541
190,2.2093023255813953,2294.0,405.611328125,35.95903,0.669922
191,2.22093023255814,2351.0,462.611328125,11.728209,-1.170815
192,2.2325581395348837,2073.0,184.611328125,-15.572329,-3.053116
193,2.244186046511628,2197.0,308.611328125,-43.690449,-4.827843
194,2.255813953488372,1762.0,-126.388671875,-70.842621,-6.422905
195,2.267441860465116,1920.0,31.611328125,-94.33844,-7.746506
196,2.2790697674418605,1470.0,-418.388671875,-112.443306,-8.599998
197,2.2906976744186047,1615.0,-273.388671875,-122.831284,-8.658783
198,2.302325581395349,1290.0,-598.388671875,-124.428543,-7.597977
199,2.3139534883720927,1360.0,-528.388671875,-116.193581,-5.235672
200,2.3255813953488373,1296.0,-592.388671875,-98.265999,-1.717712
201,2.3372093023255816,1266.0,-622.388671875,-71.493172,2.462471
202,2.3488372093023258,1477.0,-411.388671875,-37.375198,6.585148
203,2.3604651162790695,1363.0,-525.388671875,1.533221,9.930032
204,2.372093023255814,1793.0,-95.388671875,42.783421,11.987089
205,2.3837209302325584,1627.0,-261.388671875,82.804611,12.554665
206,2.395348837209302,2123.0,234.611328125,118.832184,11.748032
207,2.4069767441860463,1959.0,70.611328125,147.32077,9.839127
208,2.4186046511627906,2355.0,466.611328125,166.031479,7.152481
209,2.430232558139535,2256.0,367.611328125,172.629791,3.89917
210,2.441860465116279,2418.0,529.611328125,166.212448,0.239288
211,2.453488372093023,2412.0,523.611328125,146.573334,-3.654541
212,2.4651162790697674,2290.0,401.611328125,114.574928,-7.50116
213,2.4767441860465116,2378.0,489.611328125,72.277931,-10.882607
214,2.488372093023256,2020.0,131.611328125,22.136171,-13.297216
215,2.5,2167.0,278.611328125,-32.056885,-14.318401
216,2.511627906976744,1703.0,-185.388671875,-86.777435,-13.691635
217,2.5232558139534884,1859.0,-29.388671875,-137.370926,-11.479301
218,2.5348837209302326,1445.0,-443.388671875,-180.018417,-7.992218
219,2.546511627906977,1565.0,-323.388671875,-210.4953,-3.771225
220,2.5581395348837206,1331.0,-557.388671875,-225.90416,0.616379
221,2.5697674418604652,1365.0,-523.388671875,-224.000702,4.671371
222,2.5813953488372094,1401.0,-487.388671875,-204.073029,8.044235
223,2.5930232558139537,1343.0,-545.388671875,-166.964294,10.53981
224,2.6046511627906974,1616.0,-272.388671875,-114.707596,12.084358
225,2.6162790697674416,1495.0,-393.388671875,-51.180721,12.641552
226,2.6279069767441863,1891.0,2.611328125,19.259581,12.164601
227,2.6395348837209305,1747.0,-141.388671875,90.824043,10.619408
228,2.6511627906976742,2123.0,234.611328125,158.12233,8.006622
229,2.6627906976744184,2015.0,126.611328125,215.272186,4.462769
230,2.674418604651163,2247.0,358.611328125,257.537994,0.255646
231,2.686046511627907,2195.0,306.611328125,280.881104,-4.107574
232,2.697674418604651,2230.0,341.611328125,282.83493,-8.025085
233,2.7093023255813953,2259.0,370.611328125,262.505585,-10.852814
234,2.72093023255814,2096.0,207.611328125,220.446152,-12.150116
235,2.7325581395348837,2174.0,285.611328125,159.16571,-11.731415
236,2.744186046511628,1894.0,5.611328125,82.255264,-9.797714
237,2.755813953488372,2000.0,111.611328125,-4.738883,-6.822028
238,2.767441860465116,1722.0,-166.388671875,-95.56591,-3.43145
239,2.7790697674418605,1808.0,-80.388671875,-182.599899,-0.229919
240,2.7906976744186047,1607.0,-281.388671875,-258.251099,2.386536
241,2.802325581395349,1653.0,-235.388671875,-315.054687,4.254639
242,2.8139534883720927,1585.0,-303.388671875,-346.970856,5.427582
243,2.8255813953488373,1595.0,-293.388671875,-350.052429,6.026367
244,2.8372093023255816,1644.0,-244.388671875,-322.91925,6.187653
245,2.8488372093023253,1607.0,-281.388671875,-267.311188,5.94693
246,2.8604651162790695,1744.0,-144.388671875,-187.383377,5.289093
247,2.872093023255814,1689.0,-199.388671875,-89.823318,4.199463
248,2.8837209302325584,1837.0,-51.388671875,17.499365,2.734416
249,2.895348837209302,1787.0,-101.388671875,125.587418,1.013306
250,2.9069767441860463,1923.0,34.611328125,225.574966,-0.776962
251,2.918604651162791,1874.0,-14.388671875,308.859863,-2.463776
252,2.930232558139535,1946.0,57.611328125,368.052399,-3.910919
253,2.941860465116279,1935.0,46.611328125,397.471283,-4.994965
254,2.953488372093023,1936.0,47.611328125,393.639679,-5.612305
255,2.9651162790697674,1937.0,48.611328125,356.050476,-5.643097
256,2.9767441860465116,1920.0,31.611328125,286.988434,-4.971832
257,2.988372093023256,1934.0,45.611328125,191.923141,-3.550507
258,3.0,1902.0,13.611328125,78.549683,-1.501587
259,3.011627906976744,1911.0,22.611328125,-43.419071,0.873302
260,3.0232558139534884,1904.0,15.611328125,-163.551819,3.099625
261,3.0348837209302326,1906.0,17.611328125,-271.329193,4.628143
262,3.046511627906977,1877.0,-11.388671875,-357.159576,5.107269
263,3.0581395348837206,1892.0,3.611328125,-413.148346,4.450134
264,3.0697674418604652,1847.0,-41.388671875,-433.709381,2.987946
265,3.0813953488372094,1869.0,-19.388671875,-416.345764,1.285889
266,3.0930232558139537,1802.0,-86.388671875,-361.810913,-0.009705
267,3.1046511627906974,1824.0,-64.388671875,-274.544312,-0.454529
268,3.1162790697674416,1757.0,-131.388671875,-162.04921,0.057556
269,3.1279069767441863,1776.0,-112.388671875,-34.646065,1.218628
270,3.1395348837209305,1729.0,-159.388671875,95.971077,2.448624
271,3.1511627906976742,1739.0,-149.388671875,217.589127,3.126572
272,3.1627906976744184,1743.0,-145.388671875,319.114136,2.807831
273,3.174418604651163,1733.0,-155.388671875,391.413849,1.426117
274,3.186046511627907,1791.0,-97.388671875,428.325134,-0.771942
275,3.197674418604651,1767.0,-121.388671875,427.03476,-3.249847
276,3.2093023255813953,1865.0,-23.388671875,388.143097,-5.474945
277,3.22093023255814,1827.0,-61.388671875,315.643433,-7.002014
278,3.2325581395348837,1937.0,48.611328125,216.202194,-7.664108
279,3.244186046511628,1906.0,17.611328125,98.961113,-7.510483
280,3.255813953488372,1989.0,100.611328125,-25.692089,-6.743454
281,3.2674418604651163,1965.0,76.611328125,-146.413574,-5.564011
282,3.2790697674418605,2001.0,112.611328125,-252.411041,-4.006546
283,3.2906976744186047,2002.0,113.611328125,-333.90094,-2.027954
284,3.302325581395349,1968.0,79.611328125,-383.620239,0.494446
285,3.3139534883720927,1994.0,105.611328125,-397.174255,3.558594
286,3.3255813953488373,1908.0,19.611328125,-373.930023,6.960175
287,3.3372093023255816,1943.0,54.611328125,-316.97168,10.220764
288,3.3488372093023253,1845.0,-43.388671875,-232.693314,12.742081
289,3.3604651162790695,1877.0,-11.388671875,-130.291748,13.910019
290,3.372093023255814,1783.0,-105.388671875,-20.127968,13.38826
291,3.3837209302325584,1811.0,-77.388671875,86.842911,11.181129
292,3.395348837209302,1757.0,-131.388671875,181.028885,7.645905
293,3.4069767441860463,1767.0,-121.388671875,254.243134,3.351364
294,3.418604651162791,1755.0,-133.388671875,301.136749,-1.140503
295,3.430232558139535,1749.0,-139.388671875,318.69516,-5.396698
296,3.441860465116279,1776.0,-112.388671875,306.881073,-9.192108
297,3.453488372093023,1764.0,-124.388671875,268.130554,-12.38147
298,3.4651162790697674,1813.0,-75.388671875,207.225037,-14.822495
299,3.4767441860465116,1792.0,-96.388671875,131.050812,-16.232056
300,3.488372093023256,1853.0,-35.388671875,47.524139,-16.276264
301,3.5,1835.0,-53.388671875,-34.539154,-14.663315
302,3.511627906976744,1895.0,6.611328125,-107.377014,-11.366051
303,3.5232558139534884,1872.0,-16.388671875,-164.174957,-6.70343
304,3.5348837209302326,1927.0,38.611328125,-200.948425,-1.287872
305,3.546511627906977,1911.0,22.611328125,-215.833939,4.102173
306,3.5581395348837206,1946.0,57.611328125,-209.88942,8.833847
307,3.5697674418604652,1936.0,47.611328125,-185.901962,12.515427
308,3.5813953488372094,1938.0,49.611328125,-148.095062,15.08609
309,3.5930232558139537,1947.0,58.611328125,-101.397499,16.604469
310,3.6046511627906974,1911.0,22.611328125,-50.663834,17.087341
311,3.616279069767442,1930.0,41.611328125,-0.947568,16.390472
312,3.6279069767441863,1857.0,-31.388671875,43.609478,14.243267
313,3.63953488372093,1895.0,6.611328125,78.929504,10.454247
314,3.6511627906976742,1783.0,-105.388671875,102.507309,5.110535
315,3.6627906976744184,1822.0,-66.388671875,112.661682,-1.199295
316,3.674418604651163,1722.0,-166.388671875,109.863571,-7.568115
317,3.686046511627907,1753.0,-135.388671875,95.956627,-12.913834
318,3.697674418604651,1681.0,-207.388671875,74.417923,-16.440689
319,3.7093023255813953,1695.0,-193.388671875,49.506996,-17.7808
320,3.72093023255814,1687.0,-201.388671875,25.311161,-17.114624
321,3.7325581395348837,1679.0,-209.388671875,5.447572,-14.934649
322,3.744186046511628,1749.0,-139.388671875,-8.276227,-11.804514
323,3.755813953488372,1712.0,-176.388671875,-15.007515,-8.127831
324,3.7674418604651163,1838.0,-50.388671875,-15.866701,-4.049934
325,3.7790697674418605,1791.0,-97.388671875,-12.293919,0.353453
326,3.7906976744186047,1936.0,47.611328125,-6.772686,4.935709
327,3.802325581395349,1890.0,1.611328125,-1.303345,9.261958
328,3.8139534883720927,1995.0,106.611328125,2.089589,12.687591
329,3.8255813953488373,1974.0,85.611328125,2.13072,14.530779
330,3.8372093023255816,2013.0,124.611328125,-1.714652,14.39527
331,3.8488372093023253,2014.0,125.611328125,-9.4192,12.329713
332,3.8604651162790695,1968.0,79.611328125,-19.787903,8.880396
333,3.872093023255814,1991.0,102.611328125,-31.54081,4.85783
334,3.8837209302325584,1870.0,-18.388671875,-42.365677,1.070442
335,3.895348837209302,1920.0,31.611328125,-50.610909,-1.948654
336,3.9069767441860463,1762.0,-126.388671875,-54.310322,-4.075268
337,3.9186046511627906,1814.0,-74.388671875,-52.719654,-5.424927
338,3.930232558139535,1685.0,-203.388671875,-45.427742,-6.261017
339,3.941860465116279,1719.0,-169.388671875,-33.090069,-6.678076
340,3.9534883720930227,1666.0,-222.388671875,-16.864605,-6.696676
341,3.9651162790697674,1669.0,-219.388671875,1.764885,-6.18655
342,3.9767441860465116,1725.0,-163.388671875,20.890989,-5.129269
343,3.9883720930232562,1686.0,-202.388671875,38.968021,-3.677078
344,4.0,1816.0,-72.388671875,54.077198,-2.112919
345,4.011627906976744,1763.0,-125.388671875,65.078064,-0.805862
346,4.023255813953488,1925.0,36.611328125,70.585617,0.088654
347,4.034883720930233,1871.0,-17.388671875,70.236862,0.531822
348,4.046511627906977,2000.0,111.611328125,63.77298,0.824074
349,4.058139534883721,1968.0,79.611328125,51.977924,1.192108
350,4.069767441860465,2026.0,137.611328125,35.992825,1.863804
351,4.081395348837209,2024.0,135.611328125,17.489201,2.714705
352,4.093023255813954,1999.0,110.611328125,-1.550283,3.554916
353,4.104651162790698,2020.0,131.611328125,-19.473919,4.042068
354,4.116279069767442,1927.0,38.611328125,-34.540447,4.06303
355,4.127906976744186,1968.0,79.611328125,-45.97089,3.681923
356,4.1395348837209305,1846.0,-42.388671875,-52.995197,3.14719
357,4.151162790697675,1885.0,-3.388671875,-55.887737,2.754181
358,4.162790697674419,1777.0,-111.388671875,-54.84766,2.534004
359,4.174418604651162,1832.0,-56.388671875,-50.715691,2.417469
360,4.186046511627907,1760.0,-128.388671875,-44.228241,1.889301
361,4.1976744186046515,1759.0,-129.388671875,-36.223763,0.686405
362,4.209302325581395,1767.0,-121.388671875,-27.398867,-1.447451
363,4.22093023255814,1759.0,-129.388671875,-18.13888,-4.17739
364,4.232558139534883,1812.0,-76.388671875,-8.878811,-7.077526
365,4.2441860465116275,1791.0,-97.388671875,0.46081,-9.394784
366,4.2558139534883725,1871.0,-17.388671875,9.669958,-10.640755
367,4.267441860465116,1841.0,-47.388671875,18.973564,-10.540754
368,4.279069767441861,1910.0,21.611328125,28.165924,-9.148209
369,4.290697674418605,1891.0,2.611328125,37.24382,-6.789192
370,4.3023255813953485,1929.0,40.611328125,45.747047,-3.693504
371,4.313953488372094,1921.0,32.611328125,53.181282,-0.177734
372,4.325581395348837,1935.0,46.611328125,58.756714,3.803703
373,4.337209302325581,1931.0,42.611328125,61.517334,8.016052
374,4.348837209302326,1927.0,38.611328125,60.551472,12.375111
375,4.3604651162790695,1927.0,38.611328125,54.861595,16.224854
376,4.372093023255814,1917.0,28.611328125,44.002411,18.996159
377,4.383720930232558,1921.0,32.611328125,27.770491,19.844749
378,4.395348837209302,1906.0,17.611328125,6.894669,18.302647
379,4.406976744186047,1905.0,16.611328125,-17.401356,14.224627
380,4.4186046511627906,1897.0,8.611328125,-42.957027,7.967392
381,4.430232558139535,1904.0,15.611328125,-67.317406,0.37336
382,4.44186046511628,1886.0,-2.388671875,-87.718109,-7.72583
383,4.453488372093023,1893.0,4.611328125,-101.592766,-15.218842
384,4.465116279069767,1861.0,-27.388671875,-106.944221,-21.524445
385,4.476744186046512,1875.0,-13.388671875,-102.53318,-25.893593
386,4.488372093023256,1840.0,-48.388671875,-88.24321,-28.221779
387,4.5,1857.0,-31.388671875,-64.901093,-28.150448
388,4.511627906976744,1831.0,-57.388671875,-34.443825,-25.835979
389,4.523255813953488,1839.0,-49.388671875,0.516393,-21.276846
390,4.534883720930232,1825.0,-63.388671875,36.824139,-14.748898
391,4.546511627906977,1827.0,-61.388671875,71.197853,-6.629089
392,4.558139534883721,1854.0,-34.388671875,100.409294,2.657906
393,4.569767441860465,1839.0,-49.388671875,121.608711,12.335564
394,4.5813953488372094,1879.0,-9.388671875,132.496231,21.870216
395,4.593023255813954,1861.0,-27.388671875,131.582077,30.239616
396,4.604651162790698,1920.0,31.611328125,118.328362,36.860245
397,4.616279069767442,1904.0,15.611328125,93.383224,40.683079
398,4.627906976744185,1948.0,59.611328125,58.64431,41.306164
399,4.6395348837209305,1937.0,48.611328125,17.268764,38.211773
400,4.651162790697675,1963.0,74.611328125,-26.631853,31.626997
401,4.662790697674418,1958.0,69.611328125,-68.451874,21.997818
402,4.674418604651163,1943.0,54.611328125,-103.68705,10.202072
403,4.686046511627906,1958.0,69.611328125,-128.627487,-2.635933
404,4.6976744186046515,1913.0,24.611328125,-140.782318,-15.643646
405,4.709302325581396,1931.0,42.611328125,-139.235992,-27.738007
406,4.720930232558139,1871.0,-17.388671875,-124.488129,-38.467079
407,4.732558139534884,1894.0,5.611328125,-98.402107,-46.949409
408,4.744186046511628,1837.0,-51.388671875,-63.708229,-52.875542
409,4.755813953488372,1847.0,-41.388671875,-23.854681,-55.345802
410,4.767441860465117,1817.0,-71.388671875,17.414579,-54.030624
411,4.77906976744186,1824.0,-64.388671875,56.167133,-48.441952
412,4.790697674418604,1823.0,-65.388671875,88.677246,-38.757858
413,4.802325581395349,1817.0,-71.388671875,111.780014,-25.495544
414,4.813953488372093,1844.0,-44.388671875,123.255508,-9.513351
415,4.825581395348837,1823.0,-65.388671875,122.305862,7.915619
416,4.837209302325581,1872.0,-16.388671875,109.568344,25.887413
417,4.848837209302325,1868.0,-20.388671875,87.157387,43.050499
418,4.86046511627907,1904.0,15.611328125,58.037308,58.67411
419,4.872093023255814,1890.0,1.611328125,25.694244,71.320343
420,4.883720930232558,1915.0,26.611328125,-6.632311,80.005684
421,4.895348837209303,1911.0,22.611328125,-36.094925,83.141037
422,4.906976744186046,1919.0,30.611328125,-60.524113,79.773605
423,4.9186046511627906,1917.0,28.611328125,-78.260834,69.227158
424,4.930232558139535,1909.0,20.611328125,-88.141663,51.824539
425,4.941860465116279,1915.0,26.611328125,-89.516815,28.9076
426,4.953488372093023,1897.0,8.611328125,-82.379501,2.316727
427,4.965116279069767,1904.0,15.611328125,-67.636147,-25.348011
428,4.976744186046512,1886.0,-2.388671875,-47.112236,-52.11018
429,4.988372093023256,1890.0,1.611328125,-23.541283,-75.747162
430,5.0,1873.0,-15.388671875,0.013443,-95.100723
431,5.011627906976744,1875.0,-13.388671875,20.582064,-108.641174
432,5.023255813953488,1869.0,-19.388671875,36.031185,-115.461487
433,5.034883720930233,1871.0,-17.388671875,45.215286,-114.297089
434,5.046511627906977,1863.0,-25.388671875,48.208523,-104.331177
435,5.058139534883721,1863.0,-25.388671875,45.892242,-85.248398
436,5.069767441860465,1859.0,-29.388671875,39.697884,-57.520401
437,5.081395348837209,1859.0,-29.388671875,31.146366,-23.015274
438,5.093023255813954,1862.0,-26.388671875,21.650322,15.847902
439,5.104651162790698,1857.0,-31.388671875,12.45343,55.469234
440,5.116279069767441,1867.0,-21.388671875,4.529923,92.718002
441,5.127906976744186,1863.0,-25.388671875,-1.304304,124.102051
442,5.1395348837209305,1879.0,-9.388671875,-4.683395,147.235016
443,5.151162790697675,1871.0,-17.388671875,-5.528645,159.86055
444,5.162790697674419,1895.0,6.611328125,-4.439088,160.659348
445,5.174418604651162,1889.0,0.611328125,-2.281524,148.762589
446,5.186046511627907,1914.0,25.611328125,-0.277678,124.103218
447,5.1976744186046515,1906.0,17.611328125,0.574669,87.808067
448,5.209302325581395,1920.0,31.611328125,-0.428067,41.877056
449,5.22093023255814,1918.0,29.611328125,-3.399807,-10.037753
450,5.232558139534883,1922.0,33.611328125,-7.936855,-63.870182
451,5.2441860465116275,1920.0,31.611328125,-13.353758,-114.558578
452,5.2558139534883725,1904.0,15.611328125,-18.711147,-157.716568
453,5.267441860465116,1913.0,24.611328125,-23.290905,-189.174179
454,5.279069767441861,1874.0,-14.388671875,-26.327433,-206.19313
455,5.290697674418605,1888.0,-0.388671875,-27.388878,-206.968536
456,5.3023255813953485,1840.0,-48.388671875,-25.978334,-191.044312
457,5.313953488372094,1861.0,-27.388671875,-21.893812,-159.138657
458,5.325581395348837,1841.0,-47.388671875,-15.04316,-113.014534
459,5.337209302325581,1843.0,-45.388671875,-5.756945,-55.878429
460,5.348837209302326,1846.0,-42.388671875,5.271166,8.313379
461,5.3604651162790695,1840.0,-48.388671875,16.948017,74.231209
462,5.372093023255814,1874.0,-14.388671875,27.864849,136.463684
463,5.383720930232558,1865.0,-23.388671875,36.673489,189.189072
464,5.395348837209302,1906.0,17.611328125,42.096554,227.633514
465,5.406976744186046,1891.0,2.611328125,43.499039,247.990646
466,5.4186046511627906,1939.0,50.611328125,40.587982,248.242523
467,5.430232558139535,1927.0,38.611328125,33.801708,228.05188
468,5.44186046511628,1961.0,72.611328125,23.83964,188.692383
469,5.453488372093023,1950.0,61.611328125,11.782295,133.039093
470,5.465116279069767,1959.0,70.611328125,-1.227935,64.974876
471,5.476744186046512,1967.0,78.611328125,-14.064773,-10.342346
472,5.488372093023256,1936.0,47.611328125,-25.587,-87.252663
473,5.5,1951.0,62.611328125,-34.886559,-159.311951
474,5.511627906976744,1904.0,15.611328125,-41.021206,-220.291046
475,5.523255813953488,1922.0,33.611328125,-43.448345,-264.248718
476,5.534883720930232,1865.0,-23.388671875,-41.723152,-286.618744
477,5.546511627906977,1886.0,-2.388671875,-35.995525,-284.582031
478,5.558139534883721,1843.0,-45.388671875,-26.776514,-257.678558
479,5.569767441860465,1854.0,-34.388671875,-15.170029,-207.930374
480,5.5813953488372094,1841.0,-47.388671875,-2.608108,-139.519424
481,5.593023255813954,1838.0,-50.388671875,9.339985,-58.539921
482,5.604651162790698,1857.0,-31.388671875,19.224777,28.070824
483,5.616279069767442,1843.0,-45.388671875,26.111094,112.770187
484,5.627906976744185,1885.0,-3.388671875,29.547182,188.564148
485,5.6395348837209305,1872.0,-16.388671875,29.808231,249.014038
486,5.651162790697675,1909.0,20.611328125,27.448645,289.089172
487,5.662790697674418,1903.0,14.611328125,23.366556,305.162292
488,5.674418604651163,1936.0,47.611328125,18.259386,295.524628
489,5.686046511627907,1925.0,36.611328125,12.796937,260.619598
490,5.697674418604651,1937.0,48.611328125,7.366026,203.058777
491,5.709302325581396,1937.0,48.611328125,2.248667,127.724724
492,5.720930232558139,1931.0,42.611328125,-2.280615,41.131489
493,5.732558139534884,1935.0,46.611328125,-5.988178,-48.835709
494,5.744186046511628,1911.0,22.611328125,-8.614127,-134.237854
495,5.755813953488372,1929.0,40.611328125,-10.11949,-207.419373
496,5.767441860465117,1896.0,7.611328125,-10.61046,-262.309021
497,5.77906976744186,1904.0,15.611328125,-10.50677,-294.429718
498,5.790697674418604,1877.0,-11.388671875,-10.27355,-301.55899
499,5.802325581395349,1887.0,-1.388671875,-10.37152,-283.462036
500,5.813953488372093,1867.0,-21.388671875,-11.005511,-241.920349
501,5.825581395348837,1871.0,-17.388671875,-12.065793,-180.553635
502,5.837209302325582,1863.0,-25.388671875,-13.151721,-104.400276
503,5.848837209302325,1863.0,-25.388671875,-13.71568,-19.985779
504,5.86046511627907,1867.0,-21.388671875,-13.257037,65.607819
505,5.872093023255814,1863.0,-25.388671875,-11.460093,144.695435
506,5.883720930232558,1883.0,-5.388671875,-8.245604,210.392166
507,5.895348837209303,1874.0,-14.388671875,-3.7527,256.647156
508,5.906976744186046,1897.0,8.611328125,1.776947,279.688812
509,5.9186046511627906,1892.0,3.611328125,8.014277,277.846954
510,5.930232558139535,1906.0,17.611328125,14.592506,252.081696
511,5.941860465116279,1904.0,15.611328125,21.038717,205.651779
512,5.953488372093023,1911.0,22.611328125,26.690113,143.419037
513,5.965116279069767,1911.0,22.611328125,30.743347,71.596573
514,5.976744186046512,1916.0,27.611328125,32.271618,-3.594761
515,5.988372093023256,1911.0,22.611328125,30.539858,-75.671341
516,6.0,1915.0,26.611328125,25.13616,-139.23616
517,6.011627906976744,1917.0,28.611328125,16.284994,-189.322235
518,6.023255813953488,1905.0,16.611328125,4.786813,-222.524673
519,6.034883720930233,1909.0,20.611328125,-7.970309,-236.400116
520,6.046511627906977,1888.0,-0.388671875,-20.386396,-230.307144
521,6.058139534883721,1899.0,10.611328125,-30.886883,-205.181442
522,6.069767441860465,1871.0,-17.388671875,-38.249435,-163.653961
523,6.081395348837209,1875.0,-13.388671875,-41.795181,-110.067703
524,6.093023255813954,1858.0,-30.388671875,-41.348724,-49.592033
525,6.104651162790698,1860.0,-28.388671875,-37.240051,11.720062
526,6.116279069767441,1853.0,-35.388671875,-29.978994,68.559242
527,6.127906976744186,1851.0,-37.388671875,-20.280207,116.012367
528,6.1395348837209305,1857.0,-31.388671875,-8.820998,151.034164
529,6.151162790697675,1856.0,-32.388671875,3.590178,171.670547
530,6.162790697674419,1876.0,-12.388671875,16.103064,177.776627
531,6.174418604651162,1869.0,-19.388671875,27.675806,170.159119
532,6.186046511627907,1889.0,0.611328125,37.174973,150.5867
533,6.1976744186046515,1883.0,-5.388671875,43.530468,121.497482
534,6.209302325581395,1905.0,16.611328125,45.857159,85.492279
535,6.22093023255814,1901.0,12.611328125,43.761642,45.731655
536,6.232558139534883,1909.0,20.611328125,37.313908,4.991066
537,6.2441860465116275,1918.0,29.611328125,27.242365,-33.52565
538,6.2558139534883725,1915.0,26.611328125,14.593291,-67.511688
539,6.267441860465116,1919.0,30.611328125,0.74234,-94.645569
540,6.279069767441861,1897.0,8.611328125,-12.968437,-113.760109
541,6.290697674418605,1905.0,16.611328125,-25.234898,-124.012863
542,6.3023255813953485,1872.0,-16.388671875,-35.003101,-125.507858
543,6.313953488372094,1885.0,-3.388671875,-41.426952,-118.805695
544,6.325581395348837,1840.0,-48.388671875,-43.949474,-104.83551
545,6.337209302325581,1855.0,-33.388671875,-42.336658,-85.025803
546,6.348837209302326,1808.0,-80.388671875,-36.738518,-60.652042
547,6.3604651162790695,1823.0,-65.388671875,-27.715464,-33.503372
548,6.372093023255814,1790.0,-98.388671875,-16.265417,-4.950878
549,6.383720930232558,1802.0,-86.388671875,-3.702415,23.111366
550,6.395348837209302,1794.0,-94.388671875,8.535316,49.288197
551,6.406976744186046,1791.0,-97.388671875,19.114313,71.822678
552,6.4186046511627906,1808.0,-80.388671875,27.058987,89.428558
553,6.430232558139535,1803.0,-85.388671875,31.825686,100.849289
554,6.44186046511628,1840.0,-48.388671875,33.381138,105.274017
555,6.453488372093023,1830.0,-58.388671875,32.046474,102.51358
556,6.465116279069767,1874.0,-14.388671875,28.417038,92.775681
557,6.476744186046512,1855.0,-33.388671875,23.119541,77.178879
558,6.488372093023256,1911.0,22.611328125,16.802681,56.86166
559,6.5,1894.0,5.611328125,9.936667,33.552536
560,6.511627906976744,1951.0,62.611328125,2.960656,8.421621
561,6.523255813953488,1936.0,47.611328125,-3.843973,-17.184427
562,6.534883720930233,1962.0,73.611328125,-10.15099,-42.39999
563,6.546511627906977,1955.0,66.611328125,-15.664313,-66.030334
564,6.558139534883721,1947.0,58.611328125,-20.057446,-86.645508
565,6.569767441860465,1957.0,68.611328125,-22.984921,-102.342453
566,6.5813953488372094,1914.0,25.611328125,-24.208532,-110.828613
567,6.593023255813954,1936.0,47.611328125,-23.525551,-110.250694
568,6.604651162790698,1863.0,-25.388671875,-21.023928,-99.330002
569,6.616279069767442,1889.0,0.611328125,-16.896486,-78.574944
570,6.627906976744185,1807.0,-81.388671875,-11.680449,-49.773087
571,6.6395348837209305,1835.0,-53.388671875,-5.933039,-16.463457
572,6.651162790697675,1762.0,-126.388671875,-0.363488,17.418001
573,6.662790697674418,1781.0,-107.388671875,4.522677,47.85524
574,6.674418604651163,1746.0,-142.388671875,8.381601,71.927116
575,6.686046511627907,1752.0,-136.388671875,11.170459,88.023125
576,6.697674418604651,1781.0,-107.388671875,13.120814,95.817574
577,6.709302325581396,1755.0,-133.388671875,14.504517,96.079239
578,6.720930232558139,1824.0,-64.388671875,15.706454,89.857361
579,6.732558139534884,1794.0,-94.388671875,16.791002,78.493179
580,6.744186046511628,1902.0,13.611328125,17.739443,62.886665
581,6.755813953488372,1856.0,-32.388671875,18.076899,44.032997
582,6.767441860465117,1968.0,79.611328125,17.373928,22.738907
583,6.77906976744186,1936.0,47.611328125,15.069279,0.187201
584,6.790697674418604,2021.0,132.611328125,10.945136,-22.282593
585,6.802325581395349,1987.0,98.611328125,5.077971,-43.045483
586,6.813953488372093,2016.0,127.611328125,-1.994291,-60.420208
587,6.825581395348837,2027.0,138.611328125,-9.384615,-72.994011
588,6.837209302325582,1980.0,91.611328125,-16.152489,-79.682846
589,6.848837209302325,2000.0,111.611328125,-21.38225,-80.179596
590,6.86046511627907,1891.0,2.611328125,-24.622742,-74.680252
591,6.872093023255814,1938.0,49.611328125,-25.678299,-64.1548
592,6.883720930232558,1799.0,-89.388671875,-24.895048,-49.88092
593,6.895348837209303,1846.0,-42.388671875,-22.600477,-33.39344
594,6.906976744186046,1723.0,-165.388671875,-19.271555,-16.071926
595,6.9186046511627906,1761.0,-127.388671875,-15.063017,0.999647
596,6.930232558139535,1687.0,-201.388671875,-10.05279,17.063635
597,6.941860465116279,1701.0,-187.388671875,-4.177955,31.71801
598,6.953488372093023,1713.0,-175.388671875,2.522193,44.575317
599,6.965116279069767,1696.0,-192.388671875,9.709188,55.244186
600,6.976744186046512,1786.0,-102.388671875,16.895229,63.126629
601,6.988372093023256,1746.0,-142.388671875,23.295134,67.604721
602,7.0,1884.0,-4.388671875,28.294424,68.118134
603,7.011627906976744,1835.0,-53.388671875,31.269621,64.412758
604,7.023255813953488,1983.0,94.611328125,32.029984,56.634048
605,7.034883720930233,1936.0,47.611328125,30.436007,45.241623
606,7.046511627906977,2038.0,149.611328125,26.643587,30.94451
607,7.058139534883721,2019.0,130.611328125,20.816124,14.510494
608,7.069767441860465,2057.0,168.611328125,13.262791,-3.265869
609,7.081395348837209,2066.0,177.611328125,4.439407,-21.543768
610,7.093023255813954,2000.0,111.611328125,-5.048478,-39.321377
611,7.104651162790698,2031.0,142.611328125,-14.309311,-55.347652
612,7.116279069767441,1895.0,6.611328125,-22.561403,-68.27504
613,7.127906976744186,1952.0,63.611328125,-29.00086,-76.774658
614,7.1395348837209305,1789.0,-99.388671875,-33.381264,-79.97261
615,7.151162790697675,1840.0,-48.388671875,-35.608887,-77.493637
616,7.162790697674419,1698.0,-190.388671875,-36.075359,-69.672165
617,7.174418604651162,1737.0,-151.388671875,-34.981884,-57.210739
618,7.186046511627907,1662.0,-226.388671875,-32.468094,-41.036095
619,7.1976744186046515,1671.0,-217.388671875,-28.273556,-22.036331
620,7.209302325581395,1697.0,-191.388671875,-21.974354,-0.979532
621,7.22093023255814,1673.0,-215.388671875,-13.283287,21.232651
622,7.232558139534884,1781.0,-107.388671875,-2.186116,43.533466
623,7.2441860465116275,1734.0,-154.388671875,10.594607,64.307144
624,7.2558139534883725,1885.0,-3.388671875,24.026047,81.71125
625,7.267441860465116,1837.0,-51.388671875,36.600647,93.751671
626,7.27906976744186,1987.0,98.611328125,47.09819,98.890915
627,7.290697674418605,1941.0,52.611328125,54.397308,96.267693
628,7.3023255813953485,2036.0,147.611328125,57.975342,85.966484
629,7.313953488372094,2021.0,132.611328125,57.49799,68.898026
630,7.325581395348837,2031.0,142.611328125,52.857246,46.436321
631,7.337209302325581,2039.0,150.611328125,44.028927,20.305887
632,7.348837209302326,1974.0,85.611328125,31.064064,-7.837151
633,7.3604651162790695,2010.0,121.611328125,14.45927,-36.163765
634,7.372093023255814,1894.0,5.611328125,-4.945673,-62.873428
635,7.383720930232559,1935.0,46.611328125,-25.535391,-85.894699
636,7.395348837209302,1802.0,-86.388671875,-45.455944,-103.150024
637,7.406976744186046,1845.0,-43.388671875,-62.539196,-112.809372
638,7.4186046511627906,1744.0,-144.388671875,-75.080467,-113.653267
639,7.430232558139535,1769.0,-119.388671875,-81.78344,-105.37468
640,7.44186046511628,1730.0,-158.388671875,-82.127808,-88.666924
641,7.453488372093023,1732.0,-156.388671875,-76.103394,-65.103897
642,7.465116279069767,1759.0,-129.388671875,-64.083191,-36.749092
643,7.476744186046512,1742.0,-146.388671875,-46.733139,-5.884251
644,7.488372093023256,1814.0,-74.388671875,-24.834858,25.353104
645,7.5,1788.0,-100.388671875,0.358702,54.935112
646,7.511627906976744,1874.0,-14.388671875,27.29661,81.039093
647,7.523255813953488,1846.0,-42.388671875,53.789997,101.937256
648,7.534883720930233,1934.0,45.611328125,77.45295,116.052277
649,7.546511627906977,1904.0,15.611328125,95.741455,122.094666
650,7.558139534883721,1959.0,70.611328125,106.589111,119.250473
651,7.569767441860464,1950.0,61.611328125,108.583412,107.423462
652,7.5813953488372094,1952.0,63.611328125,101.210838,87.196213
653,7.593023255813954,1963.0,74.611328125,84.900055,59.949589
654,7.604651162790698,1936.0,47.611328125,60.815273,27.588764
655,7.616279069767442,1947.0,58.611328125,30.840233,-7.517124
656,7.627906976744185,1905.0,16.611328125,-2.707362,-42.746422
657,7.6395348837209305,1920.0,31.611328125,-37.051605,-75.358467
658,7.651162790697675,1859.0,-29.388671875,-69.275017,-102.672028
659,7.662790697674418,1895.0,6.611328125,-96.374336,-122.306732
660,7.674418604651163,1852.0,-36.388671875,-115.782425,-132.481155
661,7.686046511627907,1858.0,-30.388671875,-125.571533,-132.315445
662,7.697674418604651,1839.0,-49.388671875,-124.790062,-121.877747
663,7.709302325581396,1841.0,-47.388671875,-113.550362,-102.24028
664,7.720930232558139,1827.0,-61.388671875,-92.908997,-75.136993
665,7.732558139534884,1835.0,-53.388671875,-64.634575,-42.687836
666,7.744186046511628,1831.0,-57.388671875,-30.94845,-7.132847
667,7.755813953488372,1834.0,-54.388671875,5.718781,29.370842
668,7.767441860465117,1840.0,-48.388671875,42.769596,64.615448
669,7.77906976744186,1836.0,-52.388671875,77.475281,96.338737
670,7.790697674418604,1842.0,-46.388671875,106.966957,122.014458
671,7.802325581395349,1843.0,-45.388671875,128.461411,139.176163
672,7.813953488372093,1856.0,-32.388671875,139.49556,145.577194
673,7.825581395348837,1851.0,-37.388671875,138.459778,139.872391
674,7.837209302325581,1872.0,-16.388671875,124.888603,121.893066
675,7.848837209302326,1867.0,-21.388671875,99.776276,92.994011
676,7.86046511627907,1885.0,-3.388671875,65.410194,55.803329
677,7.872093023255814,1874.0,-14.388671875,25.135042,13.879455
678,7.883720930232558,1899.0,10.611328125,-17.201569,-28.906048
679,7.895348837209302,1892.0,3.611328125,-57.738091,-68.896103
680,7.9069767441860455,1901.0,12.611328125,-92.97139,-102.942299
681,7.918604651162791,1899.0,10.611328125,-120.037354,-128.590576
682,7.930232558139535,1890.0,1.611328125,-136.753601,-143.977997
683,7.941860465116279,1895.0,6.611328125,-141.749176,-147.874847
684,7.953488372093023,1875.0,-13.388671875,-134.489761,-139.690872
685,7.9651162790697665,1882.0,-6.388671875,-115.477356,-119.741661
686,7.9767441860465125,1856.0,-32.388671875,-86.277977,-89.384804
687,7.988372093023257,1870.0,-18.388671875,-49.590733,-51.199387
688,8.0,1837.0,-51.388671875,-8.940914,-8.737309
689,8.011627906976743,1842.0,-46.388671875,31.650789,33.822929
690,8.023255813953488,1821.0,-67.388671875,68.305359,72.365898
691,8.034883720930232,1826.0,-62.388671875,97.700806,103.370918
692,8.046511627906977,1811.0,-77.388671875,117.501015,124.393036
693,8.058139534883722,1813.0,-75.388671875,126.487488,134.203629
694,8.069767441860465,1812.0,-76.388671875,124.467247,132.677933
695,8.081395348837209,1808.0,-80.388671875,112.175346,120.604805
696,8.093023255813954,1819.0,-69.388671875,90.961121,99.355202
697,8.104651162790699,1813.0,-75.388671875,62.820591,70.851807
698,8.116279069767442,1831.0,-57.388671875,30.124174,37.366859
699,8.127906976744185,1825.0,-63.388671875,-4.231643,1.686144
700,8.13953488372093,1846.0,-42.388671875,-37.20932,-33.158848
701,8.151162790697674,1847.0,-41.388671875,-65.677757,-63.939148
702,8.162790697674417,1870.0,-18.388671875,-87.024292,-87.865898
703,8.174418604651164,1858.0,-30.388671875,-99.382469,-102.828239
704,8.186046511627907,1879.0,-9.388671875,-101.997803,-107.883492
705,8.19767441860465,1872.0,-16.388671875,-95.316017,-103.303284
706,8.209302325581396,1913.0,24.611328125,-80.6828,-90.38736
707,8.220930232558139,1897.0,8.611328125,-60.302868,-71.257935
708,8.232558139534884,1922.0,33.611328125,-36.452366,-48.188713
709,8.24418604651163,1918.0,29.611328125,-11.572782,-23.51252
710,8.255813953488373,1906.0,17.611328125,12.371792,0.886662
711,8.267441860465116,1931.0,42.611328125,33.540554,23.270584
712,8.279069767441861,1904.0,15.611328125,50.548199,42.29155
713,8.290697674418604,1914.0,25.611328125,62.19672,56.687115
714,8.30232558139535,1867.0,-21.388671875,67.767296,65.62738
715,8.313953488372093,1885.0,-3.388671875,67.004051,68.618164
716,8.325581395348838,1827.0,-61.388671875,60.240185,65.830673
717,8.337209302325581,1844.0,-44.388671875,48.621704,58.138885
718,8.348837209302324,1789.0,-99.388671875,33.666771,46.92421
719,8.36046511627907,1806.0,-82.388671875,17.446836,33.959961
720,8.372093023255815,1773.0,-115.388671875,1.713299,20.776688
721,8.383720930232558,1776.0,-112.388671875,-11.822468,8.712133
722,8.395348837209303,1779.0,-109.388671875,-22.289398,-1.675999
723,8.406976744186046,1776.0,-112.388671875,-29.155703,-10.134377
724,8.41860465116279,1829.0,-59.388671875,-32.565735,-16.953304
725,8.430232558139535,1803.0,-85.388671875,-32.870152,-22.345736
726,8.44186046511628,1900.0,11.611328125,-30.556597,-26.575226
727,8.453488372093023,1866.0,-22.388671875,-26.275375,-29.735235
728,8.465116279069766,1964.0,75.611328125,-20.497995,-31.83474
729,8.476744186046512,1929.0,40.611328125,-14.038672,-33.001587
730,8.488372093023255,2000.0,111.611328125,-7.43374,-33.273994
731,8.5,1987.0,98.611328125,-1.586284,-32.895721
732,8.511627906976745,2000.0,111.611328125,3.047006,-31.788168
733,8.523255813953488,2001.0,112.611328125,5.952324,-29.871357
734,8.534883720930232,1959.0,70.611328125,7.212152,-26.57173
735,8.546511627906977,1973.0,84.611328125,7.072103,-21.40126
736,8.558139534883722,1882.0,-6.388671875,6.088325,-13.778204
737,8.569767441860465,1923.0,34.611328125,4.918674,-3.598745
738,8.58139534883721,1803.0,-85.388671875,3.95466,8.764641
739,8.593023255813954,1841.0,-47.388671875,3.614323,22.378538
740,8.604651162790697,1742.0,-146.388671875,3.722816,35.786564
741,8.61627906976744,1771.0,-117.388671875,4.294029,47.505066
742,8.627906976744187,1724.0,-164.388671875,4.866015,55.945301
743,8.63953488372093,1728.0,-160.388671875,5.404069,60.135128
744,8.651162790697674,1757.0,-131.388671875,5.647925,59.31797
745,8.662790697674419,1738.0,-150.388671875,5.681582,53.503387
746,8.674418604651162,1829.0,-59.388671875,5.500457,42.914471
747,8.686046511627907,1791.0,-97.388671875,5.154328,28.382641
748,8.697674418604652,1919.0,30.611328125,4.742812,10.922665
749,8.709302325581396,1872.0,-16.388671875,4.141984,-8.111035
750,8.720930232558139,1991.0,102.611328125,3.508058,-27.144646
751,8.732558139534884,1958.0,69.611328125,2.641918,-44.603924
752,8.744186046511627,2027.0,138.611328125,1.741513,-58.832645
753,8.755813953488373,2013.0,124.611328125,0.623942,-68.603523
754,8.767441860465116,2000.0,111.611328125,-0.550984,-72.830513
755,8.779069767441861,2018.0,129.611328125,-1.887377,-71.112495
756,8.790697674418604,1933.0,44.611328125,-3.294266,-63.315102
757,8.802325581395348,1969.0,80.611328125,-4.740638,-50.000404
758,8.813953488372094,1842.0,-46.388671875,-6.199074,-32.035423
759,8.825581395348838,1893.0,4.611328125,-7.494904,-10.810089
760,8.837209302325581,1744.0,-144.388671875,-8.739846,11.895522
761,8.848837209302326,1810.0,-78.388671875,-9.760941,34.045155
762,8.86046511627907,1723.0,-165.388671875,-10.83066,53.383842
763,8.872093023255813,1732.0,-156.388671875,-11.856113,67.912766
764,8.88372093023256,1749.0,-139.388671875,-12.929769,75.942238
765,8.895348837209303,1730.0,-158.388671875,-13.747692,76.734344
766,8.906976744186046,1819.0,-69.388671875,-13.927179,70.264366
767,8.91860465116279,1781.0,-107.388671875,-12.855567,57.612091
768,8.930232558139535,1903.0,14.611328125,-9.895495,40.353764
769,8.941860465116278,1858.0,-30.388671875,-4.710848,20.552095
770,8.953488372093023,1964.0,75.611328125,2.786836,0.1627
771,8.965116279069768,1936.0,47.611328125,11.983191,-19.073318
772,8.976744186046512,1999.0,110.611328125,21.997307,-35.806412
773,8.988372093023255,1987.0,98.611328125,31.421782,-49.073898
774,9.0,1990.0,101.611328125,38.985355,-58.103649
775,9.011627906976745,2001.0,112.611328125,43.447037,-62.432434
776,9.023255813953488,1946.0,57.611328125,44.039974,-61.694645
777,9.034883720930234,1971.0,82.611328125,40.37426,-56.018456
778,9.046511627906977,1883.0,-5.388671875,32.504906,-45.802299
779,9.05813953488372,1915.0,26.611328125,20.85486,-32.140785
780,9.069767441860463,1825.0,-63.388671875,6.068299,-16.401642
781,9.08139534883721,1846.0,-42.388671875,-10.821842,-0.2896
782,9.093023255813954,1787.0,-101.388671875,-28.624735,14.645872
783,9.104651162790697,1805.0,-83.388671875,-45.700047,27.158169
784,9.116279069767442,1790.0,-98.388671875,-60.300571,36.524364
785,9.127906976744185,1781.0,-107.388671875,-70.515022,42.553253
786,9.13953488372093,1811.0,-77.388671875,-74.691986,45.400383
787,9.151162790697676,1798.0,-90.388671875,-71.67054,45.464508
788,9.162790697674419,1858.0,-30.388671875,-61.137939,43.00032
789,9.174418604651162,1834.0,-54.388671875,-43.718517,38.280491
790,9.186046511627907,1899.0,10.611328125,-20.918507,31.363617
791,9.19767441860465,1879.0,-9.388671875,4.98056,22.415707
792,9.209302325581396,1932.0,43.611328125,31.405334,11.687216
793,9.220930232558139,1927.0,38.611328125,55.700596,-0.193958
794,9.232558139534884,1943.0,54.611328125,75.53257,-12.397522
795,9.244186046511627,1936.0,47.611328125,89.056725,-23.777359
796,9.25581395348837,1936.0,47.611328125,95.031891,-33.19809
797,9.267441860465118,1947.0,58.611328125,92.842491,-39.701302
798,9.279069767441861,1905.0,16.611328125,82.460548,-42.721764
799,9.290697674418604,1920.0,31.611328125,64.547653,-42.189613
800,9.30232558139535,1871.0,-17.388671875,40.317062,-38.434387
801,9.313953488372093,1891.0,2.611328125,11.664602,-32.124496
802,9.325581395348836,1842.0,-46.388671875,-19.079973,-23.92392
803,9.337209302325583,1858.0,-30.388671875,-49.184196,-14.519932
804,9.348837209302326,1825.0,-63.388671875,-75.86763,-4.361732
805,9.36046511627907,1835.0,-53.388671875,-96.513596,6.061981
806,9.372093023255813,1826.0,-62.388671875,-108.988602,16.292305
807,9.383720930232558,1825.0,-63.388671875,-111.892464,25.611137
808,9.395348837209303,1837.0,-51.388671875,-104.636497,33.215874
809,9.406976744186046,1831.0,-57.388671875,-87.626907,38.273682
810,9.418604651162791,1854.0,-34.388671875,-62.151539,40.18092
811,9.430232558139535,1841.0,-47.388671875,-30.392139,38.813747
812,9.441860465116278,1872.0,-16.388671875,4.838811,34.435745
813,9.453488372093023,1859.0,-29.388671875,40.278397,27.752831
814,9.465116279069768,1888.0,-0.388671875,72.592163,19.405846
815,9.476744186046512,1881.0,-7.388671875,98.681572,10.003151
816,9.488372093023257,1904.0,15.611328125,116.008072,-0.249329
817,9.5,1899.0,10.611328125,122.858734,-11.118134
818,9.511627906976743,1907.0,18.611328125,118.434425,-22.304497
819,9.523255813953487,1910.0,21.611328125,102.96199,-32.96225
820,9.534883720930234,1906.0,17.611328125,77.612244,-41.734985
821,9.546511627906977,1919.0,30.611328125,44.537151,-46.968189
822,9.55813953488372,1904.0,15.611328125,6.671455,-47.164005
823,9.569767441860465,1906.0,17.611328125,-32.330776,-41.665222
824,9.581395348837209,1893.0,4.611328125,-68.461273,-30.812817
825,9.593023255813954,1899.0,10.611328125,-97.772346,-16.250069
826,9.604651162790699,1874.0,-14.388671875,-116.95575,-0.193375
827,9.616279069767442,1879.0,-9.388671875,-123.868454,14.861069
828,9.627906976744185,1854.0,-34.388671875,-117.950569,27.057701
829,9.63953488372093,1866.0,-22.388671875,-100.309715,35.282387
830,9.651162790697674,1840.0,-48.388671875,-73.511169,39.323814
831,9.662790697674419,1845.0,-43.388671875,-41.014351,39.577698
832,9.674418604651162,1838.0,-50.388671875,-6.539124,36.61359
833,9.686046511627907,1840.0,-48.388671875,26.464508,31.027199
834,9.69767441860465,1842.0,-46.388671875,55.246864,23.199398
835,9.709302325581394,1838.0,-50.388671875,77.769699,13.679092
836,9.72093023255814,1861.0,-27.388671875,92.778679,3.116676
837,9.732558139534884,1847.0,-41.388671875,99.451347,-7.443108
838,9.744186046511627,1884.0,-4.388671875,97.555405,-16.868889
839,9.755813953488373,1857.0,-31.388671875,87.29409,-24.027954
840,9.767441860465116,1904.0,15.611328125,69.593544,-28.212715
841,9.77906976744186,1899.0,10.611328125,46.100601,-29.203011
842,9.790697674418606,1922.0,33.611328125,19.144983,-27.291502
843,9.80232558139535,1911.0,22.611328125,-8.482893,-23.158978
844,9.813953488372093,1921.0,32.611328125,-34.000664,-17.484821
845,9.825581395348838,1921.0,32.611328125,-54.93792,-10.980106
846,9.837209302325581,1909.0,20.611328125,-69.650879,-4.113853
847,9.848837209302326,1917.0,28.611328125,-77.228706,2.588943
848,9.86046511627907,1877.0,-11.388671875,-77.718842,8.692978
849,9.872093023255815,1894.0,5.611328125,-71.640533,13.628624
850,9.883720930232558,1858.0,-30.388671875,-60.082691,16.906521
851,9.895348837209301,1871.0,-17.388671875,-44.30999,18.156174
852,9.906976744186046,1840.0,-48.388671875,-25.828419,17.329388
853,9.918604651162791,1847.0,-41.388671875,-6.251607,14.755392
854,9.930232558139535,1828.0,-60.388671875,12.80909,11.016031
855,9.94186046511628,1829.0,-59.388671875,29.700481,6.856197
856,9.953488372093023,1830.0,-58.388671875,43.164196,2.88599
857,9.965116279069766,1823.0,-65.388671875,52.130753,-0.450771
858,9.976744186046512,1846.0,-42.388671875,56.224323,-3.029613
859,9.988372093023257,1838.0,-50.388671875,55.347553,-4.870514
860,10.0,1875.0,-13.388671875,50.019753,-6.126659
861,10.011627906976743,1863.0,-25.388671875,40.943966,-6.862614
862,10.023255813953488,1900.0,11.611328125,29.147123,-7.112661
863,10.034883720930232,1888.0,-0.388671875,15.76275,-6.831338
864,10.046511627906977,1914.0,25.611328125,2.00683,-5.957332
865,10.058139534883722,1909.0,20.611328125,-10.824548,-4.53847
866,10.069767441860465,1919.0,30.611328125,-21.673578,-2.681963
867,10.081395348837209,1920.0,31.611328125,-29.541256,-0.664665
868,10.093023255813954,1899.0,10.611328125,-34.058655,1.234257
869,10.104651162790699,1911.0,22.611328125,-35.084797,2.66769
870,10.116279069767442,1872.0,-16.388671875,-33.178116,3.398159
871,10.127906976744187,1886.0,-2.388671875,-28.996323,3.28603
872,10.13953488372093,1845.0,-43.388671875,-23.476976,2.376009
873,10.151162790697674,1862.0,-26.388671875,-17.372381,0.885933
874,10.162790697674417,1821.0,-67.388671875,-11.2429,-0.849354
875,10.174418604651164,1837.0,-51.388671875,-5.433788,-2.394498
876,10.186046511627907,1824.0,-64.388671875,-0.004399,-3.410963
877,10.19767441860465,1817.0,-71.388671875,4.865331,-3.662895
878,10.209302325581396,1840.0,-48.388671875,9.226274,-3.121484
879,10.220930232558139,1840.0,-48.388671875,12.789184,-1.932102
880,10.232558139534882,1858.0,-30.388671875,15.502638,-0.409842
881,10.24418604651163,1847.0,-41.388671875,17.165724,1.189491
882,10.255813953488373,1887.0,-1.388671875,17.889044,2.626913
883,10.267441860465116,1874.0,-14.388671875,17.77832,3.821379
884,10.279069767441861,1905.0,16.611328125,17.049688,4.745865
885,10.290697674418604,1899.0,10.611328125,15.921119,5.443675
886,10.30232558139535,1918.0,29.611328125,14.368004,5.878462
887,10.313953488372093,1915.0,26.611328125,12.384136,5.950189
888,10.325581395348838,1915.0,26.611328125,9.648235,5.493145
889,10.337209302325581,1919.0,30.611328125,6.142654,4.38284
890,10.348837209302324,1901.0,12.611328125,1.702775,2.622535
891,10.36046511627907,1909.0,20.611328125,-3.295492,0.387267
892,10.372093023255815,1879.0,-9.388671875,-8.47572,-1.93187
893,10.383720930232558,1892.0,3.611328125,-13.245929,-3.952064
894,10.395348837209303,1858.0,-30.388671875,-17.113548,-5.365622
895,10.406976744186046,1869.0,-19.388671875,-19.831099,-6.127876
896,10.41860465116279,1842.0,-46.388671875,-21.28912,-6.421182
897,10.430232558139537,1840.0,-48.388671875,-21.706861,-6.566946
898,10.44186046511628,1843.0,-45.388671875,-21.096853,-6.81206
899,10.453488372093023,1840.0,-48.388671875,-19.563816,-7.186071
900,10.465116279069766,1858.0,-30.388671875,-16.788973,-7.417098
901,10.476744186046512,1845.0,-43.388671875,-12.529228,-6.996219
902,10.488372093023255,1874.0,-14.388671875,-6.461838,-5.451363
903,10.5,1865.0,-23.388671875,1.279707,-2.554433
904,10.511627906976745,1883.0,-5.388671875,10.113343,1.433275
905,10.523255813953488,1886.0,-2.388671875,18.999577,5.848191
906,10.534883720930232,1913.0,24.611328125,26.558817,9.766705
907,10.546511627906977,1904.0,15.611328125,31.600716,12.35718
908,10.558139534883722,1921.0,32.611328125,33.263733,13.210279
909,10.569767441860465,1920.0,31.611328125,31.490538,12.415182
910,10.58139534883721,1919.0,30.611328125,26.718697,10.534498
911,10.593023255813954,1923.0,34.611328125,19.939381,8.249557
912,10.604651162790697,1910.0,21.611328125,12.091125,6.11088
913,10.61627906976744,1917.0,28.611328125,3.98982,4.255213
914,10.627906976744187,1891.0,2.611328125,-3.972385,2.431829
915,10.63953488372093,1899.0,10.611328125,-11.664182,0.168772
916,10.651162790697674,1872.0,-16.388671875,-19.000597,-2.89484
917,10.662790697674419,1881.0,-7.388671875,-25.739285,-6.743145
918,10.674418604651162,1856.0,-32.388671875,-31.25849,-10.907618
919,10.686046511627907,1866.0,-22.388671875,-34.762787,-14.575315
920,10.697674418604652,1857.0,-31.388671875,-35.367016,-16.896049
921,10.709302325581396,1857.0,-31.388671875,-32.580952,-17.282705
922,10.720930232558139,1863.0,-25.388671875,-26.36092,-15.608479
923,10.732558139534884,1861.0,-27.388671875,-17.322306,-12.184123
924,10.744186046511627,1872.0,-16.388671875,-6.489334,-7.618022
925,10.755813953488373,1867.0,-21.388671875,4.885851,-2.564175
926,10.767441860465116,1887.0,-1.388671875,15.664798,2.503729
927,10.779069767441861,1879.0,-9.388671875,24.974777,7.325104
928,10.790697674418604,1899.0,10.611328125,32.180195,11.779009
929,10.802325581395348,1891.0,2.611328125,36.878849,15.70727
930,10.813953488372093,1901.0,12.611328125,38.688484,18.792583
931,10.825581395348838,1902.0,13.611328125,37.355537,20.555317
932,10.837209302325581,1899.0,10.611328125,32.666927,20.420164
933,10.848837209302326,1905.0,16.611328125,24.79077,18.011967
934,10.86046511627907,1895.0,6.611328125,14.249232,13.262872
935,10.872093023255813,1896.0,7.611328125,2.09912,6.611576
936,10.88372093023256,1887.0,-1.388671875,-10.29021,-1.08481
937,10.895348837209303,1893.0,4.611328125,-21.449276,-8.717133
938,10.906976744186046,1881.0,-7.388671875,-30.123701,-15.176028
939,10.91860465116279,1885.0,-3.388671875,-35.515774,-19.604538
940,10.930232558139535,1872.0,-16.388671875,-37.341637,-21.532553
941,10.941860465116278,1876.0,-12.388671875,-35.8237,-20.969072
942,10.953488372093023,1872.0,-16.388671875,-31.4508,-18.262508
943,10.965116279069768,1872.0,-16.388671875,-24.897957,-14.059094
944,10.976744186046512,1874.0,-14.388671875,-16.797834,-9.032262
945,10.988372093023255,1872.0,-16.388671875,-7.802843,-3.831204
946,11.0,1881.0,-7.388671875,1.502872,1.090573
947,11.011627906976745,1883.0,-5.388671875,10.486286,5.454929
948,11.023255813953488,1886.0,-2.388671875,18.533564,9.147504
949,11.034883720930234,1885.0,-3.388671875,25.076874,12.158818
950,11.046511627906977,1895.0,6.611328125,29.649647,14.451536
951,11.05813953488372,1889.0,0.611328125,31.949165,15.954897
952,11.069767441860463,1900.0,11.611328125,31.820866,16.448746
953,11.08139534883721,1899.0,10.611328125,29.250364,15.693296
954,11.093023255813954,1905.0,16.611328125,24.340363,13.444779
955,11.104651162790697,1899.0,10.611328125,17.363596,9.67931
956,11.116279069767442,1908.0,19.611328125,8.762661,4.604814
957,11.127906976744185,1903.0,14.611328125,-0.763433,-1.237305
958,11.13953488372093,1904.0,15.611328125,-10.328547,-7.093669
959,11.151162790697676,1904.0,15.611328125,-18.880533,-12.111168
960,11.162790697674419,1905.0,16.611328125,-25.479116,-15.565865
961,11.174418604651162,1904.0,15.611328125,-29.422852,-17.052204
962,11.186046511627907,1898.0,9.611328125,-30.439236,-16.497501
963,11.19767441860465,1902.0,13.611328125,-28.681795,-14.232958
964,11.209302325581396,1900.0,11.611328125,-24.656874,-10.769021
965,11.220930232558139,1896.0,7.611328125,-19.054773,-6.763783
966,11.232558139534884,1894.0,5.611328125,-12.493218,-2.693226
967,11.244186046511627,1898.0,9.611328125,-5.512197,1.06604
968,11.25581395348837,1892.0,3.611328125,1.566316,4.393642
969,11.267441860465118,1895.0,6.611328125,8.407306,7.246477
970,11.279069767441861,1898.0,9.611328125,14.730142,9.643816
971,11.290697674418604,1891.0,2.611328125,20.100985,11.54858
972,11.30232558139535,1883.0,-5.388671875,24.060127,12.793958
973,11.313953488372093,1888.0,-0.388671875,26.127569,13.1736
974,11.325581395348836,1887.0,-1.388671875,25.960268,12.380518
975,11.337209302325583,1883.0,-5.388671875,23.454876,10.298475
976,11.348837209302326,1874.0,-14.388671875,18.77384,6.908809
977,11.36046511627907,1882.0,-6.388671875,12.422316,2.564082
978,11.372093023255815,1887.0,-1.388671875,5.02748,-2.276295
979,11.383720930232558,1886.0,-2.388671875,-2.590568,-6.927379
980,11.395348837209301,1891.0,2.611328125,-9.666339,-10.749199
981,11.406976744186046,1885.0,-3.388671875,-15.477681,-13.252469
982,11.418604651162791,1887.0,-1.388671875,-19.536015,-14.169474
983,11.430232558139535,1888.0,-0.388671875,-21.564722,-13.556135
984,11.441860465116278,1885.0,-3.388671875,-21.585829,-11.611301
985,11.453488372093023,1889.0,0.611328125,-19.822376,-8.717424
986,11.465116279069768,1878.0,-10.388671875,-16.643963,-5.151991
987,11.476744186046512,1883.0,-5.388671875,-12.465647,-1.21899
988,11.488372093023257,1877.0,-11.388671875,-7.648056,2.905351
989,11.5,1874.0,-14.388671875,-2.547964,6.936836
990,11.511627906976743,1873.0,-15.388671875,2.560446,10.561726
991,11.523255813953488,1874.0,-14.388671875,7.301251,13.326794
992,11.534883720930234,1875.0,-13.388671875,11.317948,14.76055
993,11.546511627906977,1873.0,-15.388671875,14.186342,14.528714
994,11.55813953488372,1878.0,-10.388671875,15.632078,12.515135
995,11.569767441860465,1883.0,-5.388671875,15.542097,9.004027
996,11.581395348837209,1890.0,1.611328125,14.07194,4.47083
997,11.593023255813954,1885.0,-3.388671875,11.588562,-0.382334
998,11.604651162790699,1889.0,0.611328125,8.523626,-5.001456
999,11.616279069767442,1890.0,1.611328125,5.300794,-8.916672
1000,11.627906976744185,1898.0,9.611328125,2.115509,-11.974899
1001,11.63953488372093,1888.0,-0.388671875,-0.938346,-14.121164
1002,11.651162790697674,1893.0,4.611328125,-3.888559,-15.332315
1003,11.662790697674419,1894.0,5.611328125,-6.629681,-15.488627
1004,11.674418604651164,1894.0,5.611328125,-8.989129,-14.351097
1005,11.686046511627907,1890.0,1.611328125,-10.609897,-11.724436
1006,11.69767441860465,1888.0,-0.388671875,-11.154489,-7.473543
1007,11.709302325581394,1893.0,4.611328125,-10.466174,-1.88514
1008,11.72093023255814,1888.0,-0.388671875,-8.640409,4.542968
1009,11.732558139534884,1888.0,-0.388671875,-6.063332,10.979292
1010,11.744186046511627,1885.0,-3.388671875,-3.23893,16.584564
1011,11.755813953488373,1882.0,-6.388671875,-0.68258,20.604321
1012,11.767441860465116,1883.0,-5.388671875,1.367043,22.587063
1013,11.77906976744186,1881.0,-7.388671875,2.842098,22.382671
1014,11.790697674418606,1884.0,-4.388671875,3.905597,20.027821
1015,11.80232558139535,1883.0,-5.388671875,4.694262,15.783737
1016,11.813953488372093,1891.0,2.611328125,5.286891,9.878429
1017,11.825581395348838,1882.0,-6.388671875,5.593307,2.740108
1018,11.837209302325581,1887.0,-1.388671875,5.480664,-5.189515
1019,11.848837209302326,1884.0,-4.388671875,4.875003,-13.2218
1020,11.86046511627907,1890.0,1.611328125,3.824655,-20.569654
1021,11.872093023255815,1887.0,-1.388671875,2.55515,-26.385757
1022,11.883720930232558,1888.0,-0.388671875,1.296065,-29.913067
1023,11.895348837209301,1890.0,1.611328125,0.264636,-30.670784
1024,11.906976744186046,1895.0,6.611328125,-0.541292,-28.463976
1025,11.918604651162791,1894.0,5.611328125,-1.206211,-23.490213
1026,11.930232558139535,1904.0,15.611328125,-1.870611,-16.110992
1027,11.94186046511628,1894.0,5.611328125,-2.571832,-6.949663
1028,11.953488372093023,1904.0,15.611328125,-3.131477,3.402532
1029,11.965116279069766,1904.0,15.611328125,-3.29162,14.156891
1030,11.976744186046512,1908.0,19.611328125,-2.790392,24.464527
1031,11.988372093023257,1905.0,16.611328125,-1.650832,33.278488
1032,12.0,1908.0,19.611328125,-0.144122,39.506069
1033,12.011627906976743,1907.0,18.611328125,1.161557,42.135483
1034,12.023255813953488,1906.0,17.611328125,1.70454,40.453724
1035,12.034883720930232,1904.0,15.611328125,1.138291,34.323307
1036,12.046511627906977,1905.0,16.611328125,-0.41036,24.220337
1037,12.058139534883722,1905.0,16.611328125,-2.434051,11.241355
1038,12.069767441860465,1904.0,15.611328125,-4.15947,-3.159702
1039,12.081395348837209,1905.0,16.611328125,-4.890855,-17.369274
1040,12.093023255813954,1904.0,15.611328125,-4.28067,-29.947445
1041,12.104651162790697,1906.0,17.611328125,-2.4264,-39.724953
1042,12.116279069767442,1907.0,18.611328125,0.154726,-45.929249
1043,12.127906976744187,1905.0,16.611328125,2.814328,-48.093582
1044,12.13953488372093,1907.0,18.611328125,4.949433,-46.052971
1045,12.151162790697674,1908.0,19.611328125,6.262225,-39.896473
1046,12.162790697674417,1911.0,22.611328125,6.690544,-30.01416
1047,12.174418604651164,1910.0,21.611328125,6.398037,-17.129068
1048,12.186046511627907,1909.0,20.611328125,5.532089,-2.322837
1049,12.19767441860465,1910.0,21.611328125,4.205627,13.033092
1050,12.209302325581396,1910.0,21.611328125,2.431598,27.446268
1051,12.220930232558139,1911.0,22.611328125,0.232053,39.459339
1052,12.232558139534882,1903.0,14.611328125,-2.251858,47.929417
1053,12.24418604651163,1904.0,15.611328125,-4.70944,52.101627
1054,12.255813953488373,1898.0,9.611328125,-6.692539,51.716213
1055,12.267441860465116,1897.0,8.611328125,-7.776766,46.88546
1056,12.279069767441861,1891.0,2.611328125,-7.6699,38.092148
1057,12.290697674418604,1893.0,4.611328125,-6.388084,26.000244
1058,12.30232558139535,1899.0,10.611328125,-4.205171,11.486103
1059,12.313953488372093,1897.0,8.611328125,-1.640554,-4.443198
1060,12.325581395348838,1903.0,14.611328125,0.770463,-20.600975
1061,12.337209302325581,1901.0,12.611328125,2.594149,-35.597748
1062,12.348837209302324,1918.0,29.611328125,3.629062,-48.006855
1063,12.36046511627907,1907.0,18.611328125,3.904333,-56.404633
1064,12.372093023255815,1919.0,30.611328125,3.653707,-59.687054
1065,12.383720930232558,1920.0,31.611328125,3.177823,-57.187374
1066,12.395348837209303,1923.0,34.611328125,2.727252,-48.952076
1067,12.406976744186046,1921.0,32.611328125,2.443069,-35.665249
1068,12.41860465116279,1915.0,26.611328125,2.284528,-18.67861
1069,12.430232558139537,1920.0,31.611328125,2.118044,0.265312
1070,12.44186046511628,1904.0,15.611328125,1.719238,19.222233
1071,12.453488372093023,1910.0,21.611328125,0.971348,36.326794
1072,12.465116279069766,1895.0,6.611328125,-0.138355,50.001518
1073,12.476744186046512,1899.0,10.611328125,-1.421774,58.975594
1074,12.488372093023255,1885.0,-3.388671875,-2.586111,62.445927
1075,12.5,1889.0,0.611328125,-3.303322,59.955444
1076,12.511627906976745,1873.0,-15.388671875,-3.366728,51.580036
1077,12.523255813953488,1876.0,-12.388671875,-2.751421,37.894901
1078,12.534883720930232,1895.0,6.611328125,-1.659055,20.124081
1079,12.546511627906977,1886.0,-2.388671875,-0.488265,0.038417
1080,12.558139534883722,1904.0,15.611328125,0.40649,-20.076754
1081,12.569767441860465,1898.0,9.611328125,0.744139,-37.757816
1082,12.58139534883721,1920.0,31.611328125,0.525862,-50.80587
1083,12.593023255813954,1913.0,24.611328125,-0.079484,-57.613075
1084,12.604651162790697,1935.0,46.611328125,-0.721434,-57.617584
1085,12.61627906976744,1927.0,38.611328125,-1.122731,-51.229836
1086,12.627906976744187,1935.0,46.611328125,-1.082436,-39.83662
1087,12.63953488372093,1940.0,51.611328125,-0.607619,-25.293629
1088,12.651162790697674,1925.0,36.611328125,0.141833,-9.669894
1089,12.662790697674419,1931.0,42.611328125,0.977365,5.270813
1090,12.674418604651162,1913.0,24.611328125,1.714522,18.172367
1091,12.686046511627906,1919.0,30.611328125,2.284909,28.137035
1092,12.697674418604652,1898.0,9.611328125,2.639762,34.688198
1093,12.709302325581396,1904.0,15.611328125,2.795826,37.558754
1094,12.720930232558139,1888.0,-0.388671875,2.699876,36.80196
1095,12.732558139534884,1892.0,3.611328125,2.286412,32.613522
1096,12.744186046511627,1893.0,4.611328125,1.475065,25.622316
1097,12.755813953488373,1883.0,-5.388671875,0.267809,16.70426
1098,12.767441860465116,1893.0,4.611328125,-1.197399,7.106907
1099,12.779069767441861,1885.0,-3.388671875,-2.681905,-1.90445
1100,12.790697674418604,1904.0,15.611328125,-3.858028,-9.199841
1101,12.802325581395348,1898.0,9.611328125,-4.499363,-14.08886
1102,12.813953488372093,1910.0,21.611328125,-4.505159,-16.489971
1103,12.825581395348838,1915.0,26.611328125,-3.949795,-16.717531
1104,12.837209302325581,1933.0,44.611328125,-3.015809,-15.504542
1105,12.848837209302326,1915.0,26.611328125,-1.936117,-13.513881
1106,12.86046511627907,1935.0,46.611328125,-0.82349,-11.312692
1107,12.872093023255813,1935.0,46.611328125,0.309181,-9.085482
1108,12.88372093023256,1936.0,47.611328125,1.559055,-6.858194
1109,12.895348837209303,1936.0,47.611328125,3.007946,-4.537455
1110,12.906976744186046,1930.0,41.611328125,4.631957,-2.137763
1111,12.918604651162791,1934.0,45.611328125,6.227567,0.120492
1112,12.930232558139535,1922.0,33.611328125,7.422622,1.909083
1113,12.941860465116278,1927.0,38.611328125,7.814878,2.821084
1114,12.953488372093023,1909.0,20.611328125,7.050666,2.714046
1115,12.965116279069768,1919.0,30.611328125,5.037285,1.674281
1116,12.976744186046512,1909.0,20.611328125,1.896257,0.18063
1117,12.988372093023255,1910.0,21.611328125,-1.954712,-1.151797
1118,13.0,1904.0,15.611328125,-5.948988,-1.619793
1119,13.011627906976745,1905.0,16.611328125,-9.45741,-0.780511
1120,13.023255813953488,1904.0,15.611328125,-11.924648,1.491146
1121,13.034883720930234,1903.0,14.611328125,-12.954506,4.937576
1122,13.046511627906977,1903.0,14.611328125,-12.368411,8.943667
1123,13.05813953488372,1904.0,15.611328125,-10.234668,12.77702
1124,13.069767441860465,1904.0,15.611328125,-6.836584,15.600142
1125,13.08139534883721,1903.0,14.611328125,-2.619146,16.830456
1126,13.093023255813954,1904.0,15.611328125,1.909331,16.035316
1127,13.104651162790697,1907.0,18.611328125,6.243055,13.172185
1128,13.116279069767442,1908.0,19.611328125,9.976515,8.414589
1129,13.127906976744185,1904.0,15.611328125,12.825789,2.256188
1130,13.13953488372093,1917.0,28.611328125,14.652097,-4.622243
1131,13.151162790697676,1914.0,25.611328125,15.324994,-11.50463
1132,13.162790697674419,1923.0,34.611328125,14.750092,-17.617176
1133,13.174418604651162,1921.0,32.611328125,12.807479,-22.368923
1134,13.186046511627907,1937.0,48.611328125,9.443357,-25.209633
1135,13.19767441860465,1930.0,41.611328125,4.713005,-25.898115
1136,13.209302325581396,1937.0,48.611328125,-1.063883,-24.253336
1137,13.22093023255814,1936.0,47.611328125,-7.293383,-20.373264
1138,13.232558139534884,1938.0,49.611328125,-13.172294,-14.461519
1139,13.244186046511627,1936.0,47.611328125,-17.843817,-6.962003
1140,13.25581395348837,1933.0,44.611328125,-20.596706,1.521931
1141,13.267441860465116,1936.0,47.611328125,-21.027462,10.238056
1142,13.279069767441861,1919.0,30.611328125,-19.122328,18.312761
1143,13.290697674418604,1925.0,36.611328125,-15.176165,24.973867
1144,13.30232558139535,1904.0,15.611328125,-9.728599,29.475452
1145,13.313953488372093,1911.0,22.611328125,-3.376384,31.394421
1146,13.325581395348836,1894.0,5.611328125,3.262027,30.425797
1147,13.337209302325583,1897.0,8.611328125,9.596829,26.620895
1148,13.348837209302326,1893.0,4.611328125,15.043432,20.223623
1149,13.36046511627907,1894.0,5.611328125,19.030857,11.738091
1150,13.372093023255815,1904.0,15.611328125,21.08152,1.936049
1151,13.383720930232558,1894.0,5.611328125,20.877457,-8.252665
1152,13.395348837209301,1919.0,30.611328125,18.44314,-17.686281
1153,13.406976744186046,1911.0,22.611328125,14.104993,-25.323475
1154,13.418604651162791,1949.0,60.611328125,8.547984,-30.205013
1155,13.430232558139535,1933.0,44.611328125,2.518188,-31.856995
1156,13.441860465116278,1950.0,61.611328125,-3.199636,-30.158932
1157,13.453488372093023,1946.0,57.611328125,-8.088223,-25.542549
1158,13.465116279069768,1959.0,70.611328125,-11.840298,-18.723145
1159,13.476744186046512,1952.0,63.611328125,-14.395071,-10.620701
1160,13.488372093023257,1953.0,64.611328125,-15.766337,-2.137243
1161,13.5,1951.0,62.611328125,-15.988676,5.939718
1162,13.511627906976743,1936.0,47.611328125,-15.063337,12.953295
1163,13.523255813953488,1936.0,47.611328125,-12.980002,18.421131
1164,13.534883720930234,1930.0,41.611328125,-9.829817,21.946264
1165,13.546511627906977,1930.0,41.611328125,-5.850121,23.287813
1166,13.55813953488372,1911.0,22.611328125,-1.447132,22.368984
1167,13.569767441860465,1923.0,34.611328125,2.917509,19.402704
1168,13.581395348837209,1904.0,15.611328125,6.745487,14.838675
1169,13.593023255813954,1907.0,18.611328125,9.681834,9.348043
1170,13.604651162790699,1920.0,31.611328125,11.508019,3.659829
1171,13.616279069767442,1917.0,28.611328125,12.137513,-1.607546
1172,13.627906976744185,1920.0,31.611328125,11.621715,-6.017558
1173,13.63953488372093,1929.0,40.611328125,10.098839,-9.364605
1174,13.651162790697674,1941.0,52.611328125,7.786769,-11.614602
1175,13.662790697674419,1936.0,47.611328125,4.963623,-12.803295
1176,13.674418604651164,1951.0,62.611328125,2.000094,-12.964536
1177,13.686046511627907,1948.0,59.611328125,-0.744493,-12.136879
1178,13.69767441860465,1957.0,68.611328125,-2.939307,-10.410293
1179,13.709302325581394,1951.0,62.611328125,-4.385418,-7.972688
1180,13.72093023255814,1950.0,61.611328125,-5.0223,-5.129632
1181,13.732558139534884,1953.0,64.611328125,-4.926841,-2.239362
1182,13.744186046511627,1938.0,49.611328125,-4.300917,0.345037
1183,13.755813953488373,1942.0,53.611328125,-3.346364,2.428526
1184,13.767441860465116,1925.0,36.611328125,-2.298306,3.951588
1185,13.77906976744186,1935.0,46.611328125,-1.33546,4.983704
1186,13.790697674418606,1918.0,29.611328125,-0.672124,5.590266
1187,13.80232558139535,1920.0,31.611328125,-0.465848,5.775618
1188,13.813953488372093,1914.0,25.611328125,-0.827544,5.492912
1189,13.825581395348838,1915.0,26.611328125,-1.755109,4.660216
1190,13.837209302325581,1918.0,29.611328125,-3.07824,3.322769
1191,13.848837209302324,1917.0,28.611328125,-4.489811,1.673317
1192,13.86046511627907,1921.0,32.611328125,-5.550166,0.117985
1193,13.872093023255815,1920.0,31.611328125,-5.891773,-0.921319
1194,13.883720930232558,1927.0,38.611328125,-5.267097,-1.133318
1195,13.895348837209301,1926.0,37.611328125,-3.6745,-0.459293
1196,13.906976744186046,1929.0,40.611328125,-1.313251,0.806326
1197,13.918604651162791,1931.0,42.611328125,1.4847,2.18197
1198,13.930232558139535,1926.0,37.611328125,4.359871,3.086994
1199,13.94186046511628,1927.0,38.611328125,7.05921,3.185497
1200,13.953488372093023,1925.0,36.611328125,9.384983,2.361487
1201,13.965116279069766,1923.0,34.611328125,11.220006,0.850715
1202,13.976744186046512,1917.0,28.611328125,12.395735,-0.975563
1203,13.988372093023257,1922.0,33.611328125,12.719541,-2.701584
1204,14.0,1916.0,27.611328125,11.918774,-4.056421
1205,14.011627906976743,1913.0,24.611328125,9.801837,-4.949206
1206,14.023255813953488,1920.0,31.611328125,6.302261,-5.431024
1207,14.034883720930232,1915.0,26.611328125,1.567699,-5.664079
1208,14.046511627906977,1925.0,36.611328125,-3.956372,-5.684026
1209,14.058139534883722,1920.0,31.611328125,-9.689787,-5.533762
1210,14.069767441860465,1930.0,41.611328125,-14.895642,-5.087649
1211,14.081395348837209,1929.0,40.611328125,-18.901722,-4.244862
1212,14.093023255813954,1936.0,47.611328125,-21.088135,-2.855585
1213,14.104651162790697,1934.0,45.611328125,-21.074165,-0.878828
1214,14.116279069767442,1935.0,46.611328125,-18.679226,1.653534
1215,14.127906976744187,1934.0,45.611328125,-14.060698,4.56558
1216,14.13953488372093,1929.0,40.611328125,-7.687384,7.541188
1217,14.151162790697674,1923.0,34.611328125,-0.304172,10.188501
1218,14.162790697674417,1921.0,32.611328125,7.129301,12.00975
1219,14.174418604651164,1926.0,37.611328125,13.665209,12.60525
1220,14.186046511627907,1922.0,33.611328125,18.480268,11.671841
1221,14.19767441860465,1920.0,31.611328125,21.121395,9.237969
1222,14.209302325581396,1927.0,38.611328125,21.488695,5.581951
1223,14.220930232558139,1922.0,33.611328125,19.835522,1.255457
1224,14.232558139534882,1942.0,53.611328125,16.603886,-3.114326
1225,14.24418604651163,1933.0,44.611328125,12.244807,-7.00162
1226,14.255813953488373,1943.0,54.611328125,7.171565,-10.046077
1227,14.267441860465116,1936.0,47.611328125,1.65297,-12.198844
1228,14.279069767441861,1946.0,57.611328125,-4.021236,-13.505949
1229,14.290697674418604,1950.0,61.611328125,-9.543829,-14.111702
1230,14.30232558139535,1937.0,48.611328125,-14.451298,-13.991987
1231,14.313953488372093,1951.0,62.611328125,-18.180407,-13.00351
1232,14.325581395348838,1937.0,48.611328125,-20.20586,-10.889881
1233,14.337209302325581,1949.0,60.611328125,-20.148933,-7.479926
1234,14.348837209302324,1930.0,41.611328125,-17.934607,-2.782703
1235,14.36046511627907,1933.0,44.611328125,-13.84468,2.831868
1236,14.372093023255815,1920.0,31.611328125,-8.429031,8.768509
1237,14.383720930232558,1923.0,34.611328125,-2.379911,14.267709
1238,14.395348837209303,1915.0,26.611328125,3.587717,18.600002
1239,14.406976744186046,1914.0,25.611328125,8.8817,21.241514
1240,14.41860465116279,1917.0,28.611328125,13.05064,21.873302
1241,14.430232558139535,1915.0,26.611328125,15.805633,20.479136
1242,14.44186046511628,1936.0,47.611328125,16.977627,17.162508
1243,14.453488372093023,1923.0,34.611328125,16.496552,12.198349
1244,14.465116279069768,1959.0,70.611328125,14.437031,5.917578
1245,14.476744186046512,1938.0,49.611328125,10.981056,-1.224928
1246,14.488372093023255,1968.0,79.611328125,6.526811,-8.648187
1247,14.5,1962.0,73.611328125,1.556935,-15.700163
1248,14.511627906976745,1971.0,82.611328125,-3.351086,-21.690102
1249,14.523255813953488,1969.0,80.611328125,-7.653002,-26.015667
1250,14.534883720930232,1968.0,79.611328125,-10.902094,-28.190536
1251,14.546511627906977,1970.0,81.611328125,-12.809818,-27.968897
1252,14.55813953488372,1961.0,72.611328125,-13.270165,-25.249821
1253,14.569767441860465,1968.0,79.611328125,-12.313785,-20.146351
1254,14.58139534883721,1947.0,58.611328125,-10.132513,-12.879777
1255,14.593023255813954,1954.0,65.611328125,-6.987618,-3.884212
1256,14.604651162790697,1934.0,45.611328125,-3.269701,6.197574
1257,14.616279069767442,1943.0,54.611328125,0.604456,16.459381
1258,14.627906976744187,1923.0,34.611328125,4.149324,25.776304
1259,14.63953488372093,1928.0,39.611328125,6.934921,32.960449
1260,14.651162790697674,1930.0,41.611328125,8.640515,36.962948
1261,14.662790697674419,1931.0,42.611328125,9.094129,37.13884
1262,14.674418604651162,1936.0,47.611328125,8.337425,33.346886
1263,14.686046511627906,1935.0,46.611328125,6.559287,26.050087
1264,14.697674418604652,1943.0,54.611328125,4.105489,16.116234
1265,14.709302325581396,1938.0,49.611328125,1.323514,4.688848
1266,14.720930232558139,1951.0,62.611328125,-1.418398,-7.1006
1267,14.732558139534884,1946.0,57.611328125,-3.830443,-18.215389
1268,14.744186046511627,1952.0,63.611328125,-5.641461,-27.795036
1269,14.755813953488373,1951.0,62.611328125,-6.629874,-35.087589
1270,14.767441860465118,1947.0,58.611328125,-6.616534,-39.416584
1271,14.779069767441861,1955.0,66.611328125,-5.472383,-40.209888
1272,14.790697674418604,1935.0,46.611328125,-3.270963,-37.111378
1273,14.802325581395348,1949.0,60.611328125,-0.212282,-30.141537
1274,14.813953488372093,1923.0,34.611328125,3.183954,-19.849985
1275,14.825581395348838,1926.0,37.611328125,6.30703,-7.312337
1276,14.837209302325581,1921.0,32.611328125,8.436669,5.990347
1277,14.848837209302326,1919.0,30.611328125,9.003924,18.406822
1278,14.86046511627907,1918.0,29.611328125,7.728573,28.482422
1279,14.872093023255813,1921.0,32.611328125,4.736107,35.190979
1280,14.88372093023256,1918.0,29.611328125,0.570902,38.102634
1281,14.895348837209303,1915.0,26.611328125,-3.972814,37.32877
1282,14.906976744186046,1921.0,32.611328125,-7.967093,33.37207
1283,14.918604651162791,1922.0,33.611328125,-10.698607,26.906349
1284,14.930232558139535,1931.0,42.611328125,-11.697236,18.618969
1285,14.941860465116278,1927.0,38.611328125,-10.963772,9.128565
1286,14.953488372093023,1937.0,48.611328125,-8.785522,-0.990571
1287,14.965116279069768,1937.0,48.611328125,-5.693821,-11.10095
1288,14.976744186046512,1942.0,53.611328125,-2.20819,-20.450836
1289,14.988372093023255,1938.0,49.611328125,1.237448,-28.18346
1290,15.0,1941.0,52.611328125,4.404416,-33.4277
1291,15.011627906976745,1943.0,54.611328125,7.203439,-35.463749
1292,15.023255813953488,1945.0,56.611328125,9.584027,-33.923054
1293,15.034883720930234,1942.0,53.611328125,11.466459,-28.893263
1294,15.046511627906977,1948.0,59.611328125,12.669512,-20.917624
1295,15.05813953488372,1951.0,62.611328125,12.919755,-10.948215
1296,15.069767441860465,1943.0,54.611328125,11.872164,-0.185896
1297,15.08139534883721,1947.0,58.611328125,9.327882,10.130103
1298,15.093023255813954,1950.0,61.611328125,5.24518,18.877052
1299,15.104651162790697,1945.0,56.611328125,-0.123078,25.174221
1300,15.116279069767442,1940.0,51.611328125,-6.182998,28.550835
1301,15.127906976744185,1938.0,49.611328125,-12.098419,28.89534
1302,15.139534883720929,1936.0,47.611328125,-16.91976,26.485094
1303,15.151162790697676,1936.0,47.611328125,-19.771988,21.874275
1304,15.162790697674419,1931.0,42.611328125,-20.056314,15.777815
1305,15.174418604651162,1926.0,37.611328125,-17.645975,8.899111
1306,15.186046511627907,1926.0,37.611328125,-12.894452,1.858064
1307,15.19767441860465,1923.0,34.611328125,-6.619505,-4.904477
1308,15.209302325581396,1926.0,37.611328125,0.148876,-11.06898
1309,15.22093023255814,1925.0,36.611328125,6.389555,-16.346657
1310,15.232558139534884,1925.0,36.611328125,11.360195,-20.407663
1311,15.244186046511627,1931.0,42.611328125,14.74142,-22.78088
1312,15.25581395348837,1939.0,50.611328125,16.553375,-23.04298
1313,15.267441860465116,1935.0,46.611328125,17.03451,-20.863211
1314,15.279069767441861,1943.0,54.611328125,16.389542,-16.318001
1315,15.290697674418604,1940.0,51.611328125,14.679529,-9.876534
1316,15.30232558139535,1951.0,62.611328125,11.784829,-2.469234
1317,15.313953488372093,1949.0,60.611328125,7.574931,4.76417
1318,15.325581395348836,1947.0,58.611328125,2.137124,10.776785
1319,15.337209302325583,1949.0,60.611328125,-4.047702,14.878582
1320,15.348837209302326,1943.0,54.611328125,-10.120055,16.91465
1321,15.36046511627907,1951.0,62.611328125,-15.036384,17.114033
1322,15.372093023255815,1935.0,46.611328125,-17.929758,15.950544
1323,15.383720930232558,1939.0,50.611328125,-18.373966,13.803391
1324,15.395348837209301,1933.0,44.611328125,-16.549669,10.878294
1325,15.406976744186046,1936.0,47.611328125,-13.121369,7.141599
1326,15.418604651162791,1926.0,37.611328125,-8.954986,2.574614
1327,15.430232558139535,1927.0,38.611328125,-4.741992,-2.608783
1328,15.441860465116278,1926.0,37.611328125,-0.825274,-7.847339
1329,15.453488372093023,1921.0,32.611328125,2.81389,-12.251002
1330,15.465116279069768,1925.0,36.611328125,6.342862,-14.911097
1331,15.476744186046512,1920.0,31.611328125,9.774219,-15.173408
1332,15.488372093023257,1931.0,42.611328125,12.797895,-13.004492
1333,15.5,1931.0,42.611328125,14.804631,-8.946876
1334,15.511627906976743,1947.0,58.611328125,15.145203,-4.031492
1335,15.523255813953488,1945.0,56.611328125,13.427136,0.64155
1336,15.534883720930234,1953.0,64.611328125,9.824843,4.236042
1337,15.546511627906977,1953.0,64.611328125,5.026015,6.386569
1338,15.55813953488372,1954.0,65.611328125,0.058305,7.208168
1339,15.569767441860465,1954.0,65.611328125,-4.132154,7.042828
1340,15.581395348837209,1950.0,61.611328125,-6.96903,6.287262
1341,15.593023255813954,1956.0,67.611328125,-8.396168,5.11553
1342,15.604651162790699,1937.0,48.611328125,-8.771293,3.583098
1343,15.616279069767442,1946.0,57.611328125,-8.54615,1.668051
1344,15.627906976744185,1925.0,36.611328125,-8.054078,-0.492395
1345,15.63953488372093,1934.0,45.611328125,-7.297719,-2.582728
1346,15.651162790697674,1915.0,26.611328125,-6.114046,-4.140078
1347,15.662790697674417,1921.0,32.611328125,-4.317835,-4.768069
1348,15.674418604651162,1913.0,24.611328125,-1.987233,-4.324516
1349,15.686046511627906,1911.0,22.611328125,0.511741,-2.987675
1350,15.697674418604652,1911.0,22.611328125,2.603963,-1.247102
1351,15.709302325581396,1907.0,18.611328125,3.762342,0.383822
1352,15.72093023255814,1918.0,29.611328125,3.802569,1.53535
1353,15.732558139534884,1919.0,30.611328125,2.925755,2.160929
1354,15.744186046511627,1926.0,37.611328125,1.721686,2.457003
1355,15.755813953488373,1921.0,32.611328125,0.817203,2.722227
1356,15.767441860465116,1936.0,47.611328125,0.682008,3.11068
1357,15.77906976744186,1931.0,42.611328125,1.350505,3.512266
1358,15.790697674418604,1946.0,57.611328125,2.532955,3.595335
1359,15.802325581395348,1936.0,47.611328125,3.72841,2.984292
1360,15.813953488372091,1951.0,62.611328125,4.493756,1.510189
1361,15.82558139534884,1947.0,58.611328125,4.623549,-0.694983
1362,15.837209302325583,1968.0,79.611328125,4.164052,-3.13857
1363,15.848837209302326,1947.0,58.611328125,3.306592,-5.269907
1364,15.86046511627907,1951.0,62.611328125,2.242947,-6.56656
1365,15.872093023255815,1953.0,64.611328125,1.045437,-6.858564
1366,15.883720930232558,1941.0,52.611328125,-0.373199,-6.252982
1367,15.895348837209301,1945.0,56.611328125,-2.085548,-5.058796
1368,15.906976744186046,1936.0,47.611328125,-4.088965,-3.594995
1369,15.91860465116279,1937.0,48.611328125,-6.174366,-2.036901
1370,15.930232558139533,1932.0,43.611328125,-7.976762,-0.41112
1371,15.941860465116278,1931.0,42.611328125,-9.104829,1.347274
1372,15.953488372093025,1929.0,40.611328125,-9.240861,3.230817
1373,15.965116279069768,1931.0,42.611328125,-8.33483,5.080895
1374,15.976744186046513,1935.0,46.611328125,-6.479786,6.614391
1375,15.988372093023257,1933.0,44.611328125,-3.989776,7.491779
1376,16.0,1943.0,54.611328125,-1.134802,7.517674
1377,16.011627906976745,1936.0,47.611328125,1.80342,6.684535
1378,16.023255813953487,1942.0,53.611328125,4.636023,5.192305
1379,16.03488372093023,1939.0,50.611328125,7.163538,3.316382
1380,16.046511627906977,1942.0,53.611328125,9.169597,1.313856
1381,16.05813953488372,1942.0,53.611328125,10.422862,-0.65905
1382,16.069767441860463,1941.0,52.611328125,10.720006,-2.514082
1383,16.081395348837212,1943.0,54.611328125,10.024453,-4.166482
1384,16.093023255813954,1936.0,47.611328125,8.433982,-5.478033
1385,16.1046511627907,1936.0,47.611328125,6.250274,-6.231219
1386,16.116279069767444,1934.0,45.611328125,3.773365,-6.263677
1387,16.127906976744185,1935.0,46.611328125,1.257598,-5.568209
1388,16.13953488372093,1922.0,33.611328125,-1.266606,-4.414396
1389,16.151162790697676,1920.0,31.611328125,-3.879915,-3.233455
1390,16.162790697674417,1920.0,31.611328125,-6.688612,-2.482338
1391,16.174418604651162,1921.0,32.611328125,-9.648819,-2.392442
1392,16.186046511627907,1926.0,37.611328125,-12.433372,-2.830255
1393,16.19767441860465,1925.0,36.611328125,-14.472311,-3.279017
1394,16.209302325581397,1938.0,49.611328125,-15.071564,-3.043498
1395,16.220930232558143,1936.0,47.611328125,-13.744616,-1.58512
1396,16.232558139534884,1943.0,54.611328125,-10.36588,1.230355
1397,16.24418604651163,1936.0,47.611328125,-5.358121,4.969496
1398,16.25581395348837,1945.0,56.611328125,0.459156,8.776826
1399,16.267441860465116,1943.0,54.611328125,6.057753,11.63726
1400,16.27906976744186,1939.0,50.611328125,10.528088,12.778972
1401,16.290697674418603,1939.0,50.611328125,13.362622,11.927905
1402,16.302325581395348,1935.0,46.611328125,14.458456,9.367896
1403,16.313953488372093,1939.0,50.611328125,14.134349,5.800323
1404,16.325581395348834,1927.0,38.611328125,12.790081,1.98816
1405,16.337209302325583,1927.0,38.611328125,10.797705,-1.46921
1406,16.348837209302328,1921.0,32.611328125,8.312006,-4.352333
1407,16.36046511627907,1922.0,33.611328125,5.324153,-6.735116
1408,16.372093023255815,1919.0,30.611328125,1.785417,-8.838526
1409,16.38372093023256,1920.0,31.611328125,-2.193536,-10.750345
1410,16.3953488372093,1921.0,32.611328125,-6.259173,-12.315413
1411,16.406976744186046,1922.0,33.611328125,-9.849087,-13.102987
1412,16.41860465116279,1927.0,38.611328125,-12.340132,-12.597765
1413,16.430232558139533,1923.0,34.611328125,-13.305573,-10.463057
1414,16.441860465116278,1934.0,45.611328125,-12.642088,-6.719481
1415,16.453488372093023,1927.0,38.611328125,-10.682941,-1.892528
1416,16.46511627906977,1931.0,42.611328125,-7.991942,3.199758
1417,16.476744186046513,1929.0,40.611328125,-5.190798,7.638754
1418,16.48837209302326,1920.0,31.611328125,-2.692918,10.749084
1419,16.5,1927.0,38.611328125,-0.582475,12.291279
1420,16.511627906976745,1919.0,30.611328125,1.325728,12.460625
1421,16.52325581395349,1921.0,32.611328125,3.341725,11.74118
1422,16.53488372093023,1905.0,16.611328125,5.639313,10.623167
1423,16.546511627906977,1911.0,22.611328125,8.126689,9.394773
1424,16.558139534883722,1895.0,6.611328125,10.387709,7.985731
1425,16.569767441860463,1904.0,15.611328125,11.879292,6.110094
1426,16.58139534883721,1901.0,12.611328125,12.070473,3.398245
1427,16.59302325581395,1897.0,8.611328125,10.710065,-0.302911
1428,16.6046511627907,1902.0,13.611328125,7.91984,-4.772451
1429,16.616279069767444,1898.0,9.611328125,4.117961,-9.456939
1430,16.627906976744185,1913.0,24.611328125,-0.095555,-13.570205
1431,16.63953488372093,1904.0,15.611328125,-4.156739,-16.410746
1432,16.651162790697676,1930.0,41.611328125,-7.587152,-17.446548
1433,16.662790697674417,1920.0,31.611328125,-10.109802,-16.543365
1434,16.674418604651162,1939.0,50.611328125,-11.524794,-13.818445
1435,16.686046511627907,1936.0,47.611328125,-11.748,-9.654
1436,16.69767441860465,1945.0,56.611328125,-10.737082,-4.506615
1437,16.709302325581394,1941.0,52.611328125,-8.591725,1.088407
1438,16.72093023255814,1941.0,52.611328125,-5.566397,6.578164
1439,16.732558139534884,1942.0,53.611328125,-2.102174,11.391878
1440,16.74418604651163,1938.0,49.611328125,1.254325,14.970789
1441,16.755813953488374,1945.0,56.611328125,4.029953,16.926893
1442,16.767441860465116,1930.0,41.611328125,5.957407,17.094763
1443,16.77906976744186,1926.0,37.611328125,7.06733,15.661352
1444,16.790697674418606,1918.0,29.611328125,7.618348,13.048093
1445,16.802325581395348,1922.0,33.611328125,7.895425,9.779738
1446,16.813953488372093,1906.0,17.611328125,7.999994,6.238437
1447,16.825581395348838,1906.0,17.611328125,7.753785,2.562695
1448,16.83720930232558,1904.0,15.611328125,6.727653,-1.384959
1449,16.848837209302324,1905.0,16.611328125,4.503551,-5.808892
1450,16.86046511627907,1904.0,15.611328125,0.942936,-10.704016
1451,16.872093023255815,1905.0,16.611328125,-3.554681,-15.635649
1452,16.88372093023256,1914.0,25.611328125,-8.118021,-19.721632
1453,16.8953488372093,1913.0,24.611328125,-11.618965,-21.883362
1454,16.906976744186046,1927.0,38.611328125,-13.07568,-21.195885
1455,16.91860465116279,1923.0,34.611328125,-12.039938,-17.345776
1456,16.930232558139533,1937.0,48.611328125,-8.761303,-10.789867
1457,16.941860465116278,1935.0,46.611328125,-4.11284,-2.714261
1458,16.953488372093023,1941.0,52.611328125,0.772784,5.377081
1459,16.965116279069765,1939.0,50.611328125,4.872251,12.102016
1460,16.97674418604651,1940.0,51.611328125,7.618948,16.620253
1461,16.98837209302326,1943.0,54.611328125,8.943581,18.757093
1462,17.0,1931.0,42.611328125,9.149961,18.864151
1463,17.011627906976745,1936.0,47.611328125,8.63438,17.520172
1464,17.02325581395349,1921.0,32.611328125,7.632937,15.16527
1465,17.03488372093023,1926.0,37.611328125,6.139901,11.970541
1466,17.046511627906977,1905.0,16.611328125,3.974935,7.860011
1467,17.058139534883722,1913.0,24.611328125,1.046869,2.797834
1468,17.069767441860463,1891.0,2.611328125,-2.523237,-3.003364
1469,17.08139534883721,1903.0,14.611328125,-6.247546,-8.911293
1470,17.093023255813954,1882.0,-6.388671875,-9.480378,-14.028715
1471,17.104651162790695,1886.0,-2.388671875,-11.516124,-17.400024
1472,17.116279069767444,1878.0,-10.388671875,-11.952855,-18.422907
1473,17.12790697674419,1874.0,-14.388671875,-10.706907,-16.990913
1474,17.13953488372093,1879.0,-9.388671875,-8.087496,-13.563527
1475,17.151162790697676,1873.0,-15.388671875,-4.590135,-8.922209
1476,17.16279069767442,1887.0,-1.388671875,-0.758807,-3.919042
1477,17.174418604651162,1878.0,-10.388671875,2.960921,0.801573
1478,17.186046511627907,1904.0,15.611328125,6.291561,4.90251
1479,17.19767441860465,1891.0,2.611328125,9.005478,8.278499
1480,17.209302325581394,1923.0,34.611328125,10.971862,10.927986
1481,17.22093023255814,1914.0,25.611328125,11.982838,12.743075
1482,17.23255813953488,1932.0,43.611328125,11.919033,13.528625
1483,17.24418604651163,1921.0,32.611328125,10.69381,13.03874
1484,17.255813953488374,1936.0,47.611328125,8.408363,11.153563
1485,17.267441860465116,1935.0,46.611328125,5.251895,7.953527
1486,17.27906976744186,1930.0,41.611328125,1.546551,3.791118
1487,17.290697674418606,1932.0,43.611328125,-2.380869,-0.791286
1488,17.302325581395348,1920.0,31.611328125,-6.213005,-5.194369
1489,17.313953488372093,1926.0,37.611328125,-9.677982,-8.91687
1490,17.325581395348838,1907.0,18.611328125,-12.502748,-11.593027
1491,17.33720930232558,1909.0,20.611328125,-14.381116,-13.022511
1492,17.348837209302324,1895.0,6.611328125,-14.972775,-13.062346
1493,17.36046511627907,1898.0,9.611328125,-14.033906,-11.703873
1494,17.372093023255815,1887.0,-1.388671875,-11.514028,-9.019386
1495,17.38372093023256,1889.0,0.611328125,-7.6137,-5.242218
1496,17.395348837209305,1872.0,-16.388671875,-2.86017,-0.826707
1497,17.406976744186046,1888.0,-0.388671875,2.099431,3.656071
1498,17.41860465116279,1897.0,8.611328125,6.574628,7.553211
1499,17.430232558139537,1889.0,0.611328125,10.064304,10.332637
1500,17.441860465116278,1911.0,22.611328125,12.381156,11.733386
1501,17.453488372093023,1904.0,15.611328125,13.565973,11.770344
1502,17.46511627906977,1923.0,34.611328125,13.837608,10.689732
1503,17.47674418604651,1920.0,31.611328125,13.365455,8.794903
1504,17.488372093023255,1936.0,47.611328125,12.226331,6.335117
1505,17.5,1935.0,46.611328125,10.32255,3.419709
1506,17.511627906976745,1949.0,60.611328125,7.55683,0.115909
1507,17.52325581395349,1943.0,54.611328125,3.882502,-3.484664
1508,17.53488372093023,1946.0,57.611328125,-0.502227,-7.084481
1509,17.546511627906977,1949.0,60.611328125,-5.184788,-10.211611
1510,17.558139534883722,1936.0,47.611328125,-9.603038,-12.301973
1511,17.569767441860463,1945.0,56.611328125,-13.158203,-12.871413
1512,17.58139534883721,1933.0,44.611328125,-15.42177,-11.714337
1513,17.593023255813954,1934.0,45.611328125,-16.162249,-8.989643
1514,17.604651162790695,1919.0,30.611328125,-15.423309,-5.172247
1515,17.61627906976744,1930.0,41.611328125,-13.40125,-0.912448
1516,17.62790697674419,1911.0,22.611328125,-10.436488,3.157257
1517,17.63953488372093,1914.0,25.611328125,-6.841373,6.569869
1518,17.651162790697676,1904.0,15.611328125,-2.947394,9.050875
1519,17.66279069767442,1906.0,17.611328125,0.97311,10.477909
1520,17.674418604651162,1904.0,15.611328125,4.665022,10.821586
1521,17.686046511627907,1902.0,13.611328125,7.894622,10.073615
1522,17.697674418604652,1909.0,20.611328125,10.467099,8.278245
1523,17.709302325581394,1907.0,18.611328125,12.204803,5.543951
1524,17.72093023255814,1917.0,28.611328125,13.034715,2.134835
1525,17.732558139534884,1913.0,24.611328125,12.935143,-1.54602
1526,17.744186046511626,1929.0,40.611328125,12.012962,-4.997158
1527,17.755813953488374,1924.0,35.611328125,10.396329,-7.722198
1528,17.76744186046512,1930.0,41.611328125,8.296664,-9.33067
1529,17.77906976744186,1927.0,38.611328125,5.904551,-9.625481
1530,17.790697674418606,1935.0,46.611328125,3.377398,-8.601059
1531,17.802325581395348,1933.0,44.611328125,0.792462,-6.486166
1532,17.813953488372093,1933.0,44.611328125,-1.845117,-3.608707
1533,17.825581395348838,1938.0,49.611328125,-4.553679,-0.433013
1534,17.83720930232558,1926.0,37.611328125,-7.371847,2.553395
1535,17.848837209302324,1929.0,40.611328125,-10.217821,4.879887
1536,17.86046511627907,1919.0,30.611328125,-12.900974,6.215809
1537,17.87209302325581,1932.0,43.611328125,-15.052837,6.432119
1538,17.883720930232556,1910.0,21.611328125,-16.259974,5.642473
1539,17.895348837209305,1910.0,21.611328125,-16.081211,4.223091
1540,17.906976744186046,1902.0,13.611328125,-14.24862,2.64375
1541,17.91860465116279,1904.0,15.611328125,-10.752779,1.348209
1542,17.930232558139537,1905.0,16.611328125,-5.901899,0.524457
1543,17.941860465116278,1904.0,15.611328125,-0.298531,0.092245
1544,17.953488372093023,1901.0,12.611328125,5.33147,-0.284461
1545,17.96511627906977,1899.0,10.611328125,10.271482,-0.969964
1546,17.97674418604651,1901.0,12.611328125,14.007302,-2.207778
1547,17.988372093023255,1902.0,13.611328125,16.302185,-3.885342
1548,18.0,1904.0,15.611328125,17.177616,-5.630304
1549,18.01162790697674,1904.0,15.611328125,16.853897,-6.859259
1550,18.02325581395349,1904.0,15.611328125,15.57451,-7.061286
1551,18.034883720930235,1903.0,14.611328125,13.520733,-6.012253
1552,18.046511627906977,1904.0,15.611328125,10.718952,-3.869142
1553,18.058139534883722,1904.0,15.611328125,7.143824,-1.122108
1554,18.069767441860467,1907.0,18.611328125,2.775543,1.656477
1555,18.08139534883721,1898.0,9.611328125,-2.22499,3.948633
1556,18.093023255813954,1904.0,15.611328125,-7.450291,5.582327
1557,18.104651162790695,1904.0,15.611328125,-12.314441,6.577762
1558,18.11627906976744,1903.0,14.611328125,-16.145334,7.162169
1559,18.127906976744185,1904.0,15.611328125,-18.400005,7.477619
1560,18.139534883720927,1899.0,10.611328125,-18.7784,7.54747
1561,18.151162790697676,1911.0,22.611328125,-17.34329,7.191061
1562,18.16279069767442,1899.0,10.611328125,-14.426046,6.156212
1563,18.174418604651162,1893.0,4.611328125,-10.537752,4.296379
1564,18.186046511627907,1901.0,12.611328125,-6.148821,1.65367
1565,18.197674418604652,1898.0,9.611328125,-1.665176,-1.47198
1566,18.209302325581394,1891.0,2.611328125,2.659739,-4.68678
1567,18.22093023255814,1890.0,1.611328125,6.643798,-7.553661
1568,18.232558139534884,1893.0,4.611328125,10.099657,-9.834236
1569,18.244186046511626,1892.0,3.611328125,12.786399,-11.418466
1570,18.25581395348837,1893.0,4.611328125,14.429006,-12.324714
1571,18.267441860465116,1893.0,4.611328125,14.835087,-12.52112
1572,18.27906976744186,1890.0,1.611328125,13.949958,-11.86884
1573,18.290697674418606,1891.0,2.611328125,11.951562,-10.136411
1574,18.30232558139535,1890.0,1.611328125,9.188084,-7.078556
1575,18.313953488372093,1889.0,0.611328125,6.104831,-2.678596
1576,18.325581395348838,1883.0,-5.388671875,3.046501,2.763845
1577,18.337209302325583,1889.0,0.611328125,0.206428,8.559439
1578,18.348837209302324,1890.0,1.611328125,-2.425826,13.825692
1579,18.36046511627907,1887.0,-1.388671875,-4.957726,17.672688
1580,18.372093023255815,1895.0,6.611328125,-7.450195,19.524923
1581,18.383720930232556,1894.0,5.611328125,-9.822569,19.22006
1582,18.3953488372093,1906.0,17.611328125,-11.768588,17.04018
1583,18.406976744186046,1903.0,14.611328125,-12.895897,13.524427
1584,18.41860465116279,1915.0,26.611328125,-12.798907,9.248939
1585,18.430232558139537,1912.0,23.611328125,-11.320292,4.622012
1586,18.441860465116278,1923.0,34.611328125,-8.565531,-0.186161
1587,18.453488372093023,1921.0,32.611328125,-4.977195,-5.171132
1588,18.46511627906977,1920.0,31.611328125,-1.156149,-10.341233
1589,18.47674418604651,1923.0,34.611328125,2.297593,-15.493684
1590,18.488372093023255,1921.0,32.611328125,4.960962,-20.168818
1591,18.5,1925.0,36.611328125,6.710575,-23.647972
1592,18.51162790697674,1907.0,18.611328125,7.644589,-25.191788
1593,18.523255813953487,1906.0,17.611328125,8.065016,-24.191973
1594,18.534883720930235,1902.0,13.611328125,8.21854,-20.430649
1595,18.546511627906977,1905.0,16.611328125,8.242883,-14.16048
1596,18.558139534883722,1892.0,3.611328125,8.021792,-6.084195
1597,18.569767441860467,1894.0,5.611328125,7.359312,2.81968
1598,18.58139534883721,1889.0,0.611328125,5.986242,11.473577
1599,18.593023255813954,1891.0,2.611328125,3.829138,18.934536
1600,18.6046511627907,1893.0,4.611328125,1.005864,24.476765
1601,18.61627906976744,1899.0,10.611328125,-2.09628,27.686079
1602,18.627906976744185,1904.0,15.611328125,-4.961662,28.405678
1603,18.63953488372093,1899.0,10.611328125,-7.100663,26.702511
1604,18.651162790697672,1915.0,26.611328125,-8.160089,22.817617
1605,18.66279069767442,1909.0,20.611328125,-8.102948,17.098286
1606,18.674418604651166,1924.0,35.611328125,-7.085115,10.022348
1607,18.686046511627907,1926.0,37.611328125,-5.48544,2.132915
1608,18.697674418604652,1922.0,33.611328125,-3.644355,-5.934238
1609,18.709302325581397,1925.0,36.611328125,-1.859646,-13.524365
1610,18.72093023255814,1918.0,29.611328125,-0.24413,-19.986343
1611,18.732558139534884,1923.0,34.611328125,1.157384,-24.765921
1612,18.744186046511626,1911.0,22.611328125,2.340338,-27.460546
1613,18.75581395348837,1904.0,15.611328125,3.230811,-27.881514
1614,18.767441860465116,1903.0,14.611328125,3.725054,-25.996393
1615,18.779069767441857,1904.0,15.611328125,3.697688,-21.980824
1616,18.790697674418606,1893.0,4.611328125,3.082839,-16.180803
1617,18.80232558139535,1895.0,6.611328125,1.999169,-9.046876
1618,18.813953488372093,1890.0,1.611328125,0.690054,-1.152863
1619,18.825581395348838,1895.0,6.611328125,-0.46686,6.887362
1620,18.837209302325583,1890.0,1.611328125,-1.175671,14.391296
1621,18.848837209302324,1891.0,2.611328125,-1.26318,20.709057
1622,18.86046511627907,1891.0,2.611328125,-0.811462,25.245499
1623,18.872093023255815,1893.0,4.611328125,-0.079294,27.534664
1624,18.883720930232556,1893.0,4.611328125,0.562987,27.274992
1625,18.8953488372093,1891.0,2.611328125,0.827836,24.425171
1626,18.906976744186046,1887.0,-1.388671875,0.575969,19.17392
1627,18.91860465116279,1890.0,1.611328125,-0.062505,12.030255
1628,18.930232558139537,1889.0,0.611328125,-0.771534,3.756389
1629,18.94186046511628,1886.0,-2.388671875,-1.205114,-4.721209
1630,18.953488372093023,1877.0,-11.388671875,-1.060442,-12.377752
1631,18.96511627906977,1882.0,-6.388671875,-0.256886,-18.285906
1632,18.976744186046513,1873.0,-15.388671875,1.060254,-21.757603
1633,18.988372093023255,1875.0,-13.388671875,2.535466,-22.492424
1634,19.0,1872.0,-16.388671875,3.732628,-20.624439
1635,19.011627906976745,1872.0,-16.388671875,4.235017,-16.704582
1636,19.023255813953487,1876.0,-12.388671875,3.803061,-11.514615
1637,19.03488372093023,1872.0,-16.388671875,2.388551,-5.947303
1638,19.046511627906973,1881.0,-7.388671875,0.192859,-0.742232
1639,19.058139534883722,1881.0,-7.388671875,-2.407628,3.583438
1640,19.069767441860467,1888.0,-0.388671875,-4.962742,6.789678
1641,19.08139534883721,1884.0,-4.388671875,-7.016602,8.836637
1642,19.093023255813954,1894.0,5.611328125,-8.222703,9.820601
1643,19.1046511627907,1895.0,6.611328125,-8.391921,9.834352
1644,19.11627906976744,1897.0,8.611328125,-7.531226,8.967829
1645,19.127906976744185,1893.0,4.611328125,-5.755994,7.322996
1646,19.13953488372093,1890.0,1.611328125,-3.304016,5.079058
1647,19.151162790697672,1894.0,5.611328125,-0.421108,2.533896
1648,19.162790697674417,1892.0,3.611328125,2.6194,0.088365
1649,19.174418604651162,1898.0,9.611328125,5.57412,-1.831613
1650,19.186046511627907,1894.0,5.611328125,8.182685,-2.914686
1651,19.197674418604652,1899.0,10.611328125,10.178934,-3.044816
1652,19.209302325581397,1893.0,4.611328125,11.292222,-2.351758
1653,19.22093023255814,1894.0,5.611328125,11.28733,-1.145542
1654,19.232558139534884,1902.0,13.611328125,10.048082,0.189049
1655,19.24418604651163,1898.0,9.611328125,7.585405,1.319822
1656,19.25581395348837,1903.0,14.611328125,4.153245,2.062882
1657,19.267441860465116,1901.0,12.611328125,0.148903,2.392046
1658,19.27906976744186,1904.0,15.611328125,-3.906944,2.379526
1659,19.290697674418603,1904.0,15.611328125,-7.520267,2.081357
1660,19.302325581395348,1904.0,15.611328125,-10.287364,1.514469
1661,19.313953488372096,1904.0,15.611328125,-11.978929,0.593205
1662,19.325581395348838,1902.0,13.611328125,-12.534115,-0.763926
1663,19.337209302325583,1902.0,13.611328125,-11.987728,-2.568654
1664,19.348837209302324,1897.0,8.611328125,-10.450556,-4.661761
1665,19.36046511627907,1906.0,17.611328125,-8.0046,-6.712994
1666,19.372093023255815,1891.0,2.611328125,-4.790296,-8.294704
1667,19.383720930232556,1891.0,2.611328125,-0.931045,-8.940084
1668,19.3953488372093,1893.0,4.611328125,3.281253,-8.364561
1669,19.406976744186046,1891.0,2.611328125,7.417084,-6.515722
1670,19.418604651162788,1892.0,3.611328125,10.916684,-3.650312
1671,19.430232558139533,1890.0,1.611328125,13.204992,-0.213241
1672,19.44186046511628,1897.0,8.611328125,13.845428,3.21909
1673,19.453488372093023,1892.0,3.611328125,12.655526,6.144753
1674,19.46511627906977,1905.0,16.611328125,9.816284,8.207111
1675,19.476744186046513,1899.0,10.611328125,5.801713,9.286076
1676,19.488372093023255,1904.0,15.611328125,1.314143,9.464624
1677,19.5,1902.0,13.611328125,-2.930701,8.974159
1678,19.511627906976745,1907.0,18.611328125,-6.348121,8.061333
1679,19.523255813953487,1907.0,18.611328125,-8.613747,6.889666
1680,19.53488372093023,1904.0,15.611328125,-9.664922,5.512421
1681,19.546511627906977,1901.0,12.611328125,-9.633779,3.859506
1682,19.55813953488372,1902.0,13.611328125,-8.73477,1.859737
1683,19.569767441860467,1904.0,15.611328125,-7.18147,-0.560511
1684,19.581395348837212,1893.0,4.611328125,-5.138473,-3.313481
1685,19.593023255813954,1898.0,9.611328125,-2.738341,-6.211931
1686,19.6046511627907,1889.0,0.611328125,-0.139632,-8.921703
1687,19.616279069767444,1891.0,2.611328125,2.451421,-11.088513
1688,19.627906976744185,1884.0,-4.388671875,4.747431,-12.384491
1689,19.63953488372093,1883.0,-5.388671875,6.460068,-12.566761
1690,19.651162790697676,1886.0,-2.388671875,7.341252,-11.561942
1691,19.662790697674417,1883.0,-5.388671875,7.291505,-9.382684
1692,19.674418604651162,1884.0,-4.388671875,6.350047,-6.237586
1693,19.686046511627904,1882.0,-6.388671875,4.67523,-2.403534
1694,19.697674418604652,1889.0,0.611328125,2.528071,1.724908
1695,19.709302325581397,1888.0,-0.388671875,0.171905,5.732697
1696,19.72093023255814,1895.0,6.611328125,-2.138231,9.167468
1697,19.732558139534884,1891.0,2.611328125,-4.169991,11.66865
1698,19.74418604651163,1903.0,14.611328125,-5.663863,13.017356
1699,19.75581395348837,1901.0,12.611328125,-6.391551,13.158157
1700,19.767441860465116,1903.0,14.611328125,-6.161413,12.238718
1701,19.77906976744186,1903.0,14.611328125,-4.914178,10.491935
1702,19.790697674418603,1893.0,4.611328125,-2.803096,8.215357
1703,19.802325581395348,1898.0,9.611328125,-0.18228,5.609314
1704,19.813953488372093,1875.0,-13.388671875,2.401881,2.785705
1705,19.825581395348838,1887.0,-1.388671875,4.426875,-0.242251
1706,19.837209302325583,1870.0,-18.388671875,5.451901,-3.498683
1707,19.848837209302328,1874.0,-14.388671875,5.35069,-6.906637
1708,19.86046511627907,1854.0,-34.388671875,4.264301,-10.257959
1709,19.872093023255815,1861.0,-27.388671875,2.582065,-13.153017
1710,19.88372093023256,1849.0,-39.388671875,0.747591,-15.143295
1711,19.8953488372093,1856.0,-32.388671875,-0.86686,-15.769537
1712,19.906976744186046,1847.0,-41.388671875,-2.071248,-14.783461
1713,19.91860465116279,1849.0,-39.388671875,-2.855456,-12.160461
1714,19.930232558139533,1858.0,-30.388671875,-3.292519,-8.181611
1715,19.941860465116278,1851.0,-37.388671875,-3.489445,-3.350826
1716,19.953488372093023,1866.0,-22.388671875,-3.4331,1.73073
1717,19.96511627906977,1861.0,-27.388671875,-3.074025,6.467647
1718,19.976744186046513,1878.0,-10.388671875,-2.319155,10.403131
1719,19.988372093023255,1872.0,-16.388671875,-1.164209,13.236502
1720,20.0,1895.0,6.611328125,0.309488,14.8948
1721,20.011627906976745,1893.0,4.611328125,1.894284,15.398948
1722,20.023255813953487,1903.0,14.611328125,3.334414,14.868137
1723,20.03488372093023,1904.0,15.611328125,4.406817,13.392831
1724,20.046511627906977,1901.0,12.611328125,4.974719,11.071251
1725,20.05813953488372,1904.0,15.611328125,5.017119,7.964355
1726,20.069767441860463,1893.0,4.611328125,4.528563,4.142075
1727,20.081395348837212,1898.0,9.611328125,3.545805,-0.241479
1728,20.093023255813954,1885.0,-3.388671875,2.063112,-4.943002
1729,20.1046511627907,1886.0,-2.388671875,0.128414,-9.549048
1730,20.116279069767444,1871.0,-17.388671875,-2.144657,-13.579484
1731,20.127906976744185,1872.0,-16.388671875,-4.479244,-16.472729
1732,20.13953488372093,1859.0,-29.388671875,-6.490707,-17.804182
1733,20.151162790697676,1858.0,-30.388671875,-7.764674,-17.323095
1734,20.162790697674417,1856.0,-32.388671875,-7.96807,-15.07168
1735,20.174418604651162,1847.0,-41.388671875,-7.027997,-11.387127
1736,20.186046511627907,1862.0,-26.388671875,-5.100101,-6.790745
1737,20.19767441860465,1856.0,-32.388671875,-2.595657,-1.92525
1738,20.209302325581397,1868.0,-20.388671875,0.014027,2.641964
1739,20.220930232558143,1865.0,-23.388671875,2.331258,6.497217
1740,20.232558139534884,1877.0,-11.388671875,4.158566,9.456438
1741,20.24418604651163,1872.0,-16.388671875,5.49925,11.507879
1742,20.255813953488374,1891.0,2.611328125,6.482392,12.77961
1743,20.267441860465116,1886.0,-2.388671875,7.182599,13.353645
1744,20.27906976744186,1901.0,12.611328125,7.59283,13.309216
1745,20.290697674418603,1897.0,8.611328125,7.561437,12.629148
1746,20.302325581395348,1895.0,6.611328125,6.886859,11.256401
1747,20.313953488372093,1899.0,10.611328125,5.460256,9.184208
1748,20.325581395348834,1891.0,2.611328125,3.318969,6.439721
1749,20.33720930232558,1891.0,2.611328125,0.711842,3.180643
1750,20.348837209302328,1867.0,-21.388671875,-2.04098,-0.42394
1751,20.36046511627907,1885.0,-3.388671875,-4.588844,-4.11607
1752,20.372093023255815,1866.0,-22.388671875,-6.761347,-7.721783
1753,20.38372093023256,1872.0,-16.388671875,-8.480575,-11.007379
1754,20.3953488372093,1861.0,-27.388671875,-9.768408,-13.780878
1755,20.406976744186046,1863.0,-25.388671875,-10.584309,-15.781325
1756,20.41860465116279,1862.0,-26.388671875,-10.786259,-16.738554
1757,20.430232558139533,1859.0,-29.388671875,-10.115331,-16.401941
1758,20.441860465116278,1867.0,-21.388671875,-8.307242,-14.583355
1759,20.453488372093023,1866.0,-22.388671875,-5.270674,-11.311005
1760,20.465116279069765,1878.0,-10.388671875,-1.19714,-6.804447
1761,20.476744186046513,1874.0,-14.388671875,3.422,-1.52761
1762,20.48837209302326,1882.0,-6.388671875,7.906293,3.961607
1763,20.5,1884.0,-4.388671875,11.568933,9.065348
1764,20.511627906976745,1887.0,-1.388671875,13.902689,13.281181
1765,20.52325581395349,1887.0,-1.388671875,14.683582,16.247015
1766,20.53488372093023,1890.0,1.611328125,13.983669,17.782463
1767,20.546511627906977,1889.0,0.611328125,12.048182,17.847389
1768,20.558139534883722,1885.0,-3.388671875,9.217456,16.542284
1769,20.569767441860463,1890.0,1.611328125,5.82383,14.087265
1770,20.58139534883721,1872.0,-16.388671875,2.156723,10.758306
1771,20.59302325581395,1881.0,-7.388671875,-1.501009,6.903646
1772,20.6046511627907,1861.0,-27.388671875,-4.906243,2.800626
1773,20.616279069767444,1871.0,-17.388671875,-7.817846,-1.302939
1774,20.627906976744185,1853.0,-35.388671875,-10.110571,-5.316001
1775,20.63953488372093,1855.0,-33.388671875,-11.736011,-9.189591
1776,20.651162790697676,1850.0,-38.388671875,-12.75133,-12.867725
1777,20.662790697674417,1850.0,-38.388671875,-13.197305,-16.158012
1778,20.674418604651162,1854.0,-34.388671875,-13.032504,-18.666342
1779,20.686046511627907,1851.0,-37.388671875,-12.073452,-19.857143
1780,20.69767441860465,1859.0,-29.388671875,-10.056359,-19.194538
1781,20.709302325581394,1863.0,-25.388671875,-6.783482,-16.406563
1782,20.72093023255814,1863.0,-25.388671875,-2.314786,-11.625883
1783,20.732558139534884,1863.0,-25.388671875,2.945356,-5.462199
1784,20.74418604651163,1872.0,-16.388671875,8.307215,1.197829
1785,20.755813953488374,1878.0,-10.388671875,12.938102,7.408025
1786,20.767441860465116,1879.0,-9.388671875,16.151033,12.463738
1787,20.77906976744186,1878.0,-10.388671875,17.591389,16.058668
1788,20.790697674418606,1885.0,-3.388671875,17.307526,18.235586
1789,20.802325581395348,1888.0,-0.388671875,15.612027,19.204334
1790,20.813953488372093,1884.0,-4.388671875,12.883588,19.072205
1791,20.825581395348838,1894.0,5.611328125,9.407748,17.789116
1792,20.83720930232558,1882.0,-6.388671875,5.284651,15.093733
1793,20.848837209302324,1883.0,-5.388671875,0.588322,10.844181
1794,20.860465116279073,1878.0,-10.388671875,-4.517787,5.155367
1795,20.872093023255815,1878.0,-10.388671875,-9.595653,-1.38188
1796,20.88372093023256,1873.0,-15.388671875,-14.025442,-7.872432
1797,20.8953488372093,1877.0,-11.388671875,-17.127018,-13.32918
1798,20.906976744186046,1877.0,-11.388671875,-18.424747,-17.023512
1799,20.91860465116279,1876.0,-12.388671875,-17.821762,-18.697638
1800,20.930232558139533,1873.0,-15.388671875,-15.604192,-18.544067
1801,20.941860465116278,1877.0,-11.388671875,-12.285631,-17.046057
1802,20.953488372093023,1870.0,-18.388671875,-8.360718,-14.634779
1803,20.965116279069765,1873.0,-15.388671875,-4.130458,-11.554613
1804,20.97674418604651,1871.0,-17.388671875,0.340999,-7.76456
1805,20.98837209302326,1872.0,-16.388671875,5.048082,-3.197956
1806,21.0,1872.0,-16.388671875,9.851025,2.049601
1807,21.011627906976745,1872.0,-16.388671875,14.311752,7.523437
1808,21.02325581395349,1876.0,-12.388671875,17.746248,12.469493
1809,21.03488372093023,1865.0,-23.388671875,19.413054,16.043966
1810,21.046511627906977,1883.0,-5.388671875,18.849533,17.636671
1811,21.058139534883722,1878.0,-10.388671875,16.024588,17.066309
1812,21.069767441860463,1889.0,0.611328125,11.444229,14.65202
1813,21.08139534883721,1883.0,-5.388671875,5.936478,11.055835
1814,21.093023255813954,1887.0,-1.388671875,0.372628,6.970369
1815,21.104651162790695,1893.0,4.611328125,-4.580458,2.93462
1816,21.116279069767444,1883.0,-5.388671875,-8.623152,-0.826343
1817,21.12790697674419,1884.0,-4.388671875,-11.697041,-4.24889
1818,21.13953488372093,1882.0,-6.388671875,-13.865368,-7.326295
1819,21.151162790697676,1874.0,-14.388671875,-15.125,-9.942444
1820,21.16279069767442,1872.0,-16.388671875,-15.329744,-11.805666
1821,21.174418604651162,1872.0,-16.388671875,-14.294238,-12.595073
1822,21.186046511627907,1863.0,-25.388671875,-11.942491,-12.108883
1823,21.19767441860465,1867.0,-21.388671875,-8.42957,-10.388572
1824,21.209302325581394,1857.0,-31.388671875,-4.178041,-7.74398
1825,21.22093023255814,1857.0,-31.388671875,0.240792,-4.648297
1826,21.23255813953488,1846.0,-42.388671875,4.278838,-1.559715
1827,21.24418604651163,1852.0,-36.388671875,7.571061,1.217152
1828,21.255813953488374,1846.0,-42.388671875,9.994735,3.58054
1829,21.267441860465116,1847.0,-41.388671875,11.609528,5.575472
1830,21.27906976744186,1853.0,-35.388671875,12.523335,7.278216
1831,21.290697674418606,1850.0,-38.388671875,12.758323,8.645636
1832,21.302325581395348,1858.0,-30.388671875,12.204024,9.508291
1833,21.313953488372093,1855.0,-33.388671875,10.693722,9.621735
1834,21.325581395348838,1867.0,-21.388671875,8.092141,8.744949
1835,21.33720930232558,1862.0,-26.388671875,4.479693,6.819513
1836,21.348837209302324,1872.0,-16.388671875,0.186464,4.002604
1837,21.36046511627907,1871.0,-17.388671875,-4.216035,0.702131
1838,21.372093023255815,1872.0,-16.388671875,-8.081099,-2.56502
1839,21.38372093023256,1873.0,-15.388671875,-10.801489,-5.229231
1840,21.395348837209305,1872.0,-16.388671875,-12.028235,-6.886789
1841,21.406976744186046,1872.0,-16.388671875,-11.707983,-7.346093
1842,21.41860465116279,1867.0,-21.388671875,-10.129415,-6.732407
1843,21.430232558139537,1872.0,-16.388671875,-7.788449,-5.400651
1844,21.441860465116278,1863.0,-25.388671875,-5.23962,-3.844421
1845,21.453488372093023,1867.0,-21.388671875,-2.932062,-2.521727
1846,21.46511627906977,1858.0,-30.388671875,-1.066649,-1.684181
1847,21.47674418604651,1859.0,-29.388671875,0.407362,-1.310525
1848,21.488372093023255,1852.0,-36.388671875,1.742748,-1.101059
1849,21.5,1863.0,-25.388671875,3.19272,-0.681079
1850,21.511627906976745,1852.0,-36.388671875,4.86461,0.251707
1851,21.52325581395349,1854.0,-34.388671875,6.602879,1.708785
1852,21.53488372093023,1840.0,-48.388671875,8.004868,3.404885
1853,21.546511627906977,1846.0,-42.388671875,8.599103,4.828701
1854,21.558139534883722,1843.0,-45.388671875,8.014659,5.463535
1855,21.569767441860463,1845.0,-43.388671875,6.224785,5.024615
1856,21.58139534883721,1839.0,-49.388671875,3.559361,3.586472
1857,21.593023255813954,1842.0,-46.388671875,0.673594,1.603645
1858,21.604651162790695,1840.0,-48.388671875,-1.748436,-0.333001
1859,21.61627906976744,1840.0,-48.388671875,-3.190222,-1.674397
1860,21.627906976744185,1839.0,-49.388671875,-3.523064,-2.177967
1861,21.63953488372093,1840.0,-48.388671875,-2.969231,-1.879773
1862,21.651162790697676,1841.0,-47.388671875,-2.005622,-1.103456
1863,21.66279069767442,1840.0,-48.388671875,-1.122485,-0.197707
1864,21.674418604651162,1843.0,-45.388671875,-0.641245,0.558949
1865,21.686046511627907,1843.0,-45.388671875,-0.678893,1.053125
1866,21.697674418604652,1846.0,-42.388671875,-1.130991,1.295219
1867,21.709302325581394,1835.0,-53.388671875,-1.859123,1.293841
1868,21.72093023255814,1849.0,-39.388671875,-2.696465,1.026701
1869,21.732558139534884,1843.0,-45.388671875,-3.573757,0.381028
1870,21.744186046511626,1845.0,-43.388671875,-4.36973,-0.670414
1871,21.75581395348837,1846.0,-42.388671875,-4.919877,-2.033788
1872,21.76744186046512,1840.0,-48.388671875,-4.936534,-3.386081
1873,21.77906976744186,1846.0,-42.388671875,-4.138728,-4.317151
1874,21.790697674418606,1840.0,-48.388671875,-2.375705,-4.454305
1875,21.80232558139535,1841.0,-47.388671875,0.221152,-3.699167
1876,21.813953488372093,1840.0,-48.388671875,3.191759,-2.283798
1877,21.825581395348838,1841.0,-47.388671875,5.884683,-0.703744
1878,21.83720930232558,1845.0,-43.388671875,7.656181,0.517035
1879,21.848837209302324,1840.0,-48.388671875,8.144786,1.086802
1880,21.86046511627907,1856.0,-32.388671875,7.376583,1.074278
1881,21.87209302325581,1847.0,-41.388671875,5.786587,0.93518
1882,21.883720930232556,1867.0,-21.388671875,3.991414,1.227801
1883,21.895348837209305,1859.0,-29.388671875,2.509078,2.321701
1884,21.906976744186046,1875.0,-13.388671875,1.566787,4.144656
1885,21.91860465116279,1872.0,-16.388671875,1.003576,6.16085
1886,21.930232558139537,1875.0,-13.388671875,0.428379,7.556654
1887,21.941860465116278,1877.0,-11.388671875,-0.574268,7.601638
1888,21.953488372093023,1873.0,-15.388671875,-2.183054,5.973821
1889,21.96511627906977,1877.0,-11.388671875,-4.237398,2.923318
1890,21.97674418604651,1871.0,-17.388671875,-6.274463,-0.792369
1891,21.988372093023255,1872.0,-16.388671875,-7.733922,-4.245274
1892,22.0,1858.0,-30.388671875,-8.184483,-6.658453
1893,22.01162790697674,1868.0,-20.388671875,-7.465495,-7.674028
1894,22.02325581395349,1851.0,-37.388671875,-5.775992,-7.43068
1895,22.034883720930235,1857.0,-31.388671875,-3.506792,-6.37447
1896,22.046511627906977,1845.0,-43.388671875,-1.121349,-5.007495
1897,22.058139534883722,1846.0,-42.388671875,1.047504,-3.649509
1898,22.069767441860467,1850.0,-38.388671875,2.830552,-2.355465
1899,22.08139534883721,1846.0,-42.388671875,4.222078,-1.002097
1900,22.093023255813954,1855.0,-33.388671875,5.247622,0.51747
1901,22.1046511627907,1852.0,-36.388671875,5.913809,2.168908
1902,22.11627906976744,1869.0,-19.388671875,6.132575,3.680834
1903,22.127906976744185,1863.0,-25.388671875,5.794875,4.701432
1904,22.139534883720927,1869.0,-19.388671875,4.843674,4.935829
1905,22.151162790697676,1858.0,-30.388671875,3.364476,4.353778
1906,22.16279069767442,1869.0,-19.388671875,1.625282,3.21476
1907,22.174418604651162,1873.0,-15.388671875,-0.028917,1.957382
1908,22.186046511627907,1868.0,-20.388671875,-1.270382,0.995942
1909,22.197674418604652,1871.0,-17.388671875,-1.918355,0.536357
1910,22.209302325581394,1856.0,-32.388671875,-2.009802,0.48418
1911,22.22093023255814,1863.0,-25.388671875,-1.739444,0.555637
1912,22.232558139534884,1849.0,-39.388671875,-1.421782,0.397874
1913,22.244186046511626,1856.0,-32.388671875,-1.303017,-0.172137
1914,22.25581395348837,1843.0,-45.388671875,-1.502476,-1.090804
1915,22.267441860465116,1846.0,-42.388671875,-1.936324,-2.057903
1916,22.27906976744186,1841.0,-47.388671875,-2.417289,-2.702355
1917,22.290697674418606,1843.0,-45.388671875,-2.732348,-2.764307
1918,22.30232558139535,1843.0,-45.388671875,-2.740615,-2.20269
1919,22.313953488372093,1859.0,-29.388671875,-2.411947,-1.205898
1920,22.325581395348838,1854.0,-34.388671875,-1.86919,-0.150833
1921,22.337209302325583,1846.0,-42.388671875,-1.241813,0.655266
1922,22.348837209302324,1855.0,-33.388671875,-0.642476,1.020853
1923,22.36046511627907,1854.0,-34.388671875,-0.117013,0.931829
1924,22.372093023255815,1856.0,-32.388671875,0.365213,0.512449
1925,22.383720930232556,1857.0,-31.388671875,0.876507,-0.048563
1926,22.3953488372093,1856.0,-32.388671875,1.464973,-0.600689
1927,22.40697674418605,1851.0,-37.388671875,2.137484,-1.026757
1928,22.41860465116279,1859.0,-29.388671875,2.854771,-1.25788
1929,22.430232558139537,1857.0,-31.388671875,3.525587,-1.259549
1930,22.441860465116278,1859.0,-29.388671875,4.058344,-0.994532
1931,22.453488372093023,1857.0,-31.388671875,4.387958,-0.450571
1932,22.46511627906977,1845.0,-43.388671875,4.452568,0.332581
1933,22.47674418604651,1856.0,-32.388671875,4.230281,1.262094
1934,22.488372093023255,1846.0,-42.388671875,3.649674,2.158138
1935,22.5,1853.0,-35.388671875,2.654266,2.837425
1936,22.51162790697674,1842.0,-46.388671875,1.17108,3.127225
1937,22.523255813953487,1840.0,-48.388671875,-0.800545,2.948898
1938,22.534883720930235,1845.0,-43.388671875,-3.143674,2.329632
1939,22.546511627906977,1843.0,-45.388671875,-5.645638,1.349146
1940,22.558139534883722,1847.0,-41.388671875,-7.916015,0.193132
1941,22.569767441860467,1842.0,-46.388671875,-9.528409,-0.959401
1942,22.58139534883721,1842.0,-46.388671875,-10.050982,-1.897652
1943,22.593023255813954,1842.0,-46.388671875,-9.223581,-2.468335
1944,22.6046511627907,1843.0,-45.388671875,-7.028717,-2.587517
1945,22.61627906976744,1840.0,-48.388671875,-3.72718,-2.272137
1946,22.627906976744185,1840.0,-48.388671875,0.16199,-1.665959
1947,22.63953488372093,1842.0,-46.388671875,4.009366,-0.981493
1948,22.651162790697672,1853.0,-35.388671875,7.239935,-0.423886
1949,22.66279069767442,1846.0,-42.388671875,9.44864,-0.144286
1950,22.674418604651166,1857.0,-31.388671875,10.531612,-0.10189
1951,22.686046511627907,1856.0,-32.388671875,10.61079,-0.118658
1952,22.697674418604652,1871.0,-17.388671875,9.925306,0.0307
1953,22.709302325581397,1865.0,-23.388671875,8.665913,0.484348
1954,22.72093023255814,1870.0,-18.388671875,6.884174,1.175914
1955,22.732558139534884,1872.0,-16.388671875,4.496109,1.841816
1956,22.74418604651163,1874.0,-14.388671875,1.380097,2.091736
1957,22.75581395348837,1872.0,-16.388671875,-2.40908,1.668987
1958,22.767441860465116,1863.0,-25.388671875,-6.53651,0.576827
1959,22.779069767441857,1867.0,-21.388671875,-10.351451,-0.817914
1960,22.790697674418603,1859.0,-29.388671875,-13.066548,-1.939795
1961,22.80232558139535,1859.0,-29.388671875,-14.015948,-2.257549
1962,22.813953488372093,1846.0,-42.388671875,-12.914216,-1.53898
1963,22.825581395348838,1850.0,-38.388671875,-9.985519,-0.007713
1964,22.837209302325583,1845.0,-43.388671875,-5.894799,1.727251
1965,22.848837209302324,1842.0,-46.388671875,-1.522337,2.92961
1966,22.86046511627907,1840.0,-48.388671875,2.380357,3.113508
1967,22.872093023255815,1841.0,-47.388671875,5.399238,2.24098
1968,22.883720930232556,1846.0,-42.388671875,7.518621,0.772006
1969,22.8953488372093,1843.0,-45.388671875,8.970129,-0.599707
1970,22.906976744186046,1847.0,-41.388671875,9.997746,-1.268318
1971,22.918604651162788,1846.0,-42.388671875,10.626317,-1.051208
1972,22.930232558139537,1861.0,-27.388671875,10.60495,-0.268547
1973,22.94186046511628,1856.0,-32.388671875,9.524564,0.405662
1974,22.953488372093023,1872.0,-16.388671875,7.094256,0.318828
1975,22.96511627906977,1867.0,-21.388671875,3.369758,-0.814751
1976,22.976744186046513,1872.0,-16.388671875,-1.123892,-2.719357
1977,22.988372093023255,1873.0,-15.388671875,-5.503709,-4.631362
1978,23.0,1872.0,-16.388671875,-8.831185,-5.653514
1979,23.011627906976745,1872.0,-16.388671875,-10.399814,-5.101757
1980,23.023255813953487,1869.0,-19.388671875,-10.035163,-2.860393
1981,23.03488372093023,1871.0,-17.388671875,-8.085922,0.570882
1982,23.046511627906977,1863.0,-25.388671875,-5.321512,4.242873
1983,23.058139534883722,1863.0,-25.388671875,-2.569016,7.137253
1984,23.069767441860467,1854.0,-34.388671875,-0.476711,8.513774
1985,23.08139534883721,1859.0,-29.388671875,0.70709,8.124793
1986,23.093023255813954,1853.0,-35.388671875,1.085213,6.210214
1987,23.1046511627907,1853.0,-35.388671875,1.029849,3.368438
1988,23.11627906976744,1846.0,-42.388671875,0.949641,0.303431
1989,23.127906976744185,1856.0,-32.388671875,1.150348,-2.375816
1990,23.13953488372093,1851.0,-37.388671875,1.704355,-4.30998
1991,23.151162790697672,1835.0,-53.388671875,2.493159,-5.373762
1992,23.162790697674417,1853.0,-35.388671875,3.312115,-5.598931
1993,23.174418604651162,1845.0,-43.388671875,3.886068,-5.16933
1994,23.186046511627907,1842.0,-46.388671875,4.028379,-4.318051
1995,23.197674418604652,1840.0,-48.388671875,3.658292,-3.258698
1996,23.209302325581397,1857.0,-31.388671875,2.848717,-2.164212
1997,23.22093023255814,1857.0,-31.388671875,1.738147,-1.167658
1998,23.232558139534884,1867.0,-21.388671875,0.603638,-0.253216
1999,23.24418604651163,1856.0,-32.388671875,-0.291966,0.661359
2000,23.25581395348837,1865.0,-23.388671875,-0.70771,1.730405
2001,23.267441860465116,1858.0,-30.388671875,-0.569312,3.032318
2002,23.27906976744186,1859.0,-29.388671875,-0.001173,4.492494
2003,23.290697674418603,1861.0,-27.388671875,0.691038,5.848831
2004,23.302325581395348,1857.0,-31.388671875,1.078675,6.683069
2005,23.313953488372096,1857.0,-31.388671875,0.790617,6.576221
2006,23.325581395348838,1855.0,-33.388671875,-0.352699,5.296271
2007,23.337209302325583,1856.0,-32.388671875,-2.234738,2.898035
2008,23.348837209302328,1854.0,-34.388671875,-4.452448,-0.207668
2009,23.36046511627907,1855.0,-33.388671875,-6.457027,-3.41413
2010,23.372093023255815,1855.0,-33.388671875,-7.687898,-6.034355
2011,23.383720930232556,1852.0,-36.388671875,-7.812459,-7.594411
2012,23.3953488372093,1847.0,-41.388671875,-6.735635,-7.859073
2013,23.406976744186046,1847.0,-41.388671875,-4.65822,-6.936621
2014,23.418604651162788,1851.0,-37.388671875,-1.916974,-5.128659
2015,23.430232558139533,1852.0,-36.388671875,1.088579,-2.847322
2016,23.44186046511628,1855.0,-33.388671875,4.018724,-0.476797
2017,23.453488372093023,1850.0,-38.388671875,6.609519,1.684248
2018,23.46511627906977,1858.0,-30.388671875,8.653921,3.41979
2019,23.476744186046513,1856.0,-32.388671875,9.956305,4.581241
2020,23.488372093023255,1866.0,-22.388671875,10.337249,5.079432
2021,23.5,1862.0,-26.388671875,9.675705,4.90355
2022,23.511627906976745,1873.0,-15.388671875,7.979262,4.152425
2023,23.523255813953487,1872.0,-16.388671875,5.458326,3.058591
2024,23.53488372093023,1872.0,-16.388671875,2.463157,1.894596
2025,23.546511627906977,1871.0,-17.388671875,-0.559121,0.919948
2026,23.55813953488372,1871.0,-17.388671875,-3.247161,0.237328
2027,23.569767441860467,1872.0,-16.388671875,-5.403028,-0.236268
2028,23.581395348837212,1869.0,-19.388671875,-7.012895,-0.698205
2029,23.593023255813954,1873.0,-15.388671875,-8.181863,-1.372976
2030,23.6046511627907,1872.0,-16.388671875,-8.987339,-2.320198
2031,23.616279069767444,1871.0,-17.388671875,-9.400064,-3.392879
2032,23.627906976744185,1869.0,-19.388671875,-9.217782,-4.21316
2033,23.63953488372093,1869.0,-19.388671875,-8.209383,-4.378766
2034,23.651162790697676,1866.0,-22.388671875,-6.228212,-3.629001
2035,23.662790697674417,1870.0,-18.388671875,-3.378994,-2.013799
2036,23.674418604651162,1861.0,-27.388671875,-0.019069,0.101949
2037,23.686046511627904,1866.0,-22.388671875,3.348323,2.197033
2038,23.697674418604652,1856.0,-32.388671875,6.188651,3.725906
2039,23.709302325581397,1857.0,-31.388671875,8.168178,4.402733
2040,23.72093023255814,1854.0,-34.388671875,9.152636,4.168428
2041,23.732558139534884,1856.0,-32.388671875,9.245188,3.255592
2042,23.74418604651163,1855.0,-33.388671875,8.599854,1.943047
2043,23.75581395348837,1855.0,-33.388671875,7.37902,0.503482
2044,23.767441860465116,1861.0,-27.388671875,5.663093,-0.895344
2045,23.77906976744186,1856.0,-32.388671875,3.532808,-2.165221
2046,23.790697674418603,1856.0,-32.388671875,1.162548,-3.193877
2047,23.802325581395348,1859.0,-29.388671875,-1.124863,-3.808711
