muestra,tiempo_ms,adc,adc_centrado,adc_filtrado,residual
0,0.0,1937.0,46.474609375,0.02832,0.024136
1,0.011627906976744186,1932.0,41.474609375,0.039429,0.031203
2,0.023255813953488372,1937.0,46.474609375,0.035482,0.026847
3,0.03488372093023256,1924.0,33.474609375,0.007913,0.0036
4,0.046511627906976744,1952.0,61.474609375,-0.004536,-0.010278
5,0.058139534883720936,1952.0,61.474609375,-0.014338,-0.01619
6,0.06976744186046512,1968.0,77.474609375,-0.009643,-0.018623
7,0.0813953488372093,1956.0,65.474609375,-0.017269,-0.023902
8,0.09302325581395349,1968.0,77.474609375,-0.031115,-0.038165
9,0.10465116279069767,1971.0,80.474609375,-0.067484,-0.060825
10,0.11627906976744187,1984.0,93.474609375,-0.121357,-0.101483
11,0.12790697674418605,1974.0,83.474609375,-0.197965,-0.152404
12,0.13953488372093023,1989.0,98.474609375,-0.258455,-0.193297
13,0.1511627906976744,1984.0,93.474609375,-0.297349,-0.209661
14,0.1627906976744186,1982.0,91.474609375,-0.304792,-0.206992
15,0.1744186046511628,1987.0,96.474609375,-0.286045,-0.173041
16,0.18604651162790697,1990.0,99.474609375,-0.265733,-0.134226
17,0.19767441860465115,1988.0,97.474609375,-0.267123,-0.106325
18,0.20930232558139533,2000.0,109.474609375,-0.28053,-0.088755
19,0.22093023255813954,1985.0,94.474609375,-0.299265,-0.081594
20,0.23255813953488375,1994.0,103.474609375,-0.265181,-0.046652
21,0.2441860465116279,1996.0,105.474609375,-0.153487,0.044399
22,0.2558139534883721,1994.0,103.474609375,0.028636,0.1827
23,0.2674418604651163,1993.0,102.474609375,0.238929,0.343387
24,0.27906976744186046,1999.0,108.474609375,0.419106,0.475451
25,0.29069767441860467,1994.0,103.474609375,0.51271,0.531528
26,0.3023255813953488,1990.0,99.474609375,0.517485,0.503371
27,0.313953488372093,1995.0,104.474609375,0.485565,0.425301
28,0.3255813953488372,1995.0,104.474609375,0.478049,0.347547
29,0.3372093023255814,1995.0,104.474609375,0.532227,0.306547
30,0.3488372093023256,1989.0,98.474609375,0.61937,0.295435
31,0.3604651162790698,1991.0,100.474609375,0.660893,0.271821
32,0.37209302325581395,1987.0,96.474609375,0.552258,0.15591
33,0.38372093023255816,1987.0,96.474609375,0.244004,-0.099146
34,0.3953488372093023,1985.0,94.474609375,-0.225383,-0.466446
35,0.4069767441860465,1988.0,97.474609375,-0.72807,-0.862414
36,0.41860465116279066,1984.0,93.474609375,-1.122197,-1.163765
37,0.43023255813953487,1989.0,98.474609375,-1.315584,-1.288076
38,0.4418604651162791,1969.0,78.474609375,-1.352956,-1.243621
39,0.4534883720930233,1980.0,89.474609375,-1.336428,-1.096238
40,0.4651162790697675,1981.0,90.474609375,-1.41366,-0.96997
41,0.4767441860465116,1979.0,88.474609375,-1.637664,-0.941428
42,0.4883720930232558,1968.0,77.474609375,-1.913333,-0.974459
43,0.5,1969.0,78.474609375,-2.010241,-0.923938
44,0.5116279069767442,1973.0,82.474609375,-1.70499,-0.610066
45,0.5232558139534884,1969.0,78.474609375,-0.925028,0.039738
46,0.5348837209302326,1965.0,74.474609375,0.189052,0.943756
47,0.5465116279069767,1967.0,76.474609375,1.329254,1.873466
48,0.5581395348837209,1963.0,72.474609375,2.167102,2.549217
49,0.5697674418604651,1959.0,68.474609375,2.554296,2.79407
50,0.5813953488372093,1962.0,71.474609375,2.6217,2.663929
51,0.5930232558139535,1963.0,72.474609375,2.700001,2.397857
52,0.6046511627906976,1958.0,67.474609375,3.106003,2.279693
53,0.6162790697674418,1955.0,64.474609375,3.895068,2.433659
54,0.627906976744186,1955.0,64.474609375,4.714894,2.678741
55,0.6395348837209301,1956.0,65.474609375,4.889455,2.528142
56,0.6511627906976744,1959.0,68.474609375,3.730606,1.42812
57,0.6627906976744186,1953.0,62.474609375,0.92879,-0.929194
58,0.6744186046511628,1950.0,59.474609375,-3.148535,-4.300797
59,0.686046511627907,1959.0,68.474609375,-7.46794,-7.840119
60,0.6976744186046512,1950.0,59.474609375,-10.692575,-10.359873
61,0.7093023255813954,1947.0,56.474609375,-11.676866,-10.76247
62,0.7209302325581396,1948.0,57.474609375,-9.979863,-8.544469
63,0.7325581395348838,1953.0,62.474609375,-6.08179,-4.093075
64,0.7441860465116279,1945.0,54.474609375,-1.220333,1.395053
65,0.7558139534883721,1938.0,47.474609375,3.128145,6.329935
66,0.7674418604651163,1949.0,58.474609375,5.838204,9.36478
67,0.7790697674418604,1936.0,45.474609375,6.507191,9.840063
68,0.7906976744186046,1945.0,54.474609375,5.577358,8.066706
69,0.8023255813953488,1936.0,45.474609375,3.973462,5.037363
70,0.813953488372093,1923.0,32.474609375,2.64845,2.007761
71,0.8255813953488372,1933.0,42.474609375,2.150877,-0.054601
72,0.8372093023255813,1936.0,45.474609375,2.39946,-0.847904
73,0.8488372093023255,1931.0,40.474609375,2.843049,-0.738241
74,0.8604651162790697,1936.0,45.474609375,2.832816,-0.438684
75,0.872093023255814,1927.0,36.474609375,1.968913,-0.617441
76,0.8837209302325582,1936.0,45.474609375,0.341863,-1.502512
77,0.8953488372093024,1931.0,40.474609375,-1.571524,-2.852506
78,0.9069767441860466,1933.0,42.474609375,-3.133794,-4.073536
79,0.9186046511627908,1934.0,43.474609375,-3.882955,-4.581281
80,0.930232558139535,1930.0,39.474609375,-3.730484,-4.088902
81,0.9418604651162791,1927.0,36.474609375,-2.950516,-2.716292
82,0.9534883720930232,1923.0,32.474609375,-2.002132,-0.913801
83,0.9651162790697674,1933.0,42.474609375,-1.269914,0.783643
84,0.9767441860465116,1917.0,26.474609375,-0.923425,1.962148
85,0.9883720930232557,1921.0,30.474609375,-0.829884,2.51729
86,1.0,1926.0,35.474609375,-0.724744,2.575119
87,1.0116279069767442,1927.0,36.474609375,-0.388045,2.358474
88,1.0232558139534884,1914.0,23.474609375,0.214268,2.035256
89,1.0348837209302326,1936.0,45.474609375,0.948182,1.672043
90,1.0465116279069768,1913.0,22.474609375,1.515805,1.18506
91,1.0581395348837208,1912.0,21.474609375,1.713392,0.524608
92,1.0697674418604652,1922.0,31.474609375,1.491373,-0.289317
93,1.0813953488372092,1913.0,22.474609375,0.964739,-1.142288
94,1.0930232558139534,1920.0,29.474609375,0.386443,-1.845282
95,1.1046511627906976,1915.0,24.474609375,-0.021218,-2.249355
96,1.1162790697674418,1931.0,40.474609375,-0.128976,-2.287685
97,1.127906976744186,1915.0,24.474609375,0.005088,-2.015986
98,1.1395348837209303,1914.0,23.474609375,0.252738,-1.504689
99,1.1511627906976745,1925.0,34.474609375,0.464808,-0.805057
100,1.1627906976744187,1914.0,23.474609375,0.527107,0.039939
101,1.1744186046511629,1919.0,28.474609375,0.443372,1.014475
102,1.186046511627907,1905.0,14.474609375,0.261182,2.028299
103,1.197674418604651,1910.0,19.474609375,0.071895,2.89616
104,1.2093023255813953,1899.0,8.474609375,-0.086514,3.36493
105,1.2209302325581395,1904.0,13.474609375,-0.195091,3.215
106,1.2325581395348837,1891.0,0.474609375,-0.282274,2.38518
107,1.244186046511628,1896.0,5.474609375,-0.345742,1.035632
108,1.255813953488372,1873.0,-17.525390625,-0.396162,-0.486246
109,1.2674418604651163,1884.0,-6.525390625,-0.392858,-1.757282
110,1.2790697674418603,1878.0,-12.525390625,-0.352594,-2.48648
111,1.2906976744186047,1866.0,-24.525390625,-0.319927,-2.617674
112,1.3023255813953487,1866.0,-24.525390625,-0.349172,-2.295004
113,1.3139534883720931,1868.0,-22.525390625,-0.486161,-1.809876
114,1.3255813953488371,1865.0,-25.525390625,-0.722466,-1.411909
115,1.3372093023255816,1863.0,-27.525390625,-0.968337,-1.174979
116,1.3488372093023255,1878.0,-12.525390625,-1.075651,-1.011075
117,1.36046511627907,1873.0,-17.525390625,-0.940984,-0.748953
118,1.372093023255814,1915.0,24.474609375,-0.502093,-0.26134
119,1.383720930232558,1889.0,-1.525390625,0.104616,0.384139
120,1.3953488372093024,1931.0,40.474609375,0.754207,1.032856
121,1.4069767441860463,1913.0,22.474609375,1.223957,1.452789
122,1.4186046511627908,1933.0,42.474609375,1.442073,1.541302
123,1.4302325581395348,1936.0,45.474609375,1.422353,1.379791
124,1.4418604651162792,1949.0,58.474609375,1.298245,1.181836
125,1.4534883720930232,1945.0,54.474609375,1.203916,1.15915
126,1.4651162790697676,1938.0,47.474609375,1.210897,1.385392
127,1.4767441860465116,1939.0,48.474609375,1.271058,1.701265
128,1.4883720930232558,1915.0,24.474609375,1.203851,1.792724
129,1.5,1930.0,39.474609375,0.815515,1.325866
130,1.5116279069767442,1878.0,-12.525390625,-0.008283,0.231733
131,1.5232558139534884,1901.0,10.474609375,-1.170561,-1.29087
132,1.5348837209302326,1836.0,-54.525390625,-2.515566,-2.79658
133,1.5465116279069768,1859.0,-31.525390625,-3.709392,-3.786749
134,1.5581395348837208,1800.0,-90.525390625,-4.486482,-3.921917
135,1.5697674418604652,1822.0,-68.525390625,-4.579229,-3.151813
136,1.5813953488372092,1776.0,-114.525390625,-3.930752,-1.760756
137,1.5930232558139534,1787.0,-103.525390625,-2.578457,-0.178617
138,1.6046511627906976,1776.0,-114.525390625,-0.723113,1.163944
139,1.6162790697674418,1777.0,-113.525390625,1.346357,2.043746
140,1.627906976744186,1804.0,-86.525390625,3.31154,2.428337
141,1.6395348837209303,1783.0,-107.525390625,4.762672,2.411513
142,1.6511627906976745,1851.0,-39.525390625,5.494774,2.131219
143,1.6627906976744187,1824.0,-66.525390625,5.322945,1.653782
144,1.6744186046511627,1902.0,11.474609375,4.430938,0.988178
145,1.686046511627907,1883.0,-7.525390625,3.085597,0.186335
146,1.697674418604651,1949.0,58.474609375,1.801002,-0.628778
147,1.7093023255813955,1925.0,34.474609375,0.8932,-1.25837
148,1.7209302325581395,1971.0,80.474609375,0.587051,-1.482226
149,1.7325581395348837,1958.0,67.474609375,0.655685,-1.240318
150,1.744186046511628,1966.0,75.474609375,0.689076,-0.669739
151,1.755813953488372,1975.0,84.474609375,0.192338,-0.069562
152,1.7674418604651163,1929.0,38.474609375,-1.192,0.226559
153,1.7790697674418603,1947.0,56.474609375,-3.377162,0.062378
154,1.7906976744186047,1869.0,-21.525390625,-5.985108,-0.447286
155,1.8023255813953487,1904.0,13.474609375,-8.259162,-0.967772
156,1.8139534883720931,1793.0,-97.525390625,-9.652037,-1.103395
157,1.8255813953488371,1834.0,-56.525390625,-9.661312,-0.618027
158,1.8372093023255816,1723.0,-167.525390625,-8.395885,0.394111
159,1.8488372093023255,1754.0,-136.525390625,-6.097147,1.534367
160,1.86046511627907,1680.0,-210.525390625,-3.361311,2.219926
161,1.872093023255814,1694.0,-196.525390625,-0.58916,2.029256
162,1.8837209302325582,1679.0,-211.525390625,1.922408,0.862756
163,1.8953488372093024,1675.0,-215.525390625,4.131736,-0.94551
164,1.9069767441860463,1731.0,-159.525390625,6.16367,-2.772645
165,1.9186046511627908,1700.0,-190.525390625,8.06074,-3.937497
166,1.9302325581395348,1824.0,-66.525390625,9.938593,-3.963699
167,1.9418604651162792,1772.0,-118.525390625,11.586163,-2.758356
168,1.9534883720930232,1923.0,32.474609375,12.934011,-0.614635
169,1.9651162790697676,1862.0,-28.525390625,13.610378,1.893579
170,1.9767441860465114,1981.0,90.474609375,13.517052,4.162743
171,1.9883720930232558,1954.0,63.474609375,12.331989,5.677293
172,2.0,2012.0,121.474609375,9.902079,6.116763
173,2.011627906976744,2013.0,122.474609375,6.051498,5.402803
174,2.0232558139534884,1982.0,91.474609375,0.807165,3.673118
175,2.0348837209302326,2011.0,120.474609375,-5.466386,1.267978
176,2.046511627906977,1908.0,17.474609375,-12.222287,-1.3548
177,2.058139534883721,1946.0,55.474609375,-18.46356,-3.67949
178,2.0697674418604652,1792.0,-98.525390625,-23.380167,-5.231058
179,2.0813953488372094,1854.0,-36.525390625,-26.079685,-5.746868
180,2.0930232558139537,1682.0,-208.525390625,-26.389891,-5.253031
181,2.1046511627906974,1733.0,-157.525390625,-24.278326,-4.037722
182,2.1162790697674416,1604.0,-286.525390625,-20.36458,-2.585768
183,2.1279069767441863,1634.0,-256.525390625,-15.154537,-1.359977
184,2.1395348837209305,1597.0,-293.525390625,-9.206879,-0.611748
185,2.1511627906976742,1585.0,-305.525390625,-2.77542,-0.285688
186,2.1627906976744184,1654.0,-236.525390625,4.131995,-0.067037
187,2.174418604651163,1618.0,-272.525390625,11.396867,0.418242
188,2.186046511627907,1776.0,-114.525390625,18.931692,1.363667
189,2.197674418604651,1719.0,-171.525390625,26.092442,2.690426
190,2.2093023255813953,1911.0,20.474609375,32.295113,4.028938
191,2.22093023255814,1845.0,-45.525390625,36.517109,4.901306
192,2.2325581395348837,2021.0,130.474609375,38.237709,4.996899
193,2.244186046511628,1973.0,82.474609375,36.929077,4.289436
194,2.255813953488372,2064.0,173.474609375,32.671749,3.084442
195,2.267441860465116,2059.0,168.474609375,25.649073,1.794498
196,2.2790697674418605,2015.0,124.474609375,16.281836,0.768687
197,2.2906976744186047,2059.0,168.474609375,5.119523,0.067268
198,2.302325581395349,1911.0,20.474609375,-7.389266,-0.519582
199,2.3139534883720927,1968.0,77.474609375,-20.387978,-1.330688
200,2.3255813953488373,1759.0,-131.525390625,-33.161064,-2.586693
201,2.3372093023255816,1831.0,-59.525390625,-44.365192,-4.177456
202,2.3488372093023258,1619.0,-271.525390625,-52.953617,-5.646572
203,2.3604651162790695,1680.0,-210.525390625,-57.605511,-6.393269
204,2.372093023255814,1551.0,-339.525390625,-57.666283,-5.935043
205,2.3837209302325584,1570.0,-320.525390625,-52.789711,-4.211369
206,2.395348837209302,1571.0,-319.525390625,-43.307159,-1.58923
207,2.4069767441860463,1552.0,-338.525390625,-30.061817,1.179085
208,2.4186046511627906,1674.0,-216.525390625,-14.107146,3.29458
209,2.430232558139535,1606.0,-284.525390625,3.138538,4.209909
210,2.441860465116279,1825.0,-65.525390625,20.609407,3.814804
211,2.453488372093023,1744.0,-146.525390625,36.935993,2.428288
212,2.4651162790697674,1981.0,90.474609375,51.32954,0.668335
213,2.4767441860465116,1907.0,16.474609375,62.740665,-0.791298
214,2.488372093023256,2087.0,196.474609375,70.638657,-1.43985
215,2.5,2033.0,142.474609375,74.288391,-1.064774
216,2.511627906976744,2083.0,192.474609375,73.316154,0.287819
217,2.5232558139534884,2096.0,205.474609375,67.355827,2.299461
218,2.5348837209302326,1986.0,95.474609375,56.086388,4.431488
219,2.546511627906977,2057.0,166.474609375,39.698563,6.113468
220,2.5581395348837206,1817.0,-73.525390625,18.396255,6.70788
221,2.5697674418604652,1915.0,24.474609375,-6.554677,5.832757
222,2.5813953488372094,1668.0,-222.525390625,-33.643974,3.411228
223,2.5930232558139537,1745.0,-145.525390625,-60.249622,-0.178993
224,2.6046511627906974,1552.0,-338.525390625,-83.752037,-4.139732
225,2.6162790697674416,1597.0,-293.525390625,-101.224937,-7.443459
226,2.6279069767441863,1529.0,-361.525390625,-110.490097,-9.17379
227,2.6395348837209305,1527.0,-363.525390625,-110.215782,-8.883995
228,2.6511627906976742,1609.0,-281.525390625,-100.19252,-6.79879
229,2.6627906976744184,1559.0,-331.525390625,-81.397728,-3.704285
230,2.674418604651163,1755.0,-135.525390625,-55.359955,-0.684715
231,2.686046511627907,1678.0,-212.525390625,-24.40415,1.347754
232,2.697674418604651,1920.0,29.474609375,9.357267,1.993292
233,2.7093023255813953,1836.0,-54.525390625,43.334862,1.471867
234,2.72093023255814,2041.0,150.474609375,75.337143,0.510155
235,2.7325581395348837,1984.0,93.474609375,102.786461,-0.094093
236,2.744186046511628,2075.0,184.474609375,123.436775,0.215805
237,2.755813953488372,2064.0,173.474609375,135.15863,1.48111
238,2.767441860465116,1995.0,104.474609375,136.367065,3.284637
239,2.7790697674418605,2057.0,166.474609375,126.474625,5.039124
240,2.7906976744186047,1858.0,-32.525390625,105.600563,6.185814
241,2.802325581395349,1936.0,45.474609375,75.218887,6.471436
242,2.8139534883720927,1714.0,-176.525390625,37.242165,5.928043
243,2.8255813953488373,1788.0,-102.525390625,-5.35039,4.762136
244,2.8372093023255816,1598.0,-292.525390625,-49.535427,3.13002
245,2.8488372093023253,1641.0,-249.525390625,-91.647499,1.11628
246,2.8604651162790695,1568.0,-322.525390625,-128.104065,-1.257126
247,2.872093023255814,1582.0,-308.525390625,-155.321823,-3.90712
248,2.8837209302325584,1621.0,-269.525390625,-170.145477,-6.524231
249,2.895348837209302,1583.0,-307.525390625,-170.512039,-8.643188
250,2.9069767441860463,1807.0,-83.525390625,-155.399948,-9.698029
251,2.918604651162791,1675.0,-215.525390625,-125.921265,-9.362343
252,2.930232558139535,1930.0,39.474609375,-84.21077,-7.631775
253,2.941860465116279,1872.0,-18.525390625,-34.185474,-4.907871
254,2.953488372093023,1989.0,98.474609375,19.865929,-1.781315
255,2.9651162790697674,1971.0,80.474609375,73.221657,1.166931
256,2.9767441860465116,1982.0,91.474609375,121.478088,3.592163
257,2.988372093023256,1999.0,108.474609375,160.676514,5.447678
258,3.0,1904.0,13.474609375,187.291565,6.850159
259,3.011627906976744,1953.0,62.474609375,198.751633,7.915848
260,3.0232558139534884,1804.0,-86.525390625,193.089828,8.517654
261,3.0348837209302326,1860.0,-30.525390625,170.057343,8.403992
262,3.046511627906977,1703.0,-187.525390625,130.659286,7.22583
263,3.0581395348837206,1747.0,-143.525390625,78.16227,4.916237
264,3.0697674418604652,1647.0,-243.525390625,17.139879,1.729332
265,3.0813953488372094,1668.0,-222.525390625,-46.417347,-1.66798
266,3.0930232558139537,1651.0,-239.525390625,-106.400536,-4.512398
267,3.1046511627906974,1639.0,-251.525390625,-157.118683,-6.188995
268,3.1162790697674416,1707.0,-183.525390625,-193.995743,-6.523727
269,3.1279069767441863,1664.0,-226.525390625,-214.070938,-5.84584
270,3.1395348837209305,1792.0,-98.525390625,-215.642883,-4.74826
271,3.1511627906976742,1735.0,-155.525390625,-198.76178,-3.89769
272,3.1627906976744184,1865.0,-25.525390625,-164.368774,-3.547745
273,3.174418604651163,1827.0,-63.525390625,-115.062393,-3.598694
274,3.186046511627907,1910.0,19.474609375,-54.378456,-3.569069
275,3.197674418604651,1889.0,-1.525390625,12.613249,-2.942438
276,3.2093023255813953,1910.0,19.474609375,80.076187,-1.406036
277,3.22093023255814,1911.0,20.474609375,141.534958,0.931839
278,3.2325581395348837,1879.0,-11.525390625,190.848434,3.61293
279,3.244186046511628,1899.0,8.474609375,222.922699,6.016525
280,3.255813953488372,1830.0,-60.525390625,234.290421,7.621429
281,3.2674418604651163,1854.0,-36.525390625,223.773132,8.210785
282,3.2790697674418605,1767.0,-123.525390625,192.175613,7.82814
283,3.2906976744186047,1794.0,-96.525390625,142.616653,6.726181
284,3.302325581395349,1725.0,-165.525390625,79.597595,5.124901
285,3.3139534883720927,1743.0,-147.525390625,9.152842,3.163369
286,3.3255813953488373,1707.0,-183.525390625,-62.308304,0.822044
287,3.3372093023255816,1715.0,-175.525390625,-127.979568,-1.863464
288,3.3488372093023253,1725.0,-165.525390625,-181.794495,-4.763016
289,3.3604651162790695,1712.0,-178.525390625,-218.622787,-7.501892
290,3.372093023255814,1787.0,-103.525390625,-234.992584,-9.566849
291,3.3837209302325584,1760.0,-130.525390625,-229.421097,-10.512115
292,3.395348837209302,1830.0,-60.525390625,-202.366989,-10.059464
293,3.4069767441860463,1807.0,-83.525390625,-156.433273,-8.274933
294,3.418604651162791,1854.0,-36.525390625,-95.731606,-5.455399
295,3.430232558139535,1839.0,-51.525390625,-26.021816,-2.104019
296,3.441860465116279,1856.0,-34.525390625,46.301403,1.365532
297,3.453488372093023,1859.0,-31.525390625,114.142288,4.598694
298,3.4651162790697674,1840.0,-50.525390625,170.954712,7.427933
299,3.4767441860465116,1843.0,-47.525390625,210.939499,9.698898
300,3.488372093023256,1808.0,-82.525390625,230.187469,11.228516
301,3.5,1824.0,-66.525390625,226.910965,11.795242
302,3.511627906976744,1770.0,-120.525390625,201.74559,11.130524
303,3.5232558139534884,1782.0,-108.525390625,157.620285,9.155396
304,3.5348837209302326,1728.0,-162.525390625,99.009804,5.980614
305,3.546511627906977,1746.0,-144.525390625,31.699003,2.006895
306,3.5581395348837206,1686.0,-204.525390625,-38.319847,-2.26207
307,3.5697674418604652,1707.0,-183.525390625,-104.586624,-6.274506
308,3.5813953488372094,1675.0,-215.525390625,-161.172852,-9.671295
309,3.5930232558139537,1680.0,-210.525390625,-202.196899,-12.205414
310,3.6046511627906974,1676.0,-214.525390625,-223.053497,-13.77359
311,3.616279069767442,1674.0,-216.525390625,-220.493057,-14.241684
312,3.6279069767441863,1709.0,-181.525390625,-193.963318,-13.394135
313,3.63953488372093,1683.0,-207.525390625,-145.921066,-11.037766
314,3.6511627906976742,1730.0,-160.525390625,-81.956818,-7.050766
315,3.6627906976744184,1713.0,-177.525390625,-10.288494,-1.693918
316,3.674418604651163,1761.0,-129.525390625,59.957996,4.401234
317,3.686046511627907,1746.0,-144.525390625,119.90271,10.233131
318,3.697674418604651,1775.0,-115.525390625,163.114502,14.768784
319,3.7093023255813953,1769.0,-121.525390625,185.788986,17.21843
320,3.72093023255814,1776.0,-114.525390625,187.669434,17.326706
321,3.7325581395348837,1776.0,-114.525390625,170.716156,15.401459
322,3.744186046511628,1770.0,-120.525390625,138.865417,12.151596
323,3.755813953488372,1774.0,-116.525390625,96.518082,8.360794
324,3.7674418604651163,1747.0,-143.525390625,48.280746,4.559021
325,3.7790697674418605,1751.0,-139.525390625,-1.443826,0.933404
326,3.7906976744186047,1722.0,-168.525390625,-48.642853,-2.700314
327,3.802325581395349,1741.0,-149.525390625,-89.310097,-6.52832
328,3.8139534883720927,1712.0,-178.525390625,-120.213066,-10.577461
329,3.8255813953488373,1715.0,-175.525390625,-138.478363,-14.481552
330,3.8372093023255816,1712.0,-178.525390625,-142.811569,-17.529999
331,3.8488372093023253,1708.0,-182.525390625,-132.989899,-18.953056
332,3.8604651162790695,1722.0,-168.525390625,-110.731438,-18.171822
333,3.872093023255814,1712.0,-178.525390625,-78.807365,-15.109776
334,3.8837209302325584,1744.0,-146.525390625,-41.094429,-10.177345
335,3.895348837209302,1737.0,-153.525390625,-1.774363,-4.228882
336,3.9069767441860463,1767.0,-123.525390625,35.209663,1.826614
337,3.9186046511627906,1753.0,-137.525390625,66.364998,7.24823
338,3.930232558139535,1779.0,-111.525390625,89.423256,11.676193
339,3.941860465116279,1779.0,-111.525390625,102.798912,15.110397
340,3.9534883720930227,1791.0,-99.525390625,106.419319,17.751503
341,3.9651162790697674,1797.0,-93.525390625,100.678513,19.75013
342,3.9767441860465116,1792.0,-98.525390625,87.082764,20.988533
343,3.9883720930232562,1790.0,-100.525390625,67.12587,21.019215
344,4.0,1789.0,-101.525390625,42.782501,19.18943
345,4.011627906976744,1793.0,-97.525390625,15.808324,14.870394
346,4.023255813953488,1770.0,-120.525390625,-11.925425,7.817102
347,4.034883720930233,1778.0,-112.525390625,-38.300404,-1.535114
348,4.046511627906977,1761.0,-129.525390625,-61.26516,-12.065067
349,4.058139534883721,1767.0,-123.525390625,-78.302948,-22.030865
350,4.069767441860465,1755.0,-135.525390625,-87.641151,-29.604023
351,4.081395348837209,1758.0,-132.525390625,-87.718918,-33.24073
352,4.093023255813954,1762.0,-128.525390625,-78.630814,-32.189018
353,4.104651162790698,1763.0,-127.525390625,-61.446423,-26.701168
354,4.116279069767442,1775.0,-115.525390625,-38.839832,-17.95994
355,4.127906976744186,1766.0,-124.525390625,-14.012192,-7.709273
356,4.1395348837209305,1785.0,-105.525390625,9.710214,2.280426
357,4.151162790697675,1778.0,-112.525390625,29.603344,10.649483
358,4.162790697674419,1797.0,-93.525390625,44.235767,16.738794
359,4.174418604651162,1788.0,-102.525390625,53.035549,20.553234
360,4.186046511627907,1797.0,-93.525390625,56.732948,22.507233
361,4.1976744186046515,1798.0,-92.525390625,56.053165,23.091583
362,4.209302325581395,1803.0,-87.525390625,52.178967,22.579861
363,4.22093023255814,1810.0,-80.525390625,45.576824,20.924515
364,4.232558139534883,1804.0,-86.525390625,36.792828,17.905922
365,4.2441860465116275,1805.0,-85.525390625,25.965899,13.333541
366,4.2558139534883725,1799.0,-91.525390625,13.505081,7.303432
367,4.267441860465116,1808.0,-82.525390625,0.085266,0.270302
368,4.279069767441861,1790.0,-100.525390625,-13.473275,-7.083841
369,4.290697674418605,1794.0,-96.525390625,-25.831364,-13.894715
370,4.3023255813953485,1790.0,-100.525390625,-36.060848,-19.457653
371,4.313953488372094,1777.0,-113.525390625,-43.035027,-23.279369
372,4.325581395348837,1783.0,-107.525390625,-46.385368,-25.081017
373,4.337209302325581,1779.0,-111.525390625,-45.767437,-24.764122
374,4.348837209302326,1805.0,-85.525390625,-41.525848,-22.305304
375,4.3604651162790695,1792.0,-98.525390625,-34.086994,-17.814827
376,4.372093023255814,1801.0,-89.525390625,-24.162626,-11.481449
377,4.383720930232558,1791.0,-99.525390625,-12.577254,-3.725413
378,4.395348837209302,1813.0,-77.525390625,-0.140375,4.764411
379,4.406976744186047,1799.0,-91.525390625,11.975853,13.001278
380,4.4186046511627906,1812.0,-78.525390625,23.063068,19.961901
381,4.430232558139535,1809.0,-81.525390625,31.89772,24.700218
382,4.44186046511628,1813.0,-77.525390625,37.926414,26.626282
383,4.453488372093023,1808.0,-82.525390625,40.511272,25.601864
384,4.465116279069767,1818.0,-72.525390625,39.596077,21.932285
385,4.476744186046512,1813.0,-77.525390625,35.356312,16.268324
386,4.488372093023256,1831.0,-59.525390625,28.326126,9.395922
387,4.5,1827.0,-63.525390625,19.309078,2.085999
388,4.511627906976744,1831.0,-59.525390625,9.044761,-5.011439
389,4.523255813953488,1835.0,-55.525390625,-1.482752,-11.34139
390,4.534883720930232,1836.0,-54.525390625,-11.623436,-16.474823
391,4.546511627906977,1839.0,-51.525390625,-20.482403,-20.022718
392,4.558139534883721,1837.0,-53.525390625,-27.523823,-21.677408
393,4.569767441860465,1837.0,-53.525390625,-32.050488,-21.220968
394,4.5813953488372094,1836.0,-54.525390625,-33.712231,-18.622826
395,4.593023255813954,1840.0,-50.525390625,-32.298988,-14.121317
396,4.604651162790698,1831.0,-59.525390625,-27.979151,-8.236437
397,4.616279069767442,1840.0,-50.525390625,-21.310038,-1.716688
398,4.627906976744185,1828.0,-62.525390625,-13.022729,4.589147
399,4.6395348837209305,1831.0,-59.525390625,-4.15918,9.886078
400,4.651162790697675,1819.0,-71.525390625,4.513226,13.640841
401,4.662790697674418,1816.0,-74.525390625,12.158148,15.599129
402,4.674418604651163,1813.0,-77.525390625,18.417042,15.874928
403,4.686046511627906,1821.0,-69.525390625,22.930836,14.807713
404,4.6976744186046515,1808.0,-82.525390625,25.589552,12.804653
405,4.709302325581396,1810.0,-80.525390625,26.248232,10.239931
406,4.720930232558139,1811.0,-79.525390625,24.82218,7.304663
407,4.732558139534884,1808.0,-82.525390625,21.323181,4.043079
408,4.744186046511628,1813.0,-77.525390625,15.894402,0.432139
409,4.755813953488372,1811.0,-79.525390625,9.030299,-3.464296
410,4.767441860465117,1819.0,-71.525390625,1.371349,-7.418474
411,4.77906976744186,1824.0,-66.525390625,-6.129694,-10.975351
412,4.790697674418604,1835.0,-55.525390625,-12.653356,-13.55765
413,4.802325581395349,1827.0,-63.525390625,-17.398039,-14.610564
414,4.813953488372093,1854.0,-36.525390625,-19.939608,-13.776036
415,4.825581395348837,1847.0,-43.525390625,-20.156576,-11.090139
416,4.837209302325581,1872.0,-18.525390625,-18.291128,-6.981709
417,4.848837209302325,1860.0,-30.525390625,-14.871675,-2.213758
418,4.86046511627907,1892.0,1.474609375,-10.503122,2.388672
419,4.872093023255814,1889.0,-1.525390625,-5.947841,6.04446
420,4.883720930232558,1897.0,6.474609375,-1.687649,8.383286
421,4.895348837209303,1898.0,7.474609375,1.853149,9.366683
422,4.906976744186046,1877.0,-13.525390625,4.633922,9.320263
423,4.9186046511627906,1889.0,-1.525390625,6.763238,8.696447
424,4.930232558139535,1856.0,-34.525390625,8.499307,7.877594
425,4.941860465116279,1872.0,-18.525390625,10.049305,7.030606
426,4.953488372093023,1819.0,-71.525390625,11.370506,5.989594
427,4.965116279069767,1841.0,-49.525390625,12.268721,4.499051
428,4.976744186046512,1787.0,-103.525390625,12.217961,2.198138
429,4.988372093023256,1795.0,-95.525390625,10.831654,-0.984159
430,5.0,1776.0,-114.525390625,7.832403,-4.864884
431,5.011627906976744,1776.0,-114.525390625,3.482204,-8.876097
432,5.023255813953488,1779.0,-111.525390625,-1.609527,-12.279464
433,5.034883720930233,1769.0,-121.525390625,-6.436181,-14.310135
434,5.046511627906977,1808.0,-82.525390625,-10.008001,-14.375279
435,5.058139534883721,1791.0,-99.525390625,-11.571484,-12.214733
436,5.069767441860465,1871.0,-19.525390625,-10.869539,-7.936182
437,5.081395348837209,1840.0,-50.525390625,-8.244731,-2.079247
438,5.093023255813954,1922.0,31.474609375,-4.374752,4.613939
439,5.104651162790698,1893.0,2.474609375,-0.267798,11.101851
440,5.116279069767441,1962.0,71.474609375,3.260122,16.408478
441,5.127906976744186,1939.0,48.474609375,5.482746,19.536486
442,5.1395348837209305,1970.0,79.474609375,6.204769,19.946739
443,5.151162790697675,1968.0,77.474609375,5.432704,17.427647
444,5.162790697674419,1949.0,58.474609375,3.577368,12.402363
445,5.174418604651162,1965.0,74.474609375,1.176361,5.740373
446,5.186046511627907,1892.0,1.474609375,-1.183336,-1.40422
447,5.1976744186046515,1913.0,22.474609375,-2.958546,-7.862387
448,5.209302325581395,1819.0,-71.525390625,-3.919293,-12.873222
449,5.22093023255814,1854.0,-36.525390625,-3.982701,-16.044363
450,5.232558139534883,1755.0,-135.525390625,-3.500244,-17.598476
451,5.2441860465116275,1786.0,-104.525390625,-2.774349,-17.826738
452,5.2558139534883725,1728.0,-162.525390625,-2.23552,-17.132986
453,5.267441860465116,1737.0,-153.525390625,-1.968136,-15.519425
454,5.279069767441861,1754.0,-136.525390625,-1.871571,-12.828192
455,5.290697674418605,1730.0,-160.525390625,-1.62327,-8.775094
456,5.3023255813953485,1817.0,-73.525390625,-0.815745,-3.254009
457,5.313953488372094,1783.0,-107.525390625,0.69559,3.356845
458,5.325581395348837,1895.0,4.474609375,2.891773,10.329744
459,5.337209302325581,1854.0,-36.525390625,5.285499,16.516911
460,5.348837209302326,1984.0,93.474609375,7.484673,21.059959
461,5.3604651162790695,1937.0,46.474609375,8.9141,23.268002
462,5.372093023255814,2046.0,155.474609375,9.505628,23.233654
463,5.383720930232558,2016.0,125.474609375,9.203384,21.24836
464,5.395348837209302,2045.0,154.474609375,8.319896,17.974167
465,5.406976744186046,2047.0,156.474609375,7.045419,13.826735
466,5.4186046511627906,1995.0,104.474609375,5.464672,9.008904
467,5.430232558139535,2026.0,135.474609375,3.525048,3.521266
468,5.44186046511628,1904.0,13.474609375,0.975929,-2.723918
469,5.453488372093023,1949.0,58.474609375,-2.158436,-9.422345
470,5.465116279069767,1813.0,-77.525390625,-5.901169,-16.134014
471,5.476744186046512,1865.0,-25.525390625,-9.812324,-21.951336
472,5.488372093023256,1751.0,-139.525390625,-13.610394,-26.231873
473,5.5,1778.0,-112.525390625,-16.81426,-28.38061
474,5.511627906976744,1728.0,-162.525390625,-19.199228,-28.380196
475,5.523255813953488,1733.0,-157.525390625,-20.501217,-26.382797
476,5.534883720930232,1778.0,-112.525390625,-20.501835,-22.749453
477,5.546511627906977,1748.0,-142.525390625,-18.932905,-17.702618
478,5.558139534883721,1859.0,-31.525390625,-15.333478,-11.216541
479,5.569767441860465,1808.0,-82.525390625,-9.502009,-3.273916
480,5.5813953488372094,1953.0,62.474609375,-1.309283,6.148428
481,5.593023255813954,1907.0,16.474609375,8.611567,16.447586
482,5.604651162790698,2033.0,142.474609375,19.355385,26.74202
483,5.616279069767442,1999.0,108.474609375,29.404039,35.565823
484,5.627906976744185,2064.0,173.474609375,37.404858,41.655231
485,5.6395348837209305,2053.0,162.474609375,42.145893,43.933418
486,5.651162790697675,2038.0,147.474609375,43.032669,42.076321
487,5.662790697674418,2060.0,169.474609375,40.008629,36.368324
488,5.674418604651163,1962.0,71.474609375,33.338078,27.52224
489,5.686046511627907,2000.0,109.474609375,23.608648,16.515034
490,5.697674418604651,1872.0,-18.525390625,11.241942,4.112713
491,5.709302325581396,1930.0,39.474609375,-3.057755,-8.873205
492,5.720930232558139,1793.0,-97.525390625,-18.666658,-21.912352
493,5.732558139534884,1829.0,-61.525390625,-34.325813,-34.091251
494,5.744186046511628,1748.0,-142.525390625,-48.585766,-44.47773
495,5.755813953488372,1772.0,-118.525390625,-59.572598,-51.773384
496,5.767441860465117,1770.0,-120.525390625,-65.612885,-54.937325
497,5.77906976744186,1751.0,-139.525390625,-65.498161,-53.221848
498,5.790697674418604,1825.0,-65.525390625,-58.80204,-46.58466
499,5.802325581395349,1792.0,-98.525390625,-46.139317,-35.760971
500,5.813953488372093,1914.0,23.474609375,-28.701904,-21.90868
501,5.825581395348837,1871.0,-19.525390625,-8.361833,-6.593423
502,5.837209302325582,1982.0,91.474609375,13.183754,8.993284
503,5.848837209302325,1958.0,67.474609375,34.170578,23.799597
504,5.86046511627907,2026.0,135.474609375,53.268978,37.338348
505,5.872093023255814,2010.0,119.474609375,69.108292,49.06477
506,5.883720930232558,2009.0,118.474609375,80.422295,58.433369
507,5.895348837209303,2033.0,142.474609375,85.892593,64.501709
508,5.906976744186046,1954.0,63.474609375,84.290817,66.11792
509,5.9186046511627906,1993.0,102.474609375,74.936607,62.280937
510,5.930232558139535,1895.0,4.474609375,57.780235,52.355301
511,5.941860465116279,1923.0,32.474609375,33.96291,36.705875
512,5.953488372093023,1834.0,-56.525390625,5.490721,16.496136
513,5.965116279069767,1861.0,-29.525390625,-24.71217,-6.146027
514,5.976744186046512,1810.0,-80.525390625,-53.524734,-28.877359
515,5.988372093023256,1819.0,-71.525390625,-77.950356,-49.313385
516,6.0,1840.0,-50.525390625,-95.61113,-65.636787
517,6.011627906976744,1829.0,-61.525390625,-105.019241,-76.615929
518,6.023255813953488,1889.0,-1.525390625,-105.460075,-81.584579
519,6.034883720930233,1853.0,-37.525390625,-97.055717,-80.329704
520,6.046511627906977,1936.0,45.474609375,-80.341789,-72.741104
521,6.058139534883721,1902.0,11.474609375,-56.486149,-59.06979
522,6.069767441860465,1977.0,86.474609375,-26.971594,-39.768867
523,6.081395348837209,1950.0,59.474609375,6.046044,-16.012894
524,6.093023255813954,1986.0,95.474609375,39.986736,10.497124
525,6.104651162790698,1984.0,93.474609375,71.785118,37.324619
526,6.116279069767441,1983.0,92.474609375,98.237175,61.755676
527,6.127906976744186,1986.0,95.474609375,116.440414,81.139839
528,6.1395348837209305,1959.0,68.474609375,124.167732,93.343941
529,6.151162790697675,1977.0,86.474609375,120.35762,97.126251
530,6.162790697674419,1925.0,34.474609375,105.127884,92.140266
531,6.174418604651162,1939.0,48.474609375,79.944778,79.028221
532,6.186046511627907,1886.0,-4.525390625,47.194153,59.023636
533,6.1976744186046515,1904.0,13.474609375,10.063347,33.968567
534,6.209302325581395,1863.0,-27.525390625,-28.071304,5.859596
535,6.22093023255814,1880.0,-10.525390625,-63.76643,-23.027424
536,6.232558139534883,1855.0,-35.525390625,-93.942963,-50.452248
537,6.2441860465116275,1861.0,-29.525390625,-115.979065,-74.115967
538,6.2558139534883725,1856.0,-34.525390625,-127.936119,-91.949951
539,6.267441860465116,1862.0,-28.525390625,-128.671799,-102.1745
540,6.279069767441861,1870.0,-20.525390625,-117.951157,-103.572845
541,6.290697674418605,1870.0,-20.525390625,-96.530968,-95.648232
542,6.3023255813953485,1896.0,5.474609375,-66.11087,-78.729637
543,6.313953488372094,1878.0,-12.525390625,-29.378307,-54.184021
544,6.325581395348837,1914.0,23.474609375,10.389847,-24.119545
545,6.337209302325581,1904.0,13.474609375,49.38657,8.522881
546,6.348837209302326,1942.0,51.474609375,83.892113,40.542755
547,6.3604651162790695,1926.0,35.474609375,110.457794,68.635422
548,6.372093023255814,1945.0,54.474609375,126.565315,90.108383
549,6.383720930232558,1946.0,55.474609375,130.743042,102.999367
550,6.395348837209302,1955.0,64.474609375,122.809464,106.376663
551,6.406976744186046,1953.0,62.474609375,103.794197,100.266228
552,6.4186046511627906,1937.0,46.474609375,75.69017,85.495514
553,6.430232558139535,1941.0,50.474609375,41.26976,63.542233
554,6.44186046511628,1914.0,23.474609375,3.586017,36.222652
555,6.453488372093023,1930.0,39.474609375,-34.048119,5.808365
556,6.465116279069767,1904.0,13.474609375,-68.544373,-25.294868
557,6.476744186046512,1905.0,14.474609375,-96.859726,-54.329765
558,6.488372093023256,1881.0,-9.525390625,-116.451187,-78.633652
559,6.5,1889.0,-1.525390625,-125.269646,-95.727463
560,6.511627906976744,1868.0,-22.525390625,-122.228363,-103.859077
561,6.523255813953488,1872.0,-18.525390625,-107.354797,-102.148613
562,6.534883720930233,1873.0,-17.525390625,-82.001999,-90.851471
563,6.546511627906977,1869.0,-21.525390625,-48.817165,-71.238724
564,6.558139534883721,1891.0,0.474609375,-11.28294,-45.28241
565,6.569767441860465,1877.0,-13.525390625,26.532848,-15.499233
566,6.5813953488372094,1918.0,27.474609375,60.894051,15.552315
567,6.593023255813954,1907.0,16.474609375,88.406013,45.073177
568,6.604651162790698,1936.0,45.474609375,106.759392,70.462631
569,6.616279069767442,1931.0,40.474609375,114.408806,89.096786
570,6.627906976744185,1954.0,63.474609375,110.949471,98.916985
571,6.6395348837209305,1953.0,62.474609375,96.777786,98.483719
572,6.651162790697675,1959.0,68.474609375,73.326614,87.654579
573,6.662790697674418,1955.0,64.474609375,42.970703,67.654411
574,6.674418604651163,1947.0,56.474609375,8.929727,41.087284
575,6.686046511627907,1963.0,72.474609375,-24.87236,11.540825
576,6.697674418604651,1925.0,34.474609375,-54.606388,-17.260052
577,6.709302325581396,1934.0,43.474609375,-76.775421,-41.920956
578,6.720930232558139,1902.0,11.474609375,-89.284966,-60.250137
579,6.732558139534884,1907.0,16.474609375,-91.342888,-71.09166
580,6.744186046511628,1888.0,-2.525390625,-83.946304,-74.597351
581,6.755813953488372,1887.0,-3.525390625,-69.103859,-71.463158
582,6.767441860465117,1875.0,-15.525390625,-49.552849,-62.892513
583,6.77906976744186,1879.0,-11.525390625,-27.94787,-50.039707
584,6.790697674418604,1883.0,-7.525390625,-6.454035,-34.106392
585,6.802325581395349,1883.0,-7.525390625,13.275782,-16.377029
586,6.813953488372093,1899.0,8.474609375,30.300714,1.819864
587,6.825581395348837,1894.0,3.474609375,43.77702,18.911177
588,6.837209302325582,1922.0,31.474609375,53.239841,33.50959
589,6.848837209302325,1918.0,27.474609375,58.030033,44.264145
590,6.86046511627907,1945.0,54.474609375,57.969788,50.52153
591,6.872093023255814,1935.0,44.474609375,52.964531,51.941902
592,6.883720930232558,1952.0,61.474609375,43.681618,48.995304
593,6.895348837209303,1953.0,62.474609375,31.131483,42.345631
594,6.906976744186046,1949.0,58.474609375,16.763062,33.006645
595,6.9186046511627906,1955.0,64.474609375,2.185517,21.999979
596,6.930232558139535,1936.0,45.474609375,-11.244402,10.275318
597,6.941860465116279,1937.0,46.474609375,-22.292576,-1.204542
598,6.953488372093023,1917.0,26.474609375,-30.40547,-11.706217
599,6.965116279069767,1927.0,36.474609375,-35.174465,-20.446735
600,6.976744186046512,1903.0,12.474609375,-36.872257,-27.065176
601,6.988372093023256,1911.0,20.474609375,-35.758717,-31.198181
602,7.0,1897.0,6.474609375,-32.532364,-33.000786
603,7.011627906976744,1900.0,9.474609375,-27.773045,-32.65192
604,7.023255813953488,1905.0,14.474609375,-22.099409,-30.592968
605,7.034883720930233,1904.0,13.474609375,-15.952826,-27.137297
606,7.046511627906977,1911.0,20.474609375,-9.458681,-22.479349
607,7.058139534883721,1907.0,16.474609375,-2.737319,-16.70718
608,7.069767441860465,1925.0,34.474609375,4.364045,-9.772394
609,7.081395348837209,1921.0,30.474609375,11.565446,-1.934358
610,7.093023255813954,1936.0,45.474609375,18.615877,6.495628
611,7.104651162790698,1933.0,42.474609375,24.699324,14.690987
612,7.116279069767441,1945.0,54.474609375,29.124193,21.900921
613,7.127906976744186,1940.0,49.474609375,31.108574,27.207188
614,7.1395348837209305,1943.0,52.474609375,30.374443,30.168453
615,7.151162790697675,1951.0,60.474609375,27.081291,30.633389
616,7.162790697674419,1933.0,42.474609375,21.768177,28.891634
617,7.174418604651162,1943.0,52.474609375,15.336675,25.478832
618,7.186046511627907,1925.0,34.474609375,8.391446,20.804291
619,7.1976744186046515,1935.0,44.474609375,1.512074,15.195732
620,7.209302325581395,1919.0,28.474609375,-5.32316,8.583426
621,7.22093023255814,1920.0,29.474609375,-11.993345,1.075263
622,7.232558139534884,1914.0,23.474609375,-18.568907,-7.292373
623,7.2441860465116275,1916.0,25.474609375,-24.610159,-15.875911
624,7.2558139534883725,1911.0,20.474609375,-29.501669,-23.872272
625,7.267441860465116,1919.0,28.474609375,-32.331837,-30.052183
626,7.27906976744186,1919.0,28.474609375,-32.312435,-33.466484
627,7.290697674418605,1911.0,20.474609375,-29.138542,-33.554424
628,7.3023255813953485,1925.0,34.474609375,-22.912748,-30.357239
629,7.313953488372094,1919.0,28.474609375,-14.492853,-24.574373
630,7.325581395348837,1921.0,30.474609375,-4.810131,-17.064341
631,7.337209302325581,1920.0,29.474609375,4.936187,-8.836509
632,7.348837209302326,1934.0,43.474609375,13.964649,-0.452251
633,7.3604651162790695,1930.0,39.474609375,21.601707,7.631544
634,7.372093023255814,1936.0,45.474609375,27.550838,15.310102
635,7.383720930232559,1934.0,43.474609375,31.525814,22.239267
636,7.395348837209302,1927.0,36.474609375,33.2131,27.969109
637,7.406976744186046,1933.0,42.474609375,32.375866,31.80369
638,7.4186046511627906,1931.0,40.474609375,28.684898,32.959442
639,7.430232558139535,1939.0,48.474609375,22.263905,30.99828
640,7.44186046511628,1919.0,28.474609375,13.427085,25.857571
641,7.453488372093023,1920.0,29.474609375,3.128262,18.208488
642,7.465116279069767,1929.0,38.474609375,-7.545294,8.980957
643,7.476744186046512,1929.0,38.474609375,-17.304144,-0.57571
644,7.488372093023256,1935.0,44.474609375,-25.120819,-9.530554
645,7.5,1935.0,44.474609375,-30.301027,-17.134172
646,7.511627906976744,1936.0,45.474609375,-32.527443,-23.081673
647,7.523255813953488,1937.0,46.474609375,-31.911991,-27.212849
648,7.534883720930233,1942.0,51.474609375,-28.671539,-29.40304
649,7.546511627906977,1951.0,60.474609375,-23.281389,-29.507938
650,7.558139534883721,1936.0,45.474609375,-16.104757,-27.283077
651,7.569767441860464,1950.0,59.474609375,-7.671183,-22.661831
652,7.5813953488372094,1940.0,49.474609375,1.502762,-15.761276
653,7.593023255813954,1941.0,50.474609375,10.661144,-7.215553
654,7.604651162790698,1931.0,40.474609375,18.963778,2.079494
655,7.616279069767442,1936.0,45.474609375,25.511032,10.926458
656,7.627906976744185,1921.0,30.474609375,29.47794,18.260452
657,7.6395348837209305,1925.0,34.474609375,30.36805,23.259308
658,7.651162790697675,1904.0,13.474609375,28.012043,25.577269
659,7.662790697674418,1916.0,25.474609375,22.824223,25.348082
660,7.674418604651163,1915.0,24.474609375,15.487854,22.993069
661,7.686046511627907,1905.0,14.474609375,7.036567,19.139618
662,7.697674418604651,1903.0,12.474609375,-1.518959,14.367009
663,7.709302325581396,1904.0,13.474609375,-9.19855,9.204486
664,7.720930232558139,1915.0,24.474609375,-15.346867,3.942387
665,7.732558139534884,1911.0,20.474609375,-19.550125,-1.126949
666,7.744186046511628,1926.0,35.474609375,-21.692375,-5.881291
667,7.755813953488372,1924.0,33.474609375,-21.856705,-10.098769
668,7.767441860465117,1949.0,58.474609375,-20.237165,-13.659908
669,7.77906976744186,1939.0,48.474609375,-17.135355,-16.379814
670,7.790697674418604,1949.0,58.474609375,-12.848357,-18.149811
671,7.802325581395349,1952.0,61.474609375,-7.757071,-18.863054
672,7.813953488372093,1943.0,52.474609375,-2.238129,-18.443981
673,7.825581395348837,1947.0,56.474609375,3.244252,-16.866005
674,7.837209302325581,1939.0,48.474609375,8.269074,-14.069638
675,7.848837209302326,1945.0,54.474609375,12.394529,-10.131453
676,7.86046511627907,1923.0,32.474609375,15.288665,-5.139535
677,7.872093023255814,1930.0,39.474609375,16.694319,0.531046
678,7.883720930232558,1904.0,13.474609375,16.467632,6.438296
679,7.895348837209302,1920.0,29.474609375,14.639292,11.934635
680,7.9069767441860455,1897.0,6.474609375,11.35336,16.442776
681,7.918604651162791,1905.0,14.474609375,6.97792,19.460377
682,7.930232558139535,1900.0,9.474609375,1.990428,20.775705
683,7.941860465116279,1890.0,-0.525390625,-2.965288,20.430727
684,7.953488372093023,1906.0,15.474609375,-7.244534,18.660316
685,7.9651162790697665,1909.0,18.474609375,-10.269476,15.791065
686,7.9767441860465125,1921.0,30.474609375,-11.728462,12.015791
687,7.988372093023257,1906.0,15.474609375,-11.614898,7.454448
688,8.0,1932.0,41.474609375,-10.223976,2.071702
689,8.011627906976743,1926.0,35.474609375,-8.060426,-3.992827
690,8.023255813953488,1947.0,56.474609375,-5.647129,-10.489406
691,8.034883720930232,1937.0,46.474609375,-3.369286,-16.748432
692,8.046511627906977,1950.0,59.474609375,-1.308973,-21.916842
693,8.058139534883722,1953.0,62.474609375,0.641486,-25.065565
694,8.069767441860465,1945.0,54.474609375,2.72333,-25.522306
695,8.081395348837209,1949.0,58.474609375,5.016782,-23.108717
696,8.093023255813954,1920.0,29.474609375,7.378481,-18.166103
697,8.104651162790699,1938.0,47.474609375,9.358886,-11.547185
698,8.116279069767442,1918.0,27.474609375,10.33145,-4.228494
699,8.127906976744185,1919.0,28.474609375,9.74591,2.788305
700,8.13953488372093,1889.0,-1.525390625,7.385957,8.929177
701,8.151162790697674,1901.0,10.474609375,3.542315,13.886841
702,8.162790697674417,1890.0,-0.525390625,-1.093561,17.67799
703,8.174418604651164,1887.0,-3.525390625,-5.587328,20.306038
704,8.186046511627907,1893.0,2.474609375,-9.092789,21.739258
705,8.19767441860465,1888.0,-2.525390625,-11.040612,21.814823
706,8.209302325581396,1911.0,20.474609375,-11.333023,20.274424
707,8.220930232558139,1891.0,0.474609375,-10.216185,17.020872
708,8.232558139534884,1923.0,32.474609375,-8.089813,12.13961
709,8.24418604651163,1914.0,23.474609375,-5.343907,6.089086
710,8.255813953488373,1941.0,50.474609375,-2.203454,-0.573075
711,8.267441860465116,1934.0,43.474609375,1.189104,-7.140674
712,8.279069767441861,1945.0,54.474609375,4.700325,-13.12355
713,8.290697674418604,1941.0,50.474609375,8.053705,-18.08923
714,8.30232558139535,1951.0,60.474609375,10.835074,-21.807766
715,8.313953488372093,1945.0,54.474609375,12.530428,-24.034243
716,8.325581395348838,1937.0,46.474609375,12.781096,-24.461832
717,8.337209302325581,1936.0,45.474609375,11.479327,-22.791088
718,8.348837209302324,1925.0,34.474609375,8.884394,-18.747927
719,8.36046511627907,1933.0,42.474609375,5.461275,-12.474527
720,8.372093023255815,1907.0,16.474609375,1.714252,-4.438983
721,8.383720930232558,1921.0,30.474609375,-2.007668,4.317003
722,8.395348837209303,1897.0,6.474609375,-5.612091,12.585869
723,8.406976744186046,1910.0,19.474609375,-9.097589,19.139381
724,8.41860465116279,1895.0,4.474609375,-12.455469,23.172098
725,8.430232558139535,1897.0,6.474609375,-15.368853,24.43574
726,8.44186046511628,1895.0,4.474609375,-17.276178,23.276159
727,8.453488372093023,1890.0,-0.525390625,-17.449703,20.384193
728,8.465116279069766,1915.0,24.474609375,-15.337397,16.474865
729,8.476744186046512,1904.0,13.474609375,-10.848859,12.069144
730,8.488372093023255,1924.0,33.474609375,-4.495628,7.277418
731,8.5,1930.0,39.474609375,2.710218,2.072486
732,8.511627906976745,1947.0,56.474609375,9.544708,-3.700987
733,8.523255813953488,1937.0,46.474609375,14.944011,-9.866763
734,8.534883720930232,1954.0,63.474609375,18.345539,-15.954517
735,8.546511627906977,1942.0,51.474609375,19.658316,-21.14142
736,8.558139534883722,1951.0,60.474609375,19.209688,-24.557951
737,8.569767441860465,1949.0,58.474609375,17.384352,-25.532019
738,8.58139534883721,1936.0,45.474609375,14.479447,-23.789627
739,8.593023255813954,1939.0,48.474609375,10.593246,-19.564865
740,8.604651162790697,1911.0,20.474609375,5.732281,-13.42643
741,8.61627906976744,1925.0,34.474609375,0.040927,-6.196619
742,8.627906976744187,1905.0,14.474609375,-6.104939,1.397705
743,8.63953488372093,1904.0,13.474609375,-12.033895,8.646388
744,8.651162790697674,1878.0,-12.525390625,-16.976387,15.108578
745,8.662790697674419,1882.0,-8.525390625,-20.212225,20.379793
746,8.674418604651162,1872.0,-18.525390625,-21.409805,24.122353
747,8.686046511627907,1883.0,-7.525390625,-20.562714,25.989689
748,8.697674418604652,1881.0,-9.525390625,-18.029411,25.664497
749,8.709302325581396,1876.0,-14.525390625,-14.233874,23.017544
750,8.720930232558139,1905.0,14.474609375,-9.540186,18.107531
751,8.732558139534884,1903.0,12.474609375,-4.204993,11.335304
752,8.744186046511627,1925.0,34.474609375,1.625988,3.295145
753,8.755813953488373,1918.0,27.474609375,7.725906,-5.117867
754,8.767441860465116,1949.0,58.474609375,13.720174,-13.050792
755,8.779069767441861,1938.0,47.474609375,18.980734,-19.617598
756,8.790697674418604,1947.0,56.474609375,22.808228,-24.220837
757,8.802325581395348,1950.0,59.474609375,24.528366,-26.470585
758,8.813953488372094,1938.0,47.474609375,23.748074,-26.332623
759,8.825581395348838,1949.0,58.474609375,20.456657,-24.013474
760,8.837209302325581,1910.0,19.474609375,14.981826,-19.910583
761,8.848837209302326,1935.0,44.474609375,8.008098,-14.524898
762,8.86046511627907,1891.0,0.474609375,0.293292,-8.242392
763,8.872093023255813,1905.0,14.474609375,-7.328409,-1.46585
764,8.88372093023256,1873.0,-17.525390625,-14.174794,5.560294
765,8.895348837209303,1883.0,-7.525390625,-19.639801,12.495281
766,8.906976744186046,1879.0,-11.525390625,-23.32143,18.958199
767,8.91860465116279,1872.0,-18.525390625,-24.944132,24.341475
768,8.930232558139535,1883.0,-7.525390625,-24.382172,28.004486
769,8.941860465116278,1874.0,-16.525390625,-21.670736,29.326384
770,8.953488372093023,1913.0,22.474609375,-17.004555,27.877655
771,8.965116279069768,1886.0,-4.525390625,-10.820151,23.60799
772,8.976744186046512,1961.0,70.474609375,-3.579016,16.865841
773,8.988372093023255,1931.0,40.474609375,3.970474,8.370745
774,9.0,1986.0,95.474609375,11.146186,-1.010646
775,9.011627906976745,1967.0,76.474609375,17.148134,-10.3459
776,9.023255813953488,1982.0,91.474609375,21.362223,-18.855093
777,9.034883720930234,1982.0,91.474609375,23.360552,-25.819799
778,9.046511627906977,1967.0,76.474609375,23.03335,-30.672022
779,9.05813953488372,1978.0,87.474609375,20.663404,-32.847878
780,9.069767441860463,1937.0,46.474609375,16.717093,-31.95159
781,9.08139534883721,1951.0,60.474609375,11.900014,-27.791447
782,9.093023255813954,1901.0,10.474609375,6.744391,-20.566177
783,9.104651162790697,1918.0,27.474609375,1.67222,-11.004116
784,9.116279069767442,1872.0,-18.525390625,-3.272454,-0.24024
785,9.127906976744185,1895.0,4.474609375,-8.108899,10.266309
786,9.13953488372093,1868.0,-22.525390625,-12.966135,19.154905
787,9.151162790697676,1872.0,-18.525390625,-17.67618,25.377905
788,9.162790697674419,1877.0,-13.525390625,-21.807547,28.507517
789,9.174418604651162,1868.0,-22.525390625,-24.615192,28.677551
790,9.186046511627907,1901.0,10.474609375,-25.227379,26.502335
791,9.19767441860465,1886.0,-4.525390625,-23.058411,22.683338
792,9.209302325581396,1919.0,28.474609375,-17.935898,17.80616
793,9.220930232558139,1906.0,15.474609375,-10.380481,12.221932
794,9.232558139534884,1953.0,62.474609375,-1.375338,5.991566
795,9.244186046511627,1935.0,44.474609375,7.683641,-0.845151
796,9.25581395348837,1964.0,73.474609375,15.563484,-8.160454
797,9.267441860465118,1951.0,60.474609375,21.315987,-15.446838
798,9.279069767441861,1953.0,62.474609375,24.627115,-21.896971
799,9.290697674418604,1957.0,66.474609375,25.640829,-26.500143
800,9.30232558139535,1929.0,38.474609375,24.788095,-28.391817
801,9.313953488372093,1936.0,45.474609375,22.559889,-27.059942
802,9.325581395348836,1891.0,0.474609375,19.154711,-22.598562
803,9.337209302325583,1919.0,28.474609375,14.604987,-15.701703
804,9.348837209302326,1873.0,-17.525390625,8.674606,-7.487331
805,9.36046511627907,1875.0,-15.525390625,1.348848,0.745293
806,9.372093023255813,1856.0,-34.525390625,-7.130787,7.96238
807,9.383720930232558,1857.0,-33.525390625,-15.99002,13.452643
808,9.395348837209303,1857.0,-33.525390625,-24.145847,17.092861
809,9.406976744186046,1855.0,-35.525390625,-30.334555,19.082628
810,9.418604651162791,1877.0,-13.525390625,-33.527309,19.85894
811,9.430232558139535,1866.0,-24.525390625,-33.173641,19.729313
812,9.441860465116278,1909.0,18.474609375,-29.243946,18.811367
813,9.453488372093023,1892.0,1.474609375,-22.317684,16.914967
814,9.465116279069768,1926.0,35.474609375,-13.179276,13.714691
815,9.476744186046512,1917.0,26.474609375,-2.802746,9.00575
816,9.488372093023257,1947.0,56.474609375,7.941037,2.808544
817,9.5,1937.0,46.474609375,18.12162,-4.397631
818,9.511627906976743,1936.0,45.474609375,26.914539,-11.81905
819,9.523255813953487,1945.0,54.474609375,33.464348,-18.348293
820,9.534883720930234,1927.0,36.474609375,37.013618,-22.987633
821,9.546511627906977,1936.0,45.474609375,37.041424,-24.923321
822,9.55813953488372,1901.0,10.474609375,33.404129,-23.851952
823,9.569767441860465,1915.0,24.474609375,26.513123,-19.9235
824,9.581395348837209,1879.0,-11.525390625,17.116611,-13.787802
825,9.593023255813954,1889.0,-1.525390625,6.291455,-6.415627
826,9.604651162790699,1855.0,-35.525390625,-5.017333,1.127892
827,9.616279069767442,1862.0,-28.525390625,-15.918169,7.812056
828,9.627906976744185,1853.0,-37.525390625,-25.794989,12.965879
829,9.63953488372093,1843.0,-47.525390625,-34.057693,16.155731
830,9.651162790697674,1861.0,-29.525390625,-40.062378,17.420219
831,9.662790697674419,1852.0,-38.525390625,-43.002708,16.985451
832,9.674418604651162,1877.0,-13.525390625,-42.006931,15.32692
833,9.686046511627907,1860.0,-30.525390625,-36.497211,12.854893
834,9.69767441860465,1899.0,8.474609375,-26.390972,9.946159
835,9.709302325581394,1887.0,-3.525390625,-12.523665,6.835191
836,9.72093023255814,1917.0,26.474609375,3.575241,3.630022
837,9.732558139534884,1911.0,20.474609375,19.710493,0.411362
838,9.744186046511627,1922.0,31.474609375,33.701252,-2.802315
839,9.755813953488373,1919.0,28.474609375,43.673874,-5.872017
840,9.767441860465116,1915.0,24.474609375,48.534061,-8.726395
841,9.77906976744186,1922.0,31.474609375,47.992329,-11.179039
842,9.790697674418606,1919.0,28.474609375,42.503471,-13.141071
843,9.80232558139535,1917.0,26.474609375,33.028358,-14.459675
844,9.813953488372093,1890.0,-0.525390625,20.814434,-14.948456
845,9.825581395348838,1893.0,2.474609375,7.231979,-14.39739
846,9.837209302325581,1866.0,-24.525390625,-6.432625,-12.549973
847,9.848837209302326,1873.0,-17.525390625,-18.957958,-9.323
848,9.86046511627907,1872.0,-18.525390625,-29.373791,-4.729712
849,9.872093023255815,1869.0,-21.525390625,-36.934471,0.7939
850,9.883720930232558,1858.0,-32.525390625,-41.252281,6.630962
851,9.895348837209301,1863.0,-27.525390625,-42.14922,11.963726
852,9.906976744186046,1874.0,-16.525390625,-39.72435,16.065163
853,9.918604651162791,1868.0,-22.525390625,-34.183285,18.385403
854,9.930232558139535,1891.0,0.474609375,-25.829332,18.78713
855,9.94186046511628,1881.0,-9.525390625,-15.128824,17.42993
856,9.953488372093023,1911.0,20.474609375,-2.720072,14.700899
857,9.965116279069766,1897.0,6.474609375,10.374763,11.025663
858,9.976744186046512,1920.0,29.474609375,22.953262,6.722218
859,9.988372093023257,1913.0,22.474609375,33.578072,2.057289
860,10.0,1923.0,32.474609375,40.993099,-2.865376
861,10.011627906976743,1914.0,23.474609375,44.290115,-7.760891
862,10.023255813953488,1921.0,30.474609375,43.184982,-12.289085
863,10.034883720930232,1926.0,35.474609375,37.93214,-15.942696
864,10.046511627906977,1908.0,17.474609375,29.269001,-18.241943
865,10.058139534883722,1920.0,29.474609375,18.182434,-18.832069
866,10.069767441860465,1886.0,-4.525390625,5.691673,-17.654819
867,10.081395348837209,1904.0,13.474609375,-7.139981,-14.928864
868,10.093023255813954,1869.0,-21.525390625,-19.364676,-11.086097
869,10.104651162790699,1882.0,-8.525390625,-29.913126,-6.610998
870,10.116279069767442,1872.0,-18.525390625,-37.820217,-1.873508
871,10.127906976744187,1872.0,-18.525390625,-42.157413,2.83849
872,10.13953488372093,1873.0,-17.525390625,-42.34647,7.456928
873,10.151162790697674,1872.0,-18.525390625,-38.276569,11.797096
874,10.162790697674417,1875.0,-15.525390625,-30.456888,15.640127
875,10.174418604651164,1872.0,-18.525390625,-19.888849,18.567183
876,10.186046511627907,1886.0,-4.525390625,-7.891163,20.091784
877,10.19767441860465,1877.0,-13.525390625,4.173834,19.781832
878,10.209302325581396,1895.0,4.474609375,15.16478,17.396818
879,10.220930232558139,1893.0,2.474609375,24.198854,13.054285
880,10.232558139534882,1905.0,14.474609375,30.794819,7.170191
881,10.24418604651163,1902.0,11.474609375,34.673618,0.532314
882,10.255813953488373,1907.0,16.474609375,35.783787,-6.046803
883,10.267441860465116,1904.0,13.474609375,34.130447,-11.725796
884,10.279069767441861,1903.0,12.474609375,29.886761,-15.939678
885,10.290697674418604,1902.0,11.474609375,23.302631,-18.34462
886,10.30232558139535,1888.0,-2.525390625,14.787384,-18.979843
887,10.313953488372093,1890.0,-0.525390625,4.946976,-18.037285
888,10.325581395348838,1904.0,13.474609375,-5.478168,-15.831235
889,10.337209302325581,1883.0,-7.525390625,-15.588346,-12.737156
890,10.348837209302324,1885.0,-5.525390625,-24.441292,-8.950567
891,10.36046511627907,1895.0,4.474609375,-31.034403,-4.670914
892,10.372093023255815,1885.0,-5.525390625,-34.6479,-0.000504
893,10.383720930232558,1889.0,-1.525390625,-34.798626,4.844452
894,10.395348837209303,1878.0,-12.525390625,-31.542065,9.570168
895,10.406976744186046,1888.0,-2.525390625,-25.347883,13.707155
896,10.41860465116279,1894.0,3.474609375,-17.087463,16.771461
897,10.430232558139537,1895.0,4.474609375,-7.818558,18.296778
898,10.44186046511628,1902.0,11.474609375,1.500449,18.037006
899,10.453488372093023,1901.0,10.474609375,10.084527,16.023657
900,10.465116279069766,1904.0,13.474609375,17.507502,12.536987
901,10.476744186046512,1901.0,10.474609375,23.395666,8.068727
902,10.488372093023255,1904.0,13.474609375,27.570677,3.125668
903,10.5,1908.0,17.474609375,29.659397,-1.805222
904,10.511627906976745,1906.0,15.474609375,29.365372,-6.381657
905,10.523255813953488,1903.0,12.474609375,26.432798,-10.322157
906,10.534883720930232,1900.0,9.474609375,20.937532,-13.441912
907,10.546511627906977,1903.0,12.474609375,13.372429,-15.542973
908,10.558139534883722,1895.0,4.474609375,4.569233,-16.487816
909,10.569767441860465,1892.0,1.474609375,-4.369747,-16.178711
910,10.58139534883721,1891.0,0.474609375,-12.466018,-14.582417
911,10.593023255813954,1890.0,-0.525390625,-18.908392,-11.800064
912,10.604651162790697,1893.0,2.474609375,-23.308846,-7.974724
913,10.61627906976744,1895.0,4.474609375,-25.475527,-3.383228
914,10.627906976744187,1889.0,-1.525390625,-25.487259,1.679968
915,10.63953488372093,1889.0,-1.525390625,-23.41424,6.789175
916,10.651162790697674,1894.0,3.474609375,-19.468996,11.476357
917,10.662790697674419,1895.0,4.474609375,-13.997949,15.131274
918,10.674418604651162,1891.0,0.474609375,-7.536145,17.225233
919,10.686046511627907,1901.0,10.474609375,-0.810351,17.399057
920,10.697674418604652,1897.0,6.474609375,5.476434,15.6413
921,10.709302325581396,1899.0,8.474609375,10.740146,12.366069
922,10.720930232558139,1902.0,11.474609375,14.766809,8.252286
923,10.732558139534884,1900.0,9.474609375,17.555901,4.088936
924,10.744186046511627,1903.0,12.474609375,19.326185,0.40107
925,10.755813953488373,1908.0,17.474609375,20.102791,-2.652983
926,10.767441860465116,1902.0,11.474609375,19.704906,-5.361691
927,10.779069767441861,1901.0,10.474609375,17.716339,-8.118048
928,10.790697674418604,1897.0,6.474609375,13.771127,-11.177037
929,10.802325581395348,1898.0,7.474609375,7.910562,-14.299678
930,10.813953488372093,1901.0,10.474609375,0.713103,-16.79035
931,10.825581395348838,1893.0,2.474609375,-6.657308,-17.752697
932,10.837209302325581,1907.0,16.474609375,-12.907753,-16.454344
933,10.848837209302326,1905.0,14.474609375,-16.9489,-12.804989
934,10.86046511627907,1905.0,14.474609375,-18.428045,-7.360493
935,10.872093023255813,1902.0,11.474609375,-17.697912,-1.277542
936,10.88372093023256,1909.0,18.474609375,-15.621726,4.331037
937,10.895348837209303,1905.0,14.474609375,-13.082604,8.672145
938,10.906976744186046,1907.0,16.474609375,-10.536667,11.688786
939,10.91860465116279,1907.0,16.474609375,-7.889443,13.792729
940,10.930232558139535,1895.0,4.474609375,-4.632235,15.539927
941,10.941860465116278,1903.0,12.474609375,-0.3571,17.142439
942,10.953488372093023,1905.0,14.474609375,4.909614,18.190981
943,10.965116279069768,1904.0,13.474609375,10.393922,17.829569
944,10.976744186046512,1907.0,16.474609375,14.926455,15.131244
945,10.988372093023255,1909.0,18.474609375,17.30084,9.769302
946,11.0,1913.0,22.474609375,16.92276,2.25469
947,11.011627906976745,1920.0,29.474609375,14.009233,-6.013788
948,11.023255813953488,1915.0,24.474609375,9.515264,-13.365149
949,11.034883720930234,1904.0,13.474609375,4.746783,-18.34199
950,11.046511627906977,1919.0,28.474609375,0.762562,-20.360828
951,11.05813953488372,1922.0,31.474609375,-1.979013,-19.782621
952,11.069767441860463,1906.0,15.474609375,-3.760217,-17.652264
953,11.08139534883721,1920.0,29.474609375,-5.13581,-15.04577
954,11.093023255813954,1904.0,13.474609375,-6.699326,-12.574124
955,11.104651162790697,1911.0,20.474609375,-8.510936,-10.136093
956,11.116279069767442,1904.0,13.474609375,-10.20361,-7.07233
957,11.127906976744185,1907.0,16.474609375,-11.059251,-2.744581
958,11.13953488372093,1901.0,10.474609375,-10.47716,3.087623
959,11.151162790697676,1912.0,21.474609375,-8.293327,9.842924
960,11.162790697674419,1904.0,13.474609375,-4.875857,16.363991
961,11.174418604651162,1902.0,11.474609375,-1.004619,21.277527
962,11.186046511627907,1904.0,13.474609375,2.535474,23.588139
963,11.19767441860465,1899.0,8.474609375,5.143241,22.956974
964,11.209302325581396,1909.0,18.474609375,6.722016,19.79911
965,11.220930232558139,1901.0,10.474609375,7.426772,14.988958
966,11.232558139534884,1907.0,16.474609375,7.60737,9.406256
967,11.244186046511627,1904.0,13.474609375,7.444059,3.692321
968,11.25581395348837,1917.0,26.474609375,6.932129,-1.947698
969,11.267441860465118,1908.0,17.474609375,5.874393,-7.496451
970,11.279069767441861,1910.0,19.474609375,4.119342,-12.924548
971,11.290697674418604,1915.0,24.474609375,1.738097,-17.88423
972,11.30232558139535,1907.0,16.474609375,-0.939697,-21.74021
973,11.313953488372093,1918.0,27.474609375,-3.363469,-23.737383
974,11.325581395348836,1909.0,18.474609375,-5.076712,-23.313013
975,11.337209302325583,1913.0,22.474609375,-5.785758,-20.348057
976,11.348837209302326,1911.0,20.474609375,-5.580551,-15.169725
977,11.36046511627907,1912.0,21.474609375,-4.780821,-8.552006
978,11.372093023255815,1917.0,26.474609375,-3.800955,-1.3044
979,11.383720930232558,1909.0,18.474609375,-2.958747,5.766363
980,11.395348837209301,1906.0,15.474609375,-2.348843,12.127068
981,11.406976744186046,1904.0,13.474609375,-1.836728,17.365021
982,11.418604651162791,1894.0,3.474609375,-1.167196,21.215694
983,11.430232558139535,1902.0,11.474609375,-0.151891,23.376732
984,11.441860465116278,1899.0,8.474609375,1.242094,23.547947
985,11.453488372093023,1893.0,2.474609375,2.787762,21.507004
986,11.465116279069768,1904.0,13.474609375,4.178847,17.28817
987,11.476744186046512,1902.0,11.474609375,4.998242,11.228216
988,11.488372093023257,1909.0,18.474609375,4.992589,3.933066
989,11.5,1905.0,14.474609375,4.059309,-3.764571
990,11.511627906976743,1920.0,29.474609375,2.376487,-11.029461
991,11.523255813953488,1913.0,22.474609375,0.276756,-17.133556
992,11.534883720930234,1924.0,33.474609375,-1.73517,-21.493141
993,11.546511627906977,1918.0,27.474609375,-3.151092,-23.680103
994,11.55813953488372,1923.0,32.474609375,-3.605251,-23.429726
995,11.569767441860465,1918.0,27.474609375,-2.940503,-20.634056
996,11.581395348837209,1913.0,22.474609375,-1.380121,-15.493538
997,11.593023255813954,1914.0,23.474609375,0.634657,-8.552629
998,11.604651162790699,1904.0,13.474609375,2.407139,-0.762529
999,11.616279069767442,1916.0,25.474609375,3.346426,6.67043
1000,11.627906976744185,1904.0,13.474609375,3.055781,12.582464
1001,11.63953488372093,1905.0,14.474609375,1.566096,16.114801
1002,11.651162790697674,1898.0,7.474609375,-0.702155,17.07461
1003,11.662790697674419,1889.0,-1.525390625,-3.069742,15.851122
1004,11.674418604651164,1899.0,8.474609375,-4.820216,13.327547
1005,11.686046511627907,1904.0,13.474609375,-5.498601,10.423767
1006,11.69767441860465,1899.0,8.474609375,-4.991714,7.807559
1007,11.709302325581394,1903.0,12.474609375,-3.561838,5.662532
1008,11.72093023255814,1907.0,16.474609375,-1.651192,3.70585
1009,11.732558139534884,1904.0,13.474609375,0.263536,1.496618
1010,11.744186046511627,1915.0,24.474609375,1.891559,-1.320669
1011,11.755813953488373,1911.0,20.474609375,3.102731,-4.698412
1012,11.767441860465116,1924.0,33.474609375,3.935546,-8.23765
1013,11.77906976744186,1920.0,29.474609375,4.418446,-11.265359
1014,11.790697674418606,1932.0,41.474609375,4.542642,-13.181238
1015,11.80232558139535,1922.0,31.474609375,4.2215,-13.619709
1016,11.813953488372093,1924.0,33.474609375,3.393364,-12.592216
1017,11.825581395348838,1928.0,37.474609375,2.115291,-10.395898
1018,11.837209302325581,1905.0,14.474609375,0.627093,-7.391722
1019,11.848837209302326,1915.0,24.474609375,-0.722944,-3.932899
1020,11.86046511627907,1904.0,13.474609375,-1.65276,-0.241314
1021,11.872093023255815,1904.0,13.474609375,-2.024247,3.477125
1022,11.883720930232558,1891.0,0.474609375,-1.995991,6.997866
1023,11.895348837209301,1895.0,4.474609375,-1.874366,9.951226
1024,11.906976744186046,1885.0,-5.525390625,-2.024684,11.934689
1025,11.918604651162791,1889.0,-1.525390625,-2.584989,12.620697
1026,11.930232558139535,1893.0,2.474609375,-3.403522,11.935928
1027,11.94186046511628,1889.0,-1.525390625,-4.092961,10.085548
1028,11.953488372093023,1906.0,15.474609375,-4.179656,7.491832
1029,11.965116279069766,1899.0,8.474609375,-3.414597,4.643585
1030,11.976744186046512,1927.0,36.474609375,-1.844762,1.836238
1031,11.988372093023257,1922.0,31.474609375,0.09043,-0.838212
1032,12.0,1938.0,47.474609375,1.840829,-3.491346
1033,12.011627906976743,1933.0,42.474609375,2.942334,-6.191507
1034,12.023255813953488,1947.0,56.474609375,3.274865,-8.841123
1035,12.034883720930232,1943.0,52.474609375,3.057612,-11.058987
1036,12.046511627906977,1945.0,54.474609375,2.752974,-12.297161
1037,12.058139534883722,1940.0,49.474609375,2.805959,-12.045541
1038,12.069767441860465,1934.0,43.474609375,3.395553,-10.080369
1039,12.081395348837209,1935.0,44.474609375,4.340698,-6.661074
1040,12.093023255813954,1930.0,39.474609375,5.155765,-2.420408
1041,12.104651162790697,1936.0,45.474609375,5.276238,1.755002
1042,12.116279069767442,1903.0,12.474609375,4.264977,5.089365
1043,12.127906976744187,1923.0,32.474609375,2.08394,7.133512
1044,12.13953488372093,1898.0,7.474609375,-1.024849,7.83743
1045,12.151162790697674,1907.0,16.474609375,-4.497156,7.48573
1046,12.162790697674417,1888.0,-2.525390625,-7.704519,6.558774
1047,12.174418604651164,1904.0,13.474609375,-10.033982,5.500335
1048,12.186046511627907,1895.0,4.474609375,-11.10153,4.544983
1049,12.19767441860465,1891.0,0.474609375,-10.700878,3.747596
1050,12.209302325581396,1900.0,9.474609375,-8.861004,2.983767
1051,12.220930232558139,1901.0,10.474609375,-5.835219,2.101373
1052,12.232558139534882,1917.0,26.474609375,-2.035924,0.963016
1053,12.24418604651163,1905.0,14.474609375,1.969674,-0.423563
1054,12.255813953488373,1920.0,29.474609375,5.635804,-1.924159
1055,12.267441860465116,1911.0,20.474609375,8.485939,-3.300266
1056,12.279069767441861,1935.0,44.474609375,10.264103,-4.321056
1057,12.290697674418604,1925.0,34.474609375,10.899844,-4.824048
1058,12.30232558139535,1936.0,45.474609375,10.541186,-4.778015
1059,12.313953488372093,1932.0,41.474609375,9.393151,-4.298089
1060,12.325581395348838,1942.0,51.474609375,7.660071,-3.577041
1061,12.337209302325581,1935.0,44.474609375,5.413697,-2.890431
1062,12.348837209302324,1933.0,42.474609375,2.711517,-2.331054
1063,12.36046511627907,1929.0,38.474609375,-0.374931,-1.914495
1064,12.372093023255815,1925.0,34.474609375,-3.651398,-1.43547
1065,12.383720930232558,1927.0,36.474609375,-6.789493,-0.706907
1066,12.395348837209303,1907.0,16.474609375,-9.394984,0.427773
1067,12.406976744186046,1904.0,13.474609375,-11.11787,1.899517
1068,12.41860465116279,1898.0,7.474609375,-11.79768,3.451025
1069,12.430232558139537,1898.0,7.474609375,-11.477647,4.684543
1070,12.44186046511628,1897.0,6.474609375,-10.37314,5.196702
1071,12.453488372093023,1888.0,-2.525390625,-8.685766,4.825109
1072,12.465116279069766,1883.0,-7.525390625,-6.486149,3.656431
1073,12.476744186046512,1887.0,-3.525390625,-3.703343,2.085537
1074,12.488372093023255,1889.0,-1.525390625,-0.233294,0.535016
1075,12.5,1886.0,-4.525390625,3.885643,-0.61634
1076,12.511627906976745,1903.0,12.474609375,8.34897,-1.254826
1077,12.523255813953488,1903.0,12.474609375,12.537748,-1.487993
1078,12.534883720930232,1914.0,23.474609375,15.695826,-1.581234
1079,12.546511627906977,1903.0,12.474609375,17.121649,-1.785486
1080,12.558139534883722,1919.0,28.474609375,16.51853,-2.132879
1081,12.569767441860465,1911.0,20.474609375,14.008085,-2.468229
1082,12.58139534883721,1924.0,33.474609375,10.078778,-2.505261
1083,12.593023255813954,1920.0,29.474609375,5.388512,-2.012267
1084,12.604651162790697,1911.0,20.474609375,0.481788,-0.946807
1085,12.61627906976744,1915.0,24.474609375,-4.281126,0.465959
1086,12.627906976744187,1905.0,14.474609375,-8.772685,1.807933
1087,12.63953488372093,1903.0,12.474609375,-12.873484,2.616618
1088,12.651162790697674,1885.0,-5.525390625,-16.354301,2.577997
1089,12.662790697674419,1891.0,0.474609375,-18.709553,1.696247
1090,12.674418604651162,1867.0,-23.525390625,-19.364244,0.240824
1091,12.686046511627906,1875.0,-15.525390625,-17.812895,-1.291624
1092,12.697674418604652,1855.0,-35.525390625,-13.96668,-2.427767
1093,12.709302325581396,1863.0,-27.525390625,-8.248559,-2.8361
1094,12.720930232558139,1858.0,-32.525390625,-1.57217,-2.507637
1095,12.732558139534884,1861.0,-29.525390625,4.90746,-1.662326
1096,12.744186046511627,1870.0,-20.525390625,10.16531,-0.700839
1097,12.755813953488373,1854.0,-36.525390625,13.55353,0.014824
1098,12.767441860465116,1872.0,-18.525390625,15.03636,0.341327
1099,12.779069767441861,1872.0,-18.525390625,14.970076,0.35155
1100,12.790697674418604,1894.0,3.474609375,13.952688,0.315609
1101,12.802325581395348,1888.0,-2.525390625,12.489184,0.519616
1102,12.813953488372093,1906.0,15.474609375,10.83911,1.130442
1103,12.825581395348838,1897.0,6.474609375,8.961128,2.068394
1104,12.837209302325581,1911.0,20.474609375,6.648547,3.07181
1105,12.848837209302326,1915.0,24.474609375,3.69722,3.721938
1106,12.86046511627907,1907.0,16.474609375,0.082954,3.724135
1107,12.872093023255813,1905.0,14.474609375,-3.938252,2.99215
1108,12.88372093023256,1893.0,2.474609375,-7.882387,1.768488
1109,12.895348837209303,1905.0,14.474609375,-11.166062,0.453093
1110,12.906976744186046,1877.0,-13.525390625,-13.331112,-0.561534
1111,12.918604651162791,1886.0,-4.525390625,-14.08042,-1.060233
1112,12.930232558139535,1863.0,-27.525390625,-13.471642,-1.167406
1113,12.941860465116278,1870.0,-20.525390625,-11.755751,-1.218072
1114,12.953488372093023,1854.0,-36.525390625,-9.379841,-1.64911
1115,12.965116279069768,1859.0,-31.525390625,-6.782094,-2.738429
1116,12.976744186046512,1866.0,-24.525390625,-4.265485,-4.401665
1117,12.988372093023255,1841.0,-49.525390625,-1.963469,-6.233612
1118,13.0,1869.0,-21.525390625,0.26526,-7.546203
1119,13.011627906976745,1856.0,-34.525390625,2.577433,-7.770424
1120,13.023255813953488,1879.0,-11.525390625,5.171502,-6.535034
1121,13.034883720930234,1884.0,-6.525390625,7.997655,-3.947288
1122,13.046511627906977,1901.0,10.474609375,10.80639,-0.462811
1123,13.05813953488372,1894.0,3.474609375,13.105847,3.226976
1124,13.069767441860465,1911.0,20.474609375,14.404892,6.495865
1125,13.08139534883721,1904.0,13.474609375,14.312955,8.916933
1126,13.093023255813954,1909.0,18.474609375,12.750549,10.361909
1127,13.104651162790697,1905.0,14.474609375,9.959981,10.898426
1128,13.116279069767442,1904.0,13.474609375,6.395379,10.668461
1129,13.127906976744185,1905.0,14.474609375,2.585187,9.727092
1130,13.13953488372093,1885.0,-5.525390625,-1.12235,8.001036
1131,13.151162790697676,1888.0,-2.525390625,-4.557195,5.359754
1132,13.162790697674419,1870.0,-20.525390625,-7.759616,1.762321
1133,13.174418604651162,1869.0,-21.525390625,-10.778472,-2.600307
1134,13.186046511627907,1856.0,-34.525390625,-13.517715,-7.22316
1135,13.19767441860465,1857.0,-33.525390625,-15.633181,-11.378056
1136,13.209302325581396,1855.0,-35.525390625,-16.651775,-14.340014
1137,13.22093023255814,1851.0,-39.525390625,-16.128889,-15.570976
1138,13.232558139534884,1857.0,-33.525390625,-13.860415,-14.929888
1139,13.244186046511627,1855.0,-35.525390625,-10.055947,-12.677977
1140,13.25581395348837,1882.0,-8.525390625,-5.234727,-9.344889
1141,13.267441860465116,1885.0,-5.525390625,-0.149267,-5.530742
1142,13.279069767441861,1902.0,11.474609375,4.577156,-1.664437
1143,13.290697674418604,1891.0,0.474609375,8.538453,2.064365
1144,13.30232558139535,1910.0,19.474609375,11.705539,5.723519
1145,13.313953488372093,1906.0,15.474609375,14.170628,9.359476
1146,13.325581395348836,1914.0,23.474609375,16.033522,12.885841
1147,13.337209302325583,1921.0,30.474609375,17.211542,15.920462
1148,13.348837209302326,1909.0,18.474609375,17.342556,17.812035
1149,13.36046511627907,1917.0,26.474609375,16.042393,17.901852
1150,13.372093023255815,1885.0,-5.525390625,13.006184,15.768544
1151,13.383720930232558,1904.0,13.474609375,8.357632,11.489934
1152,13.395348837209301,1872.0,-18.525390625,2.539964,5.617458
1153,13.406976744186046,1887.0,-3.525390625,-3.608865,-0.866806
1154,13.418604651162791,1854.0,-36.525390625,-9.275146,-6.965889
1155,13.430232558139535,1863.0,-27.525390625,-13.764384,-11.847114
1156,13.441860465116278,1853.0,-37.525390625,-16.770784,-15.163837
1157,13.453488372093023,1847.0,-43.525390625,-18.336506,-16.969231
1158,13.465116279069768,1856.0,-34.525390625,-18.657312,-17.596405
1159,13.476744186046512,1855.0,-35.525390625,-17.979557,-17.352694
1160,13.488372093023257,1882.0,-8.525390625,-16.319153,-16.319557
1161,13.5,1870.0,-20.525390625,-13.606224,-14.325697
1162,13.511627906976743,1911.0,20.474609375,-9.623394,-11.00746
1163,13.523255813953488,1897.0,6.474609375,-4.39215,-6.166431
1164,13.534883720930234,1919.0,28.474609375,1.868275,0.125667
1165,13.546511627906977,1908.0,17.474609375,8.536798,7.251424
1166,13.55813953488372,1926.0,35.474609375,14.799925,14.259873
1167,13.569767441860465,1921.0,30.474609375,19.753405,19.970699
1168,13.581395348837209,1899.0,8.474609375,22.672453,23.397476
1169,13.593023255813954,1920.0,29.474609375,23.236357,24.002396
1170,13.604651162790699,1894.0,3.474609375,21.458281,21.807858
1171,13.616279069767442,1902.0,11.474609375,17.788794,17.395031
1172,13.627906976744185,1869.0,-21.525390625,12.74796,11.58066
1173,13.63953488372093,1875.0,-15.525390625,6.993425,5.286377
1174,13.651162790697674,1853.0,-37.525390625,0.954088,-0.831767
1175,13.662790697674419,1859.0,-31.525390625,-5.027777,-6.38315
1176,13.674418604651164,1840.0,-50.525390625,-10.80538,-11.304197
1177,13.686046511627907,1842.0,-48.525390625,-16.145329,-15.566481
1178,13.69767441860465,1853.0,-37.525390625,-20.712234,-19.101074
1179,13.709302325581394,1847.0,-43.525390625,-24.01181,-21.633442
1180,13.72093023255814,1875.0,-15.525390625,-25.37854,-22.686913
1181,13.732558139534884,1861.0,-29.525390625,-24.274174,-21.75326
1182,13.744186046511627,1904.0,13.474609375,-20.351133,-18.467335
1183,13.755813953488373,1890.0,-0.525390625,-13.867358,-12.916416
1184,13.767441860465116,1918.0,27.474609375,-5.513553,-5.613167
1185,13.77906976744186,1911.0,20.474609375,3.512329,2.472486
1186,13.790697674418606,1925.0,34.474609375,11.967591,10.222365
1187,13.80232558139535,1926.0,35.474609375,18.741669,16.580334
1188,13.813953488372093,1920.0,29.474609375,23.199583,20.869123
1189,13.825581395348838,1925.0,34.474609375,25.217667,22.852905
1190,13.837209302325581,1898.0,7.474609375,25.059656,22.741142
1191,13.848837209302324,1904.0,13.474609375,23.165524,20.938993
1192,13.86046511627907,1868.0,-22.525390625,19.827908,17.861883
1193,13.872093023255815,1873.0,-17.525390625,15.184711,13.774449
1194,13.883720930232558,1847.0,-43.525390625,9.176837,8.769572
1195,13.895348837209301,1859.0,-31.525390625,1.885391,2.918359
1196,13.906976744186046,1840.0,-50.525390625,-6.380489,-3.624003
1197,13.918604651162791,1839.0,-51.525390625,-14.834826,-10.416467
1198,13.930232558139535,1843.0,-47.525390625,-22.356474,-16.742989
1199,13.94186046511628,1841.0,-49.525390625,-27.739389,-21.717136
1200,13.953488372093023,1863.0,-27.525390625,-30.009285,-24.543398
1201,13.965116279069766,1856.0,-34.525390625,-28.778534,-24.709131
1202,13.976744186046512,1892.0,1.474609375,-24.257835,-22.177322
1203,13.988372093023257,1876.0,-14.525390625,-17.258139,-17.34314
1204,14.0,1905.0,14.474609375,-8.807918,-10.930051
1205,14.011627906976743,1901.0,10.474609375,-0.015763,-3.805408
1206,14.023255813953488,1920.0,29.474609375,8.276182,3.241746
1207,14.034883720930232,1918.0,27.474609375,15.44741,9.560092
1208,14.046511627906977,1921.0,30.474609375,21.147514,14.740398
1209,14.058139534883722,1922.0,31.474609375,25.116627,18.523867
1210,14.069767441860465,1894.0,3.474609375,27.167091,20.800875
1211,14.081395348837209,1905.0,14.474609375,27.160467,21.513157
1212,14.093023255813954,1874.0,-16.525390625,24.988668,20.663149
1213,14.104651162790697,1881.0,-9.525390625,20.700102,18.251106
1214,14.116279069767442,1839.0,-51.525390625,14.412412,14.294597
1215,14.127906976744187,1855.0,-35.525390625,6.499869,8.930092
1216,14.13953488372093,1831.0,-59.525390625,-2.578332,2.393757
1217,14.151162790697674,1829.0,-61.525390625,-12.112136,-4.830968
1218,14.162790697674417,1824.0,-66.525390625,-21.232002,-12.046322
1219,14.174418604651164,1828.0,-62.525390625,-28.840145,-18.307817
1220,14.186046511627907,1843.0,-47.525390625,-33.814022,-22.671909
1221,14.19767441860465,1831.0,-59.525390625,-35.162537,-24.319994
1222,14.209302325581396,1869.0,-21.525390625,-32.307285,-22.894987
1223,14.220930232558139,1852.0,-38.525390625,-25.386776,-18.613111
1224,14.232558139534882,1883.0,-7.525390625,-15.242213,-12.295832
1225,14.24418604651163,1872.0,-18.525390625,-3.403101,-5.142557
1226,14.255813953488373,1901.0,10.474609375,8.403438,1.631946
1227,14.267441860465116,1891.0,0.474609375,18.518606,7.080048
1228,14.279069767441861,1903.0,12.474609375,25.909439,10.867604
1229,14.290697674418604,1895.0,4.474609375,30.190474,13.159723
1230,14.30232558139535,1900.0,9.474609375,31.628263,14.52284
1231,14.313953488372093,1893.0,2.474609375,30.713932,15.42797
1232,14.325581395348838,1873.0,-17.525390625,27.906221,16.076937
1233,14.337209302325581,1891.0,0.474609375,23.384258,16.171591
1234,14.348837209302324,1862.0,-28.525390625,17.039047,15.125387
1235,14.36046511627907,1875.0,-15.525390625,8.819761,12.347766
1236,14.372093023255815,1847.0,-43.525390625,-1.084718,7.585109
1237,14.383720930232558,1859.0,-31.525390625,-11.887615,1.184069
1238,14.395348837209303,1843.0,-47.525390625,-22.360792,-5.995317
1239,14.406976744186046,1843.0,-47.525390625,-30.946878,-12.702015
1240,14.41860465116279,1854.0,-36.525390625,-36.304783,-17.79155
1241,14.430232558139535,1849.0,-41.525390625,-37.598518,-20.469824
1242,14.44186046511628,1872.0,-18.525390625,-34.731812,-20.534252
1243,14.453488372093023,1853.0,-37.525390625,-28.290291,-18.287746
1244,14.465116279069768,1894.0,3.474609375,-19.239267,-14.352184
1245,14.476744186046512,1887.0,-3.525390625,-8.720246,-9.45369
1246,14.488372093023255,1903.0,12.474609375,2.317417,-4.151155
1247,14.5,1895.0,4.474609375,13.01409,1.113384
1248,14.511627906976745,1904.0,13.474609375,22.717796,6.13076
1249,14.523255813953488,1909.0,18.474609375,30.695913,10.630524
1250,14.534883720930232,1904.0,13.474609375,36.183762,14.316454
1251,14.546511627906977,1905.0,14.474609375,38.420914,16.780209
1252,14.55813953488372,1895.0,4.474609375,36.870201,17.667162
1253,14.569767441860465,1893.0,2.474609375,31.409073,16.709986
1254,14.58139534883721,1874.0,-16.525390625,22.510696,13.967619
1255,14.593023255813954,1883.0,-7.525390625,11.212867,9.784318
1256,14.604651162790697,1866.0,-24.525390625,-1.102275,4.768372
1257,14.616279069767442,1870.0,-20.525390625,-12.948285,-0.362466
1258,14.627906976744187,1865.0,-25.525390625,-23.064156,-4.937979
1259,14.63953488372093,1860.0,-30.525390625,-30.553978,-8.501209
1260,14.651162790697674,1856.0,-34.525390625,-34.984852,-10.902809
1261,14.662790697674419,1852.0,-38.525390625,-36.251751,-12.186886
1262,14.674418604651162,1869.0,-21.525390625,-34.497807,-12.5882
1263,14.686046511627906,1863.0,-27.525390625,-30.008709,-12.321266
1264,14.697674418604652,1885.0,-5.525390625,-23.139151,-11.514095
1265,14.709302325581396,1872.0,-18.525390625,-14.375544,-10.140997
1266,14.720930232558139,1897.0,6.474609375,-4.289136,-8.067877
1267,14.732558139534884,1893.0,2.474609375,6.335929,-5.170302
1268,14.744186046511627,1905.0,14.474609375,16.631866,-1.447853
1269,14.755813953488373,1902.0,11.474609375,25.629416,2.856487
1270,14.767441860465118,1898.0,7.474609375,32.458988,7.277954
1271,14.779069767441861,1904.0,13.474609375,36.387417,11.142815
1272,14.790697674418604,1891.0,0.474609375,36.935257,13.788609
1273,14.802325581395348,1890.0,-0.525390625,33.91888,14.655357
1274,14.813953488372093,1885.0,-5.525390625,27.544363,13.569044
1275,14.825581395348838,1891.0,0.474609375,18.38332,10.724173
1276,14.837209302325581,1872.0,-18.525390625,7.341376,6.708039
1277,14.848837209302326,1879.0,-11.525390625,-4.367718,2.343939
1278,14.86046511627907,1872.0,-18.525390625,-15.484382,-1.579996
1279,14.872093023255813,1873.0,-17.525390625,-24.778639,-4.465294
1280,14.88372093023256,1870.0,-20.525390625,-31.361086,-6.137808
1281,14.895348837209303,1872.0,-18.525390625,-34.647202,-6.719349
1282,14.906976744186046,1876.0,-14.525390625,-34.537605,-6.624321
1283,14.918604651162791,1869.0,-21.525390625,-31.234272,-6.233347
1284,14.930232558139535,1903.0,12.474609375,-25.23065,-5.838034
1285,14.941860465116278,1889.0,-1.525390625,-17.20879,-5.462138
1286,14.953488372093023,1904.0,13.474609375,-7.914256,-4.95773
1287,14.965116279069768,1907.0,16.474609375,1.797312,-4.147007
1288,14.976744186046512,1920.0,29.474609375,11.060672,-2.980895
1289,14.988372093023255,1917.0,26.474609375,18.985382,-1.608723
1290,15.0,1927.0,36.474609375,24.876596,-0.269842
1291,15.011627906976745,1920.0,29.474609375,28.203066,0.739178
1292,15.023255813953488,1920.0,29.474609375,28.867449,1.405508
1293,15.034883720930234,1920.0,29.474609375,27.043291,1.877935
1294,15.046511627906977,1904.0,13.474609375,23.185017,2.521494
1295,15.05813953488372,1906.0,15.474609375,17.814051,3.603693
1296,15.069767441860465,1894.0,3.474609375,11.408071,5.163435
1297,15.08139534883721,1903.0,12.474609375,4.345374,6.859789
1298,15.093023255813954,1889.0,-1.525390625,-3.140376,8.036384
1299,15.104651162790697,1891.0,0.474609375,-10.662004,8.072358
1300,15.116279069767442,1885.0,-5.525390625,-17.725126,6.589302
1301,15.127906976744185,1883.0,-7.525390625,-23.566866,3.741447
1302,15.139534883720929,1874.0,-16.525390625,-27.392475,0.124649
1303,15.151162790697676,1872.0,-18.525390625,-28.469627,-3.376102
1304,15.162790697674419,1872.0,-18.525390625,-26.464323,-6.007208
1305,15.174418604651162,1878.0,-12.525390625,-21.507103,-7.343206
1306,15.186046511627907,1879.0,-11.525390625,-14.269138,-7.47059
1307,15.19767441860465,1883.0,-7.525390625,-5.750129,-6.781672
1308,15.209302325581396,1888.0,-2.525390625,2.964638,-5.749242
1309,15.22093023255814,1886.0,-4.525390625,10.867318,-4.686233
1310,15.232558139534884,1899.0,8.474609375,17.271576,-3.596485
1311,15.244186046511627,1898.0,7.474609375,21.67568,-2.360809
1312,15.25581395348837,1897.0,6.474609375,23.902136,-0.821882
1313,15.267441860465116,1894.0,3.474609375,23.881029,0.964365
1314,15.279069767441861,1903.0,12.474609375,21.763647,2.765259
1315,15.290697674418604,1885.0,-5.525390625,17.804247,4.229134
1316,15.30232558139535,1889.0,-1.525390625,12.492966,5.147719
1317,15.313953488372093,1889.0,-1.525390625,6.428676,5.517951
1318,15.325581395348836,1894.0,3.474609375,0.227284,5.542249
1319,15.337209302325583,1889.0,-1.525390625,-5.581096,5.441477
1320,15.348837209302326,1895.0,4.474609375,-10.691256,5.268574
1321,15.36046511627907,1891.0,0.474609375,-14.941281,4.807412
1322,15.372093023255815,1895.0,4.474609375,-18.284903,3.669151
1323,15.383720930232558,1888.0,-2.525390625,-20.555653,1.562569
1324,15.395348837209301,1890.0,-0.525390625,-21.446859,-1.445919
1325,15.406976744186046,1888.0,-2.525390625,-20.485323,-4.802497
1326,15.418604651162791,1894.0,3.474609375,-17.293062,-7.635338
1327,15.430232558139535,1894.0,3.474609375,-11.823187,-9.114734
1328,15.441860465116278,1899.0,8.474609375,-4.533624,-8.816263
1329,15.453488372093023,1899.0,8.474609375,3.562902,-6.952296
1330,15.465116279069768,1905.0,14.474609375,11.189922,-4.266184
1331,15.476744186046512,1904.0,13.474609375,17.067537,-1.693953
1332,15.488372093023257,1911.0,20.474609375,20.41815,0.113882
1333,15.5,1905.0,14.474609375,21.013956,1.024723
1334,15.511627906976743,1907.0,16.474609375,19.301044,1.469906
1335,15.523255813953488,1916.0,25.474609375,16.044165,2.13009
1336,15.534883720930234,1904.0,13.474609375,12.044837,3.50843
1337,15.546511627906977,1905.0,14.474609375,7.868126,5.626318
1338,15.55813953488372,1899.0,8.474609375,3.730758,7.936386
1339,15.569767441860465,1907.0,16.474609375,-0.365652,9.601627
1340,15.581395348837209,1899.0,8.474609375,-4.539653,9.820702
1341,15.593023255813954,1902.0,11.474609375,-8.690809,8.2372
1342,15.604651162790699,1891.0,0.474609375,-12.567328,5.03493
1343,15.616279069767442,1893.0,2.474609375,-15.662983,0.871033
1344,15.627906976744185,1904.0,13.474609375,-17.522245,-3.460318
1345,15.63953488372093,1895.0,4.474609375,-17.762081,-7.269198
1346,15.651162790697674,1903.0,12.474609375,-16.231571,-10.099487
1347,15.662790697674417,1893.0,2.474609375,-13.020738,-11.729668
1348,15.674418604651162,1909.0,18.474609375,-8.397687,-12.023527
1349,15.686046511627906,1901.0,10.474609375,-2.827772,-10.914407
1350,15.697674418604652,1917.0,26.474609375,3.15081,-8.372694
1351,15.709302325581396,1907.0,16.474609375,8.799352,-4.624771
1352,15.72093023255814,1915.0,24.474609375,13.437029,-0.148738
1353,15.732558139534884,1906.0,15.474609375,16.355537,4.252738
1354,15.744186046511627,1911.0,20.474609375,17.167007,7.719584
1355,15.755813953488373,1921.0,30.474609375,15.801718,9.595608
1356,15.767441860465116,1917.0,26.474609375,12.672957,9.719328
1357,15.77906976744186,1914.0,23.474609375,8.517016,8.468925
1358,15.790697674418604,1911.0,20.474609375,4.234081,6.633495
1359,15.802325581395348,1915.0,24.474609375,0.562666,4.971465
1360,15.813953488372091,1906.0,15.474609375,-2.121481,3.917703
1361,15.82558139534884,1913.0,22.474609375,-3.862417,3.345017
1362,15.837209302325583,1904.0,13.474609375,-5.099184,2.671807
1363,15.848837209302326,1904.0,13.474609375,-6.286354,1.227911
1364,15.86046511627907,1901.0,10.474609375,-7.779078,-1.370522
1365,15.872093023255815,1902.0,11.474609375,-9.51837,-4.89766
1366,15.883720930232558,1905.0,14.474609375,-11.133475,-8.577811
1367,15.895348837209301,1906.0,15.474609375,-11.978816,-11.316506
1368,15.906976744186046,1917.0,26.474609375,-11.445704,-12.165716
1369,15.91860465116279,1922.0,31.474609375,-9.198125,-10.709811
1370,15.930232558139533,1926.0,35.474609375,-5.304673,-7.217525
1371,15.941860465116278,1925.0,34.474609375,-0.322167,-2.557654
1372,15.953488372093025,1936.0,45.474609375,4.916065,2.158624
1373,15.965116279069768,1932.0,41.474609375,9.367245,5.898892
1374,15.976744186046513,1935.0,44.474609375,12.227226,8.099507
1375,15.988372093023257,1936.0,45.474609375,13.006145,8.686117
1376,16.0,1935.0,44.474609375,11.740373,8.01251
1377,16.011627906976745,1936.0,45.474609375,8.917928,6.604014
1378,16.023255813953487,1925.0,34.474609375,5.35581,4.966737
1379,16.03488372093023,1926.0,35.474609375,1.9642,3.434058
1380,16.046511627906977,1920.0,29.474609375,-0.575489,2.122239
1381,16.05813953488372,1922.0,31.474609375,-1.964111,0.97059
1382,16.069767441860463,1904.0,13.474609375,-2.392594,-0.141752
1383,16.081395348837212,1915.0,24.474609375,-2.338948,-1.316093
1384,16.093023255813954,1905.0,14.474609375,-2.444955,-2.608059
1385,16.1046511627907,1909.0,18.474609375,-3.109291,-3.96598
1386,16.116279069767444,1922.0,31.474609375,-4.399069,-5.266636
1387,16.127906976744185,1915.0,24.474609375,-5.984123,-6.360952
1388,16.13953488372093,1929.0,38.474609375,-7.257974,-7.011388
1389,16.151162790697676,1917.0,26.474609375,-7.646199,-7.009431
1390,16.162790697674417,1941.0,50.474609375,-6.775187,-6.184545
1391,16.174418604651162,1936.0,45.474609375,-4.715754,-4.485616
1392,16.186046511627907,1935.0,44.474609375,-1.840099,-2.012386
1393,16.19767441860465,1936.0,45.474609375,1.245308,0.957328
1394,16.209302325581397,1937.0,46.474609375,3.99391,4.020352
1395,16.220930232558143,1934.0,43.474609375,5.992154,6.715761
1396,16.232558139534884,1922.0,31.474609375,7.12469,8.646957
1397,16.24418604651163,1933.0,42.474609375,7.470412,9.561153
1398,16.25581395348837,1925.0,34.474609375,7.185159,9.371065
1399,16.267441860465116,1929.0,38.474609375,6.411358,8.166229
1400,16.27906976744186,1920.0,29.474609375,5.191065,6.158785
1401,16.290697674418603,1921.0,30.474609375,3.555867,3.599191
1402,16.302325581395348,1922.0,31.474609375,1.530011,0.764925
1403,16.313953488372093,1917.0,26.474609375,-0.767476,-2.115661
1404,16.325581395348834,1917.0,26.474609375,-3.111963,-4.811942
1405,16.337209302325583,1915.0,24.474609375,-5.189259,-7.090458
1406,16.348837209302328,1927.0,36.474609375,-6.720497,-8.739349
1407,16.36046511627907,1921.0,30.474609375,-7.50652,-9.572539
1408,16.372093023255815,1929.0,38.474609375,-7.467653,-9.472059
1409,16.38372093023256,1930.0,39.474609375,-6.658415,-8.426064
1410,16.3953488372093,1946.0,55.474609375,-5.22119,-6.566492
1411,16.406976744186046,1941.0,50.474609375,-3.376086,-4.157194
1412,16.41860465116279,1939.0,48.474609375,-1.332411,-1.523714
1413,16.430232558139533,1951.0,60.474609375,0.68114,1.045057
1414,16.441860465116278,1945.0,54.474609375,2.509586,3.316456
1415,16.453488372093023,1958.0,67.474609375,4.022418,5.178527
1416,16.46511627906977,1937.0,46.474609375,5.151797,6.613805
1417,16.476744186046513,1947.0,56.474609375,5.93527,7.685396
1418,16.48837209302326,1933.0,42.474609375,6.433466,8.437467
1419,16.5,1936.0,45.474609375,6.699324,8.823325
1420,16.511627906976745,1917.0,26.474609375,6.697596,8.746135
1421,16.52325581395349,1923.0,32.474609375,6.291849,8.006046
1422,16.53488372093023,1908.0,17.474609375,5.229034,6.426797
1423,16.546511627906977,1914.0,23.474609375,3.30983,3.940845
1424,16.558139534883722,1907.0,16.474609375,0.438728,0.633316
1425,16.569767441860463,1916.0,25.474609375,-3.163565,-3.169708
1426,16.58139534883721,1920.0,29.474609375,-7.009608,-6.985048
1427,16.59302325581395,1913.0,22.474609375,-10.365608,-10.228465
1428,16.6046511627907,1936.0,45.474609375,-12.474902,-12.356079
1429,16.616279069767444,1931.0,40.474609375,-12.81916,-13.013648
1430,16.627906976744185,1951.0,60.474609375,-11.243035,-12.106133
1431,16.63953488372093,1938.0,47.474609375,-8.064153,-9.822589
1432,16.651162790697676,1966.0,75.474609375,-3.893551,-6.551768
1433,16.662790697674417,1962.0,71.474609375,0.484996,-2.793463
1434,16.674418604651162,1962.0,71.474609375,4.419873,0.98461
1435,16.686046511627907,1957.0,66.474609375,7.524135,4.431193
1436,16.69767441860465,1966.0,75.474609375,9.699387,7.346702
1437,16.709302325581394,1968.0,77.474609375,11.009953,9.593457
1438,16.72093023255814,1951.0,60.474609375,11.539918,11.068701
1439,16.732558139534884,1954.0,63.474609375,11.287722,11.647151
1440,16.74418604651163,1937.0,46.474609375,10.124396,11.212687
1441,16.755813953488374,1943.0,52.474609375,7.905068,9.661996
1442,16.767441860465116,1925.0,34.474609375,4.558125,7.000232
1443,16.77906976744186,1933.0,42.474609375,0.269167,3.391267
1444,16.790697674418606,1921.0,30.474609375,-4.506299,-0.796019
1445,16.802325581395348,1923.0,32.474609375,-9.112604,-5.051547
1446,16.813953488372093,1933.0,42.474609375,-12.814053,-8.778602
1447,16.825581395348838,1931.0,40.474609375,-14.995966,-11.408142
1448,16.83720930232558,1948.0,57.474609375,-15.248352,-12.47682
1449,16.848837209302324,1938.0,47.474609375,-13.518422,-11.770904
1450,16.86046511627907,1959.0,68.474609375,-10.012692,-9.330121
1451,16.872093023255815,1953.0,62.474609375,-5.262581,-5.563809
1452,16.88372093023256,1973.0,82.474609375,0.060188,-1.139565
1453,16.8953488372093,1963.0,72.474609375,5.146441,3.051141
1454,16.906976744186046,1973.0,82.474609375,9.281625,6.176356
1455,16.91860465116279,1977.0,86.474609375,11.915772,7.634168
1456,16.930232558139533,1968.0,77.474609375,12.815781,7.298423
1457,16.941860465116278,1968.0,77.474609375,12.118231,5.557994
1458,16.953488372093023,1965.0,74.474609375,10.262639,3.224907
1459,16.965116279069765,1967.0,76.474609375,7.830547,1.206152
1460,16.97674418604651,1954.0,63.474609375,5.333419,0.182842
1461,16.98837209302326,1968.0,77.474609375,3.060682,0.353692
1462,17.0,1941.0,50.474609375,0.968493,1.329619
1463,17.011627906976745,1944.0,53.474609375,-1.162428,2.382031
1464,17.02325581395349,1936.0,45.474609375,-3.596268,2.716437
1465,17.03488372093023,1936.0,45.474609375,-6.371652,1.894367
1466,17.046511627906977,1937.0,46.474609375,-9.251742,-0.039389
1467,17.058139534883722,1930.0,39.474609375,-11.726463,-2.533122
1468,17.069767441860463,1942.0,51.474609375,-13.193157,-4.828383
1469,17.08139534883721,1939.0,48.474609375,-13.194117,-6.249634
1470,17.093023255813954,1951.0,60.474609375,-11.584743,-6.490557
1471,17.104651162790695,1947.0,56.474609375,-8.577225,-5.677311
1472,17.116279069767444,1962.0,71.474609375,-4.626684,-4.215661
1473,17.12790697674419,1955.0,64.474609375,-0.282331,-2.580025
1474,17.13953488372093,1962.0,71.474609375,4.044205,-1.004548
1475,17.151162790697676,1967.0,76.474609375,8.050961,0.47974
1476,17.16279069767442,1968.0,77.474609375,11.555314,2.013946
1477,17.174418604651162,1968.0,77.474609375,14.335933,3.656129
1478,17.186046511627907,1965.0,74.474609375,16.118481,5.325132
1479,17.19767441860465,1967.0,76.474609375,16.524691,6.671789
1480,17.209302325581394,1959.0,68.474609375,15.235334,7.2866
1481,17.22093023255814,1962.0,71.474609375,12.104691,6.835124
1482,17.23255813953488,1947.0,56.474609375,7.304346,5.274787
1483,17.24418604651163,1943.0,52.474609375,1.344391,2.868837
1484,17.255813953488374,1936.0,45.474609375,-5.017246,0.092255
1485,17.267441860465116,1936.0,45.474609375,-10.916919,-2.512216
1486,17.27906976744186,1934.0,43.474609375,-15.60486,-4.557247
1487,17.290697674418606,1931.0,40.474609375,-18.558609,-5.882647
1488,17.302325581395348,1931.0,40.474609375,-19.538431,-6.525441
1489,17.313953488372093,1925.0,34.474609375,-18.558435,-6.61536
1490,17.325581395348838,1951.0,60.474609375,-15.83307,-6.26441
1491,17.33720930232558,1940.0,49.474609375,-11.742166,-5.569444
1492,17.348837209302324,1959.0,68.474609375,-6.713106,-4.526358
1493,17.36046511627907,1957.0,66.474609375,-1.228721,-3.155394
1494,17.372093023255815,1957.0,66.474609375,4.256457,-1.495792
1495,17.38372093023256,1966.0,75.474609375,9.342085,0.40622
1496,17.395348837209305,1970.0,79.474609375,13.680795,2.4761
1497,17.406976744186046,1959.0,68.474609375,16.963324,4.596312
1498,17.41860465116279,1971.0,80.474609375,18.952759,6.644382
1499,17.430232558139537,1965.0,74.474609375,19.401814,8.369898
1500,17.441860465116278,1964.0,73.474609375,18.127739,9.44556
1501,17.453488372093023,1968.0,77.474609375,15.044779,9.484277
1502,17.46511627906977,1962.0,71.474609375,10.271579,8.186403
1503,17.47674418604651,1965.0,74.474609375,4.185392,5.500315
1504,17.488372093023255,1954.0,63.474609375,-2.585397,1.705558
1505,17.5,1962.0,71.474609375,-9.212749,-2.535529
1506,17.511627906976745,1952.0,61.474609375,-14.873893,-6.442929
1507,17.52325581395349,1957.0,66.474609375,-18.856367,-9.262089
1508,17.53488372093023,1945.0,54.474609375,-20.756237,-10.57936
1509,17.546511627906977,1946.0,55.474609375,-20.447933,-10.36707
1510,17.558139534883722,1939.0,48.474609375,-18.112328,-8.98035
1511,17.569767441860463,1937.0,46.474609375,-14.107048,-6.923543
1512,17.58139534883721,1947.0,56.474609375,-8.950275,-4.694329
1513,17.593023255813954,1937.0,46.474609375,-3.218915,-2.599171
1514,17.604651162790695,1937.0,46.474609375,2.480444,-0.717992
1515,17.61627906976744,1937.0,46.474609375,7.562841,0.999127
1516,17.62790697674419,1953.0,62.474609375,11.575454,2.681045
1517,17.63953488372093,1936.0,45.474609375,14.188226,4.305679
1518,17.651162790697676,1951.0,60.474609375,15.396079,5.872212
1519,17.66279069767442,1946.0,55.474609375,15.342325,7.259379
1520,17.674418604651162,1950.0,59.474609375,14.36603,8.382162
1521,17.686046511627907,1950.0,59.474609375,12.746737,9.125362
1522,17.697674418604652,1941.0,50.474609375,10.600377,9.338748
1523,17.709302325581394,1954.0,63.474609375,7.87037,8.825486
1524,17.72093023255814,1940.0,49.474609375,4.369359,7.317773
1525,17.732558139534884,1942.0,51.474609375,0.036134,4.670727
1526,17.744186046511626,1936.0,45.474609375,-4.952594,0.920796
1527,17.755813953488374,1931.0,40.474609375,-10.029151,-3.553627
1528,17.76744186046512,1933.0,42.474609375,-14.386499,-8.093971
1529,17.77906976744186,1926.0,35.474609375,-17.198669,-11.923931
1530,17.790697674418606,1936.0,45.474609375,-17.911947,-14.354904
1531,17.802325581395348,1927.0,36.474609375,-16.462234,-15.0524
1532,17.813953488372093,1921.0,30.474609375,-13.24964,-14.06451
1533,17.825581395348838,1922.0,31.474609375,-8.994422,-11.750443
1534,17.83720930232558,1926.0,35.474609375,-4.459357,-8.592897
1535,17.848837209302324,1923.0,32.474609375,-0.223192,-4.998155
1536,17.86046511627907,1927.0,36.474609375,3.485382,-1.144092
1537,17.87209302325581,1930.0,39.474609375,6.672836,2.91821
1538,17.883720930232556,1936.0,45.474609375,9.458869,7.147823
1539,17.895348837209305,1936.0,45.474609375,11.857259,11.328829
1540,17.906976744186046,1952.0,61.474609375,13.739941,15.022346
1541,17.91860465116279,1950.0,59.474609375,14.777952,17.627216
1542,17.930232558139537,1956.0,65.474609375,14.61649,18.51516
1543,17.941860465116278,1957.0,66.474609375,13.029996,17.310287
1544,17.953488372093023,1958.0,67.474609375,9.991263,13.946028
1545,17.96511627906977,1968.0,77.474609375,5.761372,8.755336
1546,17.97674418604651,1953.0,62.474609375,0.729415,2.316665
1547,17.988372093023255,1956.0,65.474609375,-4.523428,-4.574426
1548,18.0,1950.0,59.474609375,-9.416489,-11.082549
1549,18.01162790697674,1949.0,58.474609375,-13.345453,-16.400848
1550,18.02325581395349,1934.0,43.474609375,-15.825544,-19.839802
1551,18.034883720930235,1947.0,56.474609375,-16.457907,-20.889366
1552,18.046511627906977,1925.0,34.474609375,-15.154217,-19.414904
1553,18.058139534883722,1934.0,43.474609375,-12.061576,-15.629501
1554,18.069767441860467,1920.0,29.474609375,-7.703301,-10.207168
1555,18.08139534883721,1917.0,26.474609375,-2.79981,-4.081623
1556,18.093023255813954,1919.0,28.474609375,1.854013,1.769861
1557,18.104651162790695,1915.0,24.474609375,5.547574,6.519108
1558,18.11627906976744,1907.0,16.474609375,7.898917,9.775308
1559,18.127906976744185,1914.0,23.474609375,8.853665,11.566072
1560,18.139534883720927,1910.0,19.474609375,8.682693,12.230896
1561,18.151162790697676,1910.0,19.474609375,7.784971,12.162839
1562,18.16279069767442,1920.0,29.474609375,6.627027,11.681059
1563,18.174418604651162,1930.0,39.474609375,5.527226,10.85132
1564,18.186046511627907,1927.0,36.474609375,4.62731,9.539211
1565,18.197674418604652,1919.0,28.474609375,3.902621,7.56547
1566,18.209302325581394,1921.0,30.474609375,3.250789,4.870497
1567,18.22093023255814,1922.0,31.474609375,2.528524,1.587084
1568,18.232558139534884,1914.0,23.474609375,1.569316,-2.004456
1569,18.244186046511626,1920.0,29.474609375,0.302292,-5.510549
1570,18.25581395348837,1919.0,28.474609375,-1.308408,-8.551253
1571,18.267441860465116,1919.0,28.474609375,-3.158966,-10.805306
1572,18.27906976744186,1909.0,18.474609375,-5.086879,-12.072924
1573,18.290697674418606,1906.0,15.474609375,-6.811121,-12.232214
1574,18.30232558139535,1907.0,16.474609375,-8.06314,-11.305431
1575,18.313953488372093,1907.0,16.474609375,-8.632609,-9.442152
1576,18.325581395348838,1899.0,8.474609375,-8.412339,-6.910765
1577,18.337209302325583,1904.0,13.474609375,-7.430961,-4.042229
1578,18.348837209302324,1904.0,13.474609375,-5.796986,-1.140049
1579,18.36046511627907,1904.0,13.474609375,-3.701035,1.580287
1580,18.372093023255815,1913.0,22.474609375,-1.283414,4.094123
1581,18.383720930232556,1904.0,13.474609375,1.272971,6.429125
1582,18.3953488372093,1911.0,20.474609375,3.835307,8.621525
1583,18.406976744186046,1906.0,15.474609375,6.161412,10.492366
1584,18.41860465116279,1920.0,29.474609375,7.98736,11.672736
1585,18.430232558139537,1911.0,20.474609375,9.015965,11.677387
1586,18.441860465116278,1922.0,31.474609375,9.058055,10.168389
1587,18.453488372093023,1916.0,25.474609375,8.104061,7.148743
1588,18.46511627906977,1918.0,27.474609375,6.397219,3.129017
1589,18.47674418604651,1923.0,32.474609375,4.368872,-1.020998
1590,18.488372093023255,1912.0,21.474609375,2.430221,-4.45405
1591,18.5,1915.0,24.474609375,0.90597,-6.571335
1592,18.51162790697674,1909.0,18.474609375,-0.220918,-7.392384
1593,18.523255813953487,1920.0,29.474609375,-1.181461,-7.375082
1594,18.534883720930235,1904.0,13.474609375,-2.36098,-7.198215
1595,18.546511627906977,1905.0,14.474609375,-4.001523,-7.280006
1596,18.558139534883722,1894.0,3.474609375,-6.078383,-7.548506
1597,18.569767441860467,1899.0,8.474609375,-8.244851,-7.47582
1598,18.58139534883721,1883.0,-7.525390625,-9.948853,-6.421921
1599,18.593023255813954,1897.0,6.474609375,-10.633798,-4.045055
1600,18.6046511627907,1883.0,-7.525390625,-9.987231,-0.636634
1601,18.61627906976744,1871.0,-19.525390625,-8.032822,2.932991
1602,18.627906976744185,1885.0,-5.525390625,-5.048474,5.644734
1603,18.63953488372093,1878.0,-12.525390625,-1.531529,6.740311
1604,18.651162790697672,1895.0,4.474609375,2.066932,6.201947
1605,18.66279069767442,1891.0,0.474609375,5.369942,4.716846
1606,18.674418604651166,1907.0,16.474609375,8.135639,3.350278
1607,18.686046511627907,1901.0,10.474609375,10.142929,2.93356
1608,18.697674418604652,1910.0,19.474609375,11.193455,3.656123
1609,18.709302325581397,1907.0,16.474609375,11.105685,4.965148
1610,18.72093023255814,1910.0,19.474609375,9.817127,5.880502
1611,18.732558139534884,1917.0,26.474609375,7.51052,5.568759
1612,18.744186046511626,1904.0,13.474609375,4.585116,3.737528
1613,18.75581395348837,1903.0,12.474609375,1.623756,0.860794
1614,18.767441860465116,1897.0,6.474609375,-0.870413,-2.189562
1615,18.779069767441857,1891.0,0.474609375,-2.662207,-4.609311
1616,18.790697674418606,1877.0,-13.525390625,-3.897063,-6.08815
1617,18.80232558139535,1885.0,-5.525390625,-4.979294,-6.907708
1618,18.813953488372093,1872.0,-18.525390625,-6.349193,-7.674669
1619,18.825581395348838,1866.0,-24.525390625,-8.160023,-8.815561
1620,18.837209302325583,1869.0,-21.525390625,-10.046955,-10.099476
1621,18.848837209302324,1872.0,-18.525390625,-11.308099,-10.724133
1622,18.86046511627907,1873.0,-17.525390625,-11.125151,-9.631948
1623,18.872093023255815,1876.0,-14.525390625,-9.014658,-6.156873
1624,18.883720930232556,1867.0,-23.525390625,-5.124599,-0.554063
1625,18.8953488372093,1882.0,-8.525390625,-0.209832,6.010535
1626,18.906976744186046,1902.0,11.474609375,4.59348,11.805424
1627,18.91860465116279,1891.0,0.474609375,8.170346,15.23213
1628,18.930232558139537,1902.0,11.474609375,9.961887,15.591642
1629,18.94186046511628,1899.0,8.474609375,10.033939,13.255487
1630,18.953488372093023,1890.0,-0.525390625,8.990663,9.452894
1631,18.96511627906977,1906.0,15.474609375,7.634963,5.646158
1632,18.976744186046513,1899.0,8.474609375,6.484595,2.752815
1633,18.988372093023255,1899.0,8.474609375,5.627213,0.883264
1634,19.0,1891.0,0.474609375,4.696023,-0.640026
1635,19.011627906976745,1891.0,0.474609375,3.223545,-2.657591
1636,19.023255813953487,1877.0,-13.525390625,0.91514,-5.647759
1637,19.03488372093023,1874.0,-16.525390625,-2.049251,-9.27686
1638,19.046511627906973,1866.0,-24.525390625,-5.11372,-12.533607
1639,19.058139534883722,1871.0,-19.525390625,-7.539401,-14.173018
1640,19.069767441860467,1871.0,-19.525390625,-8.792319,-13.375027
1641,19.08139534883721,1865.0,-25.525390625,-8.765046,-10.164893
1642,19.093023255813954,1862.0,-28.525390625,-7.757639,-5.397462
1643,19.1046511627907,1858.0,-32.525390625,-6.330499,-0.427492
1644,19.11627906976744,1872.0,-18.525390625,-4.95987,3.517187
1645,19.127906976744185,1866.0,-24.525390625,-3.860824,5.774518
1646,19.13953488372093,1882.0,-8.525390625,-2.839403,6.51437
1647,19.151162790697672,1873.0,-17.525390625,-1.596968,6.364517
1648,19.162790697674417,1894.0,3.474609375,0.165838,6.104936
1649,19.174418604651162,1887.0,-3.525390625,2.404338,6.142778
1650,19.186046511627907,1899.0,8.474609375,4.796743,6.409053
1651,19.197674418604652,1891.0,0.474609375,6.828034,6.443043
1652,19.209302325581397,1900.0,9.474609375,8.066207,5.750384
1653,19.22093023255814,1895.0,4.474609375,8.375391,4.181694
1654,19.232558139534884,1887.0,-3.525390625,7.925208,2.014556
1655,19.24418604651163,1889.0,-1.525390625,7.101146,-0.125722
1656,19.25581395348837,1872.0,-18.525390625,6.2128,-1.612529
1657,19.267441860465116,1890.0,-0.525390625,5.348346,-2.130415
1658,19.27906976744186,1859.0,-31.525390625,4.241023,-1.893624
1659,19.290697674418603,1871.0,-19.525390625,2.498882,-1.480438
1660,19.302325581395348,1868.0,-22.525390625,-0.207236,-1.587059
1661,19.313953488372096,1859.0,-31.525390625,-3.894117,-2.671309
1662,19.325581395348838,1872.0,-18.525390625,-8.131314,-4.695085
1663,19.337209302325583,1870.0,-20.525390625,-12.159555,-7.129711
1664,19.348837209302324,1872.0,-18.525390625,-15.07672,-9.134064
1665,19.36046511627907,1872.0,-18.525390625,-16.155886,-9.912374
1666,19.372093023255815,1887.0,-3.525390625,-15.032733,-8.995596
1667,19.383720930232556,1875.0,-15.525390625,-11.832599,-6.423115
1668,19.3953488372093,1887.0,-3.525390625,-7.026248,-2.65751
1669,19.406976744186046,1895.0,4.474609375,-1.349017,1.5746
1670,19.418604651162788,1901.0,10.474609375,4.439028,5.493423
1671,19.430232558139533,1891.0,0.474609375,9.635882,8.501494
1672,19.44186046511628,1895.0,4.474609375,13.726469,10.290007
1673,19.453488372093023,1898.0,7.474609375,16.353491,10.815465
1674,19.46511627906977,1884.0,-6.525390625,17.306946,10.222382
1675,19.476744186046513,1883.0,-7.525390625,16.577433,8.789331
1676,19.488372093023255,1890.0,-0.525390625,14.263803,6.785995
1677,19.5,1903.0,12.474609375,10.61148,4.441642
1678,19.511627906976745,1874.0,-16.525390625,5.935709,1.91317
1679,19.523255813953487,1882.0,-8.525390625,0.707705,-0.635292
1680,19.53488372093023,1871.0,-19.525390625,-4.620899,-3.091932
1681,19.546511627906977,1872.0,-18.525390625,-9.515438,-5.260616
1682,19.55813953488372,1875.0,-15.525390625,-13.517423,-6.978331
1683,19.569767441860467,1866.0,-24.525390625,-16.204824,-8.06897
1684,19.581395348837212,1875.0,-15.525390625,-17.275806,-8.413107
1685,19.593023255813954,1874.0,-16.525390625,-16.617575,-8.022438
1686,19.6046511627907,1886.0,-4.525390625,-14.302341,-6.989605
1687,19.616279069767444,1887.0,-3.525390625,-10.628693,-5.526416
1688,19.627906976744185,1887.0,-3.525390625,-6.05836,-3.865334
1689,19.63953488372093,1874.0,-16.525390625,-1.110055,-2.159489
1690,19.651162790697676,1892.0,1.474609375,3.741182,-0.43687
1691,19.662790697674417,1887.0,-3.525390625,8.062216,1.31318
1692,19.674418604651162,1899.0,8.474609375,11.560595,3.131351
1693,19.686046511627904,1891.0,0.474609375,14.014371,4.954455
1694,19.697674418604652,1889.0,-1.525390625,15.273354,6.587447
1695,19.709302325581397,1883.0,-7.525390625,15.220092,7.710897
1696,19.72093023255814,1879.0,-11.525390625,13.826412,8.037103
1697,19.732558139534884,1878.0,-12.525390625,11.191689,7.429545
1698,19.74418604651163,1879.0,-11.525390625,7.547908,5.991558
1699,19.75581395348837,1876.0,-14.525390625,3.275615,4.030986
1700,19.767441860465116,1874.0,-16.525390625,-1.170425,1.95579
1701,19.77906976744186,1872.0,-18.525390625,-5.343939,0.083747
1702,19.790697674418603,1878.0,-12.525390625,-8.902593,-1.472122
1703,19.802325581395348,1876.0,-14.525390625,-11.645418,-2.827976
1704,19.813953488372093,1872.0,-18.525390625,-13.472552,-4.183355
1705,19.825581395348838,1872.0,-18.525390625,-14.327847,-5.630888
1706,19.837209302325583,1873.0,-17.525390625,-14.172789,-7.080087
1707,19.848837209302328,1874.0,-16.525390625,-12.938097,-8.167532
1708,19.86046511627907,1872.0,-18.525390625,-10.569308,-8.464124
1709,19.872093023255815,1878.0,-12.525390625,-7.083509,-7.604601
1710,19.88372093023256,1888.0,-2.525390625,-2.623616,-5.507063
1711,19.8953488372093,1886.0,-4.525390625,2.447247,-2.45694
1712,19.906976744186046,1889.0,-1.525390625,7.619268,0.999916
1713,19.91860465116279,1881.0,-9.525390625,12.2288,4.201995
1714,19.930232558139533,1875.0,-15.525390625,15.632516,6.621822
1715,19.941860465116278,1895.0,4.474609375,17.278622,7.955482
1716,19.953488372093023,1890.0,-0.525390625,16.839056,8.158298
1717,19.96511627906977,1889.0,-1.525390625,14.32498,7.377815
1718,19.976744186046513,1887.0,-3.525390625,10.116503,5.896488
1719,19.988372093023255,1889.0,-1.525390625,4.915495,4.029018
1720,20.0,1889.0,-1.525390625,-0.458748,2.03697
1721,20.011627906976745,1887.0,-3.525390625,-5.239171,0.127886
1722,20.023255813953487,1891.0,0.474609375,-8.927012,-1.54943
1723,20.03488372093023,1887.0,-3.525390625,-11.341782,-2.900288
1724,20.046511627906977,1883.0,-7.525390625,-12.610684,-3.876175
1725,20.05813953488372,1883.0,-7.525390625,-12.949009,-4.453798
1726,20.069767441860463,1882.0,-8.525390625,-12.514276,-4.619898
1727,20.081395348837212,1872.0,-18.525390625,-11.259322,-4.337321
1728,20.093023255813954,1882.0,-8.525390625,-9.02596,-3.612801
1729,20.1046511627907,1885.0,-5.525390625,-5.699791,-2.503344
1730,20.116279069767444,1879.0,-11.525390625,-1.469831,-1.219558
1731,20.127906976744185,1878.0,-12.525390625,3.090626,-0.07271
1732,20.13953488372093,1882.0,-8.525390625,7.178412,0.633321
1733,20.151162790697676,1883.0,-7.525390625,9.982237,0.695856
1734,20.162790697674417,1883.0,-7.525390625,11.088524,0.213009
1735,20.174418604651162,1887.0,-3.525390625,10.613991,-0.455988
1736,20.186046511627907,1883.0,-7.525390625,9.178632,-0.775509
1737,20.19767441860465,1889.0,-1.525390625,7.548885,-0.299307
1738,20.209302325581397,1893.0,2.474609375,6.253148,1.051569
1739,20.220930232558143,1885.0,-5.525390625,5.283616,2.904189
1740,20.232558139534884,1888.0,-2.525390625,4.163408,4.545722
1741,20.24418604651163,1888.0,-2.525390625,2.26048,5.261581
1742,20.255813953488374,1887.0,-3.525390625,-0.793178,4.649372
1743,20.267441860465116,1895.0,4.474609375,-4.740586,2.898754
1744,20.27906976744186,1877.0,-13.525390625,-8.744543,0.681953
1745,20.290697674418603,1887.0,-3.525390625,-11.655896,-1.122059
1746,20.302325581395348,1883.0,-7.525390625,-12.620838,-1.933434
1747,20.313953488372093,1886.0,-4.525390625,-11.391529,-1.694715
1748,20.325581395348834,1890.0,-0.525390625,-8.48468,-0.900124
1749,20.33720930232558,1881.0,-9.525390625,-4.891776,-0.310503
1750,20.348837209302328,1879.0,-11.525390625,-1.560629,-0.480569
1751,20.36046511627907,1887.0,-3.525390625,1.006167,-1.440633
1752,20.372093023255815,1889.0,-1.525390625,2.861517,-2.718361
1753,20.38372093023256,1886.0,-4.525390625,4.426202,-3.591538
1754,20.3953488372093,1888.0,-2.525390625,6.051634,-3.593055
1755,20.406976744186046,1886.0,-4.525390625,7.703314,-2.750105
1756,20.41860465116279,1893.0,2.474609375,8.924985,-1.589402
1757,20.430232558139533,1890.0,-0.525390625,9.010722,-0.858681
1758,20.441860465116278,1894.0,3.474609375,7.529685,-1.002864
1759,20.453488372093023,1888.0,-2.525390625,4.619819,-1.860705
1760,20.465116279069765,1894.0,3.474609375,1.040062,-2.668929
1761,20.476744186046513,1897.0,6.474609375,-2.108812,-2.431915
1762,20.48837209302326,1893.0,2.474609375,-3.937189,-0.532642
1763,20.5,1901.0,10.474609375,-4.148635,2.890827
1764,20.511627906976745,1895.0,4.474609375,-3.210349,6.861527
1765,20.52325581395349,1898.0,7.474609375,-2.030169,9.97747
1766,20.53488372093023,1893.0,2.474609375,-1.521009,11.014028
1767,20.546511627906977,1895.0,4.474609375,-2.07998,9.500178
1768,20.558139534883722,1890.0,-0.525390625,-3.43788,5.915792
1769,20.569767441860463,1890.0,-0.525390625,-4.788138,1.476395
1770,20.58139534883721,1892.0,1.474609375,-5.249109,-2.460368
1771,20.59302325581395,1899.0,8.474609375,-4.334532,-4.972876
1772,20.6046511627907,1872.0,-18.525390625,-2.221136,-5.927001
1773,20.616279069767444,1887.0,-3.525390625,0.400353,-5.839133
1774,20.627906976744185,1883.0,-7.525390625,2.620311,-5.544938
1775,20.63953488372093,1879.0,-11.525390625,3.741465,-5.674177
1776,20.651162790697676,1877.0,-13.525390625,3.621124,-6.296832
1777,20.662790697674417,1886.0,-4.525390625,2.623373,-6.932271
1778,20.674418604651162,1886.0,-4.525390625,1.446924,-6.83973
1779,20.686046511627907,1881.0,-9.525390625,0.721952,-5.448839
1780,20.69767441860465,1882.0,-8.525390625,0.78981,-2.655853
1781,20.709302325581394,1884.0,-6.525390625,1.535673,1.062403
1782,20.72093023255814,1895.0,4.474609375,2.547464,4.846165
1783,20.732558139534884,1887.0,-3.525390625,3.28934,7.782777
1784,20.74418604651163,1887.0,-3.525390625,3.37178,9.281548
1785,20.755813953488374,1881.0,-9.525390625,2.688256,9.217925
1786,20.767441860465116,1885.0,-5.525390625,1.378249,7.888798
1787,20.77906976744186,1879.0,-11.525390625,-0.202369,5.856933
1788,20.790697674418606,1883.0,-7.525390625,-1.720927,3.62762
1789,20.802325581395348,1879.0,-11.525390625,-2.903538,1.533654
1790,20.813953488372093,1883.0,-7.525390625,-3.611812,-0.303742
1791,20.825581395348838,1882.0,-8.525390625,-3.872778,-1.953291
1792,20.83720930232558,1877.0,-13.525390625,-3.772998,-3.480222
1793,20.848837209302324,1874.0,-16.525390625,-3.433411,-4.855097
1794,20.860465116279073,1872.0,-18.525390625,-2.946196,-5.921607
1795,20.872093023255815,1869.0,-21.525390625,-2.362599,-6.427356
1796,20.88372093023256,1887.0,-3.525390625,-1.636866,-6.135049
1797,20.8953488372093,1885.0,-5.525390625,-0.76909,-4.964844
1798,20.906976744186046,1899.0,8.474609375,0.261259,-3.06099
1799,20.91860465116279,1899.0,8.474609375,1.388407,-0.743853
1800,20.930232558139533,1912.0,21.474609375,2.497349,1.532153
1801,20.941860465116278,1901.0,10.474609375,3.374075,3.296291
1802,20.953488372093023,1897.0,6.474609375,3.850711,4.253152
1803,20.965116279069765,1903.0,12.474609375,3.854721,4.340719
1804,20.97674418604651,1902.0,11.474609375,3.399498,3.705216
1805,20.98837209302326,1904.0,13.474609375,2.619018,2.63219
1806,21.0,1874.0,-16.525390625,1.680805,1.439817
1807,21.011627906976745,1894.0,3.474609375,0.820929,0.413661
1808,21.02325581395349,1883.0,-7.525390625,0.072257,-0.373493
1809,21.03488372093023,1898.0,7.474609375,-0.547322,-0.936451
1810,21.046511627906977,1882.0,-8.525390625,-1.127442,-1.373949
1811,21.058139534883722,1886.0,-4.525390625,-1.688668,-1.706091
1812,21.069767441860463,1879.0,-11.525390625,-2.190725,-1.860691
1813,21.08139534883721,1882.0,-8.525390625,-2.534567,-1.710045
1814,21.093023255813954,1881.0,-9.525390625,-2.603186,-1.136301
1815,21.104651162790695,1875.0,-15.525390625,-2.361586,-0.157793
1816,21.116279069767444,1882.0,-8.525390625,-1.855976,1.044082
1817,21.12790697674419,1872.0,-18.525390625,-1.258328,2.130521
1818,21.13953488372093,1877.0,-13.525390625,-0.736608,2.746985
1819,21.151162790697676,1881.0,-9.525390625,-0.43729,2.637189
1820,21.16279069767442,1886.0,-4.525390625,-0.336393,1.784545
1821,21.174418604651162,1883.0,-7.525390625,-0.313659,0.412455
1822,21.186046511627907,1883.0,-7.525390625,-0.153234,-1.04388
1823,21.19767441860465,1885.0,-5.525390625,0.297042,-2.163755
1824,21.209302325581394,1874.0,-16.525390625,1.053539,-2.664168
1825,21.22093023255814,1894.0,3.474609375,2.000246,-2.502036
1826,21.23255813953488,1872.0,-18.525390625,2.858715,-1.905913
1827,21.24418604651163,1883.0,-7.525390625,3.397446,-1.195741
1828,21.255813953488374,1872.0,-18.525390625,3.446777,-0.662609
1829,21.267441860465116,1874.0,-16.525390625,3.014097,-0.423325
1830,21.27906976744186,1874.0,-16.525390625,2.23943,-0.373398
1831,21.290697674418606,1872.0,-18.525390625,1.324374,-0.305757
1832,21.302325581395348,1886.0,-4.525390625,0.459032,0.042019
1833,21.313953488372093,1884.0,-6.525390625,-0.309196,0.750859
1834,21.325581395348838,1883.0,-7.525390625,-1.055021,1.681186
1835,21.33720930232558,1889.0,-1.525390625,-1.915496,2.538619
1836,21.348837209302324,1887.0,-3.525390625,-2.993897,2.945308
1837,21.36046511627907,1887.0,-3.525390625,-4.229223,2.707637
1838,21.372093023255815,1882.0,-8.525390625,-5.368327,1.840182
1839,21.38372093023256,1889.0,-1.525390625,-5.989433,0.668807
1840,21.395348837209305,1882.0,-8.525390625,-5.6728,-0.37033
1841,21.406976744186046,1887.0,-3.525390625,-4.18251,-0.884935
1842,21.41860465116279,1882.0,-8.525390625,-1.631626,-0.76833
1843,21.430232558139537,1883.0,-7.525390625,1.493581,-0.238437
1844,21.441860465116278,1873.0,-17.525390625,4.433516,0.207097
1845,21.453488372093023,1872.0,-18.525390625,6.492452,0.102566
1846,21.46511627906977,1883.0,-7.525390625,7.24291,-0.761726
1847,21.47674418604651,1866.0,-24.525390625,6.690938,-2.264138
1848,21.488372093023255,1858.0,-32.525390625,5.305439,-3.836793
1849,21.5,1871.0,-19.525390625,3.782876,-4.76635
1850,21.511627906976745,1867.0,-23.525390625,2.673365,-4.486712
1851,21.52325581395349,1863.0,-27.525390625,2.131155,-2.896313
1852,21.53488372093023,1860.0,-30.525390625,1.830686,-0.374895
1853,21.546511627906977,1862.0,-28.525390625,1.119757,2.278432
1854,21.558139534883722,1873.0,-17.525390625,-0.616629,4.201584
1855,21.569767441860463,1870.0,-20.525390625,-3.575208,4.798645
1856,21.58139534883721,1871.0,-19.525390625,-7.275091,4.006374
1857,21.593023255813954,1867.0,-23.525390625,-10.674725,2.293936
1858,21.604651162790695,1868.0,-22.525390625,-12.484764,0.488716
1859,21.61627906976744,1872.0,-18.525390625,-11.715549,-0.580382
1860,21.627906976744185,1863.0,-27.525390625,-8.148671,-0.479517
1861,21.63953488372093,1872.0,-18.525390625,-2.466856,0.726235
1862,21.651162790697676,1872.0,-18.525390625,3.900916,2.453851
1863,21.66279069767442,1873.0,-17.525390625,9.283139,3.870339
1864,21.674418604651162,1872.0,-18.525390625,12.335489,4.222854
1865,21.686046511627907,1855.0,-35.525390625,12.489475,3.122217
1866,21.697674418604652,1870.0,-20.525390625,10.106931,0.704155
1867,21.709302325581394,1869.0,-21.525390625,6.221556,-2.453094
1868,21.72093023255814,1858.0,-32.525390625,2.135831,-5.52557
1869,21.732558139534884,1863.0,-27.525390625,-1.068453,-7.729846
1870,21.744186046511626,1856.0,-34.525390625,-2.867743,-8.545298
1871,21.75581395348837,1858.0,-32.525390625,-3.337822,-7.847927
1872,21.76744186046512,1872.0,-18.525390625,-2.99547,-5.899756
1873,21.77906976744186,1858.0,-32.525390625,-2.486442,-3.226502
1874,21.790697674418606,1866.0,-24.525390625,-2.294321,-0.433995
1875,21.80232558139535,1867.0,-23.525390625,-2.572129,1.987027
1876,21.813953488372093,1863.0,-27.525390625,-3.175925,3.752594
1877,21.825581395348838,1865.0,-25.525390625,-3.775934,4.818795
1878,21.83720930232558,1876.0,-14.525390625,-4.028484,5.340336
1879,21.848837209302324,1872.0,-18.525390625,-3.741841,5.515703
1880,21.86046511627907,1870.0,-20.525390625,-2.867317,5.530362
1881,21.87209302325581,1876.0,-14.525390625,-1.458104,5.494141
1882,21.883720930232556,1867.0,-23.525390625,0.34946,5.38009
1883,21.895348837209305,1872.0,-18.525390625,2.389209,5.079244
1884,21.906976744186046,1877.0,-13.525390625,4.432336,4.419857
1885,21.91860465116279,1874.0,-16.525390625,6.153099,3.227777
1886,21.930232558139537,1866.0,-24.525390625,7.175039,1.397669
1887,21.941860465116278,1872.0,-18.525390625,7.13609,-1.045592
1888,21.953488372093023,1859.0,-31.525390625,5.810486,-3.93372
1889,21.96511627906977,1862.0,-28.525390625,3.265092,-6.942199
1890,21.97674418604651,1867.0,-23.525390625,-0.087515,-9.605244
1891,21.988372093023255,1859.0,-31.525390625,-3.558465,-11.391599
1892,22.0,1862.0,-28.525390625,-6.356328,-11.814972
1893,22.01162790697674,1859.0,-31.525390625,-7.831262,-10.583977
1894,22.02325581395349,1857.0,-33.525390625,-7.704867,-7.706206
1895,22.034883720930235,1856.0,-34.525390625,-6.135418,-3.550845
1896,22.046511627906977,1867.0,-23.525390625,-3.660221,1.221811
1897,22.058139534883722,1861.0,-29.525390625,-0.998183,5.770121
1898,22.069767441860467,1866.0,-24.525390625,1.223721,9.316005
1899,22.08139534883721,1867.0,-23.525390625,2.644595,11.331451
1900,22.093023255813954,1871.0,-19.525390625,3.248569,11.647505
1901,22.1046511627907,1872.0,-18.525390625,3.312405,10.491587
1902,22.11627906976744,1874.0,-16.525390625,3.164621,8.3077
1903,22.127906976744185,1872.0,-18.525390625,3.103123,5.678699
1904,22.139534883720927,1873.0,-17.525390625,3.233007,3.090342
1905,22.151162790697676,1886.0,-4.525390625,3.456569,0.849853
1906,22.16279069767442,1872.0,-18.525390625,3.504183,-1.022175
1907,22.174418604651162,1875.0,-15.525390625,3.132616,-2.61805
1908,22.186046511627907,1870.0,-20.525390625,2.171089,-4.13331
1909,22.197674418604652,1872.0,-18.525390625,0.616971,-5.678065
1910,22.209302325581394,1865.0,-25.525390625,-1.354752,-7.222628
1911,22.22093023255814,1866.0,-24.525390625,-3.410097,-8.521233
1912,22.232558139534884,1863.0,-27.525390625,-5.128185,-9.180502
1913,22.244186046511626,1872.0,-18.525390625,-6.126869,-8.801205
1914,22.25581395348837,1857.0,-33.525390625,-6.177731,-7.160466
1915,22.267441860465116,1862.0,-28.525390625,-5.250246,-4.301391
1916,22.27906976744186,1871.0,-19.525390625,-3.555162,-0.607646
1917,22.290697674418606,1872.0,-18.525390625,-1.517359,3.218059
1918,22.30232558139535,1879.0,-11.525390625,0.396397,6.400918
1919,22.313953488372093,1874.0,-16.525390625,1.791962,8.288287
1920,22.325581395348838,1882.0,-8.525390625,2.530722,8.633088
1921,22.337209302325583,1895.0,4.474609375,2.736159,7.632647
1922,22.348837209302324,1900.0,9.474609375,2.711684,5.847234
1923,22.36046511627907,1889.0,-1.525390625,2.789091,3.966993
1924,22.372093023255815,1898.0,7.474609375,3.180918,2.551616
1925,22.383720930232556,1891.0,0.474609375,3.79977,1.770387
1926,22.3953488372093,1904.0,13.474609375,4.36886,1.389517
1927,22.40697674418605,1894.0,3.474609375,4.449036,0.899711
1928,22.41860465116279,1898.0,7.474609375,3.742979,-0.179357
1929,22.430232558139537,1890.0,-0.525390625,2.176579,-2.04186
1930,22.441860465116278,1882.0,-8.525390625,0.023983,-4.425645
1931,22.453488372093023,1885.0,-5.525390625,-2.231596,-6.701491
1932,22.46511627906977,1859.0,-31.525390625,-4.098724,-8.153738
1933,22.47674418604651,1874.0,-16.525390625,-5.179075,-8.210491
1934,22.488372093023255,1867.0,-23.525390625,-5.400773,-6.774691
1935,22.5,1872.0,-18.525390625,-4.910342,-4.202579
1936,22.51162790697674,1872.0,-18.525390625,-4.07424,-1.231653
1937,22.523255813953487,1872.0,-18.525390625,-3.178484,1.394245
1938,22.534883720930235,1872.0,-18.525390625,-2.399763,3.166777
1939,22.546511627906977,1875.0,-15.525390625,-1.688937,3.973809
1940,22.558139534883722,1882.0,-8.525390625,-0.914925,4.063512
1941,22.569767441860467,1871.0,-19.525390625,0.060002,3.847719
1942,22.58139534883721,1888.0,-2.525390625,1.286355,3.726635
1943,22.593023255813954,1872.0,-18.525390625,2.635161,3.833429
1944,22.6046511627907,1894.0,3.474609375,3.919737,4.10181
1945,22.61627906976744,1887.0,-3.525390625,4.871695,4.241144
1946,22.627906976744185,1899.0,8.474609375,5.349442,3.998211
1947,22.63953488372093,1890.0,-0.525390625,5.279803,3.20608
1948,22.651162790697672,1890.0,-0.525390625,4.730894,1.903509
1949,22.66279069767442,1887.0,-3.525390625,3.813996,0.289901
1950,22.674418604651166,1891.0,0.474609375,2.64335,-1.388367
1951,22.686046511627907,1886.0,-4.525390625,1.271931,-2.939584
1952,22.697674418604652,1876.0,-14.525390625,-0.268831,-4.276187
1953,22.709302325581397,1885.0,-5.525390625,-1.899652,-5.310363
1954,22.72093023255814,1875.0,-15.525390625,-3.538876,-6.02432
1955,22.732558139534884,1882.0,-8.525390625,-4.960527,-6.283524
1956,22.74418604651163,1876.0,-14.525390625,-5.99028,-6.004415
1957,22.75581395348837,1868.0,-22.525390625,-6.452054,-5.099879
1958,22.767441860465116,1867.0,-23.525390625,-6.290841,-3.622415
1959,22.779069767441857,1871.0,-19.525390625,-5.561281,-1.767012
1960,22.790697674418603,1881.0,-9.525390625,-4.397355,0.185812
1961,22.80232558139535,1872.0,-18.525390625,-2.971329,1.912933
1962,22.813953488372093,1891.0,0.474609375,-1.345773,3.270491
1963,22.825581395348838,1883.0,-7.525390625,0.42974,4.237511
1964,22.837209302325583,1890.0,-0.525390625,2.350346,4.950659
1965,22.848837209302324,1891.0,0.474609375,4.352107,5.57621
1966,22.86046511627907,1899.0,8.474609375,6.262627,6.170474
1967,22.872093023255815,1900.0,9.474609375,7.799895,6.641394
1968,22.883720930232556,1898.0,7.474609375,8.645714,6.731618
1969,22.8953488372093,1902.0,11.474609375,8.592525,6.178954
1970,22.906976744186046,1901.0,10.474609375,7.580123,4.79685
1971,22.918604651162788,1903.0,12.474609375,5.759159,2.642538
1972,22.930232558139537,1904.0,13.474609375,3.389887,-0.058167
1973,22.94186046511628,1904.0,13.474609375,0.759682,-2.935959
1974,22.953488372093023,1895.0,4.474609375,-1.934116,-5.634168
1975,22.96511627906977,1887.0,-3.525390625,-4.5698,-7.894172
1976,22.976744186046513,1895.0,4.474609375,-7.003735,-9.475605
1977,22.988372093023255,1893.0,2.474609375,-9.068401,-10.272728
1978,23.0,1897.0,6.474609375,-10.482517,-10.167599
1979,23.011627906976745,1895.0,4.474609375,-10.887712,-9.059959
1980,23.023255813953487,1897.0,6.474609375,-10.018012,-6.899154
1981,23.03488372093023,1898.0,7.474609375,-7.862841,-3.83921
1982,23.046511627906977,1898.0,7.474609375,-4.741981,-0.241685
1983,23.058139534883722,1894.0,3.474609375,-1.232739,3.341805
1984,23.069767441860467,1898.0,7.474609375,2.067188,6.361926
1985,23.08139534883721,1901.0,10.474609375,4.734131,8.431074
1986,23.093023255813954,1904.0,13.474609375,6.6867,9.450078
1987,23.1046511627907,1909.0,18.474609375,8.130191,9.618969
1988,23.11627906976744,1901.0,10.474609375,9.338063,9.244913
1989,23.127906976744185,1904.0,13.474609375,10.417476,8.581115
1990,23.13953488372093,1904.0,13.474609375,11.081868,7.579604
1991,23.151162790697672,1904.0,13.474609375,10.767281,5.983067
1992,23.162790697674417,1904.0,13.474609375,8.892531,3.462324
1993,23.174418604651162,1905.0,14.474609375,5.24612,-0.072566
1994,23.186046511627907,1894.0,3.474609375,0.246637,-4.265828
1995,23.197674418604652,1907.0,16.474609375,-5.088696,-8.314101
1996,23.209302325581397,1898.0,7.474609375,-9.465894,-11.201481
1997,23.22093023255814,1893.0,2.474609375,-11.811042,-12.122922
1998,23.232558139534884,1898.0,7.474609375,-11.750896,-10.841411
1999,23.24418604651163,1893.0,2.474609375,-9.750896,-7.850753
2000,23.25581395348837,1882.0,-8.525390625,-6.906209,-4.165168
2001,23.267441860465116,1889.0,-1.525390625,-4.406085,-0.8949
2002,23.27906976744186,1902.0,11.474609375,-2.982777,1.235495
2003,23.290697674418603,1890.0,-0.525390625,-2.671637,2.094013
2004,23.302325581395348,1911.0,20.474609375,-2.758042,2.215467
2005,23.313953488372096,1907.0,16.474609375,-2.294633,2.346918
2006,23.325581395348838,1919.0,28.474609375,-0.583087,3.0529
2007,23.337209302325583,1907.0,16.474609375,2.378357,4.359737
2008,23.348837209302328,1922.0,31.474609375,5.930129,5.792476
2009,23.36046511627907,1925.0,34.474609375,8.973045,6.599328
2010,23.372093023255815,1929.0,38.474609375,10.530258,6.19274
2011,23.383720930232556,1927.0,36.474609375,10.205577,4.538622
2012,23.3953488372093,1927.0,36.474609375,8.312695,2.158488
2013,23.406976744186046,1929.0,38.474609375,5.692327,-0.097935
2014,23.418604651162788,1927.0,36.474609375,3.254119,-1.512426
2015,23.430232558139533,1927.0,36.474609375,1.526367,-1.879123
2016,23.44186046511628,1914.0,23.474609375,0.417184,-1.60328
2017,23.453488372093023,1925.0,34.474609375,-0.583521,-1.425883
2018,23.46511627906977,1910.0,19.474609375,-2.126083,-2.022577
2019,23.476744186046513,1906.0,15.474609375,-4.470696,-3.532085
2020,23.488372093023255,1904.0,13.474609375,-7.283754,-5.403034
2021,23.5,1911.0,20.474609375,-9.750758,-6.694489
2022,23.511627906976745,1898.0,7.474609375,-10.948161,-6.500217
2023,23.523255813953487,1902.0,11.474609375,-10.274477,-4.482654
2024,23.53488372093023,1907.0,16.474609375,-7.790617,-1.08426
2025,23.546511627906977,1904.0,13.474609375,-4.210141,2.586217
2026,23.55813953488372,1910.0,19.474609375,-0.528895,5.320577
2027,23.569767441860467,1905.0,14.474609375,2.370334,6.311252
2028,23.581395348837212,1919.0,28.474609375,4.145225,5.555439
2029,23.593023255813954,1908.0,17.474609375,5.00503,3.77355
2030,23.6046511627907,1931.0,40.474609375,5.556333,2.03031
2031,23.616279069767444,1924.0,33.474609375,6.296852,1.13727
2032,23.627906976744185,1931.0,40.474609375,7.345658,1.25278
2033,23.63953488372093,1920.0,29.474609375,8.281952,1.846545
2034,23.651162790697676,1921.0,30.474609375,8.400815,2.022534
2035,23.662790697674417,1920.0,29.474609375,7.124049,1.089097
2036,23.674418604651162,1920.0,29.474609375,4.331139,-1.05752
2037,23.686046511627904,1922.0,31.474609375,0.547404,-3.778807
2038,23.697674418604652,1918.0,27.474609375,-3.271348,-6.02403
2039,23.709302325581397,1919.0,28.474609375,-6.119956,-6.820784
2040,23.72093023255814,1906.0,15.474609375,-7.425055,-5.799191
2041,23.732558139534884,1911.0,20.474609375,-7.220728,-3.350425
2042,23.74418604651163,1916.0,25.474609375,-6.117803,-0.462464
2043,23.75581395348837,1914.0,23.474609375,-4.905876,1.80742
2044,23.767441860465116,1923.0,32.474609375,-4.168119,2.797495
2045,23.77906976744186,1909.0,18.474609375,-4.000588,2.517725
2046,23.790697674418603,1926.0,35.474609375,-3.967511,1.617329
2047,23.802325581395348,1921.0,30.474609375,-3.482088,0.90469
