muestra,tiempo_ms,adc,adc_centrado,adc_filtrado,residual
0,0.0,2759.0,61.96240234375,0.037758,0.009312
1,0.011627906976744186,2779.0,81.96240234375,0.068818,0.024448
2,0.023255813953488372,2768.0,70.96240234375,0.060913,0.033616
3,0.03488372093023256,2768.0,70.96240234375,0.026199,0.020109
4,0.046511627906976744,2691.0,-6.03759765625,-0.065196,-0.018563
5,0.058139534883720936,2729.0,31.96240234375,-0.099367,-0.036149
6,0.06976744186046512,2635.0,-62.03759765625,-0.147829,-0.05412
7,0.0813953488372093,2663.0,-34.03759765625,-0.123742,-0.049085
8,0.09302325581395349,2588.0,-109.03759765625,-0.125239,-0.035402
9,0.10465116279069767,2597.0,-100.03759765625,-0.127145,-0.040272
10,0.11627906976744187,2544.0,-153.03759765625,-0.194481,-0.049326
11,0.12790697674418605,2558.0,-139.03759765625,-0.267699,-0.086592
12,0.13953488372093023,2501.0,-196.03759765625,-0.349254,-0.124929
13,0.1511627906976744,2525.0,-172.03759765625,-0.319778,-0.143389
14,0.1627906976744186,2472.0,-225.03759765625,-0.195395,-0.111002
15,0.1744186046511628,2487.0,-210.03759765625,0.058799,-0.037681
16,0.18604651162790697,2416.0,-281.03759765625,0.31747,0.051121
17,0.19767441860465115,2438.0,-259.03759765625,0.564643,0.126745
18,0.20930232558139533,2384.0,-313.03759765625,0.69541,0.157267
19,0.22093023255813954,2397.0,-300.03759765625,0.775157,0.140653
20,0.23255813953488375,2354.0,-343.03759765625,0.844885,0.116237
21,0.2441860465116279,2359.0,-338.03759765625,1.030632,0.121425
22,0.2558139534883721,2328.0,-369.03759765625,1.337004,0.204372
23,0.2674418604651163,2337.0,-360.03759765625,1.715002,0.312798
24,0.27906976744186046,2302.0,-395.03759765625,1.96823,0.433612
25,0.29069767441860467,2320.0,-377.03759765625,1.964318,0.456069
26,0.3023255813953488,2267.0,-430.03759765625,1.582708,0.339302
27,0.313953488372093,2288.0,-409.03759765625,0.962924,0.107943
28,0.3255813953488372,2239.0,-458.03759765625,0.263281,-0.157315
29,0.3372093023255814,2253.0,-444.03759765625,-0.259935,-0.343141
30,0.3488372093023256,2230.0,-467.03759765625,-0.554295,-0.394422
31,0.3604651162790698,2219.0,-478.03759765625,-0.724903,-0.370501
32,0.37209302325581395,2201.0,-496.03759765625,-1.017771,-0.344906
33,0.38372093023255816,2195.0,-502.03759765625,-1.62807,-0.448069
34,0.3953488372093023,2173.0,-524.03759765625,-2.562729,-0.709595
35,0.4069767441860465,2185.0,-512.03759765625,-3.525846,-1.04787
36,0.41860465116279066,2151.0,-546.03759765625,-4.118235,-1.298939
37,0.43023255813953487,2160.0,-537.03759765625,-3.948896,-1.28996
38,0.4418604651162791,2147.0,-550.03759765625,-2.970458,-0.93975
39,0.4534883720930233,2161.0,-536.03759765625,-1.467431,-0.362525
40,0.4651162790697675,2128.0,-569.03759765625,0.012964,0.201707
41,0.4767441860465116,2147.0,-550.03759765625,1.08927,0.557234
42,0.4883720930232558,2117.0,-580.03759765625,1.678128,0.631408
43,0.5,2128.0,-569.03759765625,2.188895,0.564537
44,0.5116279069767442,2109.0,-588.03759765625,3.179542,0.618896
45,0.5232558139534884,2110.0,-587.03759765625,5.035584,1.022349
46,0.5348837209302326,2083.0,-614.03759765625,7.557627,1.776452
47,0.5465116279069767,2094.0,-603.03759765625,9.998644,2.631066
48,0.5581395348837209,2053.0,-644.03759765625,11.291277,3.145288
49,0.5697674418604651,2080.0,-617.03759765625,10.75828,2.984783
50,0.5813953488372093,2021.0,-676.03759765625,8.383165,2.06176
51,0.5930232558139535,2058.0,-639.03759765625,5.102309,0.738844
52,0.6046511627906976,2024.0,-673.03759765625,2.097343,-0.468121
53,0.6162790697674418,2028.0,-669.03759765625,0.23451,-1.08044
54,0.627906976744186,2000.0,-697.03759765625,-0.690907,-1.070389
55,0.6395348837209301,2030.0,-667.03759765625,-1.917158,-0.884614
56,0.6511627906976744,1983.0,-714.03759765625,-5.231753,-1.349515
57,0.6627906976744186,2000.0,-697.03759765625,-11.658267,-3.07021
58,0.6744186046511628,1990.0,-707.03759765625,-20.606306,-6.041313
59,0.686046511627907,1977.0,-720.03759765625,-29.477936,-9.423798
60,0.6976744186046512,1982.0,-715.03759765625,-34.385551,-11.667332
61,0.7093023255813954,1982.0,-715.03759765625,-31.738239,-11.202711
62,0.7209302325581396,1955.0,-742.03759765625,-19.975657,-7.15367
63,0.7325581395348838,1953.0,-744.03759765625,-0.612016,0.117751
64,0.7441860465116279,1945.0,-752.03759765625,21.834478,8.898216
65,0.7558139534883721,1951.0,-746.03759765625,41.287048,16.648979
66,0.7674418604651163,1935.0,-762.03759765625,52.218838,20.885601
67,0.7790697674418604,1951.0,-746.03759765625,51.706608,20.135004
68,0.7906976744186046,1929.0,-768.03759765625,40.344402,14.480968
69,0.8023255813953488,1936.0,-761.03759765625,21.967377,5.551502
70,0.813953488372093,1903.0,-794.03759765625,2.023558,-4.055667
71,0.8255813953488372,1909.0,-788.03759765625,-14.317674,-11.682998
72,0.8372093023255813,1887.0,-810.03759765625,-23.902039,-15.477236
73,0.8488372093023255,1922.0,-775.03759765625,-26.163237,-14.8788
74,0.8604651162790697,1882.0,-815.03759765625,-22.88159,-10.728611
75,0.872093023255814,1903.0,-794.03759765625,-16.867599,-4.724318
76,0.8837209302325582,1872.0,-825.03759765625,-10.870553,1.121673
77,0.8953488372093024,1880.0,-817.03759765625,-6.546906,5.188722
78,0.9069767441860466,1876.0,-821.03759765625,-4.312277,6.597958
79,0.9186046511627908,1870.0,-827.03759765625,-3.603744,5.33583
80,0.930232558139535,1872.0,-825.03759765625,-3.450633,2.131622
81,0.9418604651162791,1857.0,-840.03759765625,-3.014433,-1.899263
82,0.9534883720930232,1871.0,-826.03759765625,-1.808598,-5.513298
83,0.9651162790697674,1872.0,-825.03759765625,0.225518,-7.725838
84,0.9767441860465116,1872.0,-825.03759765625,2.889791,-7.964238
85,0.9883720930232557,1865.0,-832.03759765625,5.858331,-6.168237
86,1.0,1847.0,-850.03759765625,8.754973,-2.726098
87,1.0116279069767442,1874.0,-823.03759765625,11.212871,1.672594
88,1.0232558139534884,1840.0,-857.03759765625,12.783307,6.09271
89,1.0348837209302326,1845.0,-852.03759765625,13.154898,9.695553
90,1.0465116279069768,1801.0,-896.03759765625,12.125678,11.817674
91,1.0581395348837208,1809.0,-888.03759765625,9.818246,12.103925
92,1.0697674418604652,1760.0,-937.03759765625,6.529684,10.507363
93,1.0813953488372092,1783.0,-914.03759765625,2.802729,7.321406
94,1.0930232558139534,1759.0,-938.03759765625,-0.903815,3.043004
95,1.1046511627906976,1757.0,-940.03759765625,-4.206399,-1.686383
96,1.1162790697674418,1730.0,-967.03759765625,-6.918909,-6.156532
97,1.127906976744186,1741.0,-956.03759765625,-8.921712,-9.689913
98,1.1395348837209303,1744.0,-953.03759765625,-10.141603,-11.761353
99,1.1511627906976745,1737.0,-960.03759765625,-10.445431,-12.050138
100,1.1627906976744187,1773.0,-924.03759765625,-9.615814,-10.516637
101,1.1744186046511629,1755.0,-942.03759765625,-7.560611,-7.457378
102,1.186046511627907,1792.0,-905.03759765625,-4.306545,-3.424519
103,1.197674418604651,1777.0,-920.03759765625,-0.248962,0.837842
104,1.2093023255813953,1822.0,-875.03759765625,4.021255,4.563995
105,1.2209302325581395,1808.0,-889.03759765625,7.699673,7.121028
106,1.2325581395348837,1865.0,-832.03759765625,10.167653,8.181863
107,1.244186046511628,1843.0,-854.03759765625,11.002396,7.72308
108,1.255813953488372,1872.0,-825.03759765625,10.280415,6.103317
109,1.2674418604651163,1867.0,-830.03759765625,8.371886,3.843222
110,1.2790697674418603,1858.0,-839.03759765625,5.845781,1.538163
111,1.2906976744186047,1865.0,-832.03759765625,3.238194,-0.418527
112,1.3023255813953487,1813.0,-884.03759765625,0.824786,-1.791794
113,1.3139534883720931,1837.0,-860.03759765625,-1.262863,-2.644962
114,1.3255813953488371,1744.0,-953.03759765625,-3.16511,-3.134817
115,1.3372093023255816,1782.0,-915.03759765625,-4.813275,-3.411758
116,1.3488372093023255,1687.0,-1010.03759765625,-6.166237,-3.5024
117,1.36046511627907,1698.0,-999.03759765625,-6.848438,-3.313835
118,1.372093023255814,1616.0,-1081.03759765625,-6.60162,-2.64107
119,1.383720930232558,1664.0,-1033.03759765625,-5.20162,-1.388083
120,1.3953488372093024,1575.0,-1122.03759765625,-2.964884,0.313335
121,1.4069767441860463,1585.0,-1112.03759765625,-0.379727,2.124483
122,1.4186046511627908,1557.0,-1140.03759765625,1.825756,3.564742
123,1.4302325581395348,1547.0,-1150.03759765625,3.136844,4.232639
124,1.4418604651162792,1599.0,-1098.03759765625,3.508174,3.910208
125,1.4534883720930232,1559.0,-1138.03759765625,3.297008,2.744936
126,1.4651162790697676,1682.0,-1015.03759765625,3.355726,1.127912
127,1.4767441860465116,1642.0,-1055.03759765625,4.233131,-0.445982
128,1.4883720930232558,1794.0,-903.03759765625,6.268736,-1.581353
129,1.5,1739.0,-958.03759765625,8.830445,-2.130658
130,1.5116279069767442,1906.0,-791.03759765625,11.16072,-2.16751
131,1.5232558139534884,1849.0,-848.03759765625,12.074845,-1.9309
132,1.5348837209302326,1993.0,-704.03759765625,11.036572,-1.587182
133,1.5465116279069768,1954.0,-743.03759765625,7.995249,-1.252737
134,1.5581395348837208,2000.0,-697.03759765625,3.650675,-0.88836
135,1.5697674418604652,2000.0,-697.03759765625,-0.850986,-0.382428
136,1.5813953488372092,1925.0,-772.03759765625,-4.695519,0.33946
137,1.5930232558139534,1950.0,-747.03759765625,-7.328959,1.151878
138,1.6046511627906976,1792.0,-905.03759765625,-9.184373,1.869607
139,1.6162790697674418,1857.0,-840.03759765625,-10.721762,2.101723
140,1.627906976744186,1633.0,-1064.03759765625,-12.802124,1.643931
141,1.6395348837209303,1699.0,-998.03759765625,-15.269851,0.387027
142,1.6511627906976745,1421.0,-1276.03759765625,-17.815907,-1.44651
143,1.6627906976744187,1508.0,-1189.03759765625,-18.966131,-3.35477
144,1.6744186046511627,1287.0,-1410.03759765625,-17.743919,-4.740278
145,1.686046511627907,1346.0,-1351.03759765625,-13.106926,-4.97847
146,1.697674418604651,1256.0,-1441.03759765625,-5.302272,-3.796659
147,1.7093023255813955,1264.0,-1433.03759765625,4.806335,-1.215609
148,1.7209302325581395,1375.0,-1322.03759765625,15.613281,2.155286
149,1.7325581395348837,1306.0,-1391.03759765625,25.247942,5.41279
150,1.744186046511628,1584.0,-1113.03759765625,32.471642,7.540236
151,1.755813953488372,1462.0,-1235.03759765625,36.220421,7.767052
152,1.7674418604651163,1838.0,-859.03759765625,36.704098,5.93272
153,1.7790697674418603,1712.0,-985.03759765625,33.994099,2.455692
154,1.7906976744186047,2066.0,-631.03759765625,29.028114,-1.565315
155,1.8023255813953487,1952.0,-745.03759765625,22.159393,-4.944757
156,1.8139534883720931,2191.0,-506.03759765625,14.11952,-6.671942
157,1.8255813953488371,2144.0,-553.03759765625,5.200957,-6.409658
158,1.8372093023255816,2177.0,-520.03759765625,-4.129392,-4.453166
159,1.8488372093023255,2208.0,-489.03759765625,-13.332034,-1.658521
160,1.86046511627907,2032.0,-665.03759765625,-21.9991,1.148565
161,1.872093023255814,2115.0,-582.03759765625,-29.430975,3.203108
162,1.8837209302325582,1733.0,-964.03759765625,-35.592381,4.387112
163,1.8953488372093024,1898.0,-799.03759765625,-39.877438,4.81414
164,1.9069767441860463,1375.0,-1322.03759765625,-42.668549,4.721115
165,1.9186046511627908,1565.0,-1132.03759765625,-43.214882,4.254196
166,1.9302325581395348,1120.0,-1577.03759765625,-41.591366,3.231544
167,1.9418604651162792,1231.0,-1466.03759765625,-36.791134,1.414036
168,1.9534883720930232,982.0,-1715.03759765625,-28.514433,-1.292088
169,1.9651162790697676,1040.0,-1657.03759765625,-16.289454,-4.452451
170,1.9767441860465114,1088.0,-1609.03759765625,-0.639494,-7.471597
171,1.9883720930232558,1008.0,-1689.03759765625,17.083721,-9.453239
172,2.0,1383.0,-1314.03759765625,35.216827,-9.900471
173,2.011627906976744,1213.0,-1484.03759765625,51.232582,-8.790428
174,2.0232558139534884,1776.0,-921.03759765625,63.830647,-6.72311
175,2.0348837209302326,1578.0,-1119.03759765625,71.475098,-4.498047
176,2.046511627906977,2176.0,-521.03759765625,74.597748,-2.736465
177,2.058139534883721,2001.0,-696.03759765625,73.227974,-1.470856
178,2.0697674418604652,2439.0,-258.03759765625,68.456764,-0.116547
179,2.0813953488372094,2336.0,-361.03759765625,60.331882,2.181999
180,2.0930232558139537,2478.0,-219.03759765625,48.788116,6.063683
181,2.1046511627906974,2494.0,-203.03759765625,33.218746,11.334547
182,2.1162790697674416,2256.0,-441.03759765625,12.947792,17.004168
183,2.1279069767441863,2349.0,-348.03759765625,-11.58307,21.349182
184,2.1395348837209305,1829.0,-868.03759765625,-39.612106,22.845268
185,2.1511627906976742,2070.0,-627.03759765625,-68.236382,20.513145
186,2.1627906976744184,1333.0,-1364.03759765625,-95.151482,14.43116
187,2.174418604651163,1595.0,-1102.03759765625,-116.407394,5.763115
188,2.186046511627907,906.0,-1791.03759765625,-129.858612,-3.729805
189,2.197674418604651,1110.0,-1587.03759765625,-132.878479,-12.161118
190,2.2093023255813953,744.0,-1953.03759765625,-124.895157,-18.335693
191,2.22093023255814,783.0,-1914.03759765625,-105.666046,-21.698044
192,2.2325581395348837,854.0,-1843.03759765625,-76.250717,-22.678677
193,2.244186046511628,757.0,-1940.03759765625,-38.722973,-21.959789
194,2.255813953488372,1269.0,-1428.03759765625,4.591594,-20.496849
195,2.267441860465116,1041.0,-1656.03759765625,49.867569,-18.747849
196,2.2790697674418605,1841.0,-856.03759765625,94.23777,-16.836082
197,2.2906976744186047,1562.0,-1135.03759765625,133.520355,-14.381439
198,2.302325581395349,2409.0,-288.03759765625,165.528931,-10.717117
199,2.3139534883720927,2148.0,-549.03759765625,187.186279,-5.359085
200,2.3255813953488373,2726.0,28.96240234375,197.376129,2.024597
201,2.3372093023255816,2584.0,-113.03759765625,194.370712,10.970184
202,2.3488372093023258,2721.0,23.96240234375,177.431046,20.623672
203,2.3604651162790695,2783.0,85.96240234375,146.053696,29.426292
204,2.372093023255814,2378.0,-319.03759765625,100.134041,35.785164
205,2.3837209302325584,2601.0,-96.03759765625,41.722523,38.29361
206,2.395348837209302,1844.0,-853.03759765625,-26.554253,36.33551
207,2.4069767441860463,2142.0,-555.03759765625,-98.687073,30.133759
208,2.4186046511627906,1232.0,-1465.03759765625,-168.772293,20.845963
209,2.430232558139535,1535.0,-1162.03759765625,-228.582779,10.181824
210,2.441860465116279,799.0,-1898.03759765625,-272.053986,-0.266449
211,2.453488372093023,991.0,-1706.03759765625,-293.435455,-9.229492
212,2.4651162790697674,679.0,-2018.03759765625,-290.406067,-16.447479
213,2.4767441860465116,690.0,-2007.03759765625,-262.694458,-22.043243
214,2.488372093023256,935.0,-1762.03759765625,-212.459412,-26.78688
215,2.5,767.0,-1930.03759765625,-144.069809,-31.063263
216,2.511627906976744,1472.0,-1225.03759765625,-62.122341,-35.051933
217,2.5232558139534884,1180.0,-1517.03759765625,26.990515,-38.059525
218,2.5348837209302326,2108.0,-589.03759765625,118.157433,-39.091148
219,2.546511627906977,1783.0,-914.03759765625,204.484268,-37.069046
220,2.5581395348837206,2608.0,-89.03759765625,280.691528,-31.147339
221,2.5697674418604652,2374.0,-323.03759765625,340.079193,-21.288818
222,2.5813953488372094,2832.0,134.96240234375,377.459473,-7.976654
223,2.5930232558139537,2750.0,52.96240234375,387.67215,7.423309
224,2.6046511627906974,2682.0,-15.03759765625,367.406708,23.484528
225,2.6162790697674416,2800.0,102.96240234375,315.716766,38.346924
226,2.6279069767441863,2257.0,-440.03759765625,233.864136,50.519501
227,2.6395348837209305,2489.0,-208.03759765625,127.33168,58.623566
228,2.6511627906976742,1700.0,-997.03759765625,3.359077,61.772034
229,2.6627906976744184,1978.0,-719.03759765625,-127.01413,59.470367
230,2.674418604651163,1200.0,-1497.03759765625,-252.944138,51.728439
231,2.686046511627907,1425.0,-1272.03759765625,-362.274872,39.174438
232,2.697674418604651,940.0,-1757.03759765625,-445.341675,22.759399
233,2.7093023255813953,1045.0,-1652.03759765625,-493.927887,4.060791
234,2.72093023255814,982.0,-1715.03759765625,-503.137878,-15.378784
235,2.7325581395348837,920.0,-1777.03759765625,-471.104248,-33.704681
236,2.744186046511628,1328.0,-1369.03759765625,-398.616669,-49.428345
237,2.755813953488372,1142.0,-1555.03759765625,-290.373779,-61.228363
238,2.767441860465116,1791.0,-906.03759765625,-153.026093,-68.327301
239,2.7790697674418605,1567.0,-1130.03759765625,2.682312,-70.328896
240,2.7906976744186047,2251.0,-446.03759765625,164.87561,-67.246918
241,2.802325581395349,2039.0,-658.03759765625,319.003082,-59.557648
242,2.8139534883720927,2535.0,-162.03759765625,451.508514,-47.733826
243,2.8255813953488373,2421.0,-276.03759765625,549.590942,-32.517761
244,2.8372093023255816,2582.0,-115.03759765625,603.955933,-14.355652
245,2.8488372093023253,2587.0,-110.03759765625,609.232483,6.104431
246,2.8604651162790695,2379.0,-318.03759765625,564.225403,28.353699
247,2.872093023255814,2497.0,-200.03759765625,472.339722,51.2453
248,2.8837209302325584,2040.0,-657.03759765625,339.612122,73.10199
249,2.895348837209302,2219.0,-478.03759765625,175.859909,91.454834
250,2.9069767441860463,1562.0,-1135.03759765625,-8.086957,103.237892
251,2.918604651162791,1867.0,-830.03759765625,-198.139084,105.534439
252,2.930232558139535,1388.0,-1309.03759765625,-379.973511,96.121948
253,2.941860465116279,1448.0,-1249.03759765625,-537.491394,74.672852
254,2.953488372093023,1379.0,-1318.03759765625,-655.320618,42.819214
255,2.9651162790697674,1361.0,-1336.03759765625,-720.240051,4.445129
256,2.9767441860465116,1546.0,-1151.03759765625,-722.774902,-35.347168
257,2.988372093023256,1454.0,-1243.03759765625,-659.875671,-71.12793
258,3.0,1753.0,-944.03759765625,-534.600342,-98.507416
259,3.011627906976744,1637.0,-1060.03759765625,-357.731049,-114.810303
260,3.0232558139534884,1985.0,-712.03759765625,-144.836716,-119.454552
261,3.0348837209302326,1869.0,-828.03759765625,83.80629,-113.548615
262,3.046511627906977,2160.0,-537.03759765625,307.477264,-99.042511
263,3.0581395348837206,2075.0,-622.03759765625,505.708466,-78.057648
264,3.0697674418604652,2246.0,-451.03759765625,661.46344,-52.170593
265,3.0813953488372094,2225.0,-472.03759765625,761.55072,-22.629272
266,3.0930232558139537,2254.0,-443.03759765625,797.628601,9.570251
267,3.1046511627906974,2280.0,-417.03759765625,766.561401,42.835754
268,3.1162790697674416,2161.0,-536.03759765625,669.904968,74.96991
269,3.1279069767441863,2215.0,-482.03759765625,514.833496,102.858093
270,3.1395348837209305,2010.0,-687.03759765625,312.665649,123.188705
271,3.1511627906976742,2098.0,-599.03759765625,79.999214,132.909592
272,3.1627906976744184,1845.0,-852.03759765625,-163.972275,130.031052
273,3.174418604651163,1936.0,-761.03759765625,-397.01181,114.220917
274,3.186046511627907,1729.0,-968.03759765625,-597.719543,86.723938
275,3.197674418604651,1783.0,-914.03759765625,-746.324829,50.365967
276,3.2093023255813953,1631.0,-1066.03759765625,-828.203125,8.783203
277,3.22093023255814,1657.0,-1040.03759765625,-834.923157,-33.748657
278,3.2325581395348837,1645.0,-1052.03759765625,-765.47052,-73.184509
279,3.244186046511628,1627.0,-1070.03759765625,-626.685913,-105.812317
280,3.255813953488372,1733.0,-964.03759765625,-431.427185,-128.709412
281,3.2674418604651163,1673.0,-1024.03759765625,-198.513351,-139.780518
282,3.2790697674418605,1889.0,-808.03759765625,51.046486,-137.96991
283,3.2906976744186047,1808.0,-889.03759765625,293.957672,-123.444427
284,3.302325581395349,2071.0,-626.03759765625,508.881317,-97.555389
285,3.3139534883720927,1983.0,-714.03759765625,676.129211,-62.908264
286,3.3255813953488373,2221.0,-476.03759765625,781.377075,-22.923584
287,3.3372093023255816,2146.0,-551.03759765625,815.401367,18.3302
288,3.3488372093023253,2293.0,-404.03759765625,776.101624,56.991455
289,3.3604651162790695,2263.0,-434.03759765625,668.127441,89.497559
290,3.372093023255814,2292.0,-405.03759765625,502.289673,113.442688
291,3.3837209302325584,2316.0,-381.03759765625,294.954346,127.127655
292,3.395348837209302,2198.0,-499.03759765625,65.048416,129.975128
293,3.4069767441860463,2240.0,-457.03759765625,-165.90979,122.106232
294,3.418604651162791,2081.0,-616.03759765625,-377.997742,104.229614
295,3.430232558139535,2162.0,-535.03759765625,-552.018494,77.655518
296,3.441860465116279,1967.0,-730.03759765625,-673.450012,44.198975
297,3.453488372093023,2005.0,-692.03759765625,-731.527588,6.540161
298,3.4651162790697674,1904.0,-793.03759765625,-722.08728,-32.114258
299,3.4767441860465116,1918.0,-779.03759765625,-647.117615,-67.848694
300,3.488372093023256,1934.0,-763.03759765625,-515.169006,-97.019592
301,3.5,1917.0,-780.03759765625,-340.908478,-116.438538
302,3.511627906976744,2065.0,-632.03759765625,-142.007156,-124.287041
303,3.5232558139534884,1984.0,-713.03759765625,61.237217,-120.086975
304,3.5348837209302326,2247.0,-450.03759765625,251.033157,-104.854935
305,3.546511627906977,2155.0,-542.03759765625,410.9422,-80.589966
306,3.5581395348837206,2445.0,-252.03759765625,530.121948,-49.920654
307,3.5697674418604652,2347.0,-350.03759765625,600.245728,-15.740723
308,3.5813953488372094,2626.0,-71.03759765625,617.981445,19.052612
309,3.5930232558139537,2547.0,-150.03759765625,582.208923,51.257874
310,3.6046511627906974,2714.0,16.96240234375,495.93634,77.877747
311,3.616279069767442,2693.0,-4.03759765625,366.022919,95.917877
312,3.6279069767441863,2731.0,33.96240234375,203.783783,103.427086
313,3.63953488372093,2743.0,45.96240234375,25.777229,99.533203
314,3.6511627906976742,2661.0,-36.03759765625,-149.198227,85.439713
315,3.6627906976744184,2695.0,-2.03759765625,-300.431549,63.986237
316,3.674418604651163,2573.0,-124.03759765625,-411.854858,39.075165
317,3.686046511627907,2624.0,-73.03759765625,-472.122009,14.63678
318,3.697674418604651,2437.0,-260.03759765625,-479.731567,-6.682922
319,3.7093023255813953,2512.0,-185.03759765625,-439.852753,-23.537415
320,3.72093023255814,2410.0,-287.03759765625,-364.524597,-36.448853
321,3.7325581395348837,2427.0,-270.03759765625,-267.791504,-46.434723
322,3.744186046511628,2425.0,-272.03759765625,-162.742493,-54.58474
323,3.755813953488372,2406.0,-291.03759765625,-59.868435,-60.837368
324,3.7674418604651163,2495.0,-202.03759765625,35.137676,-64.336365
325,3.7790697674418605,2445.0,-252.03759765625,118.016403,-63.551285
326,3.7906976744186047,2598.0,-99.03759765625,187.576782,-57.34668
327,3.802325581395349,2519.0,-178.03759765625,240.77504,-45.618362
328,3.8139534883720927,2723.0,25.96240234375,276.1315,-29.38028
329,3.8255813953488373,2646.0,-51.03759765625,290.541016,-10.82196
330,3.8372093023255816,2833.0,135.96240234375,283.613708,7.888428
331,3.8488372093023253,2773.0,75.96240234375,256.032166,24.696136
332,3.8604651162790695,2914.0,216.96240234375,211.390869,38.66713
333,3.872093023255814,2887.0,189.96240234375,155.028595,49.284721
334,3.8837209302325584,2961.0,263.96240234375,92.224243,56.526604
335,3.895348837209302,2938.0,240.96240234375,28.634653,60.010452
336,3.9069767441860463,2932.0,234.96240234375,-32.7542,59.282864
337,3.9186046511627906,2958.0,260.96240234375,-88.603783,53.766685
338,3.930232558139535,2867.0,169.96240234375,-138.097015,43.280975
339,3.941860465116279,2896.0,198.96240234375,-178.626282,28.630722
340,3.9534883720930227,2807.0,109.96240234375,-208.708801,11.315369
341,3.9651162790697674,2838.0,140.96240234375,-225.356033,-6.302155
342,3.9767441860465116,2760.0,62.96240234375,-226.579117,-22.201035
343,3.9883720930232562,2772.0,74.96240234375,-211.224457,-34.6651
344,4.0,2704.0,6.96240234375,-179.422028,-43.248215
345,4.011627906976744,2735.0,37.96240234375,-133.933792,-48.056229
346,4.023255813953488,2707.0,9.96240234375,-77.864929,-49.897167
347,4.034883720930233,2700.0,2.96240234375,-16.819376,-49.306023
348,4.046511627906977,2754.0,56.96240234375,45.10281,-46.423168
349,4.058139534883721,2752.0,54.96240234375,102.297493,-40.940849
350,4.069767441860465,2863.0,165.96240234375,151.492004,-32.281723
351,4.081395348837209,2809.0,111.96240234375,188.780884,-20.313644
352,4.093023255813954,2969.0,271.96240234375,212.228409,-5.305481
353,4.104651162790698,2921.0,223.96240234375,220.055664,11.339508
354,4.116279069767442,3060.0,362.96240234375,211.525574,27.884003
355,4.127906976744186,3007.0,309.96240234375,187.252014,42.07486
356,4.1395348837209305,3114.0,416.96240234375,148.197479,52.162003
357,4.151162790697675,3092.0,394.96240234375,97.604378,56.830917
358,4.162790697674419,3115.0,417.96240234375,38.51704,55.752541
359,4.174418604651162,3105.0,407.96240234375,-23.601749,49.385235
360,4.186046511627907,3057.0,359.96240234375,-84.177711,38.816772
361,4.1976744186046515,3091.0,393.96240234375,-137.309158,25.58345
362,4.209302325581395,2986.0,288.96240234375,-178.75589,11.084961
363,4.22093023255814,3015.0,317.96240234375,-204.7155,-3.159088
364,4.232558139534883,2907.0,209.96240234375,-213.259705,-16.256927
365,4.2441860465116275,2944.0,246.96240234375,-204.327271,-27.319336
366,4.2558139534883725,2889.0,191.96240234375,-178.866608,-36.013596
367,4.267441860465116,2907.0,209.96240234375,-140.022858,-42.024185
368,4.279069767441861,2894.0,196.96240234375,-90.690331,-45.290733
369,4.290697674418605,2891.0,193.96240234375,-35.529057,-45.686798
370,4.3023255813953485,2957.0,259.96240234375,21.860512,-43.064262
371,4.313953488372094,2917.0,219.96240234375,76.538605,-37.389412
372,4.325581395348837,3035.0,337.96240234375,124.783379,-28.527443
373,4.337209302325581,2992.0,294.96240234375,162.368347,-16.854462
374,4.348837209302326,3131.0,433.96240234375,186.295227,-2.911789
375,4.3604651162790695,3087.0,389.96240234375,194.436401,11.943527
376,4.372093023255814,3155.0,457.96240234375,185.918716,26.109406
377,4.383720930232558,3171.0,473.96240234375,162.018524,37.665741
378,4.395348837209302,3229.0,531.96240234375,124.784332,44.887375
379,4.406976744186047,3190.0,492.96240234375,78.509895,46.711067
380,4.4186046511627906,3216.0,518.96240234375,27.165821,43.129951
381,4.430232558139535,3217.0,519.96240234375,-23.789854,35.278938
382,4.44186046511628,3161.0,463.96240234375,-70.104736,24.993393
383,4.453488372093023,3206.0,508.96240234375,-107.723114,14.49958
384,4.465116279069767,3135.0,437.96240234375,-134.048965,5.340195
385,4.476744186046512,3153.0,455.96240234375,-147.898621,-1.740265
386,4.488372093023256,3091.0,393.96240234375,-149.344315,-7.169647
387,4.5,3112.0,414.96240234375,-140.07547,-11.974487
388,4.511627906976744,3059.0,361.96240234375,-122.094994,-17.341576
389,4.523255813953488,3067.0,369.96240234375,-98.107124,-23.607735
390,4.534883720930232,3071.0,373.96240234375,-69.850372,-30.142876
391,4.546511627906977,3055.0,357.96240234375,-39.095757,-35.350533
392,4.558139534883721,3107.0,409.96240234375,-6.539708,-37.295502
393,4.569767441860465,3088.0,390.96240234375,26.586111,-34.658195
394,4.5813953488372094,3156.0,458.96240234375,58.971626,-27.265762
395,4.593023255813954,3123.0,425.96240234375,88.218376,-16.418159
396,4.604651162790698,3206.0,508.96240234375,111.499619,-4.255569
397,4.616279069767442,3195.0,497.96240234375,125.955139,6.827591
398,4.627906976744185,3275.0,577.96240234375,129.50145,15.205772
399,4.6395348837209305,3220.0,522.96240234375,121.803223,20.347725
400,4.651162790697675,3283.0,585.96240234375,104.142242,22.985504
401,4.662790697674418,3265.0,567.96240234375,79.533783,24.32653
402,4.674418604651163,3294.0,596.96240234375,51.13522,25.42054
403,4.686046511627906,3291.0,593.96240234375,22.063858,26.479713
404,4.6976744186046515,3248.0,550.96240234375,-6.040877,26.851704
405,4.709302325581396,3280.0,582.96240234375,-32.249722,25.433392
406,4.720930232558139,3199.0,501.96240234375,-56.634769,21.167881
407,4.732558139534884,3230.0,532.96240234375,-78.76873,13.943222
408,4.744186046511628,3157.0,459.96240234375,-97.607964,4.507713
409,4.755813953488372,3182.0,484.96240234375,-111.1875,-5.51152
410,4.767441860465117,3121.0,423.96240234375,-117.091949,-14.483444
411,4.77906976744186,3139.0,441.96240234375,-113.579117,-21.224197
412,4.790697674418604,3122.0,424.96240234375,-99.842247,-25.471718
413,4.802325581395349,3152.0,454.96240234375,-77.096077,-27.656464
414,4.813953488372093,3147.0,449.96240234375,-47.520332,-28.509882
415,4.825581395348837,3144.0,446.96240234375,-14.485881,-28.40033
416,4.837209302325581,3198.0,500.96240234375,19.151257,-26.989529
417,4.848837209302325,3175.0,477.96240234375,50.597855,-23.480141
418,4.86046511627907,3263.0,565.96240234375,78.10247,-16.940132
419,4.872093023255814,3226.0,528.96240234375,99.957428,-7.249237
420,4.883720930232558,3307.0,609.96240234375,114.723564,4.774323
421,4.895348837209303,3280.0,582.96240234375,120.851555,17.122917
422,4.906976744186046,3296.0,598.96240234375,116.903877,27.361137
423,4.9186046511627906,3319.0,621.96240234375,102.446014,33.37088
424,4.930232558139535,3319.0,621.96240234375,78.03183,34.145824
425,4.941860465116279,3315.0,617.96240234375,46.156971,30.173965
426,4.953488372093023,3306.0,608.96240234375,10.242802,23.129988
427,4.965116279069767,3311.0,613.96240234375,-25.43988,15.153851
428,4.976744186046512,3280.0,582.96240234375,-57.143337,7.993183
429,4.988372093023256,3295.0,597.96240234375,-82.006493,2.480949
430,5.0,3243.0,545.96240234375,-98.538483,-1.680092
431,5.011627906976744,3239.0,541.96240234375,-106.464272,-5.364845
432,5.023255813953488,3191.0,493.96240234375,-106.006813,-9.496368
433,5.034883720930233,3213.0,515.96240234375,-97.99807,-14.307289
434,5.046511627906977,3178.0,480.96240234375,-82.931343,-19.333797
435,5.058139534883721,3198.0,500.96240234375,-61.900539,-23.340027
436,5.069767441860465,3200.0,502.96240234375,-35.930321,-25.130688
437,5.081395348837209,3198.0,500.96240234375,-7.229207,-23.966084
438,5.093023255813954,3227.0,529.96240234375,21.90555,-19.881517
439,5.104651162790698,3228.0,530.96240234375,48.389988,-13.709793
440,5.116279069767441,3270.0,572.96240234375,69.707787,-6.60511
441,5.127906976744186,3264.0,566.96240234375,83.858421,0.287224
442,5.1395348837209305,3309.0,611.96240234375,90.052216,6.403984
443,5.151162790697675,3299.0,601.96240234375,88.569023,11.623161
444,5.162790697674419,3318.0,620.96240234375,80.409172,16.136208
445,5.174418604651162,3323.0,625.96240234375,67.11718,20.051292
446,5.186046511627907,3340.0,642.96240234375,50.006035,23.102596
447,5.1976744186046515,3327.0,629.96240234375,30.424299,24.642323
448,5.209302325581395,3323.0,625.96240234375,9.182329,23.733368
449,5.22093023255814,3335.0,637.96240234375,-12.608777,19.825939
450,5.232558139534883,3329.0,631.96240234375,-33.857285,12.955723
451,5.2441860465116275,3325.0,627.96240234375,-53.025902,4.012825
452,5.2558139534883725,3307.0,609.96240234375,-68.331627,-5.450729
453,5.267441860465116,3307.0,609.96240234375,-78.096375,-13.647911
454,5.279069767441861,3270.0,572.96240234375,-80.956833,-19.159664
455,5.290697674418605,3280.0,582.96240234375,-76.579865,-21.318016
456,5.3023255813953485,3294.0,596.96240234375,-65.406326,-20.420906
457,5.313953488372094,3299.0,601.96240234375,-49.2169,-17.552761
458,5.325581395348837,3280.0,582.96240234375,-29.978298,-13.988036
459,5.337209302325581,3293.0,595.96240234375,-10.040157,-10.74801
460,5.348837209302326,3301.0,603.96240234375,9.038355,-8.193668
461,5.3604651162790695,3294.0,596.96240234375,26.079544,-6.11507
462,5.372093023255814,3350.0,652.96240234375,40.837116,-3.813744
463,5.383720930232558,3294.0,596.96240234375,53.008121,-0.777321
464,5.395348837209302,3325.0,627.96240234375,62.394405,3.260872
465,5.406976744186046,3312.0,614.96240234375,68.177803,7.90976
466,5.4186046511627906,3358.0,660.96240234375,69.229034,12.403648
467,5.430232558139535,3328.0,630.96240234375,64.48127,15.814938
468,5.44186046511628,3345.0,647.96240234375,53.413712,17.511536
469,5.453488372093023,3359.0,661.96240234375,36.712147,17.274063
470,5.465116279069767,3373.0,675.96240234375,16.046009,15.272467
471,5.476744186046512,3348.0,650.96240234375,-5.98163,11.904032
472,5.488372093023256,3335.0,637.96240234375,-26.718102,7.633274
473,5.5,3345.0,647.96240234375,-43.888756,2.906418
474,5.511627906976744,3356.0,658.96240234375,-56.257114,-1.906399
475,5.523255813953488,3355.0,657.96240234375,-63.366936,-6.295403
476,5.534883720930232,3314.0,616.96240234375,-65.396675,-9.701782
477,5.546511627906977,3338.0,640.96240234375,-62.655067,-11.457012
478,5.558139534883721,3310.0,612.96240234375,-55.419357,-11.324173
479,5.569767441860465,3317.0,619.96240234375,-44.078148,-9.500385
480,5.5813953488372094,3307.0,609.96240234375,-29.196394,-6.913363
481,5.593023255813954,3270.0,572.96240234375,-12.200371,-4.886603
482,5.604651162790698,3310.0,612.96240234375,5.291883,-4.539977
483,5.616279069767442,3291.0,593.96240234375,21.075777,-6.364496
484,5.627906976744185,3309.0,611.96240234375,33.640106,-9.670818
485,5.6395348837209305,3295.0,597.96240234375,42.020287,-12.883347
486,5.651162790697675,3329.0,631.96240234375,46.50061,-13.88726
487,5.662790697674418,3312.0,614.96240234375,47.85973,-11.141796
488,5.674418604651163,3330.0,632.96240234375,47.078815,-4.202423
489,5.686046511627907,3328.0,630.96240234375,44.608284,5.705147
490,5.697674418604651,3309.0,611.96240234375,40.074436,16.240379
491,5.709302325581396,3344.0,646.96240234375,32.80341,24.651222
492,5.720930232558139,3306.0,608.96240234375,21.923161,28.683371
493,5.732558139534884,3278.0,580.96240234375,7.560229,27.46204
494,5.744186046511628,3303.0,605.96240234375,-9.220483,21.576931
495,5.755813953488372,3299.0,601.96240234375,-26.260252,12.72666
496,5.767441860465117,3305.0,607.96240234375,-41.058781,3.041809
497,5.77906976744186,3299.0,601.96240234375,-51.36348,-5.644947
498,5.790697674418604,3289.0,591.96240234375,-55.840263,-12.21698
499,5.802325581395349,3282.0,584.96240234375,-54.31707,-16.262863
500,5.813953488372093,3280.0,582.96240234375,-47.464157,-17.864813
501,5.825581395348837,3290.0,592.96240234375,-36.72744,-17.313061
502,5.837209302325582,3267.0,569.96240234375,-23.556904,-14.929776
503,5.848837209302325,3287.0,589.96240234375,-9.546265,-11.117368
504,5.86046511627907,3279.0,581.96240234375,4.052052,-6.459239
505,5.872093023255814,3271.0,573.96240234375,15.953752,-1.855779
506,5.883720930232558,3266.0,568.96240234375,25.222458,1.706509
507,5.895348837209303,3277.0,579.96240234375,31.249184,3.503023
508,5.906976744186046,3284.0,586.96240234375,34.032108,3.478546
509,5.9186046511627906,3250.0,552.96240234375,33.952755,2.138474
510,5.930232558139535,3246.0,548.96240234375,31.825296,0.722584
511,5.941860465116279,3255.0,557.96240234375,28.424782,0.401684
512,5.953488372093023,3257.0,559.96240234375,24.004208,1.71895
513,5.965116279069767,3277.0,579.96240234375,18.496202,4.389301
514,5.976744186046512,3280.0,582.96240234375,11.402716,7.252231
515,5.988372093023256,3269.0,571.96240234375,2.566263,8.885008
516,6.0,3218.0,520.96240234375,-7.616843,8.300985
517,6.011627906976744,3249.0,551.96240234375,-17.70957,5.532488
518,6.023255813953488,3227.0,529.96240234375,-25.93108,1.520996
519,6.034883720930233,3209.0,511.96240234375,-30.539631,-2.157738
520,6.046511627906977,3181.0,483.96240234375,-30.640999,-4.097654
521,6.058139534883721,3179.0,481.96240234375,-26.657211,-3.754044
522,6.069767441860465,3149.0,451.96240234375,-20.114521,-1.665665
523,6.081395348837209,3169.0,471.96240234375,-13.140094,0.817843
524,6.093023255813954,3130.0,432.96240234375,-7.496492,2.219784
525,6.104651162790698,3146.0,448.96240234375,-4.03289,1.653661
526,6.116279069767441,3098.0,400.96240234375,-2.352416,-0.770642
527,6.127906976744186,3111.0,413.96240234375,-1.281784,-3.990893
528,6.1395348837209305,3089.0,391.96240234375,0.544901,-6.565522
529,6.151162790697675,3107.0,409.96240234375,3.765794,-7.426135
530,6.162790697674419,3104.0,406.96240234375,8.17782,-6.287863
531,6.174418604651162,3108.0,410.96240234375,12.729091,-3.802369
532,6.186046511627907,3135.0,437.96240234375,16.182739,-1.035191
533,6.1976744186046515,3126.0,428.96240234375,17.623365,0.995403
534,6.209302325581395,3182.0,484.96240234375,16.857225,1.856206
535,6.22093023255814,3125.0,427.96240234375,14.425303,1.868163
536,6.232558139534883,3200.0,502.96240234375,11.24791,1.8585
537,6.2441860465116275,3183.0,485.96240234375,8.106713,2.624154
538,6.2558139534883725,3217.0,519.96240234375,5.244152,4.37939
539,6.267441860465116,3211.0,513.96240234375,2.404137,6.601261
540,6.279069767441861,3235.0,537.96240234375,-1.05771,8.144676
541,6.290697674418605,3245.0,547.96240234375,-5.638967,7.788257
542,6.3023255813953485,3232.0,534.96240234375,-11.407544,4.801633
543,6.313953488372094,3266.0,568.96240234375,-17.643188,-0.532772
544,6.325581395348837,3223.0,525.96240234375,-23.155172,-6.968117
545,6.337209302325581,3216.0,518.96240234375,-26.46616,-12.561192
546,6.348837209302326,3181.0,483.96240234375,-26.272482,-15.311016
547,6.3604651162790695,3200.0,502.96240234375,-22.028078,-13.982132
548,6.372093023255814,3151.0,453.96240234375,-14.073953,-8.580496
549,6.383720930232558,3152.0,454.96240234375,-3.827733,-0.501058
550,6.395348837209302,3125.0,427.96240234375,6.692648,7.929983
551,6.406976744186046,3130.0,432.96240234375,15.236794,14.138413
552,6.4186046511627906,3114.0,416.96240234375,20.023958,16.193569
553,6.430232558139535,3115.0,417.96240234375,20.36845,13.597818
554,6.44186046511628,3146.0,448.96240234375,16.866394,7.425902
555,6.453488372093023,3148.0,450.96240234375,11.158247,-0.094144
556,6.465116279069767,3181.0,483.96240234375,5.391752,-6.347157
557,6.476744186046512,3169.0,471.96240234375,1.372854,-9.351669
558,6.488372093023256,3216.0,518.96240234375,-0.079319,-8.513499
559,6.5,3187.0,489.96240234375,0.591919,-4.795328
560,6.511627906976744,3249.0,551.96240234375,2.036227,-0.187374
561,6.523255813953488,3232.0,534.96240234375,2.634598,3.061135
562,6.534883720930233,3259.0,561.96240234375,1.380615,3.531396
563,6.546511627906977,3255.0,557.96240234375,-1.591223,1.251632
564,6.558139534883721,3240.0,542.96240234375,-5.190632,-2.504492
565,6.569767441860465,3273.0,575.96240234375,-7.85027,-5.66586
566,6.5813953488372094,3230.0,532.96240234375,-8.579114,-6.579932
567,6.593023255813954,3257.0,559.96240234375,-7.419249,-4.626643
568,6.604651162790698,3207.0,509.96240234375,-5.62461,-0.631388
569,6.616279069767442,3223.0,525.96240234375,-4.929787,3.641027
570,6.627906976744185,3120.0,422.96240234375,-6.680367,6.262881
571,6.6395348837209305,3170.0,472.96240234375,-10.80052,6.179296
572,6.651162790697675,3120.0,422.96240234375,-15.791069,3.515888
573,6.662790697674418,3152.0,454.96240234375,-19.109194,-0.316078
574,6.674418604651163,3129.0,431.96240234375,-18.429787,-3.500633
575,6.686046511627907,3126.0,428.96240234375,-12.705813,-4.584686
576,6.697674418604651,3120.0,422.96240234375,-2.82523,-3.171765
577,6.709302325581396,3121.0,423.96240234375,8.588984,-0.079273
578,6.720930232558139,3150.0,452.96240234375,18.238781,3.097164
579,6.732558139534884,3134.0,436.96240234375,23.481951,4.792166
580,6.744186046511628,3181.0,483.96240234375,23.482971,4.261845
581,6.755813953488372,3159.0,461.96240234375,19.332277,1.831289
582,6.767441860465117,3202.0,504.96240234375,13.561482,-1.232547
583,6.77906976744186,3198.0,500.96240234375,8.802563,-3.478846
584,6.790697674418604,3215.0,517.96240234375,6.597263,-3.987383
585,6.802325581395349,3216.0,518.96240234375,6.773473,-2.795211
586,6.813953488372093,3235.0,537.96240234375,7.690146,-0.748057
587,6.825581395348837,3207.0,509.96240234375,7.096159,0.892468
588,6.837209302325582,3216.0,518.96240234375,3.356349,1.322109
589,6.848837209302325,3216.0,518.96240234375,-3.726604,0.506953
590,6.86046511627907,3168.0,470.96240234375,-12.78271,-0.623057
591,6.872093023255814,3215.0,517.96240234375,-21.421923,-0.79493
592,6.883720930232558,3133.0,435.96240234375,-27.349083,0.834871
593,6.895348837209303,3162.0,464.96240234375,-29.264051,4.110365
594,6.906976744186046,3119.0,421.96240234375,-27.373161,7.681705
595,6.9186046511627906,3127.0,429.96240234375,-23.079922,9.588085
596,6.930232558139535,3118.0,420.96240234375,-18.170179,8.146563
597,6.941860465116279,3107.0,409.96240234375,-14.026804,2.800472
598,6.953488372093023,3132.0,434.96240234375,-10.89177,-5.37604
599,6.965116279069767,3123.0,425.96240234375,-7.954771,-13.952656
600,6.976744186046512,3154.0,456.96240234375,-3.763268,-20.03223
601,6.988372093023256,3152.0,454.96240234375,2.784303,-21.437181
602,7.0,3161.0,463.96240234375,11.853856,-17.573963
603,7.011627906976744,3168.0,470.96240234375,22.408106,-9.565332
604,7.023255813953488,3171.0,473.96240234375,32.495674,0.22538
605,7.034883720930233,3170.0,472.96240234375,39.932152,9.185616
606,7.046511627906977,3178.0,480.96240234375,42.951981,15.355164
607,7.058139534883721,3143.0,445.96240234375,40.820637,18.036388
608,7.069767441860465,3158.0,460.96240234375,33.869213,17.715546
609,7.081395348837209,3162.0,464.96240234375,23.179232,15.370788
610,7.093023255813954,3158.0,460.96240234375,10.141475,11.97609
611,7.104651162790698,3163.0,465.96240234375,-3.976792,7.92016
612,7.116279069767441,3117.0,419.96240234375,-18.018177,3.368862
613,7.127906976744186,3137.0,439.96240234375,-30.868492,-1.561119
614,7.1395348837209305,3085.0,387.96240234375,-41.371723,-6.301556
615,7.151162790697675,3104.0,406.96240234375,-48.239079,-9.821682
616,7.162790697674419,3048.0,350.96240234375,-50.380066,-11.028709
617,7.174418604651162,3079.0,381.96240234375,-47.240147,-9.398708
618,7.186046511627907,3046.0,348.96240234375,-39.287319,-5.54192
619,7.1976744186046515,3066.0,368.96240234375,-27.912899,-1.115677
620,7.209302325581395,3045.0,347.96240234375,-15.258542,1.670602
621,7.22093023255814,3058.0,360.96240234375,-3.264246,1.291725
622,7.232558139534884,3070.0,372.96240234375,6.794474,-2.451271
623,7.2441860465116275,3089.0,391.96240234375,14.724134,-8.108572
624,7.2558139534883725,3113.0,415.96240234375,21.32609,-13.005018
625,7.267441860465116,3099.0,401.96240234375,27.629772,-14.547844
626,7.27906976744186,3127.0,429.96240234375,34.199512,-11.326801
627,7.290697674418605,3123.0,425.96240234375,40.440586,-3.93779
628,7.3023255813953485,3147.0,449.96240234375,44.710709,5.287136
629,7.313953488372094,3139.0,441.96240234375,44.875347,13.223885
630,7.325581395348837,3135.0,437.96240234375,39.35273,17.327208
631,7.337209302325581,3143.0,445.96240234375,27.983509,16.696613
632,7.348837209302326,3137.0,439.96240234375,12.225995,12.29991
633,7.3604651162790695,3131.0,433.96240234375,-5.112038,6.43508
634,7.372093023255814,3106.0,408.96240234375,-20.906843,1.647242
635,7.383720930232559,3120.0,422.96240234375,-32.707207,-0.487553
636,7.395348837209302,3069.0,371.96240234375,-39.553791,0.171967
637,7.406976744186046,3099.0,401.96240234375,-41.835587,2.423145
638,7.4186046511627906,3053.0,355.96240234375,-40.946098,4.443081
639,7.430232558139535,3071.0,373.96240234375,-38.308582,4.636452
640,7.44186046511628,3026.0,328.96240234375,-34.78928,2.29467
641,7.453488372093023,3043.0,345.96240234375,-30.26037,-2.096647
642,7.465116279069767,3047.0,349.96240234375,-24.061178,-7.336542
643,7.476744186046512,3032.0,334.96240234375,-15.523263,-11.984283
644,7.488372093023256,3061.0,363.96240234375,-4.558415,-14.845875
645,7.5,3047.0,349.96240234375,7.971258,-15.358475
646,7.511627906976744,3070.0,372.96240234375,20.441107,-13.549025
647,7.523255813953488,3060.0,362.96240234375,31.067617,-9.830992
648,7.534883720930233,3110.0,412.96240234375,38.478004,-4.857708
649,7.546511627906977,3088.0,390.96240234375,41.975422,0.585091
650,7.558139534883721,3104.0,406.96240234375,41.695332,5.701874
651,7.569767441860464,3095.0,397.96240234375,38.242722,9.744202
652,7.5813953488372094,3122.0,424.96240234375,32.258095,12.143053
653,7.593023255813954,3120.0,422.96240234375,24.157137,12.589493
654,7.604651162790698,3107.0,409.96240234375,14.015253,11.116652
655,7.616279069767442,3106.0,408.96240234375,2.001998,8.131778
656,7.627906976744185,3106.0,408.96240234375,-11.428829,4.301574
657,7.6395348837209305,3099.0,401.96240234375,-25.095528,0.368891
658,7.651162790697675,3058.0,360.96240234375,-37.231003,-2.948196
659,7.662790697674418,3083.0,385.96240234375,-45.668793,-5.015129
660,7.674418604651163,3021.0,323.96240234375,-48.704586,-5.468693
661,7.686046511627907,3043.0,345.96240234375,-45.489059,-4.147133
662,7.697674418604651,2992.0,294.96240234375,-36.588104,-1.324902
663,7.709302325581396,3009.0,311.96240234375,-23.83717,2.316166
664,7.720930232558139,2995.0,297.96240234375,-9.821131,5.638614
665,7.732558139534884,2999.0,301.96240234375,2.709816,7.232472
666,7.744186046511628,2995.0,297.96240234375,11.917309,5.965098
667,7.755813953488372,2999.0,301.96240234375,17.155428,1.47838
668,7.767441860465117,3026.0,328.96240234375,19.165211,-5.411489
669,7.77906976744186,3026.0,328.96240234375,19.471043,-12.80191
670,7.790697674418604,3051.0,353.96240234375,19.795,-18.153864
671,7.802325581395349,3044.0,346.96240234375,21.214771,-19.231098
672,7.813953488372093,3070.0,372.96240234375,23.742868,-14.987921
673,7.825581395348837,3053.0,355.96240234375,26.375923,-6.124084
674,7.837209302325581,3088.0,390.96240234375,27.488722,5.106718
675,7.848837209302326,3088.0,390.96240234375,25.51079,15.464128
676,7.86046511627907,3082.0,384.96240234375,19.554777,22.020342
677,7.872093023255814,3067.0,369.96240234375,9.897644,23.119106
678,7.883720930232558,3060.0,362.96240234375,-2.227375,18.888111
679,7.895348837209302,3055.0,357.96240234375,-14.90432,10.990389
680,7.9069767441860455,3024.0,326.96240234375,-26.194496,1.918642
681,7.918604651162791,3106.0,408.96240234375,-34.436516,-5.92532
682,7.930232558139535,3021.0,323.96240234375,-38.879898,-11.158331
683,7.941860465116279,3037.0,339.96240234375,-39.289413,-13.336872
684,7.953488372093023,3009.0,311.96240234375,-36.030403,-12.969198
685,7.9651162790697665,3024.0,326.96240234375,-29.779381,-10.906628
686,7.9767441860465125,3013.0,315.96240234375,-21.369875,-8.013244
687,7.988372093023257,2995.0,297.96240234375,-11.757041,-4.844933
688,8.0,3004.0,306.96240234375,-1.784389,-1.70912
689,8.011627906976743,3008.0,310.96240234375,7.608338,1.091486
690,8.023255813953488,3002.0,304.96240234375,15.733602,3.253392
691,8.034883720930232,3015.0,317.96240234375,22.068863,4.45001
692,8.046511627906977,3023.0,325.96240234375,26.410362,4.559776
693,8.058139534883722,3010.0,312.96240234375,28.784437,3.784687
694,8.069767441860465,3024.0,326.96240234375,29.35037,2.668577
695,8.081395348837209,3018.0,320.96240234375,28.317982,1.950424
696,8.093023255813954,3024.0,326.96240234375,25.706673,2.13798
697,8.104651162790699,3031.0,333.96240234375,21.521719,3.269489
698,8.116279069767442,3049.0,351.96240234375,15.668414,4.817248
699,8.127906976744185,3024.0,326.96240234375,8.300532,5.904486
700,8.13953488372093,3029.0,331.96240234375,-0.287665,5.705966
701,8.151162790697674,3038.0,340.96240234375,-9.33248,3.913407
702,8.162790697674417,3056.0,358.96240234375,-17.985748,0.821646
703,8.174418604651164,3027.0,329.96240234375,-25.30954,-2.716129
704,8.186046511627907,3002.0,304.96240234375,-30.530432,-5.608194
705,8.19767441860465,3017.0,319.96240234375,-33.115501,-7.00429
706,8.209302325581396,3011.0,313.96240234375,-32.911274,-6.675632
707,8.220930232558139,3010.0,312.96240234375,-30.063814,-5.00416
708,8.232558139534884,3001.0,303.96240234375,-24.92334,-2.823502
709,8.24418604651163,3014.0,316.96240234375,-18.091816,-1.045975
710,8.255813953488373,3026.0,328.96240234375,-10.23479,-0.350561
711,8.267441860465116,3018.0,320.96240234375,-2.183878,-1.021847
712,8.279069767441861,3021.0,323.96240234375,5.398159,-2.778894
713,8.290697674418604,3010.0,312.96240234375,11.989038,-4.954367
714,8.30232558139535,3029.0,331.96240234375,17.41927,-6.631523
715,8.313953488372093,3035.0,337.96240234375,21.740704,-6.948898
716,8.325581395348838,3034.0,336.96240234375,25.180346,-5.25519
717,8.337209302325581,3045.0,347.96240234375,27.803026,-1.460304
718,8.348837209302324,3026.0,328.96240234375,29.354162,4.012068
719,8.36046511627907,3050.0,352.96240234375,29.285372,10.121981
720,8.372093023255815,3005.0,307.96240234375,26.668783,15.376219
721,8.383720930232558,3027.0,329.96240234375,21.003242,18.43549
722,8.395348837209303,3010.0,312.96240234375,12.106448,18.251602
723,8.406976744186046,3024.0,326.96240234375,0.785238,14.663112
724,8.41860465116279,3011.0,313.96240234375,-11.522673,8.366629
725,8.430232558139535,3017.0,319.96240234375,-22.90271,0.795456
726,8.44186046511628,3007.0,309.96240234375,-31.61445,-6.39064
727,8.453488372093023,3050.0,352.96240234375,-36.524433,-11.809214
728,8.465116279069766,2993.0,295.96240234375,-37.410156,-14.813576
729,8.476744186046512,3012.0,314.96240234375,-34.719402,-15.365719
730,8.488372093023255,3011.0,313.96240234375,-29.312042,-14.037642
731,8.5,3007.0,309.96240234375,-22.065319,-11.464568
732,8.511627906976745,3008.0,310.96240234375,-13.60475,-8.185105
733,8.523255813953488,2999.0,301.96240234375,-4.355165,-4.46092
734,8.534883720930232,2997.0,299.96240234375,5.246274,-0.496005
735,8.546511627906977,3017.0,319.96240234375,14.481647,3.348427
736,8.558139534883722,3029.0,331.96240234375,22.29487,6.405662
737,8.569767441860465,3024.0,326.96240234375,27.423592,7.798386
738,8.58139534883721,3003.0,305.96240234375,28.961882,7.011244
739,8.593023255813954,3034.0,336.96240234375,26.800287,4.193604
740,8.604651162790697,3011.0,313.96240234375,21.671965,0.358088
741,8.61627906976744,3027.0,329.96240234375,15.137211,-2.842119
742,8.627906976744187,2998.0,300.96240234375,8.776986,-3.811394
743,8.63953488372093,2994.0,296.96240234375,3.834974,-1.695903
744,8.651162790697674,3007.0,309.96240234375,0.517723,3.029681
745,8.662790697674419,2990.0,292.96240234375,-1.828775,8.615994
746,8.674418604651162,2989.0,291.96240234375,-4.411481,12.688688
747,8.686046511627907,3005.0,307.96240234375,-8.098041,13.327241
748,8.697674418604652,3001.0,303.96240234375,-13.034992,9.843218
749,8.709302325581396,2993.0,295.96240234375,-18.272472,3.289665
750,8.720930232558139,2983.0,285.96240234375,-22.233206,-4.07044
751,8.732558139534884,2985.0,287.96240234375,-23.348671,-9.615254
752,8.744186046511627,2963.0,265.96240234375,-20.88068,-11.620099
753,8.755813953488373,2985.0,287.96240234375,-15.264602,-9.907606
754,8.767441860465116,2925.0,227.96240234375,-8.081369,-6.001379
755,8.779069767441861,2989.0,291.96240234375,-1.270924,-2.155555
756,8.790697674418604,2986.0,288.96240234375,3.545995,-0.476474
757,8.802325581395348,2989.0,291.96240234375,5.829868,-1.733961
758,8.813953488372094,2979.0,281.96240234375,6.294231,-5.049469
759,8.825581395348838,2963.0,265.96240234375,6.413083,-8.301277
760,8.837209302325581,2961.0,263.96240234375,7.623486,-9.163807
761,8.848837209302326,2976.0,278.96240234375,10.532156,-6.296829
762,8.86046511627907,2979.0,281.96240234375,14.477847,-0.014316
763,8.872093023255813,2957.0,259.96240234375,17.803883,7.721621
764,8.88372093023256,2969.0,271.96240234375,18.609352,14.267368
765,8.895348837209303,2978.0,280.96240234375,15.711487,17.291212
766,8.906976744186046,2976.0,278.96240234375,9.12795,15.801538
767,8.91860465116279,2973.0,275.96240234375,0.361902,10.528365
768,8.930232558139535,2985.0,287.96240234375,-8.370108,3.463314
769,8.941860465116278,2992.0,294.96240234375,-14.89052,-3.042213
770,8.953488372093023,2975.0,277.96240234375,-18.06246,-7.298853
771,8.965116279069768,2983.0,285.96240234375,-17.951126,-8.775469
772,8.976744186046512,2942.0,244.96240234375,-15.696515,-8.03149
773,8.988372093023255,2946.0,248.96240234375,-12.739994,-6.27387
774,9.0,2907.0,209.96240234375,-10.079222,-4.547395
775,9.011627906976745,2928.0,230.96240234375,-7.827823,-3.252477
776,9.023255813953488,2869.0,171.96240234375,-5.400609,-2.199335
777,9.034883720930234,2905.0,207.96240234375,-1.978104,-0.850929
778,9.046511627906977,2877.0,179.96240234375,2.727718,0.998926
779,9.05813953488372,2876.0,178.96240234375,8.079574,3.033165
780,9.069767441860463,2880.0,182.96240234375,12.68537,4.435822
781,9.08139534883721,2867.0,169.96240234375,14.930033,4.319187
782,9.093023255813954,2885.0,187.96240234375,13.902922,2.390219
783,9.104651162790697,2894.0,196.96240234375,9.814386,-0.844246
784,9.116279069767442,2891.0,193.96240234375,4.021194,-4.134111
785,9.127906976744185,2871.0,173.96240234375,-1.494742,-6.02426
786,9.13953488372093,2890.0,192.96240234375,-4.926922,-5.417528
787,9.151162790697676,2896.0,198.96240234375,-5.444271,-2.19526
788,9.162790697674419,2913.0,215.96240234375,-3.513444,2.704417
789,9.174418604651162,2867.0,169.96240234375,-0.509287,7.726383
790,9.186046511627907,2914.0,216.96240234375,1.874819,11.225528
791,9.19767441860465,2923.0,225.96240234375,2.371283,12.03617
792,9.209302325581396,2926.0,228.96240234375,0.517344,9.750067
793,9.220930232558139,2927.0,229.96240234375,-3.125311,4.88428
794,9.232558139534884,2928.0,230.96240234375,-7.369687,-1.462076
795,9.244186046511627,2937.0,239.96240234375,-10.819437,-7.861454
796,9.25581395348837,2923.0,225.96240234375,-12.365058,-12.867159
797,9.267441860465118,2925.0,227.96240234375,-11.41566,-15.267008
798,9.279069767441861,2919.0,221.96240234375,-8.005914,-14.359735
799,9.290697674418604,2925.0,227.96240234375,-2.816149,-10.18545
800,9.30232558139535,2911.0,213.96240234375,2.99205,-3.706577
801,9.313953488372093,2926.0,228.96240234375,7.976772,3.337857
802,9.325581395348836,2896.0,198.96240234375,10.782393,8.818124
803,9.337209302325583,2919.0,221.96240234375,10.571555,10.981394
804,9.348837209302326,2907.0,209.96240234375,7.399291,9.178755
805,9.36046511627907,2911.0,213.96240234375,2.360639,4.320611
806,9.372093023255813,2896.0,198.96240234375,-2.713198,-1.39725
807,9.383720930232558,2919.0,221.96240234375,-5.845843,-5.269356
808,9.395348837209303,2912.0,214.96240234375,-5.786146,-5.3362
809,9.406976744186046,2910.0,212.96240234375,-2.519584,-1.27433
810,9.418604651162791,2903.0,205.96240234375,2.490812,5.241563
811,9.430232558139535,2928.0,230.96240234375,7.160866,11.386425
812,9.441860465116278,2927.0,229.96240234375,9.263907,14.092796
813,9.453488372093023,2915.0,217.96240234375,7.731913,11.676827
814,9.465116279069768,2927.0,229.96240234375,3.026312,4.602976
815,9.476744186046512,2922.0,224.96240234375,-2.993114,-4.67891
816,9.488372093023257,2943.0,245.96240234375,-7.890427,-12.730202
817,9.5,2928.0,230.96240234375,-9.812907,-16.682312
818,9.511627906976743,2910.0,212.96240234375,-8.199533,-15.316824
819,9.523255813953487,2926.0,228.96240234375,-4.013201,-9.469355
820,9.534883720930234,2896.0,198.96240234375,0.626888,-1.695864
821,9.546511627906977,2897.0,199.96240234375,3.523397,5.090706
822,9.55813953488372,2896.0,198.96240234375,3.258116,8.717617
823,9.569767441860465,2914.0,216.96240234375,-0.264416,8.533628
824,9.581395348837209,2899.0,201.96240234375,-5.825912,5.355326
825,9.593023255813954,2898.0,200.96240234375,-11.411629,0.946947
826,9.604651162790699,2896.0,198.96240234375,-14.992891,-2.905626
827,9.616279069767442,2879.0,181.96240234375,-15.215881,-5.098668
828,9.627906976744185,2891.0,193.96240234375,-11.676439,-5.329757
829,9.63953488372093,2896.0,198.96240234375,-5.060659,-4.116042
830,9.651162790697674,2898.0,200.96240234375,3.249127,-2.128909
831,9.662790697674419,2885.0,187.96240234375,11.560527,0.081285
832,9.674418604651162,2875.0,177.96240234375,18.324642,2.309772
833,9.686046511627907,2890.0,192.96240234375,22.338409,4.461046
834,9.69767441860465,2871.0,173.96240234375,22.866409,6.321877
835,9.709302325581394,2878.0,180.96240234375,19.875721,7.492548
836,9.72093023255814,2880.0,182.96240234375,13.89652,7.418798
837,9.732558139534884,2879.0,181.96240234375,5.971765,5.667784
838,9.744186046511627,2876.0,178.96240234375,-2.556982,2.222198
839,9.755813953488373,2880.0,182.96240234375,-10.253833,-2.219281
840,9.767441860465116,2863.0,165.96240234375,-15.886853,-6.43341
841,9.77906976744186,2883.0,185.96240234375,-18.643494,-9.021564
842,9.790697674418606,2862.0,164.96240234375,-18.339352,-8.970848
843,9.80232558139535,2875.0,177.96240234375,-15.388682,-6.063727
844,9.813953488372093,2864.0,166.96240234375,-10.738559,-1.096081
845,9.825581395348838,2863.0,165.96240234375,-5.6231,4.383243
846,9.837209302325581,2858.0,160.96240234375,-1.309806,8.484083
847,9.848837209302326,2851.0,153.96240234375,1.283468,9.726168
848,9.86046511627907,2859.0,161.96240234375,1.787354,7.536958
849,9.872093023255815,2851.0,153.96240234375,0.599204,2.498619
850,9.883720930232558,2865.0,167.96240234375,-1.350032,-3.848793
851,9.895348837209301,2845.0,147.96240234375,-2.815434,-9.542692
852,9.906976744186046,2859.0,161.96240234375,-2.730792,-12.811954
853,9.918604651162791,2874.0,176.96240234375,-0.616289,-12.766599
854,9.930232558139535,2869.0,171.96240234375,3.151795,-9.5944
855,9.94186046511628,2864.0,166.96240234375,7.545119,-4.371264
856,9.953488372093023,2873.0,175.96240234375,11.204919,1.363212
857,9.965116279069766,2859.0,161.96240234375,13.078432,6.288507
858,9.976744186046512,2873.0,175.96240234375,12.643224,9.50749
859,9.988372093023257,2866.0,168.96240234375,10.148978,10.855839
860,10.0,2883.0,185.96240234375,6.414861,10.622965
861,10.011627906976743,2882.0,184.96240234375,2.38272,9.261241
862,10.023255813953488,2867.0,169.96240234375,-1.209686,7.15221
863,10.034883720930232,2869.0,171.96240234375,-4.025712,4.513817
864,10.046511627906977,2842.0,144.96240234375,-6.133767,1.475336
865,10.058139534883722,2861.0,163.96240234375,-7.680135,-1.624699
866,10.069767441860465,2835.0,137.96240234375,-8.811836,-4.362166
867,10.081395348837209,2852.0,154.96240234375,-9.474289,-6.212497
868,10.093023255813954,2841.0,143.96240234375,-9.637444,-6.926334
869,10.104651162790699,2849.0,151.96240234375,-9.213502,-6.551022
870,10.116279069767442,2853.0,155.96240234375,-8.324917,-5.606457
871,10.127906976744187,2842.0,144.96240234375,-7.118965,-4.722549
872,10.13953488372093,2840.0,142.96240234375,-5.706956,-4.337688
873,10.151162790697674,2826.0,128.96240234375,-4.018639,-4.423764
874,10.162790697674417,2832.0,134.96240234375,-1.75514,-4.35763
875,10.174418604651164,2833.0,135.96240234375,1.305776,-3.3683
876,10.186046511627907,2839.0,141.96240234375,5.094926,-0.921844
877,10.19767441860465,2839.0,141.96240234375,9.092083,2.872809
878,10.209302325581396,2839.0,141.96240234375,12.363546,7.145932
879,10.220930232558139,2845.0,147.96240234375,13.889448,10.615187
880,10.232558139534882,2844.0,146.96240234375,12.984144,12.058995
881,10.24418604651163,2842.0,144.96240234375,9.689353,10.930814
882,10.255813953488373,2846.0,148.96240234375,4.756687,7.507957
883,10.267441860465116,2838.0,140.96240234375,-0.505071,2.886022
884,10.279069767441861,2847.0,149.96240234375,-4.910568,-1.715808
885,10.290697674418604,2832.0,134.96240234375,-7.60764,-5.181691
886,10.30232558139535,2831.0,133.96240234375,-8.425972,-7.006383
887,10.313953488372093,2819.0,121.96240234375,-7.782798,-7.275252
888,10.325581395348838,2832.0,134.96240234375,-6.359862,-6.454062
889,10.337209302325581,2864.0,166.96240234375,-4.806509,-5.108101
890,10.348837209302324,2827.0,129.96240234375,-3.562405,-3.688222
891,10.36046511627907,2821.0,123.96240234375,-2.671121,-2.361931
892,10.372093023255815,2815.0,117.96240234375,-2.015766,-1.165895
893,10.383720930232558,2803.0,105.96240234375,-1.513882,-0.221087
894,10.395348837209303,2814.0,116.96240234375,-1.105341,0.403225
895,10.406976744186046,2807.0,109.96240234375,-0.800071,0.612178
896,10.41860465116279,2826.0,128.96240234375,-0.560973,0.514298
897,10.430232558139537,2811.0,113.96240234375,-0.334788,0.315857
898,10.44186046511628,2823.0,125.96240234375,0.039697,0.425354
899,10.453488372093023,2811.0,113.96240234375,0.67558,1.134492
900,10.465116279069766,2822.0,124.96240234375,1.586576,2.507553
901,10.476744186046512,2814.0,116.96240234375,2.697737,4.264685
902,10.488372093023255,2831.0,133.96240234375,3.831055,5.938955
903,10.5,2823.0,125.96240234375,4.829204,7.023263
904,10.511627906976745,2819.0,121.96240234375,5.502597,7.14563
905,10.523255813953488,2833.0,135.96240234375,5.762412,6.240103
906,10.534883720930232,2814.0,116.96240234375,5.313939,4.331713
907,10.546511627906977,2826.0,128.96240234375,4.004629,1.669944
908,10.558139534883722,2826.0,128.96240234375,1.688577,-1.532786
909,10.569767441860465,2821.0,123.96240234375,-1.493214,-4.977504
910,10.58139534883721,2814.0,116.96240234375,-5.008751,-8.225709
911,10.593023255813954,2827.0,129.96240234375,-8.046515,-10.722534
912,10.604651162790697,2823.0,125.96240234375,-9.76714,-11.86702
913,10.61627906976744,2805.0,107.96240234375,-9.669054,-11.216672
914,10.627906976744187,2818.0,120.96240234375,-7.839369,-8.712462
915,10.63953488372093,2814.0,116.96240234375,-5.071059,-4.892861
916,10.651162790697674,2829.0,131.96240234375,-2.40264,-0.653522
917,10.662790697674419,2811.0,113.96240234375,-0.718069,3.00088
918,10.674418604651162,2832.0,134.96240234375,-0.151403,5.468228
919,10.686046511627907,2823.0,125.96240234375,-0.2408,6.614459
920,10.697674418604652,2815.0,117.96240234375,0.04848,6.926274
921,10.709302325581396,2825.0,127.96240234375,1.604449,7.140173
922,10.720930232558139,2803.0,105.96240234375,4.557921,7.680756
923,10.732558139534884,2812.0,114.96240234375,8.13276,8.465675
924,10.744186046511627,2823.0,125.96240234375,10.852712,8.846691
925,10.755813953488373,2813.0,115.96240234375,11.261604,7.933305
926,10.767441860465116,2822.0,124.96240234375,8.681192,5.173975
927,10.779069767441861,2806.0,108.96240234375,3.640145,0.740391
928,10.790697674418604,2816.0,118.96240234375,-2.218222,-4.308249
929,10.802325581395348,2806.0,108.96240234375,-6.842371,-8.477129
930,10.813953488372093,2802.0,104.96240234375,-8.689042,-10.434436
931,10.825581395348838,2803.0,105.96240234375,-7.36724,-9.584691
932,10.837209302325581,2807.0,109.96240234375,-3.927057,-6.501069
933,10.848837209302326,2814.0,116.96240234375,-0.253048,-2.572842
934,10.86046511627907,2813.0,115.96240234375,1.720255,0.465815
935,10.872093023255813,2810.0,112.96240234375,0.969129,1.39919
936,10.88372093023256,2815.0,117.96240234375,-2.20857,-0.001125
937,10.895348837209303,2812.0,114.96240234375,-6.278941,-2.806027
938,10.906976744186046,2818.0,120.96240234375,-9.228834,-5.40641
939,10.91860465116279,2816.0,118.96240234375,-9.48231,-6.251491
940,10.930232558139535,2830.0,132.96240234375,-6.61721,-4.545648
941,10.941860465116278,2823.0,125.96240234375,-1.525831,-0.603173
942,10.953488372093023,2832.0,134.96240234375,3.989836,4.304303
943,10.965116279069768,2827.0,129.96240234375,7.952039,8.451282
944,10.976744186046512,2843.0,145.96240234375,9.136465,10.522584
945,10.988372093023255,2821.0,123.96240234375,7.441661,10.034413
946,11.0,2807.0,109.96240234375,3.998632,7.592671
947,11.011627906976745,2813.0,115.96240234375,0.535731,4.463505
948,11.023255813953488,2770.0,72.96240234375,-1.458304,1.868458
949,11.034883720930234,2796.0,98.96240234375,-1.180723,0.609947
950,11.046511627906977,2782.0,84.96240234375,0.936927,0.450847
951,11.05813953488372,2789.0,91.96240234375,3.651494,0.544252
952,11.069767441860463,2773.0,75.96240234375,5.394806,-0.229327
953,11.08139534883721,2781.0,83.96240234375,5.079089,-2.426045
954,11.093023255813954,2800.0,102.96240234375,2.457701,-5.826707
955,11.104651162790697,2775.0,77.96240234375,-1.779084,-9.414562
956,11.116279069767442,2793.0,95.96240234375,-6.227039,-11.729928
957,11.127906976744185,2800.0,102.96240234375,-9.479349,-11.659389
958,11.13953488372093,2800.0,102.96240234375,-10.576043,-8.864945
959,11.151162790697676,2781.0,83.96240234375,-9.350364,-4.00842
960,11.162790697674419,2810.0,112.96240234375,-6.340533,1.584403
961,11.174418604651162,2809.0,111.96240234375,-2.61031,6.369192
962,11.186046511627907,2804.0,106.96240234375,0.757532,9.224109
963,11.19767441860465,2813.0,115.96240234375,3.08307,9.854221
964,11.209302325581396,2806.0,108.96240234375,4.139155,8.711407
965,11.220930232558139,2809.0,111.96240234375,4.201627,6.720675
966,11.232558139534884,2826.0,128.96240234375,3.794408,4.81364
967,11.244186046511627,2821.0,123.96240234375,3.39657,3.457609
968,11.25581395348837,2802.0,104.96240234375,3.264842,2.62401
969,11.267441860465118,2820.0,122.96240234375,3.401504,1.954401
970,11.279069767441861,2810.0,112.96240234375,3.451535,0.903817
971,11.290697674418604,2811.0,113.96240234375,3.025262,-0.795259
972,11.30232558139535,2809.0,111.96240234375,1.753432,-3.138256
973,11.313953488372093,2796.0,98.96240234375,-0.423161,-5.743805
974,11.325581395348836,2815.0,117.96240234375,-3.177184,-8.050787
975,11.337209302325583,2806.0,108.96240234375,-5.868732,-9.487591
976,11.348837209302326,2816.0,118.96240234375,-7.668158,-9.646749
977,11.36046511627907,2800.0,102.96240234375,-7.930559,-8.441728
978,11.372093023255815,2822.0,124.96240234375,-6.38465,-5.983435
979,11.383720930232558,2823.0,125.96240234375,-3.433709,-2.736373
980,11.395348837209301,2823.0,125.96240234375,0.050608,0.761356
981,11.406976744186046,2831.0,133.96240234375,2.960416,3.887618
982,11.418604651162791,2832.0,134.96240234375,4.460684,6.209533
983,11.430232558139535,2821.0,123.96240234375,4.361501,7.563645
984,11.441860465116278,2832.0,134.96240234375,3.202341,8.084637
985,11.453488372093023,2819.0,121.96240234375,1.934879,8.038952
986,11.465116279069768,2829.0,131.96240234375,1.518639,7.766438
987,11.476744186046512,2821.0,123.96240234375,2.289471,7.369255
988,11.488372093023257,2839.0,141.96240234375,3.857633,6.746612
989,11.5,2816.0,118.96240234375,5.148133,5.589854
990,11.511627906976743,2821.0,123.96240234375,5.089924,3.70324
991,11.523255813953488,2830.0,132.96240234375,3.120998,1.14637
992,11.534883720930234,2801.0,103.96240234375,-0.482739,-1.756351
993,11.546511627906977,2800.0,102.96240234375,-4.566956,-4.373065
994,11.55813953488372,2789.0,91.96240234375,-7.781335,-6.295158
995,11.569767441860465,2803.0,105.96240234375,-9.094654,-7.348018
996,11.581395348837209,2788.0,90.96240234375,-8.467006,-7.95111
997,11.593023255813954,2801.0,103.96240234375,-6.66771,-8.683197
998,11.604651162790699,2803.0,105.96240234375,-4.947819,-10.012662
999,11.616279069767442,2787.0,89.96240234375,-4.246267,-11.841045
1000,11.627906976744185,2801.0,103.96240234375,-4.592419,-13.297209
1001,11.63953488372093,2814.0,116.96240234375,-5.102537,-13.085974
1002,11.651162790697674,2827.0,129.96240234375,-4.384791,-9.981506
1003,11.662790697674419,2800.0,102.96240234375,-1.385714,-3.600991
1004,11.674418604651164,2823.0,125.96240234375,4.038784,5.351501
1005,11.686046511627907,2807.0,109.96240234375,10.71876,14.976435
1006,11.69767441860465,2789.0,91.96240234375,16.63232,22.858149
1007,11.709302325581394,2810.0,112.96240234375,19.700914,26.905539
1008,11.72093023255814,2816.0,118.96240234375,18.600914,25.987789
1009,11.732558139534884,2814.0,116.96240234375,13.374256,20.414301
1010,11.744186046511627,2807.0,109.96240234375,5.393558,11.745841
1011,11.755813953488373,2801.0,103.96240234375,-3.193058,2.174273
1012,11.767441860465116,2805.0,107.96240234375,-10.259182,-6.13811
1013,11.77906976744186,2803.0,105.96240234375,-14.460182,-11.792253
1014,11.790697674418606,2800.0,102.96240234375,-15.489334,-14.306851
1015,11.80232558139535,2811.0,113.96240234375,-13.993774,-14.078507
1016,11.813953488372093,2768.0,70.96240234375,-11.133377,-12.100121
1017,11.825581395348838,2782.0,84.96240234375,-7.976315,-9.443521
1018,11.837209302325581,2778.0,80.96240234375,-5.246831,-7.066603
1019,11.848837209302326,2799.0,101.96240234375,-3.093266,-5.476065
1020,11.86046511627907,2787.0,89.96240234375,-1.432489,-4.88999
1021,11.872093023255815,2795.0,97.96240234375,-0.001432,-5.073819
1022,11.883720930232558,2778.0,80.96240234375,1.379016,-5.498015
1023,11.895348837209301,2795.0,97.96240234375,2.779652,-5.484986
1024,11.906976744186046,2786.0,88.96240234375,4.153074,-4.380192
1025,11.918604651162791,2800.0,102.96240234375,5.414036,-1.855334
1026,11.930232558139535,2783.0,85.96240234375,6.486138,2.021686
1027,11.94186046511628,2798.0,100.96240234375,7.302836,6.666112
1028,11.953488372093023,2767.0,69.96240234375,7.768188,11.191236
1029,11.965116279069766,2774.0,76.96240234375,7.790227,14.635579
1030,11.976744186046512,2745.0,47.96240234375,7.241928,16.293142
1031,11.988372093023257,2750.0,52.96240234375,6.033736,15.865689
1032,12.0,2719.0,21.96240234375,4.117312,13.500301
1033,12.011627906976743,2727.0,29.96240234375,1.559496,9.687543
1034,12.023255813953488,2706.0,8.96240234375,-1.530466,4.963106
1035,12.034883720930232,2721.0,23.96240234375,-4.842267,-0.106251
1036,12.046511627906977,2694.0,-3.03759765625,-8.039905,-5.092031
1037,12.058139534883722,2702.0,4.96240234375,-10.594732,-9.480489
1038,12.069767441860465,2714.0,16.96240234375,-11.978439,-12.783335
1039,12.081395348837209,2692.0,-5.03759765625,-11.806622,-14.539312
1040,12.093023255813954,2719.0,21.96240234375,-9.934373,-14.445918
1041,12.104651162790697,2702.0,4.96240234375,-6.659144,-12.592924
1042,12.116279069767442,2723.0,25.96240234375,-2.618833,-9.452871
1043,12.127906976744187,2705.0,7.96240234375,1.235605,-5.894296
1044,12.13953488372093,2752.0,54.96240234375,4.132022,-2.709253
1045,12.151162790697674,2734.0,36.96240234375,5.558625,-0.461625
1046,12.162790697674417,2757.0,59.96240234375,5.670401,0.94769
1047,12.174418604651164,2747.0,49.96240234375,5.017085,2.021368
1048,12.186046511627907,2770.0,72.96240234375,4.464117,3.554575
1049,12.19767441860465,2755.0,57.96240234375,4.636861,6.025426
1050,12.209302325581396,2765.0,67.96240234375,5.704031,9.384471
1051,12.220930232558139,2759.0,61.96240234375,7.248464,12.907815
1052,12.232558139534882,2768.0,70.96240234375,8.400112,15.458248
1053,12.24418604651163,2767.0,69.96240234375,8.223104,15.886289
1054,12.255813953488373,2773.0,75.96240234375,6.14181,13.598995
1055,12.267441860465116,2775.0,77.96240234375,2.140865,8.668325
1056,12.279069767441861,2769.0,71.96240234375,-3.132338,1.949013
1057,12.290697674418604,2777.0,79.96240234375,-8.605556,-5.292273
1058,12.30232558139535,2768.0,70.96240234375,-13.072065,-11.629429
1059,12.313953488372093,2755.0,57.96240234375,-15.540289,-15.900774
1060,12.325581395348838,2769.0,71.96240234375,-15.447478,-17.437551
1061,12.337209302325581,2775.0,77.96240234375,-12.816355,-16.121073
1062,12.348837209302324,2763.0,65.96240234375,-8.213041,-12.437389
1063,12.36046511627907,2779.0,81.96240234375,-2.570265,-7.26342
1064,12.372093023255815,2783.0,85.96240234375,2.945602,-1.81327
1065,12.383720930232558,2768.0,70.96240234375,7.222596,2.678621
1066,12.395348837209303,2791.0,93.96240234375,9.546181,5.316667
1067,12.406976744186046,2769.0,71.96240234375,9.696441,5.714186
1068,12.41860465116279,2775.0,77.96240234375,8.156734,4.332803
1069,12.430232558139537,2801.0,103.96240234375,5.881788,2.239629
1070,12.44186046511628,2779.0,81.96240234375,3.956853,0.79508
1071,12.453488372093023,2783.0,85.96240234375,3.21222,1.124238
1072,12.465116279069766,2791.0,93.96240234375,3.844791,3.603822
1073,12.476744186046512,2798.0,100.96240234375,5.277478,7.580207
1074,12.488372093023255,2788.0,90.96240234375,6.437657,11.62038
1075,12.5,2787.0,89.96240234375,6.178546,14.024741
1076,12.511627906976745,2785.0,87.96240234375,3.794718,13.494617
1077,12.523255813953488,2793.0,95.96240234375,-0.56835,9.739811
1078,12.534883720930232,2782.0,84.96240234375,-6.079511,3.493687
1079,12.546511627906977,2781.0,83.96240234375,-11.354679,-3.600607
1080,12.558139534883722,2771.0,73.96240234375,-15.126583,-9.770775
1081,12.569767441860465,2784.0,86.96240234375,-16.59164,-13.690733
1082,12.58139534883721,2789.0,91.96240234375,-15.710841,-14.96601
1083,12.593023255813954,2784.0,86.96240234375,-13.008347,-14.099481
1084,12.604651162790697,2775.0,77.96240234375,-9.178728,-12.078508
1085,12.61627906976744,2785.0,87.96240234375,-4.820001,-9.872127
1086,12.627906976744187,2783.0,85.96240234375,-0.198983,-7.958433
1087,12.63953488372093,2781.0,83.96240234375,4.650568,-6.12952
1088,12.651162790697674,2789.0,91.96240234375,9.658826,-3.755168
1089,12.662790697674419,2782.0,84.96240234375,14.368366,-0.321779
1090,12.674418604651162,2779.0,81.96240234375,18.001478,4.266406
1091,12.686046511627906,2789.0,91.96240234375,19.585142,9.411114
1092,12.697674418604652,2783.0,85.96240234375,18.33707,13.958045
1093,12.709302325581396,2782.0,84.96240234375,14.153265,16.68284
1094,12.720930232558139,2788.0,90.96240234375,7.749581,16.790287
1095,12.732558139534884,2779.0,81.96240234375,0.507838,14.228653
1096,12.744186046511627,2765.0,67.96240234375,-5.934191,9.834953
1097,12.755813953488373,2768.0,70.96240234375,-10.294006,4.832582
1098,12.767441860465116,2766.0,68.96240234375,-12.15341,0.324796
1099,12.779069767441861,2783.0,85.96240234375,-11.937293,-3.093156
1100,12.790697674418604,2769.0,71.96240234375,-10.740085,-5.540371
1101,12.802325581395348,2777.0,79.96240234375,-9.660396,-7.537982
1102,12.813953488372093,2773.0,75.96240234375,-9.317918,-9.587179
1103,12.825581395348838,2759.0,61.96240234375,-9.578244,-11.707121
1104,12.837209302325581,2759.0,61.96240234375,-9.578869,-13.239414
1105,12.848837209302326,2777.0,79.96240234375,-8.28851,-13.171082
1106,12.86046511627907,2768.0,70.96240234375,-5.066912,-10.712145
1107,12.872093023255813,2768.0,70.96240234375,-0.105336,-5.82918
1108,12.88372093023256,2771.0,73.96240234375,5.589251,0.495746
1109,12.895348837209303,2778.0,80.96240234375,10.51391,6.502381
1110,12.906976744186046,2774.0,76.96240234375,13.287011,10.341538
1111,12.918604651162791,2771.0,73.96240234375,13.271972,10.921375
1112,12.930232558139535,2772.0,74.96240234375,10.834076,8.410546
1113,12.941860465116278,2779.0,81.96240234375,7.135848,4.179204
1114,12.953488372093023,2783.0,85.96240234375,3.649497,0.254646
1115,12.965116279069768,2805.0,107.96240234375,1.464318,-1.70675
1116,12.976744186046512,2783.0,85.96240234375,0.842155,-1.096811
1117,12.988372093023255,2784.0,86.96240234375,1.20438,1.387483
1118,13.0,2768.0,70.96240234375,1.496786,4.171213
1119,13.011627906976745,2764.0,66.96240234375,0.723525,5.580338
1120,13.023255813953488,2750.0,52.96240234375,-1.506947,4.659265
1121,13.034883720930234,2752.0,54.96240234375,-4.731922,1.704928
1122,13.046511627906977,2741.0,43.96240234375,-7.952211,-2.100989
1123,13.05813953488372,2743.0,45.96240234375,-10.003282,-5.182716
1124,13.069767441860465,2780.0,82.96240234375,-10.138438,-6.447265
1125,13.08139534883721,2746.0,48.96240234375,-8.371244,-5.745552
1126,13.093023255813954,2752.0,54.96240234375,-5.370037,-3.786356
1127,13.104651162790697,2768.0,70.96240234375,-2.161357,-1.686404
1128,13.116279069767442,2772.0,74.96240234375,0.314632,-0.372194
1129,13.127906976744185,2758.0,60.96240234375,1.553269,-0.117499
1130,13.13953488372093,2757.0,59.96240234375,1.703431,-0.460909
1131,13.151162790697676,2771.0,73.96240234375,1.37813,-0.606849
1132,13.162790697674419,2770.0,72.96240234375,1.32752,0.074834
1133,13.174418604651162,2766.0,68.96240234375,2.022171,1.579207
1134,13.186046511627907,2765.0,67.96240234375,3.552311,3.391445
1135,13.19767441860465,2774.0,76.96240234375,5.514102,4.641885
1136,13.209302325581396,2809.0,111.96240234375,7.176467,4.618393
1137,13.22093023255814,2768.0,70.96240234375,7.759372,3.094161
1138,13.232558139534884,2768.0,70.96240234375,6.842826,0.595881
1139,13.244186046511627,2768.0,70.96240234375,4.440409,-2.005906
1140,13.25581395348837,2763.0,65.96240234375,1.044019,-3.780619
1141,13.267441860465116,2747.0,49.96240234375,-2.528394,-4.216223
1142,13.279069767441861,2744.0,46.96240234375,-5.373705,-3.252008
1143,13.290697674418604,2751.0,53.96240234375,-6.856214,-1.380639
1144,13.30232558139535,2762.0,64.96240234375,-6.846776,0.607255
1145,13.313953488372093,2779.0,81.96240234375,-5.694938,2.008955
1146,13.325581395348836,2780.0,82.96240234375,-4.185114,2.295969
1147,13.337209302325583,2771.0,73.96240234375,-3.030527,1.447321
1148,13.348837209302326,2778.0,80.96240234375,-2.58906,-0.156439
1149,13.36046511627907,2768.0,70.96240234375,-2.661683,-1.78143
1150,13.372093023255815,2787.0,89.96240234375,-2.626963,-2.689403
1151,13.383720930232558,2768.0,70.96240234375,-1.806855,-2.37827
1152,13.395348837209301,2794.0,96.96240234375,0.139701,-0.810564
1153,13.406976744186046,2774.0,76.96240234375,2.911523,1.525263
1154,13.418604651162791,2771.0,73.96240234375,5.656498,3.784914
1155,13.430232558139535,2771.0,73.96240234375,7.365471,5.06917
1156,13.441860465116278,2764.0,66.96240234375,7.307524,4.786304
1157,13.453488372093023,2768.0,70.96240234375,5.531787,2.957201
1158,13.465116279069768,2758.0,60.96240234375,2.750016,0.238084
1159,13.476744186046512,2777.0,79.96240234375,0.138009,-2.33789
1160,13.488372093023257,2758.0,60.96240234375,-1.407781,-3.839459
1161,13.5,2751.0,53.96240234375,-1.552817,-3.80168
1162,13.511627906976743,2736.0,38.96240234375,-0.793079,-2.468255
1163,13.523255813953488,2751.0,53.96240234375,-0.015361,-0.557732
1164,13.534883720930234,2736.0,38.96240234375,-0.115881,1.002383
1165,13.546511627906977,2746.0,48.96240234375,-1.334314,1.669306
1166,13.55813953488372,2752.0,54.96240234375,-3.280203,1.345074
1167,13.569767441860465,2725.0,27.96240234375,-5.118537,0.441767
1168,13.581395348837209,2767.0,69.96240234375,-5.986334,-0.444632
1169,13.593023255813954,2736.0,38.96240234375,-5.709549,-1.068422
1170,13.604651162790699,2793.0,95.96240234375,-4.579943,-1.426152
1171,13.616279069767442,2752.0,54.96240234375,-3.433568,-1.953574
1172,13.627906976744185,2774.0,76.96240234375,-2.762436,-2.857518
1173,13.63953488372093,2759.0,61.96240234375,-2.595297,-4.017779
1174,13.651162790697674,2759.0,61.96240234375,-2.162565,-4.700756
1175,13.662790697674419,2768.0,70.96240234375,-0.499566,-3.986086
1176,13.674418604651164,2746.0,48.96240234375,3.00856,-1.238943
1177,13.686046511627907,2761.0,63.96240234375,8.059167,3.373919
1178,13.69767441860465,2736.0,38.96240234375,13.308612,8.708315
1179,13.709302325581394,2743.0,45.96240234375,16.809399,12.883384
1180,13.72093023255814,2736.0,38.96240234375,16.802776,14.086557
1181,13.732558139534884,2737.0,39.96240234375,12.532729,11.26537
1182,13.744186046511627,2711.0,13.96240234375,4.687661,4.822677
1183,13.755813953488373,2713.0,15.96240234375,-4.717067,-3.530001
1184,13.767441860465116,2699.0,1.96240234375,-13.082044,-11.193237
1185,13.77906976744186,2705.0,7.96240234375,-18.110588,-15.68615
1186,13.790697674418606,2685.0,-12.03759765625,-18.683643,-15.608338
1187,13.80232558139535,2701.0,3.96240234375,-15.095105,-11.075647
1188,13.813953488372093,2683.0,-14.03759765625,-8.970676,-3.770045
1189,13.825581395348838,2704.0,6.96240234375,-2.527832,3.789364
1190,13.837209302325581,2713.0,15.96240234375,2.212927,9.086289
1191,13.848837209302324,2707.0,9.96240234375,4.145072,10.594169
1192,13.86046511627907,2725.0,27.96240234375,3.393566,8.206078
1193,13.872093023255815,2711.0,13.96240234375,1.175249,3.277183
1194,13.883720930232558,2731.0,33.96240234375,-0.675619,-2.000588
1195,13.895348837209301,2740.0,42.96240234375,-0.582834,-5.490591
1196,13.906976744186046,2748.0,50.96240234375,2.224868,-5.852159
1197,13.918604651162791,2758.0,60.96240234375,7.224493,-3.111216
1198,13.930232558139535,2753.0,55.96240234375,12.745248,1.40412
1199,13.94186046511628,2751.0,53.96240234375,16.610437,5.716614
1200,13.953488372093023,2738.0,40.96240234375,16.857115,7.888464
1201,13.965116279069766,2743.0,45.96240234375,12.637464,6.93885
1202,13.976744186046512,2717.0,19.96240234375,4.58579,3.090884
1203,13.988372093023257,2730.0,32.96240234375,-5.236797,-2.239564
1204,14.0,2687.0,-10.03759765625,-14.182384,-7.156644
1205,14.011627906976743,2707.0,9.96240234375,-19.807497,-9.975708
1206,14.023255813953488,2673.0,-24.03759765625,-20.901241,-9.914698
1207,14.034883720930232,2678.0,-19.03759765625,-17.67845,-7.224237
1208,14.046511627906977,2672.0,-25.03759765625,-11.686219,-2.993013
1209,14.058139534883722,2655.0,-42.03759765625,-5.017677,1.379621
1210,14.069767441860465,2671.0,-26.03759765625,0.531841,4.83507
1211,14.081395348837209,2669.0,-28.03759765625,4.044036,6.835513
1212,14.093023255813954,2683.0,-14.03759765625,5.64094,7.424749
1213,14.104651162790697,2670.0,-27.03759765625,6.085004,6.943289
1214,14.116279069767442,2707.0,9.96240234375,6.286082,5.727086
1215,14.127906976744187,2688.0,-9.03759765625,6.736552,3.970386
1216,14.13953488372093,2717.0,19.96240234375,7.465854,1.804069
1217,14.151162790697674,2704.0,6.96240234375,8.069996,-0.55542
1218,14.162790697674417,2731.0,33.96240234375,8.1961,-2.623932
1219,14.174418604651164,2710.0,12.96240234375,7.662426,-3.833378
1220,14.186046511627907,2725.0,27.96240234375,6.633853,-3.709281
1221,14.19767441860465,2731.0,33.96240234375,5.373125,-2.245911
1222,14.209302325581396,2725.0,27.96240234375,3.972507,-0.037231
1223,14.220930232558139,2736.0,38.96240234375,2.244079,1.850784
1224,14.232558139534882,2709.0,11.96240234375,-0.229059,2.358769
1225,14.24418604651163,2716.0,18.96240234375,-3.731498,0.911906
1226,14.255813953488373,2688.0,-9.03759765625,-8.194221,-2.25833
1227,14.267441860465116,2701.0,3.96240234375,-12.894556,-6.111986
1228,14.279069767441861,2694.0,-3.03759765625,-16.713266,-9.162281
1229,14.290697674418604,2695.0,-2.03759765625,-18.407623,-10.115713
1230,14.30232558139535,2667.0,-30.03759765625,-17.216465,-8.363943
1231,14.313953488372093,2672.0,-25.03759765625,-13.089413,-4.197991
1232,14.325581395348838,2640.0,-57.03759765625,-6.873991,1.234849
1233,14.337209302325581,2669.0,-28.03759765625,0.044892,6.483108
1234,14.348837209302324,2660.0,-37.03759765625,6.102167,10.134434
1235,14.36046511627907,2667.0,-30.03759765625,10.212028,11.457747
1236,14.372093023255815,2683.0,-14.03759765625,12.002348,10.358376
1237,14.383720930232558,2677.0,-20.03759765625,11.87195,7.471285
1238,14.395348837209303,2694.0,-3.03759765625,10.791046,3.821318
1239,14.406976744186046,2704.0,6.96240234375,9.818571,0.511066
1240,14.41860465116279,2706.0,8.96240234375,9.6487,-1.661506
1241,14.430232558139535,2707.0,9.96240234375,10.32947,-2.33416
1242,14.44186046511628,2694.0,-3.03759765625,11.231959,-1.743113
1243,14.453488372093023,2703.0,5.96240234375,11.357952,-0.482245
1244,14.465116279069768,2698.0,0.96240234375,9.715298,0.623128
1245,14.476744186046512,2705.0,7.96240234375,5.874333,0.94635
1246,14.488372093023255,2698.0,0.96240234375,0.102463,0.212187
1247,14.5,2693.0,-4.03759765625,-6.57411,-1.317221
1248,14.511627906976745,2678.0,-19.03759765625,-12.786755,-3.073163
1249,14.523255813953488,2689.0,-8.03759765625,-17.268185,-4.431069
1250,14.534883720930232,2635.0,-62.03759765625,-19.421198,-5.091593
1251,14.546511627906977,2678.0,-19.03759765625,-19.27943,-5.098174
1252,14.55813953488372,2658.0,-39.03759765625,-17.60533,-4.908539
1253,14.569767441860465,2671.0,-26.03759765625,-15.26338,-4.97768
1254,14.58139534883721,2647.0,-50.03759765625,-12.767124,-5.339624
1255,14.593023255813954,2672.0,-25.03759765625,-10.068995,-5.543267
1256,14.604651162790697,2647.0,-50.03759765625,-6.688281,-4.865501
1257,14.616279069767442,2657.0,-40.03759765625,-1.982146,-2.542089
1258,14.627906976744187,2656.0,-41.03759765625,4.251737,1.533489
1259,14.63953488372093,2672.0,-25.03759765625,11.485477,6.679004
1260,14.651162790697674,2688.0,-9.03759765625,18.505577,11.488249
1261,14.662790697674419,2672.0,-25.03759765625,23.843792,14.453822
1262,14.674418604651162,2666.0,-31.03759765625,26.365425,14.600647
1263,14.686046511627906,2672.0,-25.03759765625,25.667032,11.936439
1264,14.697674418604652,2677.0,-20.03759765625,22.142033,7.41293
1265,14.709302325581396,2672.0,-25.03759765625,16.694954,2.472409
1266,14.720930232558139,2655.0,-42.03759765625,10.363544,-1.53507
1267,14.732558139534884,2674.0,-23.03759765625,3.80542,-4.062039
1268,14.744186046511627,2660.0,-37.03759765625,-2.767272,-5.361385
1269,14.755813953488373,2663.0,-34.03759765625,-9.301003,-6.162707
1270,14.767441860465118,2656.0,-41.03759765625,-15.596432,-7.065521
1271,14.779069767441861,2662.0,-35.03759765625,-21.05887,-8.172951
1272,14.790697674418604,2642.0,-55.03759765625,-24.788465,-8.929132
1273,14.802325581395348,2643.0,-54.03759765625,-25.878603,-8.532799
1274,14.813953488372093,2640.0,-57.03759765625,-23.935509,-6.452671
1275,14.825581395348838,2652.0,-45.03759765625,-19.313448,-2.8701
1276,14.837209302325581,2639.0,-58.03759765625,-13.091477,1.261562
1277,14.848837209302326,2640.0,-57.03759765625,-6.598722,4.693146
1278,14.86046511627907,2653.0,-44.03759765625,-0.850046,6.418451
1279,14.872093023255813,2647.0,-50.03759765625,3.746707,6.138292
1280,14.88372093023256,2637.0,-60.03759765625,7.491855,4.39445
1281,14.895348837209303,2628.0,-69.03759765625,10.902458,2.135547
1282,14.906976744186046,2630.0,-67.03759765625,14.333446,0.29761
1283,14.918604651162791,2630.0,-67.03759765625,17.528648,-0.764908
1284,14.930232558139535,2612.0,-85.03759765625,19.738585,-1.174767
1285,14.941860465116278,2637.0,-60.03759765625,20.188107,-1.321869
1286,14.953488372093023,2580.0,-117.03759765625,18.436903,-1.409912
1287,14.965116279069768,2611.0,-86.03759765625,14.901035,-1.151602
1288,14.976744186046512,2570.0,-127.03759765625,10.426592,-0.066344
1289,14.988372093023255,2597.0,-100.03759765625,6.082687,2.24
1290,15.0,2576.0,-121.03759765625,2.331245,5.42902
1291,15.011627906976745,2585.0,-112.03759765625,-1.055034,8.409473
1292,15.023255813953488,2559.0,-138.03759765625,-4.910375,9.606323
1293,15.034883720930234,2578.0,-119.03759765625,-9.883866,7.872207
1294,15.046511627906977,2583.0,-114.03759765625,-15.95864,3.03091
1295,15.05813953488372,2590.0,-107.03759765625,-22.03587,-3.705835
1296,15.069767441860465,2597.0,-100.03759765625,-26.23875,-10.149963
1297,15.08139534883721,2579.0,-118.03759765625,-26.813684,-14.052983
1298,15.093023255813954,2603.0,-94.03759765625,-22.791361,-13.953223
1299,15.104651162790697,2586.0,-111.03759765625,-14.843951,-10.070208
1300,15.116279069767442,2624.0,-73.03759765625,-4.774421,-3.885516
1301,15.127906976744185,2575.0,-122.03759765625,4.832439,2.227532
1302,15.139534883720929,2608.0,-89.03759765625,12.027726,6.39039
1303,15.151162790697676,2611.0,-86.03759765625,15.937661,7.757412
1304,15.162790697674419,2626.0,-71.03759765625,17.039225,6.78217
1305,15.174418604651162,2607.0,-90.03759765625,16.60815,4.763117
1306,15.186046511627907,2640.0,-57.03759765625,15.889807,3.003677
1307,15.19767441860465,2626.0,-71.03759765625,15.379642,2.1563
1308,15.209302325581396,2642.0,-55.03759765625,14.670642,1.996864
1309,15.22093023255814,2653.0,-44.03759765625,12.854475,1.737653
1310,15.232558139534884,2653.0,-44.03759765625,9.194551,0.702057
1311,15.244186046511627,2657.0,-40.03759765625,3.751349,-1.193938
1312,15.25581395348837,2666.0,-31.03759765625,-2.583782,-3.318343
1313,15.267441860465116,2672.0,-25.03759765625,-8.422126,-4.722136
1314,15.279069767441861,2666.0,-31.03759765625,-12.587708,-4.739175
1315,15.290697674418604,2661.0,-36.03759765625,-14.567072,-3.324332
1316,15.30232558139535,2667.0,-30.03759765625,-14.691614,-1.22071
1317,15.313953488372093,2670.0,-27.03759765625,-13.711093,0.554382
1318,15.325581395348836,2669.0,-28.03759765625,-12.324469,1.24313
1319,15.337209302325583,2666.0,-31.03759765625,-10.674476,0.851748
1320,15.348837209302326,2670.0,-27.03759765625,-8.365651,0.131282
1321,15.36046511627907,2663.0,-34.03759765625,-4.905221,0.053247
1322,15.372093023255815,2672.0,-25.03759765625,-0.135606,1.271149
1323,15.383720930232558,2667.0,-30.03759765625,5.312115,3.576419
1324,15.395348837209301,2671.0,-26.03759765625,10.246949,5.9713
1325,15.406976744186046,2672.0,-25.03759765625,13.367433,7.116563
1326,15.418604651162791,2678.0,-19.03759765625,13.911797,6.045136
1327,15.430232558139535,2667.0,-30.03759765625,12.042502,2.739655
1328,15.441860465116278,2674.0,-23.03759765625,8.776921,-1.820535
1329,15.453488372093023,2674.0,-23.03759765625,5.442698,-6.039256
1330,15.465116279069768,2699.0,1.96240234375,3.011311,-8.515648
1331,15.476744186046512,2677.0,-20.03759765625,1.630293,-8.551261
1332,15.488372093023257,2677.0,-20.03759765625,0.660299,-6.460157
1333,15.5,2679.0,-18.03759765625,-0.802436,-3.238931
1334,15.511627906976743,2688.0,-9.03759765625,-3.413654,-0.101881
1335,15.523255813953488,2699.0,1.96240234375,-6.958725,2.19893
1336,15.534883720930234,2686.0,-11.03759765625,-10.50148,3.482283
1337,15.546511627906977,2699.0,1.96240234375,-12.675103,4.105618
1338,15.55813953488372,2704.0,6.96240234375,-12.442834,4.473712
1339,15.569767441860465,2689.0,-8.03759765625,-9.641285,4.622399
1340,15.581395348837209,2693.0,-4.03759765625,-4.989747,4.219578
1341,15.593023255813954,2704.0,6.96240234375,0.15315,2.773501
1342,15.604651162790699,2703.0,5.96240234375,4.445545,0.081048
1343,15.616279069767442,2727.0,29.96240234375,7.070296,-3.392566
1344,15.627906976744185,2693.0,-4.03759765625,8.014225,-6.521035
1345,15.63953488372093,2693.0,-4.03759765625,7.863894,-7.911367
1346,15.651162790697674,2682.0,-15.03759765625,7.384085,-6.576761
1347,15.662790697674417,2692.0,-5.03759765625,6.981181,-2.55047
1348,15.674418604651162,2671.0,-26.03759765625,6.543697,3.010995
1349,15.686046511627906,2671.0,-26.03759765625,5.526438,8.143129
1350,15.697674418604652,2663.0,-34.03759765625,3.37896,10.892135
1351,15.709302325581396,2673.0,-24.03759765625,-0.013171,10.131642
1352,15.72093023255814,2659.0,-38.03759765625,-4.172465,6.029014
1353,15.732558139534884,2658.0,-39.03759765625,-8.01527,0.022612
1354,15.744186046511627,2665.0,-32.03759765625,-10.368464,-5.806221
1355,15.755813953488373,2675.0,-22.03759765625,-10.36865,-9.543219
1356,15.767441860465116,2695.0,-2.03759765625,-7.926533,-10.122651
1357,15.77906976744186,2687.0,-10.03759765625,-3.730972,-7.705968
1358,15.790697674418604,2699.0,1.96240234375,1.001875,-3.36956
1359,15.802325581395348,2672.0,-25.03759765625,4.952026,1.325392
1360,15.813953488372091,2691.0,-6.03759765625,7.182768,5.0234
1361,15.82558139534884,2681.0,-16.03759765625,7.393745,6.97323
1362,15.837209302325583,2704.0,6.96240234375,5.899102,7.018005
1363,15.848837209302326,2713.0,15.96240234375,3.453264,5.560443
1364,15.86046511627907,2721.0,23.96240234375,0.84395,3.103937
1365,15.872093023255815,2713.0,15.96240234375,-1.368921,0.178978
1366,15.883720930232558,2704.0,6.96240234375,-2.926764,-2.755167
1367,15.895348837209301,2704.0,6.96240234375,-3.864192,-5.264046
1368,15.906976744186046,2714.0,16.96240234375,-4.290905,-6.86749
1369,15.91860465116279,2704.0,6.96240234375,-4.274319,-7.09869
1370,15.930232558139533,2704.0,6.96240234375,-3.75298,-5.675025
1371,15.941860465116278,2697.0,-0.03759765625,-2.634622,-2.6957
1372,15.953488372093025,2689.0,-8.03759765625,-0.957367,1.197997
1373,15.965116279069768,2702.0,4.96240234375,1.067745,5.025082
1374,15.976744186046513,2689.0,-8.03759765625,2.978237,7.692008
1375,15.988372093023257,2689.0,-8.03759765625,4.302081,8.448788
1376,16.0,2674.0,-23.03759765625,4.682892,7.109265
1377,16.011627906976745,2647.0,-50.03759765625,4.077815,4.173831
1378,16.023255813953487,2686.0,-11.03759765625,2.793244,0.653322
1379,16.03488372093023,2667.0,-30.03759765625,1.30354,-2.424737
1380,16.046511627906977,2679.0,-18.03759765625,0.018534,-4.375122
1381,16.05813953488372,2674.0,-23.03759765625,-0.758408,-4.928569
1382,16.069767441860463,2690.0,-7.03759765625,-1.017685,-4.321088
1383,16.081395348837212,2686.0,-11.03759765625,-0.923012,-3.037501
1384,16.093023255813954,2717.0,19.96240234375,-0.713822,-1.640528
1385,16.1046511627907,2704.0,6.96240234375,-0.535077,-0.461962
1386,16.116279069767444,2722.0,24.96240234375,-0.406632,0.360073
1387,16.127906976744185,2725.0,27.96240234375,-0.263104,0.891736
1388,16.13953488372093,2725.0,27.96240234375,-0.057671,1.228306
1389,16.151162790697676,2755.0,57.96240234375,0.206386,1.512047
1390,16.162790697674417,2717.0,19.96240234375,0.387619,1.761409
1391,16.174418604651162,2723.0,25.96240234375,0.362791,2.036822
1392,16.186046511627907,2717.0,19.96240234375,0.016286,2.267534
1393,16.19767441860465,2714.0,16.96240234375,-0.643551,2.386847
1394,16.209302325581397,2705.0,7.96240234375,-1.510568,2.24124
1395,16.220930232558143,2713.0,15.96240234375,-2.419832,1.660062
1396,16.232558139534884,2704.0,6.96240234375,-3.280625,0.519432
1397,16.24418604651163,2689.0,-8.03759765625,-3.974402,-1.148833
1398,16.25581395348837,2701.0,3.96240234375,-4.401932,-3.062918
1399,16.267441860465116,2704.0,6.96240234375,-4.445906,-4.81572
1400,16.27906976744186,2693.0,-4.03759765625,-3.97321,-5.902764
1401,16.290697674418603,2707.0,9.96240234375,-2.800167,-5.949139
1402,16.302325581395348,2718.0,20.96240234375,-0.879488,-4.82049
1403,16.313953488372093,2709.0,11.96240234375,1.694609,-2.68975
1404,16.325581395348834,2718.0,20.96240234375,4.676732,0.10709
1405,16.337209302325583,2715.0,17.96240234375,7.694521,3.151765
1406,16.348837209302328,2719.0,21.96240234375,10.28533,6.005909
1407,16.36046511627907,2721.0,23.96240234375,11.9637,8.264353
1408,16.372093023255815,2752.0,54.96240234375,12.31894,9.50253
1409,16.38372093023256,2736.0,38.96240234375,10.967783,9.235023
1410,16.3953488372093,2771.0,73.96240234375,7.789093,7.15795
1411,16.406976744186046,2758.0,60.96240234375,2.926624,3.216535
1412,16.41860465116279,2753.0,55.96240234375,-2.956888,-1.94743
1413,16.430232558139533,2751.0,53.96240234375,-8.731134,-7.129936
1414,16.441860465116278,2750.0,52.96240234375,-13.08042,-10.74196
1415,16.453488372093023,2768.0,70.96240234375,-14.787221,-11.41431
1416,16.46511627906977,2732.0,34.96240234375,-13.488348,-8.73355
1417,16.476744186046513,2748.0,50.96240234375,-9.611032,-3.38166
1418,16.48837209302326,2730.0,32.96240234375,-4.643429,2.77681
1419,16.5,2727.0,29.96240234375,-0.354011,7.542953
1420,16.511627906976745,2721.0,23.96240234375,1.770871,9.17624
1421,16.52325581395349,2726.0,28.96240234375,1.30402,7.219863
1422,16.53488372093023,2735.0,37.96240234375,-1.011734,2.64986
1423,16.546511627906977,2720.0,22.96240234375,-3.521953,-2.524575
1424,16.558139534883722,2731.0,33.96240234375,-4.445025,-6.196413
1425,16.569767441860463,2737.0,39.96240234375,-2.78101,-7.097367
1426,16.58139534883721,2736.0,38.96240234375,1.22555,-5.357018
1427,16.59302325581395,2747.0,49.96240234375,6.156648,-2.266925
1428,16.6046511627907,2757.0,59.96240234375,10.194813,0.473588
1429,16.616279069767444,2762.0,64.96240234375,11.906464,1.619829
1430,16.627906976744185,2785.0,87.96240234375,11.080028,1.113038
1431,16.63953488372093,2754.0,56.96240234375,8.504998,-0.188414
1432,16.651162790697676,2773.0,75.96240234375,5.763908,-0.834848
1433,16.662790697674417,2767.0,69.96240234375,4.153677,0.195586
1434,16.674418604651162,2757.0,59.96240234375,4.115496,2.973792
1435,16.686046511627907,2785.0,87.96240234375,4.960396,6.507282
1436,16.69767441860465,2738.0,40.96240234375,5.294178,9.20537
1437,16.709302325581394,2754.0,56.96240234375,3.830137,9.730669
1438,16.72093023255814,2744.0,46.96240234375,0.00933,7.570299
1439,16.732558139534884,2738.0,40.96240234375,-5.634417,3.240534
1440,16.74418604651163,2720.0,22.96240234375,-11.753474,-1.969674
1441,16.755813953488374,2726.0,28.96240234375,-16.742073,-6.623776
1442,16.767441860465116,2724.0,26.96240234375,-19.41868,-9.6481
1443,16.77906976744186,2714.0,16.96240234375,-19.366966,-10.644731
1444,16.790697674418606,2725.0,27.96240234375,-16.895233,-9.825293
1445,16.802325581395348,2721.0,23.96240234375,-12.740582,-7.703545
1446,16.813953488372093,2745.0,47.96240234375,-7.594355,-4.796514
1447,16.825581395348838,2736.0,38.96240234375,-1.954882,-1.531287
1448,16.83720930232558,2742.0,44.96240234375,3.918084,1.76735
1449,16.848837209302324,2743.0,45.96240234375,9.742627,4.713906
1450,16.86046511627907,2738.0,40.96240234375,15.050393,6.851363
1451,16.872093023255815,2743.0,45.96240234375,19.136831,7.718752
1452,16.88372093023256,2768.0,70.96240234375,21.271652,7.099356
1453,16.8953488372093,2753.0,55.96240234375,20.900406,5.080671
1454,16.906976744186046,2773.0,75.96240234375,18.003609,2.217306
1455,16.91860465116279,2775.0,77.96240234375,13.049501,-0.773457
1456,16.930232558139533,2758.0,60.96240234375,6.91282,-3.198419
1457,16.941860465116278,2754.0,56.96240234375,0.596649,-4.594195
1458,16.953488372093023,2759.0,61.96240234375,-5.008829,-4.796912
1459,16.965116279069765,2761.0,63.96240234375,-9.32981,-3.893032
1460,16.97674418604651,2721.0,23.96240234375,-12.087469,-2.117672
1461,16.98837209302326,2742.0,44.96240234375,-13.263968,0.33306
1462,17.0,2709.0,11.96240234375,-13.139902,3.040659
1463,17.011627906976745,2720.0,22.96240234375,-12.101398,5.490159
1464,17.02325581395349,2703.0,5.96240234375,-10.681279,6.898337
1465,17.03488372093023,2711.0,13.96240234375,-9.335922,6.554659
1466,17.046511627906977,2717.0,19.96240234375,-8.395323,4.015448
1467,17.058139534883722,2707.0,9.96240234375,-7.838654,-0.431004
1468,17.069767441860463,2736.0,38.96240234375,-7.212059,-5.640102
1469,17.08139534883721,2727.0,29.96240234375,-5.884858,-9.971512
1470,17.093023255813954,2736.0,38.96240234375,-3.198814,-11.798345
1471,17.104651162790695,2735.0,37.96240234375,1.137946,-10.190883
1472,17.116279069767444,2764.0,66.96240234375,6.812254,-5.476296
1473,17.12790697674419,2749.0,51.96240234375,12.896507,0.883906
1474,17.13953488372093,2746.0,48.96240234375,18.068796,6.726404
1475,17.151162790697676,2758.0,60.96240234375,21.100277,10.176242
1476,17.16279069767442,2751.0,53.96240234375,21.207407,10.308238
1477,17.174418604651162,2748.0,50.96240234375,18.402409,7.556817
1478,17.186046511627907,2749.0,51.96240234375,13.363851,3.425029
1479,17.19767441860465,2753.0,55.96240234375,7.196667,-0.249003
1480,17.209302325581394,2755.0,57.96240234375,0.979409,-2.161695
1481,17.22093023255814,2743.0,45.96240234375,-4.534385,-2.113647
1482,17.23255813953488,2743.0,45.96240234375,-9.080236,-0.899918
1483,17.24418604651163,2755.0,57.96240234375,-12.762974,0.11229
1484,17.255813953488374,2725.0,27.96240234375,-15.814904,-0.20353
1485,17.267441860465116,2729.0,31.96240234375,-18.225805,-2.089159
1486,17.27906976744186,2737.0,39.96240234375,-19.654053,-4.773928
1487,17.290697674418606,2710.0,12.96240234375,-19.580616,-6.939997
1488,17.302325581395348,2746.0,48.96240234375,-17.407393,-7.283496
1489,17.313953488372093,2758.0,60.96240234375,-13.015051,-5.381321
1490,17.325581395348838,2750.0,52.96240234375,-6.781639,-1.816503
1491,17.33720930232558,2746.0,48.96240234375,0.366127,2.070826
1492,17.348837209302324,2755.0,57.96240234375,7.276776,4.834566
1493,17.36046511627907,2765.0,67.96240234375,12.894499,5.642327
1494,17.372093023255815,2764.0,66.96240234375,16.606386,4.600951
1495,17.38372093023256,2764.0,66.96240234375,18.36512,2.697702
1496,17.395348837209305,2758.0,60.96240234375,18.549507,1.225813
1497,17.406976744186046,2752.0,54.96240234375,17.6689,1.116556
1498,17.41860465116279,2770.0,72.96240234375,16.066933,2.470281
1499,17.430232558139537,2754.0,56.96240234375,13.653283,4.403931
1500,17.441860465116278,2758.0,60.96240234375,10.113912,5.625926
1501,17.453488372093023,2750.0,52.96240234375,5.148034,5.023281
1502,17.46511627906977,2768.0,70.96240234375,-1.131798,2.325221
1503,17.47674418604651,2755.0,57.96240234375,-8.014664,-1.767469
1504,17.488372093023255,2737.0,39.96240234375,-14.292227,-5.814203
1505,17.5,2746.0,48.96240234375,-18.605272,-8.245157
1506,17.511627906976745,2738.0,40.96240234375,-20.04512,-8.14613
1507,17.52325581395349,2748.0,50.96240234375,-18.54987,-5.676655
1508,17.53488372093023,2718.0,20.96240234375,-14.88703,-1.94761
1509,17.546511627906977,2746.0,48.96240234375,-10.381486,1.451307
1510,17.558139534883722,2759.0,61.96240234375,-6.381327,3.025084
1511,17.569767441860463,2733.0,35.96240234375,-3.716155,2.077725
1512,17.58139534883721,2738.0,40.96240234375,-2.274472,-0.960252
1513,17.593023255813954,2736.0,38.96240234375,-1.26013,-4.764188
1514,17.604651162790695,2752.0,54.96240234375,0.484351,-7.556735
1515,17.61627906976744,2763.0,65.96240234375,3.736816,-7.900287
1516,17.62790697674419,2753.0,55.96240234375,8.540127,-5.20381
1517,17.63953488372093,2736.0,38.96240234375,14.086994,0.06672
1518,17.651162790697676,2736.0,38.96240234375,18.991255,6.489807
1519,17.66279069767442,2739.0,41.96240234375,21.87192,12.301979
1520,17.674418604651162,2736.0,38.96240234375,21.725109,15.751904
1521,17.686046511627907,2730.0,32.96240234375,18.362379,15.893391
1522,17.697674418604652,2736.0,38.96240234375,12.367841,12.704674
1523,17.709302325581394,2743.0,45.96240234375,4.824606,7.063783
1524,17.72093023255814,2735.0,37.96240234375,-3.08742,0.398364
1525,17.732558139534884,2740.0,42.96240234375,-10.326643,-5.818048
1526,17.744186046511626,2743.0,45.96240234375,-16.187859,-10.434197
1527,17.755813953488374,2727.0,29.96240234375,-20.279121,-12.975181
1528,17.76744186046512,2749.0,51.96240234375,-22.297907,-13.400058
1529,17.77906976744186,2730.0,32.96240234375,-22.067602,-12.074162
1530,17.790697674418606,2715.0,17.96240234375,-19.507919,-9.417655
1531,17.802325581395348,2718.0,20.96240234375,-14.736182,-5.759676
1532,17.813953488372093,2729.0,31.96240234375,-8.234307,-1.429465
1533,17.825581395348838,2726.0,28.96240234375,-0.937215,3.093258
1534,17.83720930232558,2727.0,29.96240234375,5.981456,7.120177
1535,17.848837209302324,2722.0,24.96240234375,11.350674,9.792459
1536,17.86046511627907,2730.0,32.96240234375,14.392438,10.337734
1537,17.87209302325581,2753.0,55.96240234375,14.940308,8.457851
1538,17.883720930232556,2718.0,20.96240234375,13.513944,4.605018
1539,17.895348837209305,2725.0,27.96240234375,11.109797,-0.023378
1540,17.906976744186046,2699.0,1.96240234375,8.816056,-3.810683
1541,17.91860465116279,2716.0,18.96240234375,7.370679,-5.440175
1542,17.930232558139537,2674.0,-23.03759765625,6.788015,-4.483391
1543,17.941860465116278,2676.0,-21.03759765625,6.497878,-1.568038
1544,17.953488372093023,2672.0,-25.03759765625,5.509321,1.784687
1545,17.96511627906977,2682.0,-15.03759765625,2.999649,3.854113
1546,17.97674418604651,2638.0,-59.03759765625,-1.407001,3.448725
1547,17.988372093023255,2672.0,-25.03759765625,-7.107461,0.591243
1548,18.0,2641.0,-56.03759765625,-12.898075,-3.565258
1549,18.01162790697674,2643.0,-54.03759765625,-17.1653,-7.172156
1550,18.02325581395349,2654.0,-43.03759765625,-18.577028,-8.484438
1551,18.034883720930235,2640.0,-57.03759765625,-16.589762,-6.729116
1552,18.046511627906977,2638.0,-59.03759765625,-11.618271,-2.313434
1553,18.058139534883722,2646.0,-51.03759765625,-4.980791,3.255753
1554,18.069767441860467,2651.0,-46.03759765625,1.615465,8.049906
1555,18.08139534883721,2640.0,-57.03759765625,6.654819,10.541439
1556,18.093023255813954,2661.0,-36.03759765625,9.327006,10.09979
1557,18.104651162790695,2642.0,-55.03759765625,9.655471,7.1664
1558,18.11627906976744,2658.0,-39.03759765625,8.435106,2.949845
1559,18.127906976744185,2668.0,-29.03759765625,6.710999,-1.143434
1560,18.139534883720927,2676.0,-21.03759765625,5.403917,-4.033673
1561,18.151162790697676,2661.0,-36.03759765625,4.840741,-5.351385
1562,18.16279069767442,2694.0,-3.03759765625,4.88634,-5.282317
1563,18.174418604651162,2685.0,-12.03759765625,4.95508,-4.434262
1564,18.186046511627907,2693.0,-4.03759765625,4.428693,-3.466312
1565,18.197674418604652,2688.0,-9.03759765625,2.999114,-2.777444
1566,18.209302325581394,2705.0,7.96240234375,0.666453,-2.515831
1567,18.22093023255814,2691.0,-6.03759765625,-2.212643,-2.626758
1568,18.232558139534884,2704.0,6.96240234375,-5.102622,-2.83575
1569,18.244186046511626,2685.0,-12.03759765625,-7.532207,-2.967608
1570,18.25581395348837,2705.0,7.96240234375,-9.152879,-2.770079
1571,18.267441860465116,2721.0,23.96240234375,-9.78049,-2.125444
1572,18.27906976744186,2702.0,4.96240234375,-9.34774,-0.908852
1573,18.290697674418606,2704.0,6.96240234375,-7.81303,0.945059
1574,18.30232558139535,2685.0,-12.03759765625,-5.201022,3.395871
1575,18.313953488372093,2698.0,0.96240234375,-1.677138,6.262104
1576,18.325581395348838,2686.0,-11.03759765625,2.356004,9.125135
1577,18.337209302325583,2689.0,-8.03759765625,6.23478,11.379616
1578,18.348837209302324,2677.0,-20.03759765625,9.148608,12.275103
1579,18.36046511627907,2673.0,-24.03759765625,10.398711,11.175288
1580,18.372093023255815,2666.0,-31.03759765625,9.626686,7.710981
1581,18.383720930232556,2672.0,-25.03759765625,7.019701,2.07829
1582,18.3953488372093,2698.0,0.96240234375,3.354404,-4.877711
1583,18.406976744186046,2684.0,-13.03759765625,-0.348571,-11.84076
1584,18.41860465116279,2687.0,-10.03759765625,-2.988888,-17.142822
1585,18.430232558139537,2680.0,-17.03759765625,-3.845806,-19.290358
1586,18.441860465116278,2703.0,5.96240234375,-2.812106,-17.494715
1587,18.453488372093023,2704.0,6.96240234375,-0.480782,-12.013777
1588,18.46511627906977,2710.0,12.96240234375,2.100151,-4.165817
1589,18.47674418604651,2707.0,9.96240234375,3.762683,4.064022
1590,18.488372093023255,2706.0,8.96240234375,3.533185,10.459011
1591,18.5,2715.0,17.96240234375,1.117357,13.529147
1592,18.51162790697674,2704.0,6.96240234375,-3.119766,12.81528
1593,18.523255813953487,2714.0,16.96240234375,-8.053346,9.17007
1594,18.534883720930235,2719.0,21.96240234375,-12.225444,4.307628
1595,18.546511627906977,2713.0,15.96240234375,-14.209602,0.111185
1596,18.558139534883722,2690.0,-7.03759765625,-13.076407,-2.030085
1597,18.569767441860467,2705.0,7.96240234375,-8.743185,-1.77207
1598,18.58139534883721,2693.0,-4.03759765625,-2.062546,0.192418
1599,18.593023255813954,2702.0,4.96240234375,5.368668,2.494138
1600,18.6046511627907,2682.0,-15.03759765625,11.666239,3.688287
1601,18.61627906976744,2695.0,-2.03759765625,15.275883,2.977451
1602,18.627906976744185,2695.0,-2.03759765625,15.47309,0.43665
1603,18.63953488372093,2699.0,1.96240234375,12.533854,-3.05713
1604,18.651162790697672,2685.0,-12.03759765625,7.600423,-6.317909
1605,18.66279069767442,2684.0,-13.03759765625,2.292562,-8.214429
1606,18.674418604651166,2702.0,4.96240234375,-1.942128,-8.217021
1607,18.686046511627907,2705.0,7.96240234375,-4.320733,-6.498289
1608,18.697674418604652,2726.0,28.96240234375,-4.852945,-3.779612
1609,18.709302325581397,2715.0,17.96240234375,-4.219202,-0.973774
1610,18.72093023255814,2736.0,38.96240234375,-3.265323,1.273412
1611,18.732558139534884,2741.0,43.96240234375,-2.664891,2.584748
1612,18.744186046511626,2752.0,54.96240234375,-2.588565,3.077308
1613,18.75581395348837,2735.0,37.96240234375,-2.735493,3.085352
1614,18.767441860465116,2734.0,36.96240234375,-2.652689,2.995323
1615,18.779069767441857,2749.0,51.96240234375,-2.04518,3.05727
1616,18.790697674418606,2769.0,71.96240234375,-0.995515,3.357617
1617,18.80232558139535,2747.0,49.96240234375,-0.044055,3.694839
1618,18.813953488372093,2711.0,13.96240234375,0.281009,3.947285
1619,18.825581395348838,2733.0,35.96240234375,-0.22938,4.031446
1620,18.837209302325583,2705.0,7.96240234375,-1.409628,3.862718
1621,18.848837209302324,2719.0,21.96240234375,-2.623302,3.440553
1622,18.86046511627907,2686.0,-11.03759765625,-3.174468,2.662316
1623,18.872093023255815,2701.0,3.96240234375,-2.566539,1.476025
1624,18.883720930232556,2693.0,-4.03759765625,-0.909343,-0.294326
1625,18.8953488372093,2704.0,6.96240234375,1.181886,-2.702426
1626,18.906976744186046,2704.0,6.96240234375,2.819732,-5.68991
1627,18.91860465116279,2706.0,8.96240234375,3.299764,-8.878262
1628,18.930232558139537,2725.0,27.96240234375,2.516087,-11.619123
1629,18.94186046511628,2718.0,20.96240234375,0.931174,-13.144195
1630,18.953488372093023,2742.0,44.96240234375,-0.512215,-12.74158
1631,18.96511627906977,2735.0,37.96240234375,-0.946639,-10.057447
1632,18.976744186046513,2748.0,50.96240234375,0.14744,-5.206314
1633,18.988372093023255,2733.0,35.96240234375,2.583933,1.110762
1634,19.0,2723.0,25.96240234375,5.584794,7.691236
1635,19.011627906976745,2725.0,27.96240234375,8.119282,13.214985
1636,19.023255813953487,2713.0,15.96240234375,9.218381,16.504133
1637,19.03488372093023,2719.0,21.96240234375,8.397396,16.907719
1638,19.046511627906973,2709.0,11.96240234375,5.628496,14.395483
1639,19.058139534883722,2718.0,20.96240234375,1.451,9.697495
1640,19.069767441860467,2697.0,-0.03759765625,-3.312804,4.040115
1641,19.08139534883721,2751.0,53.96240234375,-7.753216,-1.224858
1642,19.093023255813954,2687.0,-10.03759765625,-11.194646,-5.041108
1643,19.1046511627907,2715.0,17.96240234375,-13.072356,-6.792402
1644,19.11627906976744,2688.0,-9.03759765625,-13.223112,-6.592285
1645,19.127906976744185,2689.0,-8.03759765625,-11.745747,-5.07761
1646,19.13953488372093,2704.0,6.96240234375,-9.058444,-3.25864
1647,19.151162790697672,2681.0,-16.03759765625,-5.816977,-2.138004
1648,19.162790697674417,2710.0,12.96240234375,-2.599856,-2.328442
1649,19.174418604651162,2717.0,19.96240234375,0.16748,-3.821783
1650,19.186046511627907,2727.0,29.96240234375,2.397908,-6.071153
1651,19.197674418604652,2731.0,33.96240234375,4.286571,-8.111809
1652,19.209302325581397,2746.0,48.96240234375,6.168715,-8.99601
1653,19.22093023255814,2736.0,38.96240234375,8.230392,-8.141073
1654,19.232558139534884,2750.0,52.96240234375,10.340502,-5.54004
1655,19.24418604651163,2751.0,53.96240234375,12.007295,-1.775924
1656,19.25581395348837,2736.0,38.96240234375,12.609327,2.297425
1657,19.267441860465116,2733.0,35.96240234375,11.688035,5.822021
1658,19.27906976744186,2736.0,38.96240234375,9.286335,8.363441
1659,19.290697674418603,2735.0,37.96240234375,5.90227,9.862743
1660,19.302325581395348,2711.0,13.96240234375,2.286906,10.564003
1661,19.313953488372096,2731.0,33.96240234375,-0.852589,10.759583
1662,19.325581395348838,2739.0,41.96240234375,-3.263188,10.51308
1663,19.337209302325583,2711.0,13.96240234375,-5.233859,9.527634
1664,19.348837209302324,2703.0,5.96240234375,-7.291523,7.434313
1665,19.36046511627907,2709.0,11.96240234375,-9.850654,4.043707
1666,19.372093023255815,2697.0,-0.03759765625,-12.846212,-0.4351
1667,19.383720930232556,2711.0,13.96240234375,-15.526624,-5.179984
1668,19.3953488372093,2677.0,-20.03759765625,-16.918655,-9.218631
1669,19.406976744186046,2706.0,8.96240234375,-16.061874,-11.646719
1670,19.418604651162788,2707.0,9.96240234375,-12.722834,-12.168237
1671,19.430232558139533,2704.0,6.96240234375,-7.361676,-11.079377
1672,19.44186046511628,2717.0,19.96240234375,-1.07483,-9.175629
1673,19.453488372093023,2711.0,13.96240234375,4.952871,-7.246657
1674,19.46511627906977,2733.0,35.96240234375,9.94136,-5.613811
1675,19.476744186046513,2729.0,31.96240234375,13.72256,-4.046105
1676,19.488372093023255,2719.0,21.96240234375,16.498842,-1.948957
1677,19.5,2725.0,27.96240234375,18.633162,1.218996
1678,19.511627906976745,2716.0,18.96240234375,20.036413,5.388255
1679,19.523255813953487,2731.0,33.96240234375,20.166332,9.721834
1680,19.53488372093023,2722.0,24.96240234375,18.209909,12.903417
1681,19.546511627906977,2719.0,21.96240234375,13.567684,13.660076
1682,19.55813953488372,2733.0,35.96240234375,6.318425,11.446274
1683,19.569767441860467,2734.0,36.96240234375,-2.638839,6.726202
1684,19.581395348837212,2721.0,23.96240234375,-11.789933,0.894371
1685,19.593023255813954,2711.0,13.96240234375,-19.535486,-4.274138
1686,19.6046511627907,2717.0,19.96240234375,-24.619371,-7.287285
1687,19.616279069767444,2719.0,21.96240234375,-26.531961,-7.571753
1688,19.627906976744185,2711.0,13.96240234375,-25.358221,-5.527639
1689,19.63953488372093,2719.0,21.96240234375,-21.506899,-2.217537
1690,19.651162790697676,2693.0,-4.03759765625,-15.478088,1.060163
1691,19.662790697674417,2704.0,6.96240234375,-7.772445,3.338408
1692,19.674418604651162,2723.0,25.96240234375,1.000011,4.141649
1693,19.686046511627904,2707.0,9.96240234375,9.793743,3.421501
1694,19.697674418604652,2720.0,22.96240234375,17.233007,1.434551
1695,19.709302325581397,2714.0,16.96240234375,21.779728,-1.5539
1696,19.72093023255814,2703.0,5.96240234375,22.401857,-5.117805
1697,19.732558139534884,2719.0,21.96240234375,19.063189,-8.739592
1698,19.74418604651163,2707.0,9.96240234375,12.967578,-11.535193
1699,19.75581395348837,2711.0,13.96240234375,6.223406,-12.501316
1700,19.767441860465116,2704.0,6.96240234375,1.084797,-10.695747
1701,19.77906976744186,2706.0,8.96240234375,-0.961854,-5.719093
1702,19.790697674418603,2695.0,-2.03759765625,0.060861,1.844394
1703,19.802325581395348,2699.0,1.96240234375,2.708104,10.474966
1704,19.813953488372093,2711.0,13.96240234375,4.672253,17.926743
1705,19.825581395348838,2694.0,-3.03759765625,3.885522,22.024063
1706,19.837209302325583,2723.0,25.96240234375,-0.510769,21.366924
1707,19.848837209302328,2705.0,7.96240234375,-7.796356,15.849623
1708,19.86046511627907,2743.0,45.96240234375,-15.836781,6.823147
1709,19.872093023255815,2727.0,29.96240234375,-22.045399,-3.424049
1710,19.88372093023256,2747.0,49.96240234375,-24.277258,-12.289553
1711,19.8953488372093,2741.0,43.96240234375,-21.698702,-17.704956
1712,19.906976744186046,2750.0,52.96240234375,-14.896207,-18.668301
1713,19.91860465116279,2754.0,56.96240234375,-5.671741,-15.51097
1714,19.930232558139533,2741.0,43.96240234375,3.719402,-9.681005
1715,19.941860465116278,2740.0,42.96240234375,11.294374,-3.177445
1716,19.953488372093023,2729.0,31.96240234375,15.883571,2.086121
1717,19.96511627906977,2735.0,37.96240234375,17.260998,4.85457
1718,19.976744186046513,2707.0,9.96240234375,15.954845,4.851473
1719,19.988372093023255,2714.0,16.96240234375,12.980709,2.813652
1720,20.0,2699.0,1.96240234375,9.39988,0.09695
1721,20.011627906976745,2695.0,-2.03759765625,6.1379,-1.7816
1722,20.023255813953487,2699.0,1.96240234375,3.739454,-1.721754
1723,20.03488372093023,2701.0,3.96240234375,2.34052,0.541057
1724,20.046511627906977,2708.0,10.96240234375,1.682211,4.41056
1725,20.05813953488372,2693.0,-4.03759765625,1.190215,8.565266
1726,20.069767441860463,2725.0,27.96240234375,0.193738,11.478297
1727,20.081395348837212,2707.0,9.96240234375,-1.841405,11.951445
1728,20.093023255813954,2751.0,53.96240234375,-4.991003,9.59408
1729,20.1046511627907,2730.0,32.96240234375,-8.834564,4.886902
1730,20.116279069767444,2767.0,69.96240234375,-12.418489,-0.936148
1731,20.127906976744185,2742.0,44.96240234375,-14.62743,-6.390791
1732,20.13953488372093,2778.0,80.96240234375,-14.468055,-10.111322
1733,20.151162790697676,2770.0,72.96240234375,-11.600884,-11.384335
1734,20.162790697674417,2768.0,70.96240234375,-6.47308,-10.27489
1735,20.174418604651162,2775.0,77.96240234375,-0.250315,-7.50591
1736,20.186046511627907,2751.0,53.96240234375,5.543689,-4.169871
1737,20.19767441860465,2771.0,73.96240234375,9.562243,-1.332167
1738,20.209302325581397,2740.0,42.96240234375,11.025204,0.310546
1739,20.220930232558143,2736.0,38.96240234375,9.989585,0.56968
1740,20.232558139534884,2722.0,24.96240234375,7.26623,-0.131351
1741,20.24418604651163,2752.0,54.96240234375,4.082515,-1.033416
1742,20.255813953488374,2736.0,38.96240234375,1.546801,-1.30366
1743,20.267441860465116,2721.0,23.96240234375,0.291599,-0.378309
1744,20.27906976744186,2741.0,43.96240234375,0.312725,1.87097
1745,20.290697674418603,2729.0,31.96240234375,1.000578,4.979559
1746,20.302325581395348,2750.0,52.96240234375,1.568607,8.101519
1747,20.313953488372093,2742.0,44.96240234375,1.289635,10.182668
1748,20.325581395348834,2745.0,47.96240234375,-0.158383,10.334567
1749,20.33720930232558,2765.0,67.96240234375,-2.474204,8.236556
1750,20.348837209302328,2783.0,85.96240234375,-5.008178,4.106765
1751,20.36046511627907,2775.0,77.96240234375,-6.908865,-1.181107
1752,20.372093023255815,2796.0,98.96240234375,-7.508986,-6.463832
1753,20.38372093023256,2788.0,90.96240234375,-6.514723,-10.557733
1754,20.3953488372093,2809.0,111.96240234375,-4.070602,-12.572438
1755,20.406976744186046,2800.0,102.96240234375,-0.700548,-12.131647
1756,20.41860465116279,2801.0,103.96240234375,2.923917,-9.388743
1757,20.430232558139533,2784.0,86.96240234375,6.132435,-4.929617
1758,20.441860465116278,2763.0,65.96240234375,8.459554,0.430139
1759,20.453488372093023,2767.0,69.96240234375,9.613394,5.739389
1760,20.465116279069765,2755.0,57.96240234375,9.468073,10.097974
1761,20.476744186046513,2763.0,65.96240234375,7.981146,12.719103
1762,20.48837209302326,2738.0,40.96240234375,5.183369,13.051365
1763,20.5,2746.0,48.96240234375,1.244515,10.935266
1764,20.511627906976745,2733.0,35.96240234375,-3.525055,6.612391
1765,20.52325581395349,2733.0,35.96240234375,-8.539298,0.836324
1766,20.53488372093023,2735.0,37.96240234375,-13.041697,-5.282919
1767,20.546511627906977,2737.0,39.96240234375,-16.180346,-10.517267
1768,20.558139534883722,2763.0,65.96240234375,-17.23667,-13.833879
1769,20.569767441860463,2752.0,54.96240234375,-15.822165,-14.644155
1770,20.58139534883721,2777.0,79.96240234375,-12.013496,-12.987059
1771,20.59302325581395,2774.0,76.96240234375,-6.238788,-9.348325
1772,20.6046511627907,2779.0,81.96240234375,0.618771,-4.675754
1773,20.616279069767444,2763.0,65.96240234375,7.617248,0.130011
1774,20.627906976744185,2790.0,92.96240234375,13.850307,4.338357
1775,20.63953488372093,2789.0,91.96240234375,18.552147,7.491829
1776,20.651162790697676,2779.0,81.96240234375,21.253981,9.477254
1777,20.662790697674417,2768.0,70.96240234375,21.673475,10.314491
1778,20.674418604651162,2762.0,64.96240234375,19.80533,10.162716
1779,20.686046511627907,2781.0,83.96240234375,15.840305,9.169823
1780,20.69767441860465,2735.0,37.96240234375,10.110026,7.463838
1781,20.709302325581394,2750.0,52.96240234375,3.221693,5.264744
1782,20.72093023255814,2707.0,9.96240234375,-4.112525,2.84842
1783,20.732558139534884,2734.0,36.96240234375,-11.048415,0.508523
1784,20.74418604651163,2709.0,11.96240234375,-16.85454,-1.588233
1785,20.755813953488374,2714.0,16.96240234375,-20.919836,-3.372416
1786,20.767441860465116,2719.0,21.96240234375,-22.946041,-4.925358
1787,20.77906976744186,2709.0,11.96240234375,-22.919081,-6.398493
1788,20.790697674418606,2711.0,13.96240234375,-21.002991,-7.788904
1789,20.802325581395348,2725.0,27.96240234375,-17.445505,-8.911453
1790,20.813953488372093,2735.0,37.96240234375,-12.55813,-9.416156
1791,20.825581395348838,2727.0,29.96240234375,-6.586823,-8.856766
1792,20.83720930232558,2742.0,44.96240234375,0.261883,-6.886715
1793,20.848837209302324,2751.0,53.96240234375,7.608446,-3.61019
1794,20.860465116279073,2747.0,49.96240234375,14.868563,0.439049
1795,20.872093023255815,2754.0,56.96240234375,21.274754,4.421299
1796,20.88372093023256,2719.0,21.96240234375,25.856787,7.37627
1797,20.8953488372093,2722.0,24.96240234375,27.813604,8.606386
1798,20.906976744186046,2706.0,8.96240234375,26.528824,7.903769
1799,20.91860465116279,2691.0,-6.03759765625,21.992317,5.64608
1800,20.930232558139533,2669.0,-28.03759765625,14.801479,2.72962
1801,20.941860465116278,2688.0,-9.03759765625,6.115194,0.214552
1802,20.953488372093023,2636.0,-61.03759765625,-2.681427,-1.060757
1803,20.965116279069765,2661.0,-36.03759765625,-10.22516,-0.656404
1804,20.97674418604651,2641.0,-56.03759765625,-15.659722,1.193715
1805,20.98837209302326,2625.0,-72.03759765625,-18.775835,3.673933
1806,21.0,2624.0,-73.03759765625,-20.006062,5.646545
1807,21.011627906976745,2617.0,-80.03759765625,-20.123898,6.052134
1808,21.02325581395349,2640.0,-57.03759765625,-19.825428,4.26429
1809,21.03488372093023,2635.0,-62.03759765625,-19.344791,0.366493
1810,21.046511627906977,2660.0,-37.03759765625,-18.266016,-4.796412
1811,21.058139534883722,2653.0,-44.03759765625,-15.762255,-9.838001
1812,21.069767441860463,2686.0,-11.03759765625,-10.92101,-13.192004
1813,21.08139534883721,2657.0,-40.03759765625,-3.434179,-13.723971
1814,21.093023255813954,2673.0,-24.03759765625,6.152645,-11.073935
1815,21.104651162790695,2679.0,-18.03759765625,16.311502,-5.860283
1816,21.116279069767444,2694.0,-3.03759765625,25.016855,0.520256
1817,21.12790697674419,2687.0,-10.03759765625,30.381474,6.359741
1818,21.13953488372093,2692.0,-5.03759765625,31.340609,10.185818
1819,21.151162790697676,2692.0,-5.03759765625,28.013699,11.306273
1820,21.16279069767442,2701.0,3.96240234375,21.510801,9.856914
1821,21.174418604651162,2695.0,-2.03759765625,13.449003,6.71562
1822,21.186046511627907,2704.0,6.96240234375,5.333638,3.099979
1823,21.19767441860465,2701.0,3.96240234375,-2.045754,-0.055134
1824,21.209302325581394,2684.0,-13.03759765625,-8.588336,-2.178658
1825,21.22093023255814,2703.0,5.96240234375,-14.551016,-3.245075
1826,21.23255813953488,2688.0,-9.03759765625,-20.119905,-3.565344
1827,21.24418604651163,2688.0,-9.03759765625,-24.864538,-3.458639
1828,21.255813953488374,2683.0,-14.03759765625,-27.844858,-3.095472
1829,21.267441860465116,2640.0,-57.03759765625,-27.964891,-2.474335
1830,21.27906976744186,2693.0,-4.03759765625,-24.490974,-1.512693
1831,21.290697674418606,2686.0,-11.03759765625,-17.697498,-0.366842
1832,21.302325581395348,2686.0,-11.03759765625,-8.789248,0.608415
1833,21.313953488372093,2688.0,-9.03759765625,0.493492,1.023188
1834,21.325581395348838,2701.0,3.96240234375,8.585284,0.658788
1835,21.33720930232558,2703.0,5.96240234375,14.577296,-0.377288
1836,21.348837209302324,2698.0,0.96240234375,18.542751,-1.547249
1837,21.36046511627907,2693.0,-4.03759765625,21.097033,-2.203938
1838,21.372093023255815,2706.0,8.96240234375,22.950008,-1.816933
1839,21.38372093023256,2719.0,21.96240234375,24.18619,-0.418455
1840,21.395348837209305,2720.0,22.96240234375,24.211815,1.446533
1841,21.406976744186046,2709.0,11.96240234375,22.019369,2.98089
1842,21.41860465116279,2720.0,22.96240234375,16.887037,3.550467
1843,21.430232558139537,2713.0,15.96240234375,8.893362,3.032809
1844,21.441860465116278,2737.0,39.96240234375,-0.877961,1.925467
1845,21.453488372093023,2738.0,40.96240234375,-10.716153,1.042939
1846,21.46511627906977,2719.0,21.96240234375,-18.947666,1.050568
1847,21.47674418604651,2715.0,17.96240234375,-24.495422,2.05541
1848,21.488372093023255,2689.0,-8.03759765625,-27.271778,3.39168
1849,21.5,2710.0,12.96240234375,-27.764923,4.017435
1850,21.511627906976745,2665.0,-32.03759765625,-26.651966,2.937624
1851,21.52325581395349,2704.0,6.96240234375,-24.058052,-0.092165
1852,21.53488372093023,2694.0,-3.03759765625,-19.620773,-4.505742
1853,21.546511627906977,2702.0,4.96240234375,-12.725443,-8.981522
1854,21.558139534883722,2683.0,-14.03759765625,-3.218909,-12.041638
1855,21.569767441860463,2703.0,5.96240234375,8.057587,-12.63306
1856,21.58139534883721,2693.0,-4.03759765625,19.241436,-10.551527
1857,21.593023255813954,2704.0,6.96240234375,27.93722,-6.408705
1858,21.604651162790695,2704.0,6.96240234375,32.243664,-1.259403
1859,21.61627906976744,2701.0,3.96240234375,31.422104,3.819355
1860,21.627906976744185,2704.0,6.96240234375,26.351561,8.118593
1861,21.63953488372093,2702.0,4.96240234375,18.925611,11.286167
1862,21.651162790697676,2706.0,8.96240234375,11.323925,13.212522
1863,21.66279069767442,2706.0,8.96240234375,4.958757,13.725924
1864,21.674418604651162,2701.0,3.96240234375,0.038527,12.541269
1865,21.686046511627907,2715.0,17.96240234375,-4.178845,9.407308
1866,21.697674418604652,2711.0,13.96240234375,-8.775196,4.412365
1867,21.709302325581394,2718.0,20.96240234375,-14.162131,-1.778344
1868,21.72093023255814,2720.0,22.96240234375,-19.76935,-7.901761
1869,21.732558139534884,2735.0,37.96240234375,-24.103279,-12.516794
1870,21.744186046511626,2704.0,6.96240234375,-25.560942,-14.483322
1871,21.75581395348837,2713.0,15.96240234375,-23.081516,-13.30236
1872,21.76744186046512,2691.0,-6.03759765625,-16.926497,-9.455582
1873,21.77906976744186,2703.0,5.96240234375,-8.562058,-4.171223
1874,21.790697674418606,2710.0,12.96240234375,-0.081388,1.075965
1875,21.80232558139535,2663.0,-34.03759765625,6.538112,4.988894
1876,21.813953488372093,2704.0,6.96240234375,10.346138,6.963796
1877,21.825581395348838,2700.0,2.96240234375,11.38066,6.905495
1878,21.83720930232558,2704.0,6.96240234375,10.563822,5.191667
1879,21.848837209302324,2709.0,11.96240234375,9.119462,2.458628
1880,21.86046511627907,2726.0,28.96240234375,8.034051,-0.599621
1881,21.87209302325581,2706.0,8.96240234375,7.660585,-3.358054
1882,21.883720930232556,2717.0,19.96240234375,7.915861,-5.128171
1883,21.895348837209305,2718.0,20.96240234375,8.367067,-5.338243
1884,21.906976744186046,2736.0,38.96240234375,8.630079,-3.612785
1885,21.91860465116279,2719.0,21.96240234375,8.380911,-0.136707
1886,21.930232558139537,2726.0,28.96240234375,7.462301,4.304432
1887,21.941860465116278,2719.0,21.96240234375,5.698083,8.330321
1888,21.953488372093023,2701.0,3.96240234375,2.89288,10.441568
1889,21.96511627906977,2735.0,37.96240234375,-0.965968,9.587399
1890,21.97674418604651,2745.0,47.96240234375,-5.675394,5.666248
1891,21.988372093023255,2704.0,6.96240234375,-10.578866,-0.267016
1892,22.0,2686.0,-11.03759765625,-14.637247,-6.236651
1893,22.01162790697674,2702.0,4.96240234375,-16.695738,-10.123185
1894,22.02325581395349,2693.0,-4.03759765625,-16.043116,-10.585159
1895,22.034883720930235,2690.0,-7.03759765625,-12.696554,-7.574377
1896,22.046511627906977,2690.0,-7.03759765625,-7.544605,-2.434774
1897,22.058139534883722,2688.0,-9.03759765625,-2.114004,2.636591
1898,22.069767441860467,2694.0,-3.03759765625,2.050789,5.518872
1899,22.08139534883721,2693.0,-4.03759765625,3.8978,5.04246
1900,22.093023255813954,2694.0,-3.03759765625,3.411006,1.550749
1901,22.1046511627907,2691.0,-6.03759765625,1.557731,-3.265783
1902,22.11627906976744,2700.0,2.96240234375,-0.058935,-7.100966
1903,22.127906976744185,2695.0,-2.03759765625,0.020062,-8.041802
1904,22.139534883720927,2699.0,1.96240234375,2.567646,-5.338674
1905,22.151162790697676,2701.0,3.96240234375,7.202664,0.212398
1906,22.16279069767442,2695.0,-2.03759765625,12.487069,6.59936
1907,22.174418604651162,2710.0,12.96240234375,16.48354,11.445075
1908,22.186046511627907,2706.0,8.96240234375,17.459223,12.926579
1909,22.197674418604652,2705.0,7.96240234375,14.687035,10.551556
1910,22.209302325581394,2704.0,6.96240234375,8.583373,5.216697
1911,22.22093023255814,2704.0,6.96240234375,0.713732,-1.226604
1912,22.232558139534884,2705.0,7.96240234375,-6.952804,-6.758926
1913,22.244186046511626,2721.0,23.96240234375,-12.576654,-9.894121
1914,22.25581395348837,2721.0,23.96240234375,-15.197323,-10.224085
1915,22.267441860465116,2706.0,8.96240234375,-14.838568,-8.319649
1916,22.27906976744186,2715.0,17.96240234375,-12.295363,-5.189943
1917,22.290697674418606,2711.0,13.96240234375,-8.762781,-1.88658
1918,22.30232558139535,2703.0,5.96240234375,-5.296047,0.984315
1919,22.313953488372093,2710.0,12.96240234375,-2.490539,3.312909
1920,22.325581395348838,2708.0,10.96240234375,-0.492908,5.168615
1921,22.337209302325583,2687.0,-10.03759765625,0.78154,6.446352
1922,22.348837209302324,2709.0,11.96240234375,1.515018,6.817608
1923,22.36046511627907,2698.0,0.96240234375,1.752024,5.697403
1924,22.372093023255815,2709.0,11.96240234375,1.524464,2.804778
1925,22.383720930232556,2706.0,8.96240234375,1.003129,-1.546453
1926,22.3953488372093,2706.0,8.96240234375,0.560428,-6.188456
1927,22.40697674418605,2721.0,23.96240234375,0.81239,-9.501839
1928,22.41860465116279,2715.0,17.96240234375,2.2818,-9.954463
1929,22.430232558139537,2720.0,22.96240234375,5.126302,-6.898366
1930,22.441860465116278,2714.0,16.96240234375,8.820681,-0.990847
1931,22.453488372093023,2704.0,6.96240234375,12.316089,5.996767
1932,22.46511627906977,2709.0,11.96240234375,14.186572,11.610914
1933,22.47674418604651,2725.0,27.96240234375,13.323886,13.817093
1934,22.488372093023255,2721.0,23.96240234375,9.294976,11.68247
1935,22.5,2719.0,21.96240234375,2.656201,5.789486
1936,22.51162790697674,2721.0,23.96240234375,-5.150452,-2.001992
1937,22.523255813953487,2729.0,31.96240234375,-12.281634,-9.245722
1938,22.534883720930235,2715.0,17.96240234375,-17.044008,-13.76016
1939,22.546511627906977,2707.0,9.96240234375,-18.46244,-14.345666
1940,22.558139534883722,2710.0,12.96240234375,-16.481117,-11.089692
1941,22.569767441860467,2717.0,19.96240234375,-12.002513,-5.209238
1942,22.58139534883721,2711.0,13.96240234375,-6.417377,1.458477
1943,22.593023255813954,2722.0,24.96240234375,-1.22558,7.022934
1944,22.6046511627907,2719.0,21.96240234375,2.500931,10.082891
1945,22.61627906976744,2704.0,6.96240234375,4.380725,10.113527
1946,22.627906976744185,2704.0,6.96240234375,4.79879,7.508235
1947,22.63953488372093,2701.0,3.96240234375,4.590892,3.389184
1948,22.651162790697672,2704.0,6.96240234375,4.696218,-0.795314
1949,22.66279069767442,2704.0,6.96240234375,5.701768,-3.702366
1950,22.674418604651166,2711.0,13.96240234375,7.600889,-4.566783
1951,22.686046511627907,2709.0,11.96240234375,9.712067,-3.449475
1952,22.697674418604652,2713.0,15.96240234375,11.001015,-1.123781
1953,22.709302325581397,2706.0,8.96240234375,10.490619,1.14592
1954,22.72093023255814,2723.0,25.96240234375,7.717432,2.209476
1955,22.732558139534884,2698.0,0.96240234375,3.014662,1.503975
1956,22.74418604651163,2704.0,6.96240234375,-2.532265,-0.663797
1957,22.75581395348837,2720.0,22.96240234375,-7.485341,-3.277484
1958,22.767441860465116,2729.0,31.96240234375,-10.580055,-5.05986
1959,22.779069767441857,2719.0,21.96240234375,-11.297934,-5.134244
1960,22.790697674418603,2704.0,6.96240234375,-9.811539,-3.239972
1961,22.80232558139535,2720.0,22.96240234375,-6.964728,0.019061
1962,22.813953488372093,2690.0,-7.03759765625,-3.893319,3.483576
1963,22.825581395348838,2714.0,16.96240234375,-1.448762,6.019749
1964,22.837209302325583,2673.0,-24.03759765625,-0.036963,6.866491
1965,22.848837209302324,2695.0,-2.03759765625,0.551558,6.014652
1966,22.86046511627907,2710.0,12.96240234375,0.761177,3.968627
1967,22.872093023255815,2711.0,13.96240234375,0.990196,1.439393
1968,22.883720930232556,2717.0,19.96240234375,1.410372,-0.973441
1969,22.8953488372093,2704.0,6.96240234375,1.898381,-2.962007
1970,22.906976744186046,2714.0,16.96240234375,2.213677,-4.513392
1971,22.918604651162788,2714.0,16.96240234375,2.131475,-5.712323
1972,22.930232558139537,2707.0,9.96240234375,1.679752,-6.484357
1973,22.94186046511628,2721.0,23.96240234375,1.110461,-6.526688
1974,22.953488372093023,2695.0,-2.03759765625,0.791479,-5.477403
1975,22.96511627906977,2707.0,9.96240234375,1.077301,-3.048983
1976,22.976744186046513,2691.0,-6.03759765625,2.017044,0.556036
1977,22.988372093023255,2704.0,6.96240234375,3.423647,4.692662
1978,23.0,2691.0,-6.03759765625,4.763052,8.233482
1979,23.011627906976745,2692.0,-5.03759765625,5.489606,10.121767
1980,23.023255813953487,2699.0,1.96240234375,5.011426,9.501862
1981,23.03488372093023,2695.0,-2.03759765625,3.087177,6.313531
1982,23.046511627906977,2693.0,-4.03759765625,-0.134793,1.290797
1983,23.058139534883722,2714.0,16.96240234375,-3.985991,-4.14371
1984,23.069767441860467,2687.0,-10.03759765625,-7.530121,-8.375466
1985,23.08139534883721,2695.0,-2.03759765625,-9.638553,-9.968489
1986,23.093023255813954,2677.0,-20.03759765625,-9.574861,-8.368106
1987,23.1046511627907,2701.0,3.96240234375,-7.207479,-3.996512
1988,23.11627906976744,2693.0,-4.03759765625,-3.281022,1.635265
1989,23.127906976744185,2672.0,-25.03759765625,0.852716,6.600266
1990,23.13953488372093,2698.0,0.96240234375,3.788794,9.165487
1991,23.151162790697672,2695.0,-2.03759765625,4.575864,8.463129
1992,23.162790697674417,2706.0,8.96240234375,3.253676,4.884361
1993,23.174418604651162,2694.0,-3.03759765625,0.79992,-0.122776
1994,23.186046511627907,2708.0,10.96240234375,-1.29335,-4.628578
1995,23.197674418604652,2704.0,6.96240234375,-1.780405,-7.112257
1996,23.209302325581397,2704.0,6.96240234375,-0.302053,-7.013756
1997,23.22093023255814,2704.0,6.96240234375,2.429198,-4.947916
1998,23.232558139534884,2711.0,13.96240234375,4.983581,-2.258874
1999,23.24418604651163,2722.0,24.96240234375,6.020031,-0.254673
2000,23.25581395348837,2715.0,17.96240234375,4.914484,0.381503
2001,23.267441860465116,2717.0,19.96240234375,2.229973,0.004283
2002,23.27906976744186,2719.0,21.96240234375,-0.697428,-0.41362
2003,23.290697674418603,2715.0,17.96240234375,-2.437175,0.082515
2004,23.302325581395348,2731.0,33.96240234375,-2.237126,1.844759
2005,23.313953488372096,2714.0,16.96240234375,-0.611308,4.122828
2006,23.325581395348838,2719.0,21.96240234375,1.188199,5.7458
2007,23.337209302325583,2725.0,27.96240234375,1.740873,5.607468
2008,23.348837209302328,2717.0,19.96240234375,0.33494,3.464491
2009,23.36046511627907,2721.0,23.96240234375,-2.580893,0.144758
2010,23.372093023255815,2700.0,2.96240234375,-5.621617,-2.811342
2011,23.383720930232556,2714.0,16.96240234375,-7.243387,-4.018606
2012,23.3953488372093,2702.0,4.96240234375,-6.614403,-3.067725
2013,23.406976744186046,2702.0,4.96240234375,-4.054037,-0.742077
2014,23.418604651162788,2709.0,11.96240234375,-0.805874,1.39907
2015,23.430232558139533,2705.0,7.96240234375,1.62617,1.90656
2016,23.44186046511628,2713.0,15.96240234375,2.44129,0.350258
2017,23.453488372093023,2715.0,17.96240234375,1.947737,-2.360104
2018,23.46511627906977,2711.0,13.96240234375,1.312859,-4.464983
2019,23.476744186046513,2711.0,13.96240234375,1.88467,-4.274006
2020,23.488372093023255,2709.0,11.96240234375,4.238945,-1.26
2021,23.5,2714.0,16.96240234375,7.626672,3.446783
2022,23.511627906976745,2705.0,7.96240234375,10.253675,7.535904
2023,23.523255813953487,2707.0,9.96240234375,10.259741,8.700611
2024,23.53488372093023,2710.0,12.96240234375,6.681923,5.80048
2025,23.546511627906977,2727.0,29.96240234375,0.132959,-0.416337
2026,23.55813953488372,2711.0,13.96240234375,-7.370465,-7.581976
2027,23.569767441860467,2721.0,23.96240234375,-13.201528,-12.743788
2028,23.581395348837212,2710.0,12.96240234375,-15.336801,-13.702342
2029,23.593023255813954,2713.0,15.96240234375,-13.186986,-10.006745
2030,23.6046511627907,2705.0,7.96240234375,-7.800132,-3.068052
2031,23.616279069767444,2697.0,-0.03759765625,-1.277729,4.572546
2032,23.627906976744185,2693.0,-4.03759765625,4.230998,10.396004
2033,23.63953488372093,2704.0,6.96240234375,7.371717,12.927279
2034,23.651162790697676,2672.0,-25.03759765625,7.927139,12.02603
2035,23.662790697674417,2672.0,-25.03759765625,6.669618,8.718734
2036,23.674418604651162,2695.0,-2.03759765625,4.65527,4.356109
2037,23.686046511627904,2683.0,-14.03759765625,2.646624,0.004625
2038,23.697674418604652,2679.0,-18.03759765625,0.896302,-3.813842
2039,23.709302325581397,2683.0,-14.03759765625,-0.700433,-6.948754
2040,23.72093023255814,2672.0,-25.03759765625,-2.236505,-9.200059
2041,23.732558139534884,2689.0,-8.03759765625,-3.450953,-10.10318
2042,23.74418604651163,2693.0,-4.03759765625,-3.822948,-9.055032
2043,23.75581395348837,2693.0,-4.03759765625,-2.841243,-5.698351
2044,23.767441860465116,2683.0,-14.03759765625,-0.469568,-0.401014
2045,23.77906976744186,2700.0,2.96240234375,2.628873,5.548941
2046,23.790697674418603,2704.0,6.96240234375,5.263384,10.343594
2047,23.802325581395348,2707.0,9.96240234375,6.243437,12.36631
