muestra,tiempo_ms,adc,adc_centrado,adc_filtrado,residual
0,0.0,1890.0,-2.7529296875,-0.001678,-0.026727
1,0.011627906976744186,1885.0,-7.7529296875,-0.005563,-0.04813
2,0.023255813953488372,1890.0,-2.7529296875,-0.003715,-0.0387
3,0.03488372093023256,1881.0,-11.7529296875,-0.005799,-0.016248
4,0.046511627906976744,1899.0,6.2470703125,0.005798,0.018915
5,0.058139534883720936,1893.0,0.2470703125,0.010492,0.04052
6,0.06976744186046512,1910.0,17.2470703125,0.020804,0.049217
7,0.0813953488372093,1909.0,16.2470703125,0.0214,0.04736
8,0.09302325581395349,1919.0,26.2470703125,0.020668,0.046474
9,0.10465116279069767,1909.0,16.2470703125,0.008909,0.065237
10,0.11627906976744187,1929.0,36.2470703125,0.012552,0.119316
11,0.12790697674418605,1919.0,26.2470703125,0.011996,0.194448
12,0.13953488372093023,1940.0,47.2470703125,0.025272,0.26538
13,0.1511627906976744,1936.0,43.2470703125,0.025364,0.297631
14,0.1627906976744186,1941.0,48.2470703125,0.010141,0.266292
15,0.1744186046511628,1936.0,43.2470703125,-0.029014,0.181328
16,0.18604651162790697,1952.0,59.2470703125,-0.070218,0.091837
17,0.19767441860465115,1949.0,56.2470703125,-0.114666,0.029594
18,0.20930232558139533,1950.0,57.2470703125,-0.147111,0.021091
19,0.22093023255813954,1947.0,54.2470703125,-0.164961,0.039884
20,0.23255813953488375,1955.0,62.2470703125,-0.166661,0.035589
21,0.2441860465116279,1958.0,65.2470703125,-0.171136,-0.055828
22,0.2558139534883721,1953.0,60.2470703125,-0.19705,-0.251859
23,0.2674418604651163,1955.0,62.2470703125,-0.238196,-0.507807
24,0.27906976744186046,1961.0,68.2470703125,-0.273478,-0.710799
25,0.29069767441860467,1959.0,66.2470703125,-0.280738,-0.781704
26,0.3023255813953488,1962.0,69.2470703125,-0.234348,-0.673607
27,0.313953488372093,1957.0,64.2470703125,-0.13857,-0.456664
28,0.3255813953488372,1963.0,70.2470703125,-0.00959,-0.236896
29,0.3372093023255814,1965.0,72.2470703125,0.110635,-0.137315
30,0.3488372093023256,1953.0,60.2470703125,0.181733,-0.181642
31,0.3604651162790698,1955.0,62.2470703125,0.212283,-0.273347
32,0.37209302325581395,1955.0,62.2470703125,0.230142,-0.232425
33,0.38372093023255816,1951.0,58.2470703125,0.274152,0.060874
34,0.3953488372093023,1949.0,56.2470703125,0.369902,0.613422
35,0.4069767441860465,1950.0,57.2470703125,0.50196,1.253168
36,0.41860465116279066,1937.0,44.2470703125,0.602354,1.712587
37,0.43023255813953487,1949.0,56.2470703125,0.617909,1.806726
38,0.4418604651162791,1938.0,45.2470703125,0.489921,1.496739
39,0.4534883720930233,1943.0,50.2470703125,0.247203,0.990833
40,0.4651162790697675,1947.0,54.2470703125,-0.037834,0.599601
41,0.4767441860465116,1939.0,46.2470703125,-0.283154,0.526123
42,0.4883720930232558,1936.0,43.2470703125,-0.430326,0.745402
43,0.5,1936.0,43.2470703125,-0.494981,0.95749
44,0.5116279069767442,1937.0,44.2470703125,-0.559264,0.766823
45,0.5232558139534884,1931.0,38.2470703125,-0.721536,-0.093587
46,0.5348837209302326,1934.0,41.2470703125,-1.008755,-1.502934
47,0.5465116279069767,1937.0,44.2470703125,-1.35297,-2.997081
48,0.5581395348837209,1942.0,49.2470703125,-1.602349,-3.958326
49,0.5697674418604651,1937.0,44.2470703125,-1.606734,-4.003943
50,0.5813953488372093,1939.0,46.2470703125,-1.29075,-3.204601
51,0.5930232558139535,1933.0,40.2470703125,-0.730961,-2.132184
52,0.6046511627906976,1936.0,43.2470703125,-0.10722,-1.5007
53,0.6162790697674418,1936.0,43.2470703125,0.378251,-1.734666
54,0.627906976744186,1931.0,38.2470703125,0.633366,-2.553043
55,0.6395348837209301,1930.0,37.2470703125,0.755109,-3.034056
56,0.6511627906976744,1923.0,30.2470703125,0.977578,-1.987882
57,0.6627906976744186,1922.0,29.2470703125,1.543401,1.286324
58,0.6744186046511628,1923.0,30.2470703125,2.511197,6.441605
59,0.686046511627907,1925.0,32.2470703125,3.644291,11.930323
60,0.6976744186046512,1920.0,27.2470703125,4.442549,15.516762
61,0.7093023255813954,1921.0,28.2470703125,4.351834,15.225346
62,0.7209302325581396,1915.0,22.2470703125,3.019474,10.330373
63,0.7325581395348838,1911.0,18.2470703125,0.531329,1.837413
64,0.7441860465116279,1910.0,17.2470703125,-2.547415,-7.731691
65,0.7558139534883721,1906.0,13.2470703125,-5.34878,-15.334442
66,0.7674418604651163,1904.0,11.2470703125,-7.021171,-18.604614
67,0.7790697674418604,1905.0,12.2470703125,-7.07189,-16.80529
68,0.7906976744186046,1904.0,11.2470703125,-5.566331,-11.042896
69,0.8023255813953488,1904.0,11.2470703125,-3.080754,-3.686685
70,0.813953488372093,1905.0,12.2470703125,-0.447556,2.703059
71,0.8255813953488372,1903.0,10.2470703125,1.591728,6.441505
72,0.8372093023255813,1907.0,14.2470703125,2.674017,7.249038
73,0.8488372093023255,1915.0,22.2470703125,2.890064,6.091852
74,0.8604651162790697,1904.0,11.2470703125,2.638017,4.432096
75,0.872093023255814,1905.0,12.2470703125,2.396871,3.44182
76,0.8837209302325582,1908.0,15.2470703125,2.438923,3.420681
77,0.8953488372093024,1913.0,20.2470703125,2.715116,3.82892
78,0.9069767441860466,1907.0,14.2470703125,2.911016,3.746031
79,0.9186046511627908,1903.0,10.2470703125,2.665914,2.536399
80,0.930232558139535,1903.0,10.2470703125,1.783128,0.243964
81,0.9418604651162791,1902.0,9.2470703125,0.346142,-2.41772
82,0.9534883720930232,1888.0,-4.7529296875,-1.315586,-4.494437
83,0.9651162790697674,1890.0,-2.7529296875,-2.75227,-5.256373
84,0.9767441860465116,1887.0,-5.7529296875,-3.620309,-4.624776
85,0.9883720930232557,1886.0,-6.7529296875,-3.788038,-3.110416
86,1.0,1886.0,-6.7529296875,-3.348615,-1.532625
87,1.0116279069767442,1880.0,-12.7529296875,-2.527668,-0.503946
88,1.0232558139534884,1889.0,-3.7529296875,-1.533884,-0.172663
89,1.0348837209302326,1882.0,-10.7529296875,-0.5098,-0.189373
90,1.0465116279069768,1898.0,5.2470703125,0.517742,-0.009049
91,1.0581395348837208,1895.0,2.2470703125,1.51012,0.734889
92,1.0697674418604652,1901.0,8.2470703125,2.388332,1.964051
93,1.0813953488372092,1904.0,11.2470703125,2.979262,3.200264
94,1.0930232558139534,1904.0,11.2470703125,3.08162,3.807955
95,1.1046511627906976,1905.0,12.2470703125,2.582094,3.376507
96,1.1162790697674418,1894.0,1.2470703125,1.546427,1.967906
97,1.127906976744186,1902.0,9.2470703125,0.272884,0.120785
98,1.1395348837209303,1892.0,-0.7529296875,-0.842349,-1.395756
99,1.1511627906976745,1893.0,0.2470703125,-1.422264,-1.99069
100,1.1627906976744187,1860.0,-32.7529296875,-1.326422,-1.491941
101,1.1744186046511629,1876.0,-16.7529296875,-0.64844,-0.258644
102,1.186046511627907,1840.0,-52.7529296875,0.193573,1.001905
103,1.197674418604651,1847.0,-45.7529296875,0.754797,1.551474
104,1.2093023255813953,1806.0,-86.7529296875,0.639073,0.985414
105,1.2209302325581395,1821.0,-71.7529296875,-0.199203,-0.5929
106,1.2325581395348837,1797.0,-95.7529296875,-1.548809,-2.637011
107,1.244186046511628,1799.0,-93.7529296875,-2.912003,-4.368057
108,1.255813953488372,1792.0,-100.7529296875,-3.75863,-5.099333
109,1.2674418604651163,1792.0,-100.7529296875,-3.694053,-4.476262
110,1.2790697674418603,1807.0,-85.7529296875,-2.612575,-2.645149
111,1.2906976744186047,1797.0,-95.7529296875,-0.766787,-0.110896
112,1.3023255813953487,1840.0,-52.7529296875,1.395219,2.362864
113,1.3139534883720931,1823.0,-69.7529296875,3.257087,4.109003
114,1.3255813953488371,1883.0,-9.7529296875,4.395925,4.677381
115,1.3372093023255816,1867.0,-25.7529296875,4.522257,4.045754
116,1.3488372093023255,1936.0,43.2470703125,3.766209,2.522522
117,1.36046511627907,1917.0,24.2470703125,2.405471,0.699552
118,1.372093023255814,1968.0,75.2470703125,0.981966,-0.806532
119,1.383720930232558,1954.0,61.2470703125,-0.074854,-1.489294
120,1.3953488372093024,1969.0,76.2470703125,-0.446102,-1.154665
121,1.4069767441860463,1972.0,79.2470703125,-0.125513,0.069548
122,1.4186046511627908,1955.0,62.2470703125,0.598279,1.735922
123,1.4302325581395348,1968.0,75.2470703125,1.280893,3.232468
124,1.4418604651162792,1903.0,10.2470703125,1.38817,4.005799
125,1.4534883720930232,1934.0,41.2470703125,0.683271,3.706706
126,1.4651162790697676,1829.0,-63.7529296875,-0.931128,2.340365
127,1.4767441860465116,1865.0,-27.7529296875,-3.036044,0.240661
128,1.4883720930232558,1744.0,-148.7529296875,-5.210981,-2.044687
129,1.5,1792.0,-100.7529296875,-6.7763,-3.90014
130,1.5116279069767442,1681.0,-211.7529296875,-7.449728,-4.975297
131,1.5232558139534884,1712.0,-180.7529296875,-7.016841,-5.175063
132,1.5348837209302326,1655.0,-237.7529296875,-5.678791,-4.684682
133,1.5465116279069768,1663.0,-229.7529296875,-3.714711,-3.853673
134,1.5581395348837208,1664.0,-228.7529296875,-1.427517,-3.028263
135,1.5697674418604652,1648.0,-244.7529296875,0.946854,-2.377462
136,1.5813953488372092,1731.0,-161.7529296875,3.411374,-1.85869
137,1.5930232558139534,1687.0,-205.7529296875,5.853483,-1.238673
138,1.6046511627906976,1833.0,-59.7529296875,8.363275,-0.253838
139,1.6162790697674418,1776.0,-116.7529296875,10.591213,1.227608
140,1.627906976744186,1942.0,49.2470703125,12.401736,3.121943
141,1.6395348837209303,1891.0,-1.7529296875,13.242127,5.109489
142,1.6511627906976745,2032.0,139.2470703125,12.942515,6.742835
143,1.6627906976744187,1981.0,88.2470703125,11.186092,7.582302
144,1.6744186046511627,2062.0,169.2470703125,8.097207,7.397215
145,1.686046511627907,2058.0,165.2470703125,3.805209,6.150311
146,1.697674418604651,2037.0,144.2470703125,-1.337557,4.102379
147,1.7093023255813955,2058.0,165.2470703125,-6.849648,1.655902
148,1.7209302325581395,1942.0,49.2470703125,-12.290762,-0.689196
149,1.7325581395348837,1995.0,102.2470703125,-16.965166,-2.536049
150,1.744186046511628,1804.0,-88.7529296875,-20.464497,-3.609922
151,1.755813953488372,1873.0,-19.7529296875,-22.126352,-3.885439
152,1.7674418604651163,1648.0,-244.7529296875,-21.914661,-3.54213
153,1.7790697674418603,1723.0,-169.7529296875,-19.66766,-2.925117
154,1.7906976744186047,1519.0,-373.7529296875,-15.909726,-2.435979
155,1.8023255813953487,1584.0,-308.7529296875,-10.946066,-2.350665
156,1.8139534883720931,1472.0,-420.7529296875,-5.377958,-2.7923
157,1.8255813953488371,1485.0,-407.7529296875,0.558365,-3.58232
158,1.8372093023255816,1506.0,-386.7529296875,6.741495,-4.357377
159,1.8488372093023255,1490.0,-402.7529296875,13.102512,-4.642838
160,1.86046511627907,1662.0,-230.7529296875,19.583546,-4.161354
161,1.872093023255814,1583.0,-309.7529296875,25.54594,-2.883488
162,1.8837209302325582,1849.0,-43.7529296875,30.484566,-1.026457
163,1.8953488372093024,1751.0,-141.7529296875,33.270569,0.982014
164,1.9069767441860463,2016.0,123.2470703125,33.467041,2.773233
165,1.9186046511627908,1941.0,48.2470703125,30.583838,4.182739
166,1.9302325581395348,2147.0,254.2470703125,25.072323,5.256662
167,1.9418604651162792,2095.0,202.2470703125,17.430265,6.168713
168,1.9534883720930232,2163.0,270.2470703125,8.516815,7.071496
169,1.9651162790697676,2176.0,283.2470703125,-1.085901,7.83664
170,1.9767441860465114,2075.0,182.2470703125,-11.099327,8.148664
171,1.9883720930232558,2133.0,240.2470703125,-21.224819,7.531113
172,2.0,1889.0,-3.7529296875,-31.375544,5.715815
173,2.011627906976744,1989.0,96.2470703125,-40.641903,2.764774
174,2.0232558139534884,1661.0,-231.7529296875,-48.234524,-0.768116
175,2.0348837209302326,1770.0,-122.7529296875,-52.550377,-4.080566
176,2.046511627906977,1467.0,-425.7529296875,-52.777813,-6.415592
177,2.058139534883721,1558.0,-334.7529296875,-48.126621,-7.360977
178,2.0697674418604652,1370.0,-522.7529296875,-39.074753,-7.092281
179,2.0813953488372094,1399.0,-493.7529296875,-26.447165,-6.183037
180,2.0930232558139537,1401.0,-491.7529296875,-11.581094,-5.41174
181,2.1046511627906974,1360.0,-532.7529296875,4.22712,-5.282828
182,2.1162790697674416,1573.0,-319.7529296875,20.211597,-5.855059
183,2.1279069767441863,1466.0,-426.7529296875,35.512772,-6.708565
184,2.1395348837209305,1808.0,-84.7529296875,49.893494,-7.116241
185,2.1511627906976742,1687.0,-205.7529296875,62.281109,-6.442051
186,2.1627906976744184,2062.0,169.2470703125,71.943153,-4.366982
187,2.174418604651163,1938.0,45.2470703125,77.221764,-1.075371
188,2.186046511627907,2218.0,325.2470703125,77.210907,2.965195
189,2.197674418604651,2150.0,257.2470703125,70.953537,7.06472
190,2.2093023255813953,2240.0,347.2470703125,58.573799,10.678177
191,2.22093023255814,2245.0,352.2470703125,40.762051,13.335146
192,2.2325581395348837,2114.0,221.2470703125,18.703606,14.818643
193,2.244186046511628,2197.0,304.2470703125,-5.91855,14.922575
194,2.255813953488372,1877.0,-15.7529296875,-31.798405,13.578762
195,2.267441860465116,2000.0,107.2470703125,-57.022148,10.788612
196,2.2790697674418605,1616.0,-276.7529296875,-80.261932,6.757057
197,2.2906976744186047,1744.0,-148.7529296875,-99.295921,1.93177
198,2.302325581395349,1393.0,-499.7529296875,-112.500648,-3.081055
199,2.3139534883720927,1490.0,-402.7529296875,-117.723495,-7.511703
200,2.3255813953488373,1318.0,-574.7529296875,-113.828995,-10.845917
201,2.3372093023255816,1335.0,-557.7529296875,-100.219475,-12.786591
202,2.3488372093023258,1397.0,-495.7529296875,-77.460526,-13.501034
203,2.3604651162790695,1332.0,-560.7529296875,-47.235065,-13.30917
204,2.372093023255814,1617.0,-275.7529296875,-11.684069,-12.708323
205,2.3837209302325584,1495.0,-397.7529296875,26.102446,-11.980326
206,2.395348837209302,1891.0,-1.7529296875,63.603291,-11.149448
207,2.4069767441860463,1755.0,-137.7529296875,97.705833,-9.924316
208,2.4186046511627906,2138.0,245.2470703125,126.306412,-7.843857
209,2.430232558139535,2016.0,123.2470703125,146.901367,-4.529556
210,2.441860465116279,2261.0,368.2470703125,158.000244,0.23761
211,2.453488372093023,2219.0,326.2470703125,158.110962,6.227005
212,2.4651162790697674,2218.0,325.2470703125,146.520874,12.820831
213,2.4767441860465116,2267.0,374.2470703125,123.209908,19.024101
214,2.488372093023256,2045.0,152.2470703125,88.719658,23.702835
215,2.5,2153.0,260.2470703125,44.913776,25.824284
216,2.511627906976744,1801.0,-91.7529296875,-5.920519,24.761723
217,2.5232558139534884,1925.0,32.2470703125,-59.857666,20.479149
218,2.5348837209302326,1571.0,-321.7529296875,-112.777679,13.646843
219,2.546511627906977,1683.0,-209.7529296875,-159.415161,5.456146
220,2.5581395348837206,1421.0,-471.7529296875,-195.146591,-2.70491
221,2.5697674418604652,1483.0,-409.7529296875,-215.648483,-9.613983
222,2.5813953488372094,1419.0,-473.7529296875,-218.366562,-14.652115
223,2.5930232558139537,1402.0,-490.7529296875,-202.504501,-17.799362
224,2.6046511627906974,1555.0,-337.7529296875,-169.133408,-19.55101
225,2.6162790697674416,1467.0,-425.7529296875,-121.240517,-20.518326
226,2.6279069767441863,1757.0,-135.7529296875,-62.492943,-21.066036
227,2.6395348837209305,1651.0,-241.7529296875,2.37547,-21.088856
228,2.6511627906976742,1968.0,75.2470703125,69.028389,-20.0467
229,2.6627906976744184,1862.0,-30.7529296875,132.543533,-17.324097
230,2.674418604651163,2106.0,213.2470703125,188.488785,-12.516159
231,2.686046511627907,2053.0,160.2470703125,232.099625,-5.79393
232,2.697674418604651,2130.0,237.2470703125,259.180115,2.17688
233,2.7093023255813953,2131.0,238.2470703125,266.291779,10.380554
234,2.72093023255814,2058.0,165.2470703125,251.40416,17.856033
235,2.7325581395348837,2108.0,215.2470703125,214.703781,23.909195
236,2.744186046511628,1913.0,20.2470703125,158.302933,28.21579
237,2.755813953488372,1998.0,105.2470703125,86.748299,30.659103
238,2.767441860465116,1760.0,-132.7529296875,5.650862,31.091455
239,2.7790697674418605,1840.0,-52.7529296875,-78.111252,29.259697
240,2.7906976744186047,1655.0,-237.7529296875,-157.870987,24.779739
241,2.802325581395349,1690.0,-202.7529296875,-226.96933,17.486679
242,2.8139534883720927,1613.0,-279.7529296875,-279.536255,7.651642
243,2.8255813953488373,1621.0,-271.7529296875,-310.593933,-3.799255
244,2.8372093023255816,1645.0,-247.7529296875,-316.434235,-15.447662
245,2.8488372093023253,1616.0,-276.7529296875,-295.340912,-25.635651
246,2.8604651162790695,1712.0,-180.7529296875,-247.686462,-32.988739
247,2.872093023255814,1678.0,-214.7529296875,-176.793015,-36.705765
248,2.8837209302325584,1797.0,-95.7529296875,-88.279099,-36.755978
249,2.895348837209302,1759.0,-133.7529296875,9.884332,-33.65657
250,2.9069767441860463,1889.0,-3.7529296875,108.830963,-28.221664
251,2.918604651162791,1838.0,-54.7529296875,199.388931,-21.195877
252,2.930232558139535,1905.0,12.2470703125,273.518799,-13.076111
253,2.941860465116279,1905.0,12.2470703125,324.823883,-4.1539
254,2.953488372093023,1898.0,5.2470703125,348.936981,5.344177
255,2.9651162790697674,1901.0,8.2470703125,343.918335,15.021088
256,2.9767441860465116,1878.0,-14.7529296875,309.841217,24.218475
257,2.988372093023256,1883.0,-9.7529296875,249.207504,32.01651
258,3.0,1851.0,-41.7529296875,166.350845,37.40744
259,3.011627906976744,1863.0,-29.7529296875,67.867142,39.549294
260,3.0232558139534884,1831.0,-61.7529296875,-38.263248,37.922764
261,3.0348837209302326,1843.0,-49.7529296875,-142.736145,32.518173
262,3.046511627906977,1819.0,-73.7529296875,-236.129654,23.813889
263,3.0581395348837206,1826.0,-66.7529296875,-309.622833,12.760284
264,3.0697674418604652,1792.0,-100.7529296875,-356.118439,0.590546
265,3.0813953488372094,1808.0,-84.7529296875,-371.033417,-11.314209
266,3.0930232558139537,1774.0,-118.7529296875,-352.699402,-21.661316
267,3.1046511627906974,1775.0,-117.7529296875,-302.772339,-29.441498
268,3.1162790697674416,1747.0,-145.7529296875,-225.642075,-34.0233
269,3.1279069767441863,1754.0,-138.7529296875,-128.461273,-35.243416
270,3.1395348837209305,1739.0,-153.7529296875,-19.950615,-33.359711
271,3.1511627906976742,1737.0,-155.7529296875,89.867104,-28.902023
272,3.1627906976744184,1744.0,-148.7529296875,191.090088,-22.533447
273,3.174418604651163,1731.0,-161.7529296875,274.346924,-14.933838
274,3.186046511627907,1779.0,-113.7529296875,332.154053,-6.699066
275,3.197674418604651,1760.0,-132.7529296875,359.340179,1.659393
276,3.2093023255813953,1827.0,-65.7529296875,353.777374,9.6539
277,3.22093023255814,1805.0,-87.7529296875,316.51886,16.814972
278,3.2325581395348837,1878.0,-14.7529296875,251.530289,22.681442
279,3.244186046511628,1866.0,-26.7529296875,165.431595,26.807037
280,3.255813953488372,1904.0,11.2470703125,66.32016,28.79763
281,3.2674418604651163,1900.0,7.2470703125,-36.485363,28.401218
282,3.2790697674418605,1907.0,14.2470703125,-133.986588,25.509567
283,3.2906976744186047,1905.0,12.2470703125,-217.463303,20.28064
284,3.302325581395349,1872.0,-20.7529296875,-279.912628,13.116302
285,3.3139534883720927,1898.0,5.2470703125,-315.827362,4.783386
286,3.3255813953488373,1827.0,-65.7529296875,-322.384338,-3.766968
287,3.3372093023255816,1851.0,-41.7529296875,-299.275024,-11.433533
288,3.3488372093023253,1776.0,-116.7529296875,-249.184814,-17.273239
289,3.3604651162790695,1805.0,-87.7529296875,-177.54866,-20.629944
290,3.372093023255814,1746.0,-146.7529296875,-91.815681,-21.390144
291,3.3837209302325584,1758.0,-134.7529296875,-1.052758,-19.93936
292,3.395348837209302,1734.0,-158.7529296875,85.894035,-16.992134
293,3.4069767441860463,1738.0,-154.7529296875,160.591263,-13.313553
294,3.418604651162791,1743.0,-149.7529296875,216.847977,-9.480515
295,3.430232558139535,1737.0,-155.7529296875,250.319519,-5.702209
296,3.441860465116279,1780.0,-112.7529296875,259.538025,-1.870728
297,3.453488372093023,1761.0,-131.7529296875,245.012253,2.113419
298,3.4651162790697674,1821.0,-71.7529296875,209.497803,6.229797
299,3.4767441860465116,1797.0,-95.7529296875,157.342636,10.064041
300,3.488372093023256,1843.0,-49.7529296875,94.069366,13.021194
301,3.5,1827.0,-65.7529296875,26.233065,14.428398
302,3.511627906976744,1835.0,-57.7529296875,-39.786259,13.964512
303,3.5232558139534884,1840.0,-52.7529296875,-97.524551,11.74781
304,3.5348837209302326,1817.0,-75.7529296875,-142.287506,8.352356
305,3.546511627906977,1826.0,-66.7529296875,-170.431442,4.579193
306,3.5581395348837206,1783.0,-109.7529296875,-180.933823,1.101669
307,3.5697674418604652,1806.0,-86.7529296875,-174.160309,-1.666611
308,3.5813953488372094,1754.0,-138.7529296875,-152.540314,-3.725281
309,3.5930232558139537,1772.0,-120.7529296875,-119.347893,-5.187981
310,3.6046511627906974,1723.0,-169.7529296875,-78.561974,-6.161331
311,3.616279069767442,1732.0,-160.7529296875,-34.527405,-6.521063
312,3.6279069767441863,1698.0,-194.7529296875,8.770599,-5.965216
313,3.63953488372093,1710.0,-182.7529296875,47.090298,-4.285088
314,3.6511627906976742,1681.0,-211.7529296875,77.282326,-1.595985
315,3.6627906976744184,1682.0,-210.7529296875,96.451042,1.515053
316,3.674418604651163,1687.0,-205.7529296875,103.701767,4.163651
317,3.686046511627907,1683.0,-209.7529296875,99.118896,5.366745
318,3.697674418604651,1698.0,-194.7529296875,85.001892,4.606117
319,3.7093023255813953,1693.0,-199.7529296875,64.572983,1.955437
320,3.72093023255814,1725.0,-167.7529296875,41.862537,-1.75452
321,3.7325581395348837,1712.0,-180.7529296875,20.618378,-5.3904
322,3.744186046511628,1763.0,-129.7529296875,3.390035,-7.791032
323,3.755813953488372,1733.0,-159.7529296875,-8.364655,-8.356247
324,3.7674418604651163,1786.0,-106.7529296875,-15.075083,-7.038861
325,3.7790697674418605,1769.0,-123.7529296875,-17.592411,-4.386372
326,3.7906976744186047,1805.0,-87.7529296875,-17.812225,-1.153095
327,3.802325581395349,1801.0,-91.7529296875,-16.87846,2.034973
328,3.8139534883720927,1811.0,-81.7529296875,-16.145067,4.738199
329,3.8255813953488373,1807.0,-85.7529296875,-16.028378,6.882679
330,3.8372093023255816,1798.0,-94.7529296875,-16.932665,8.420353
331,3.8488372093023253,1804.0,-88.7529296875,-18.967123,9.318289
332,3.8604651162790695,1774.0,-118.7529296875,-22.007654,9.322607
333,3.872093023255814,1789.0,-103.7529296875,-25.995367,8.231394
334,3.8837209302325584,1741.0,-151.7529296875,-30.055199,5.944412
335,3.895348837209302,1757.0,-135.7529296875,-33.483112,2.725658
336,3.9069767441860463,1709.0,-183.7529296875,-34.641579,-0.852924
337,3.9186046511627906,1727.0,-165.7529296875,-32.577862,-4.041887
338,3.930232558139535,1690.0,-202.7529296875,-26.126762,-6.185417
339,3.941860465116279,1696.0,-196.7529296875,-15.442749,-7.047765
340,3.9534883720930227,1691.0,-201.7529296875,-1.178492,-6.753449
341,3.9651162790697674,1689.0,-203.7529296875,14.985053,-5.861833
342,3.9767441860465116,1721.0,-171.7529296875,30.901562,-4.92057
343,3.9883720930232562,1702.0,-190.7529296875,44.576214,-4.378876
344,4.0,1758.0,-134.7529296875,54.071232,-4.196293
345,4.011627906976744,1741.0,-151.7529296875,58.584888,-4.093132
346,4.023255813953488,1798.0,-94.7529296875,57.510471,-3.499458
347,4.034883720930233,1781.0,-111.7529296875,51.484837,-2.038776
348,4.046511627906977,1823.0,-69.7529296875,41.050354,0.42881
349,4.058139534883721,1808.0,-84.7529296875,27.535381,3.587368
350,4.069767441860465,1830.0,-62.7529296875,11.948113,6.810924
351,4.081395348837209,1831.0,-61.7529296875,-4.419039,9.345749
352,4.093023255813954,1819.0,-73.7529296875,-20.409334,10.481316
353,4.104651162790698,1835.0,-57.7529296875,-34.95607,9.866508
354,4.116279069767442,1796.0,-96.7529296875,-46.786888,7.482758
355,4.127906976744186,1818.0,-74.7529296875,-55.067272,3.815186
356,4.1395348837209305,1776.0,-116.7529296875,-58.668674,-0.438522
357,4.151162790697675,1787.0,-105.7529296875,-57.271919,-4.328365
358,4.162790697674419,1773.0,-119.7529296875,-50.483372,-7.050697
359,4.174418604651162,1769.0,-123.7529296875,-39.036541,-8.075573
360,4.186046511627907,1740.0,-152.7529296875,-23.877329,-7.349253
361,4.1976744186046515,1744.0,-148.7529296875,-6.770484,-5.236526
362,4.209302325581395,1750.0,-142.7529296875,10.305374,-2.53599
363,4.22093023255814,1744.0,-148.7529296875,25.373341,-0.173416
364,4.232558139534883,1759.0,-133.7529296875,36.723728,1.13866
365,4.2441860465116275,1758.0,-134.7529296875,43.575565,1.09901
366,4.2558139534883725,1785.0,-107.7529296875,45.627033,0.022629
367,4.267441860465116,1776.0,-116.7529296875,43.706596,-1.406418
368,4.279069767441861,1803.0,-89.7529296875,38.714935,-2.223427
369,4.290697674418605,1796.0,-96.7529296875,32.031628,-1.78886
370,4.3023255813953485,1813.0,-79.7529296875,24.518707,0.167162
371,4.313953488372094,1815.0,-77.7529296875,16.840321,3.155657
372,4.325581395348837,1819.0,-73.7529296875,9.141888,6.354859
373,4.337209302325581,1819.0,-73.7529296875,1.393623,8.696227
374,4.348837209302326,1827.0,-65.7529296875,-6.349798,9.428682
375,4.3604651162790695,1835.0,-57.7529296875,-13.952952,8.26752
376,4.372093023255814,1824.0,-68.7529296875,-20.842009,5.486715
377,4.383720930232558,1823.0,-69.7529296875,-26.462023,1.836546
378,4.395348837209302,1815.0,-77.7529296875,-30.102507,-1.939625
379,4.406976744186047,1824.0,-68.7529296875,-31.535746,-5.138971
380,4.4186046511627906,1815.0,-77.7529296875,-30.689978,-7.582911
381,4.430232558139535,1814.0,-78.7529296875,-28.021685,-9.200916
382,4.44186046511628,1819.0,-73.7529296875,-24.016659,-10.252405
383,4.453488372093023,1823.0,-69.7529296875,-19.142189,-10.724799
384,4.465116279069767,1823.0,-69.7529296875,-13.664232,-10.582356
385,4.476744186046512,1825.0,-67.7529296875,-7.587803,-9.514582
386,4.488372093023256,1825.0,-67.7529296875,-0.859159,-7.314127
387,4.5,1818.0,-74.7529296875,6.515066,-3.999776
388,4.511627906976744,1831.0,-61.7529296875,14.21766,0.122516
389,4.523255813953488,1827.0,-65.7529296875,21.656395,4.371052
390,4.534883720930232,1840.0,-52.7529296875,28.006907,8.167055
391,4.546511627906977,1837.0,-55.7529296875,32.505802,10.959095
392,4.558139534883721,1847.0,-45.7529296875,34.610729,12.804508
393,4.569767441860465,1840.0,-52.7529296875,34.170971,13.881882
394,4.5813953488372094,1840.0,-52.7529296875,31.313412,14.704552
395,4.593023255813954,1842.0,-50.7529296875,26.403913,15.383891
396,4.604651162790698,1840.0,-52.7529296875,19.739944,15.755781
397,4.616279069767442,1846.0,-46.7529296875,11.578851,15.09792
398,4.627906976744185,1825.0,-67.7529296875,2.068782,12.55127
399,4.6395348837209305,1837.0,-55.7529296875,-8.431993,7.561934
400,4.651162790697675,1821.0,-71.7529296875,-19.32868,0.068968
401,4.662790697674418,1824.0,-68.7529296875,-29.611349,-9.013954
402,4.674418604651163,1814.0,-78.7529296875,-37.993969,-18.394051
403,4.686046511627906,1821.0,-71.7529296875,-43.21365,-26.271627
404,4.6976744186046515,1822.0,-70.7529296875,-44.250595,-31.430153
405,4.709302325581396,1815.0,-77.7529296875,-40.784779,-32.981255
406,4.720930232558139,1840.0,-52.7529296875,-33.045063,-31.038572
407,4.732558139534884,1827.0,-65.7529296875,-22.0653,-26.116486
408,4.744186046511628,1856.0,-36.7529296875,-9.101708,-19.129778
409,4.755813953488372,1840.0,-52.7529296875,4.287713,-10.91666
410,4.767441860465117,1877.0,-15.7529296875,16.757553,-2.109598
411,4.77906976744186,1868.0,-24.7529296875,27.082663,6.712814
412,4.790697674418604,1894.0,1.2470703125,34.425289,15.264244
413,4.802325581395349,1888.0,-4.7529296875,38.288059,22.982719
414,4.813953488372093,1897.0,4.2470703125,38.554005,29.60236
415,4.825581395348837,1895.0,2.2470703125,35.612877,34.594624
416,4.837209302325581,1875.0,-17.7529296875,30.052469,37.809715
417,4.848837209302325,1883.0,-9.7529296875,22.806694,38.901352
418,4.86046511627907,1843.0,-49.7529296875,14.572553,37.699226
419,4.872093023255814,1862.0,-30.7529296875,6.041375,33.841042
420,4.883720930232558,1814.0,-78.7529296875,-2.565451,26.907816
421,4.895348837209303,1834.0,-58.7529296875,-11.002826,16.71262
422,4.906976744186046,1791.0,-101.7529296875,-19.074892,3.340345
423,4.9186046511627906,1799.0,-93.7529296875,-26.181423,-12.145351
424,4.930232558139535,1791.0,-101.7529296875,-31.416317,-28.228607
425,4.941860465116279,1783.0,-109.7529296875,-33.765259,-42.592682
426,4.953488372093023,1808.0,-84.7529296875,-32.368343,-53.29924
427,4.965116279069767,1792.0,-100.7529296875,-27.18446,-58.791794
428,4.976744186046512,1842.0,-50.7529296875,-18.851437,-58.759155
429,4.988372093023256,1829.0,-63.7529296875,-8.944207,-53.728477
430,5.0,1893.0,0.2470703125,0.868336,-44.935001
431,5.011627906976744,1872.0,-20.7529296875,9.029919,-33.61002
432,5.023255813953488,1937.0,44.2470703125,14.847833,-20.485592
433,5.034883720930233,1919.0,26.2470703125,18.346931,-5.917002
434,5.046511627906977,1965.0,72.2470703125,20.157354,10.19742
435,5.058139534883721,1949.0,56.2470703125,20.936996,27.386814
436,5.069767441860465,1947.0,54.2470703125,20.944307,44.786606
437,5.081395348837209,1959.0,66.2470703125,20.022196,60.463211
438,5.093023255813954,1921.0,28.2470703125,17.557863,72.316849
439,5.104651162790698,1933.0,40.2470703125,13.233011,78.230042
440,5.116279069767441,1867.0,-25.7529296875,7.082351,77.062866
441,5.127906976744186,1894.0,1.2470703125,0.002554,68.733894
442,5.1395348837209305,1808.0,-84.7529296875,-6.867363,54.181557
443,5.151162790697675,1839.0,-53.7529296875,-12.181661,35.109154
444,5.162790697674419,1776.0,-116.7529296875,-15.295028,13.124385
445,5.174418604651162,1787.0,-105.7529296875,-16.16371,-10.101179
446,5.186046511627907,1767.0,-125.7529296875,-15.436335,-33.409271
447,5.1976744186046515,1760.0,-132.7529296875,-13.985085,-55.372971
448,5.209302325581395,1781.0,-111.7529296875,-12.424925,-74.63356
449,5.22093023255814,1770.0,-122.7529296875,-10.951303,-89.297768
450,5.232558139534883,1835.0,-57.7529296875,-9.14269,-97.572815
451,5.2441860465116275,1807.0,-85.7529296875,-6.574766,-97.901794
452,5.2558139534883725,1882.0,-10.7529296875,-2.75337,-89.471909
453,5.267441860465116,1856.0,-36.7529296875,2.11714,-72.622337
454,5.279069767441861,1925.0,32.2470703125,7.617088,-48.59502
455,5.290697674418605,1909.0,16.2470703125,12.841278,-19.660515
456,5.3023255813953485,1958.0,65.2470703125,17.07378,11.714283
457,5.313953488372094,1942.0,49.2470703125,19.710173,42.66465
458,5.325581395348837,1958.0,65.2470703125,20.545986,70.793335
459,5.337209302325581,1960.0,67.2470703125,19.570616,93.674156
460,5.348837209302326,1936.0,43.2470703125,16.856489,109.535217
461,5.3604651162790695,1941.0,48.2470703125,12.580649,116.869301
462,5.372093023255814,1895.0,2.2470703125,6.855647,114.936073
463,5.383720930232558,1922.0,29.2470703125,0.092359,103.618019
464,5.395348837209302,1856.0,-36.7529296875,-7.305939,83.533218
465,5.406976744186046,1872.0,-20.7529296875,-14.537659,56.086899
466,5.4186046511627906,1815.0,-77.7529296875,-20.936726,23.135387
467,5.430232558139535,1830.0,-62.7529296875,-25.735046,-12.819987
468,5.44186046511628,1793.0,-99.7529296875,-28.518679,-49.150188
469,5.453488372093023,1797.0,-95.7529296875,-28.976219,-82.791183
470,5.465116279069767,1799.0,-93.7529296875,-26.976233,-110.769958
471,5.476744186046512,1787.0,-105.7529296875,-22.485588,-130.156464
472,5.488372093023256,1806.0,-86.7529296875,-15.452142,-138.633682
473,5.5,1808.0,-84.7529296875,-6.136707,-134.823013
474,5.511627906976744,1840.0,-52.7529296875,4.986379,-118.641098
475,5.523255813953488,1818.0,-74.7529296875,16.826014,-91.490288
476,5.534883720930232,1882.0,-10.7529296875,28.098812,-55.873371
477,5.546511627906977,1859.0,-33.7529296875,37.151295,-15.334759
478,5.558139534883721,1919.0,26.2470703125,42.740089,26.539335
479,5.569767441860465,1896.0,3.2470703125,43.976204,66.032867
480,5.5813953488372094,1948.0,55.2470703125,40.82674,100.196915
481,5.593023255813954,1935.0,42.2470703125,33.789471,126.401413
482,5.604651162790698,1963.0,70.2470703125,23.793997,142.799713
483,5.616279069767442,1957.0,64.2470703125,11.862346,147.94104
484,5.627906976744185,1958.0,65.2470703125,-1.155424,141.094788
485,5.6395348837209305,1964.0,71.2470703125,-14.469486,122.291534
486,5.651162790697675,1930.0,37.2470703125,-27.425333,92.479134
487,5.662790697674418,1941.0,48.2470703125,-39.101925,53.810108
488,5.674418604651163,1874.0,-18.7529296875,-48.453934,9.329159
489,5.686046511627907,1904.0,11.2470703125,-54.149567,-36.869797
490,5.697674418604651,1835.0,-57.7529296875,-55.165268,-80.623322
491,5.709302325581396,1861.0,-31.7529296875,-50.7742,-117.542252
492,5.720930232558139,1793.0,-99.7529296875,-41.089298,-144.157516
493,5.732558139534884,1810.0,-82.7529296875,-26.917011,-157.766953
494,5.744186046511628,1771.0,-121.7529296875,-9.802375,-157.224762
495,5.755813953488372,1776.0,-116.7529296875,8.384255,-142.694946
496,5.767441860465117,1787.0,-105.7529296875,25.77557,-115.757874
497,5.77906976744186,1772.0,-120.7529296875,40.707672,-79.185173
498,5.790697674418604,1822.0,-70.7529296875,52.065529,-36.34436
499,5.802325581395349,1794.0,-98.7529296875,59.044109,8.845959
500,5.813953488372093,1881.0,-11.7529296875,61.376976,52.79726
501,5.825581395348837,1851.0,-41.7529296875,58.89925,91.87117
502,5.837209302325582,1939.0,46.2470703125,51.842457,123.223816
503,5.848837209302325,1915.0,22.2470703125,40.505962,144.210846
504,5.86046511627907,1995.0,102.2470703125,25.650909,153.162842
505,5.872093023255814,1969.0,76.2470703125,8.262993,149.056671
506,5.883720930232558,2000.0,107.2470703125,-10.216921,132.114838
507,5.895348837209303,2001.0,108.2470703125,-28.137705,103.806419
508,5.906976744186046,1950.0,57.2470703125,-43.804832,66.699707
509,5.9186046511627906,1984.0,91.2470703125,-55.572891,24.615356
510,5.930232558139535,1887.0,-5.7529296875,-62.379147,-18.590122
511,5.941860465116279,1917.0,24.2470703125,-63.557373,-58.773102
512,5.953488372093023,1807.0,-85.7529296875,-59.264927,-92.91217
513,5.965116279069767,1846.0,-46.7529296875,-50.035156,-118.453979
514,5.976744186046512,1744.0,-148.7529296875,-37.053162,-134.181305
515,5.988372093023256,1769.0,-123.7529296875,-21.567915,-139.295502
516,6.0,1745.0,-147.7529296875,-5.039677,-133.793167
517,6.011627906976744,1745.0,-147.7529296875,11.152496,-118.112732
518,6.023255813953488,1778.0,-114.7529296875,25.806856,-93.240616
519,6.034883720930233,1759.0,-133.7529296875,37.852982,-61.076012
520,6.046511627906977,1851.0,-41.7529296875,46.626583,-23.997303
521,6.058139534883721,1811.0,-81.7529296875,51.580853,14.592644
522,6.069767441860465,1938.0,45.2470703125,52.730633,51.505585
523,6.081395348837209,1895.0,2.2470703125,50.141994,83.290985
524,6.093023255813954,2015.0,122.2470703125,44.367817,107.659767
525,6.104651162790698,1984.0,91.2470703125,35.899632,122.804321
526,6.116279069767441,2047.0,154.2470703125,25.471258,128.154495
527,6.127906976744186,2045.0,152.2470703125,13.751321,123.692772
528,6.1395348837209305,2032.0,139.2470703125,1.424363,110.013397
529,6.151162790697675,2057.0,164.2470703125,-10.706488,88.307777
530,6.162790697674419,1971.0,78.2470703125,-21.924612,60.025581
531,6.174418604651162,2007.0,114.2470703125,-31.318211,27.521278
532,6.186046511627907,1889.0,-3.7529296875,-38.293056,-6.809393
533,6.1976744186046515,1933.0,40.2470703125,-42.25819,-39.837254
534,6.209302325581395,1792.0,-100.7529296875,-43.227337,-69.098656
535,6.22093023255814,1839.0,-53.7529296875,-41.365177,-92.200775
536,6.232558139534883,1746.0,-146.7529296875,-37.317608,-107.983322
537,6.2441860465116275,1770.0,-122.7529296875,-31.712196,-115.823219
538,6.2558139534883725,1745.0,-147.7529296875,-25.128901,-115.837852
539,6.267441860465116,1743.0,-149.7529296875,-17.908434,-108.385193
540,6.279069767441861,1791.0,-101.7529296875,-10.025483,-93.725266
541,6.290697674418605,1765.0,-127.7529296875,-1.440142,-72.40937
542,6.3023255813953485,1870.0,-22.7529296875,8.030445,-44.907383
543,6.313953488372094,1825.0,-67.7529296875,18.08412,-12.792122
544,6.325581395348837,1942.0,49.2470703125,28.297123,21.997345
545,6.337209302325581,1904.0,11.2470703125,37.696209,56.231689
546,6.348837209302326,2000.0,107.2470703125,45.315777,86.718246
547,6.3604651162790695,1976.0,83.2470703125,50.12999,110.106056
548,6.372093023255814,2009.0,116.2470703125,51.444946,124.105965
549,6.383720930232558,2007.0,114.2470703125,48.994465,127.518585
550,6.395348837209302,1985.0,92.2470703125,42.835617,120.34861
551,6.406976744186046,2000.0,107.2470703125,33.472752,103.76384
552,6.4186046511627906,1943.0,50.2470703125,21.43396,79.285683
553,6.430232558139535,1969.0,76.2470703125,7.477785,49.093323
554,6.44186046511628,1877.0,-15.7529296875,-7.756929,15.065145
555,6.453488372093023,1903.0,10.2470703125,-23.428967,-20.351782
556,6.465116279069767,1821.0,-71.7529296875,-38.688633,-54.995583
557,6.476744186046512,1851.0,-41.7529296875,-52.450748,-86.160782
558,6.488372093023256,1806.0,-86.7529296875,-63.537903,-111.484314
559,6.5,1802.0,-90.7529296875,-70.750809,-128.619965
560,6.511627906976744,1809.0,-83.7529296875,-72.919952,-135.817734
561,6.523255813953488,1804.0,-88.7529296875,-69.322083,-132.103302
562,6.534883720930233,1841.0,-51.7529296875,-59.544342,-117.205063
563,6.546511627906977,1829.0,-63.7529296875,-43.911522,-91.974091
564,6.558139534883721,1875.0,-17.7529296875,-23.183172,-57.804169
565,6.569767441860465,1862.0,-30.7529296875,1.173915,-17.297646
566,6.5813953488372094,1919.0,26.2470703125,27.288137,26.467669
567,6.593023255813954,1898.0,5.2470703125,52.852077,69.366043
568,6.604651162790698,1945.0,52.2470703125,75.377182,107.196983
569,6.616279069767442,1931.0,38.2470703125,92.384476,135.640656
570,6.627906976744185,1939.0,46.2470703125,101.63504,151.326569
571,6.6395348837209305,1941.0,48.2470703125,101.650124,152.301636
572,6.651162790697675,1934.0,41.2470703125,91.728333,138.372971
573,6.662790697674418,1937.0,44.2470703125,72.483421,111.396675
574,6.674418604651163,1904.0,11.2470703125,45.559856,74.484558
575,6.686046511627907,1915.0,22.2470703125,13.72451,31.926733
576,6.697674418604651,1871.0,-21.7529296875,-19.746984,-12.138625
577,6.709302325581396,1887.0,-5.7529296875,-51.391396,-53.624821
578,6.720930232558139,1847.0,-45.7529296875,-78.147629,-89.455505
579,6.732558139534884,1855.0,-37.7529296875,-97.678833,-117.023193
580,6.744186046511628,1824.0,-68.7529296875,-108.484589,-134.608353
581,6.755813953488372,1834.0,-58.7529296875,-110.038429,-141.006714
582,6.767441860465117,1822.0,-70.7529296875,-102.477249,-135.734558
583,6.77906976744186,1830.0,-62.7529296875,-86.643616,-119.129189
584,6.790697674418604,1838.0,-54.7529296875,-63.730873,-92.343796
585,6.802325581395349,1825.0,-67.7529296875,-35.449055,-57.668919
586,6.813953488372093,1852.0,-40.7529296875,-3.753711,-17.942745
587,6.825581395348837,1839.0,-53.7529296875,28.908884,23.137791
588,6.837209302325582,1869.0,-23.7529296875,59.89595,62.001835
589,6.848837209302325,1860.0,-32.7529296875,86.406883,94.972374
590,6.86046511627907,1888.0,-4.7529296875,105.824516,119.13266
591,6.872093023255814,1885.0,-7.7529296875,116.047165,132.181152
592,6.883720930232558,1902.0,9.2470703125,115.754845,133.002441
593,6.895348837209303,1897.0,4.2470703125,104.787193,121.671051
594,6.906976744186046,1903.0,10.2470703125,84.036179,99.506821
595,6.9186046511627906,1904.0,11.2470703125,55.551643,69.059677
596,6.930232558139535,1904.0,11.2470703125,22.093121,33.535812
597,6.941860465116279,1907.0,14.2470703125,-13.031112,-3.332819
598,6.953488372093023,1885.0,-7.7529296875,-46.520576,-38.217339
599,6.965116279069767,1897.0,4.2470703125,-75.272987,-68.11689
600,6.976744186046512,1873.0,-19.7529296875,-96.769424,-91.043953
601,6.988372093023256,1872.0,-20.7529296875,-109.213562,-105.569572
602,7.0,1842.0,-50.7529296875,-111.660133,-111.100388
603,7.011627906976744,1851.0,-41.7529296875,-104.060463,-107.417496
604,7.023255813953488,1839.0,-53.7529296875,-87.274261,-94.94046
605,7.034883720930233,1833.0,-59.7529296875,-63.10759,-74.752838
606,7.046511627906977,1830.0,-62.7529296875,-33.952652,-48.575809
607,7.058139534883721,1830.0,-62.7529296875,-2.768504,-19.007334
608,7.069767441860465,1834.0,-58.7529296875,27.501379,11.107203
609,7.081395348837209,1834.0,-58.7529296875,54.05769,38.637161
610,7.093023255813954,1850.0,-42.7529296875,74.781639,61.200359
611,7.104651162790698,1847.0,-45.7529296875,88.200905,76.967903
612,7.116279069767441,1851.0,-41.7529296875,93.690865,85.332291
613,7.127906976744186,1854.0,-38.7529296875,91.279106,86.316322
614,7.1395348837209305,1857.0,-35.7529296875,81.542244,80.631393
615,7.151162790697675,1859.0,-33.7529296875,65.519386,69.201073
616,7.162790697674419,1863.0,-29.7529296875,44.561371,53.086929
617,7.174418604651162,1855.0,-37.7529296875,20.449524,33.57019
618,7.186046511627907,1862.0,-30.7529296875,-4.823041,12.056879
619,7.1976744186046515,1861.0,-31.7529296875,-28.93474,-9.527618
620,7.209302325581395,1866.0,-26.7529296875,-49.704662,-29.343994
621,7.22093023255814,1865.0,-27.7529296875,-65.133026,-45.376911
622,7.232558139534884,1856.0,-36.7529296875,-73.946579,-56.38168
623,7.2441860465116275,1862.0,-30.7529296875,-75.555191,-61.570866
624,7.2558139534883725,1855.0,-37.7529296875,-70.30764,-61.223824
625,7.267441860465116,1847.0,-45.7529296875,-59.254105,-56.109886
626,7.27906976744186,1838.0,-54.7529296875,-43.930805,-47.445442
627,7.290697674418605,1842.0,-50.7529296875,-26.173542,-36.489971
628,7.3023255813953485,1840.0,-52.7529296875,-7.729202,-24.280485
629,7.313953488372094,1838.0,-54.7529296875,9.708387,-11.785326
630,7.325581395348837,1836.0,-56.7529296875,24.91835,0.473942
631,7.337209302325581,1838.0,-54.7529296875,36.884136,11.820004
632,7.348837209302326,1826.0,-66.7529296875,45.124065,21.932098
633,7.3604651162790695,1837.0,-55.7529296875,49.387035,30.270405
634,7.372093023255814,1824.0,-68.7529296875,49.832127,36.608704
635,7.383720930232559,1824.0,-68.7529296875,46.739857,40.561943
636,7.395348837209302,1820.0,-72.7529296875,40.571766,41.968216
637,7.406976744186046,1822.0,-70.7529296875,31.903669,40.680206
638,7.4186046511627906,1839.0,-53.7529296875,21.312628,36.595623
639,7.430232558139535,1829.0,-63.7529296875,9.633597,29.945461
640,7.44186046511628,1857.0,-35.7529296875,-2.283845,21.078104
641,7.453488372093023,1847.0,-45.7529296875,-13.347373,10.857274
642,7.465116279069767,1874.0,-18.7529296875,-22.639317,0.160683
643,7.476744186046512,1866.0,-26.7529296875,-29.293671,-9.872028
644,7.488372093023256,1894.0,1.2470703125,-32.960102,-18.499575
645,7.5,1895.0,2.2470703125,-33.657661,-25.180885
646,7.511627906976744,1909.0,16.2470703125,-31.809523,-29.85437
647,7.523255813953488,1903.0,10.2470703125,-28.076065,-32.653175
648,7.534883720930233,1897.0,4.2470703125,-23.038412,-33.708817
649,7.546511627906977,1895.0,2.2470703125,-17.243465,-33.119114
650,7.558139534883721,1882.0,-10.7529296875,-10.902357,-30.638241
651,7.569767441860464,1889.0,-3.7529296875,-4.333685,-26.219822
652,7.5813953488372094,1857.0,-35.7529296875,2.302039,-19.719961
653,7.593023255813954,1871.0,-21.7529296875,8.552114,-11.582673
654,7.604651162790698,1838.0,-54.7529296875,14.033129,-2.321672
655,7.616279069767442,1853.0,-39.7529296875,18.285854,7.14879
656,7.627906976744185,1821.0,-71.7529296875,21.059898,16.086184
657,7.6395348837209305,1829.0,-63.7529296875,22.361692,23.851822
658,7.651162790697675,1814.0,-78.7529296875,22.298851,30.02042
659,7.662790697674418,1814.0,-78.7529296875,21.160732,34.330364
660,7.674418604651163,1822.0,-70.7529296875,18.969805,36.380379
661,7.686046511627907,1823.0,-69.7529296875,15.787054,35.838837
662,7.697674418604651,1840.0,-52.7529296875,11.393739,32.214428
663,7.709302325581396,1831.0,-61.7529296875,5.889056,25.474966
664,7.720930232558139,1869.0,-23.7529296875,-0.572934,15.844006
665,7.732558139534884,1861.0,-31.7529296875,-7.333279,4.339648
666,7.744186046511628,1890.0,-2.7529296875,-13.59772,-7.711694
667,7.755813953488372,1875.0,-17.7529296875,-18.460419,-18.686611
668,7.767441860465117,1898.0,5.2470703125,-21.195744,-27.228199
669,7.77906976744186,1895.0,2.2470703125,-21.512459,-32.467575
670,7.790697674418604,1895.0,2.2470703125,-19.430201,-34.129318
671,7.802325581395349,1903.0,10.2470703125,-15.471933,-32.560387
672,7.813953488372093,1882.0,-10.7529296875,-10.220263,-28.349693
673,7.825581395348837,1891.0,-1.7529296875,-4.54773,-22.367008
674,7.837209302325581,1861.0,-31.7529296875,0.839655,-15.344034
675,7.848837209302326,1872.0,-20.7529296875,5.163424,-8.091973
676,7.86046511627907,1835.0,-57.7529296875,7.938957,-1.17998
677,7.872093023255814,1845.0,-47.7529296875,8.921316,4.88433
678,7.883720930232558,1829.0,-63.7529296875,8.270437,9.891953
679,7.895348837209302,1833.0,-59.7529296875,6.569041,13.866123
680,7.9069767441860455,1822.0,-70.7529296875,4.592806,17.035576
681,7.918604651162791,1821.0,-71.7529296875,3.200033,19.702072
682,7.930232558139535,1828.0,-64.7529296875,2.810063,21.895679
683,7.941860465116279,1820.0,-72.7529296875,3.438239,23.374325
684,7.953488372093023,1847.0,-45.7529296875,4.456248,23.416916
685,7.9651162790697665,1840.0,-52.7529296875,5.10664,21.331366
686,7.9767441860465125,1873.0,-19.7529296875,4.697582,16.586353
687,7.988372093023257,1861.0,-31.7529296875,3.133236,9.450934
688,8.0,1899.0,6.2470703125,0.937028,0.901844
689,8.011627906976743,1887.0,-5.7529296875,-0.994692,-7.504521
690,8.023255813953488,1904.0,11.2470703125,-1.707176,-14.171215
691,8.034883720930232,1903.0,10.2470703125,-0.801622,-17.984901
692,8.046511627906977,1903.0,10.2470703125,1.453348,-18.735329
693,8.058139534883722,1904.0,11.2470703125,4.044984,-17.1101
694,8.069767441860465,1897.0,4.2470703125,5.760716,-14.311086
695,8.081395348837209,1905.0,12.2470703125,5.555476,-11.607227
696,8.093023255813954,1883.0,-9.7529296875,3.107782,-9.691544
697,8.104651162790699,1895.0,2.2470703125,-1.199942,-8.705674
698,8.116279069767442,1859.0,-33.7529296875,-6.396111,-8.132956
699,8.127906976744185,1872.0,-20.7529296875,-11.340933,-7.365398
700,8.13953488372093,1856.0,-36.7529296875,-15.155522,-5.877382
701,8.151162790697674,1855.0,-37.7529296875,-17.33746,-3.603494
702,8.162790697674417,1839.0,-53.7529296875,-17.778229,-0.67758
703,8.174418604651164,1839.0,-53.7529296875,-16.47864,2.626886
704,8.186046511627907,1839.0,-53.7529296875,-13.500659,6.142732
705,8.19767441860465,1840.0,-52.7529296875,-8.805964,9.843393
706,8.209302325581396,1851.0,-41.7529296875,-2.551632,13.627199
707,8.220930232558139,1849.0,-43.7529296875,4.843132,17.22567
708,8.232558139534884,1878.0,-14.7529296875,12.482738,19.95306
709,8.24418604651163,1870.0,-22.7529296875,19.171234,20.983671
710,8.255813953488373,1904.0,11.2470703125,23.735025,19.529222
711,8.267441860465116,1893.0,0.2470703125,25.414368,15.400785
712,8.279069767441861,1914.0,21.2470703125,24.179087,9.060284
713,8.290697674418604,1915.0,22.2470703125,20.66124,1.708643
714,8.30232558139535,1919.0,26.2470703125,15.89432,-5.265236
715,8.313953488372093,1919.0,26.2470703125,10.769656,-10.70884
716,8.325581395348838,1909.0,16.2470703125,5.766324,-14.149189
717,8.337209302325581,1911.0,18.2470703125,0.763684,-15.881991
718,8.348837209302324,1882.0,-10.7529296875,-4.648957,-16.642981
719,8.36046511627907,1905.0,12.2470703125,-10.762168,-17.153381
720,8.372093023255815,1861.0,-31.7529296875,-17.394842,-17.663731
721,8.383720930232558,1872.0,-20.7529296875,-23.677174,-17.806097
722,8.395348837209303,1846.0,-46.7529296875,-28.359684,-16.767591
723,8.406976744186046,1857.0,-35.7529296875,-30.219427,-13.806078
724,8.41860465116279,1854.0,-38.7529296875,-28.604404,-8.659443
725,8.430232558139535,1851.0,-41.7529296875,-23.665562,-1.780579
726,8.44186046511628,1840.0,-52.7529296875,-16.292374,5.783617
727,8.453488372093023,1840.0,-52.7529296875,-7.705119,12.832399
728,8.465116279069766,1863.0,-29.7529296875,0.928805,18.307606
729,8.476744186046512,1852.0,-40.7529296875,8.856152,21.714027
730,8.488372093023255,1881.0,-11.7529296875,15.781857,22.962246
731,8.5,1872.0,-20.7529296875,21.630497,22.312305
732,8.511627906976745,1883.0,-9.7529296875,26.262022,19.952579
733,8.523255813953488,1878.0,-14.7529296875,29.31003,16.063709
734,8.534883720930232,1890.0,-2.7529296875,30.213415,10.728722
735,8.546511627906977,1894.0,1.2470703125,28.448185,4.228355
736,8.558139534883722,1879.0,-13.7529296875,23.85494,-2.85578
737,8.569767441860465,1897.0,4.2470703125,16.872423,-9.578465
738,8.58139534883721,1873.0,-19.7529296875,8.397971,-14.929481
739,8.593023255813954,1876.0,-16.7529296875,-0.411161,-18.134733
740,8.604651162790697,1859.0,-33.7529296875,-8.546625,-18.937191
741,8.61627906976744,1870.0,-22.7529296875,-15.389555,-17.70919
742,8.627906976744187,1840.0,-52.7529296875,-20.802402,-15.229327
743,8.63953488372093,1842.0,-50.7529296875,-24.840546,-12.294569
744,8.651162790697674,1840.0,-52.7529296875,-27.544199,-9.373003
745,8.662790697674419,1840.0,-52.7529296875,-28.708164,-6.474831
746,8.674418604651162,1836.0,-56.7529296875,-27.882755,-3.261177
747,8.686046511627907,1831.0,-61.7529296875,-24.61627,0.647917
748,8.697674418604652,1840.0,-52.7529296875,-18.730288,5.274807
749,8.709302325581396,1834.0,-58.7529296875,-10.620994,10.204717
750,8.720930232558139,1847.0,-45.7529296875,-1.226615,14.52767
751,8.732558139534884,1841.0,-51.7529296875,8.129645,17.285702
752,8.744186046511627,1856.0,-36.7529296875,16.149109,17.69504
753,8.755813953488373,1843.0,-49.7529296875,21.900217,15.587166
754,8.767441860465116,1869.0,-23.7529296875,25.079641,11.385598
755,8.779069767441861,1858.0,-34.7529296875,25.892668,6.002266
756,8.790697674418604,1866.0,-26.7529296875,24.917297,0.532425
757,8.802325581395348,1870.0,-22.7529296875,22.768827,-4.01409
758,8.813953488372094,1866.0,-26.7529296875,19.848503,-6.987242
759,8.825581395348838,1879.0,-13.7529296875,16.27,-8.204689
760,8.837209302325581,1858.0,-34.7529296875,11.876001,-7.922121
761,8.848837209302326,1865.0,-27.7529296875,6.519939,-6.680213
762,8.86046511627907,1847.0,-45.7529296875,0.146606,-5.151754
763,8.872093023255813,1857.0,-35.7529296875,-6.940395,-3.887243
764,8.88372093023256,1840.0,-52.7529296875,-14.200164,-3.233022
765,8.895348837209303,1854.0,-38.7529296875,-20.831917,-3.170765
766,8.906976744186046,1840.0,-52.7529296875,-26.037008,-3.414974
767,8.91860465116279,1842.0,-50.7529296875,-29.110014,-3.479349
768,8.930232558139535,1842.0,-50.7529296875,-29.57222,-2.909275
769,8.941860465116278,1837.0,-55.7529296875,-27.299837,-1.516319
770,8.953488372093023,1838.0,-54.7529296875,-22.41326,0.554943
771,8.965116279069768,1829.0,-63.7529296875,-15.363361,2.826944
772,8.976744186046512,1847.0,-45.7529296875,-6.73536,4.71605
773,8.988372093023255,1840.0,-52.7529296875,2.64221,5.706361
774,9.0,1859.0,-33.7529296875,11.922465,5.630149
775,9.011627906976745,1856.0,-36.7529296875,20.163054,4.640106
776,9.023255813953488,1866.0,-26.7529296875,26.524357,3.195734
777,9.034883720930234,1862.0,-30.7529296875,30.298376,1.772451
778,9.046511627906977,1872.0,-20.7529296875,31.074572,0.756081
779,9.05813953488372,1863.0,-29.7529296875,28.799891,0.210007
780,9.069767441860463,1882.0,-10.7529296875,23.825806,0.055981
781,9.08139534883721,1875.0,-17.7529296875,16.838306,0.06423
782,9.093023255813954,1877.0,-15.7529296875,8.681891,0.107839
783,9.104651162790697,1877.0,-15.7529296875,0.283013,0.170157
784,9.116279069767442,1872.0,-20.7529296875,-7.625834,0.345992
785,9.127906976744185,1872.0,-20.7529296875,-14.440504,0.723
786,9.13953488372093,1867.0,-25.7529296875,-19.823883,1.255466
787,9.151162790697676,1862.0,-30.7529296875,-23.52425,1.721466
788,9.162790697674419,1850.0,-42.7529296875,-25.382174,1.798729
789,9.174418604651162,1856.0,-36.7529296875,-25.249249,1.194679
790,9.186046511627907,1840.0,-52.7529296875,-23.063755,-0.214388
791,9.19767441860465,1851.0,-41.7529296875,-18.897007,-2.266975
792,9.209302325581396,1840.0,-52.7529296875,-13.054017,-4.576727
793,9.220930232558139,1840.0,-52.7529296875,-6.113963,-6.640409
794,9.232558139534884,1841.0,-51.7529296875,1.225335,-7.975013
795,9.244186046511627,1840.0,-52.7529296875,8.160461,-8.260273
796,9.25581395348837,1854.0,-38.7529296875,14.060266,-7.398009
797,9.267441860465118,1855.0,-37.7529296875,18.423679,-5.522533
798,9.279069767441861,1870.0,-22.7529296875,21.050737,-2.894209
799,9.290697674418604,1862.0,-30.7529296875,21.885826,0.157934
800,9.30232558139535,1876.0,-16.7529296875,21.009922,3.32354
801,9.313953488372093,1875.0,-17.7529296875,18.5487,6.323763
802,9.325581395348836,1900.0,7.2470703125,14.648594,8.926916
803,9.337209302325583,1885.0,-7.7529296875,9.541537,10.889213
804,9.348837209302326,1882.0,-10.7529296875,3.593491,12.037986
805,9.36046511627907,1887.0,-5.7529296875,-2.585649,12.26273
806,9.372093023255813,1871.0,-21.7529296875,-8.339851,11.520535
807,9.383720930232558,1883.0,-9.7529296875,-12.925052,9.87571
808,9.395348837209303,1858.0,-34.7529296875,-15.850468,7.436989
809,9.406976744186046,1872.0,-20.7529296875,-16.874556,4.364338
810,9.418604651162791,1873.0,-19.7529296875,-16.198563,0.761082
811,9.430232558139535,1868.0,-24.7529296875,-14.327555,-3.322782
812,9.441860465116278,1858.0,-34.7529296875,-11.863675,-7.798679
813,9.453488372093023,1863.0,-29.7529296875,-9.310597,-12.44846
814,9.465116279069768,1857.0,-35.7529296875,-6.844719,-16.825907
815,9.476744186046512,1861.0,-31.7529296875,-4.350008,-20.207756
816,9.488372093023257,1861.0,-31.7529296875,-1.465363,-21.74968
817,9.5,1858.0,-34.7529296875,2.047328,-20.692619
818,9.511627906976743,1863.0,-29.7529296875,6.196864,-16.676044
819,9.523255813953487,1858.0,-34.7529296875,10.489408,-9.968125
820,9.534883720930234,1866.0,-26.7529296875,14.129208,-1.552698
821,9.546511627906977,1869.0,-23.7529296875,16.221695,7.145967
822,9.55813953488372,1878.0,-14.7529296875,16.168447,14.614919
823,9.569767441860465,1877.0,-15.7529296875,13.935683,19.732189
824,9.581395348837209,1887.0,-5.7529296875,10.11423,22.138374
825,9.593023255813954,1879.0,-13.7529296875,5.721033,22.150658
826,9.604651162790699,1885.0,-7.7529296875,1.766992,20.624184
827,9.616279069767442,1899.0,6.2470703125,-1.072216,18.374031
828,9.627906976744185,1878.0,-14.7529296875,-2.827427,15.825672
829,9.63953488372093,1884.0,-8.7529296875,-3.960714,12.836231
830,9.651162790697674,1871.0,-21.7529296875,-5.199037,8.914144
831,9.662790697674419,1877.0,-15.7529296875,-7.003155,3.54518
832,9.674418604651162,1856.0,-36.7529296875,-9.368457,-3.336838
833,9.686046511627907,1856.0,-36.7529296875,-11.694861,-11.105156
834,9.69767441860465,1845.0,-47.7529296875,-13.116788,-18.567802
835,9.709302325581394,1847.0,-45.7529296875,-12.890474,-24.326061
836,9.72093023255814,1842.0,-50.7529296875,-10.771061,-27.308455
837,9.732558139534884,1840.0,-52.7529296875,-7.170745,-27.103445
838,9.744186046511627,1837.0,-55.7529296875,-2.921639,-24.047316
839,9.755813953488373,1838.0,-54.7529296875,1.00057,-18.968561
840,9.767441860465116,1845.0,-47.7529296875,3.985348,-12.808816
841,9.77906976744186,1840.0,-52.7529296875,5.87604,-6.257916
842,9.790697674418606,1856.0,-36.7529296875,7.046255,0.356544
843,9.80232558139535,1845.0,-47.7529296875,8.014091,6.942615
844,9.813953488372093,1867.0,-25.7529296875,9.191226,13.406862
845,9.825581395348838,1857.0,-35.7529296875,10.555967,19.32336
846,9.837209302325581,1873.0,-19.7529296875,11.707656,24.023518
847,9.848837209302326,1877.0,-15.7529296875,12.047499,26.667896
848,9.86046511627907,1889.0,-3.7529296875,11.035443,26.668629
849,9.872093023255815,1873.0,-19.7529296875,8.548323,23.912941
850,9.883720930232558,1875.0,-17.7529296875,4.84322,18.924168
851,9.895348837209301,1878.0,-14.7529296875,0.543017,12.598161
852,9.906976744186046,1863.0,-29.7529296875,-3.719748,5.919493
853,9.918604651162791,1861.0,-31.7529296875,-7.410479,-0.386767
854,9.930232558139535,1838.0,-54.7529296875,-10.302037,-6.058255
855,9.94186046511628,1845.0,-47.7529296875,-12.366722,-11.153812
856,9.953488372093023,1835.0,-57.7529296875,-13.718179,-15.914022
857,9.965116279069766,1836.0,-56.7529296875,-14.380488,-20.304935
858,9.976744186046512,1826.0,-66.7529296875,-14.177227,-23.93367
859,9.988372093023257,1821.0,-71.7529296875,-12.834931,-25.985716
860,10.0,1829.0,-63.7529296875,-10.036569,-25.623365
861,10.011627906976743,1823.0,-69.7529296875,-5.745098,-22.278273
862,10.023255813953488,1835.0,-57.7529296875,-0.247745,-16.054174
863,10.034883720930232,1829.0,-63.7529296875,5.724077,-7.745224
864,10.046511627906977,1855.0,-37.7529296875,11.227657,1.297889
865,10.058139534883722,1840.0,-52.7529296875,15.262665,9.550253
866,10.069767441860465,1879.0,-13.7529296875,17.128136,15.791448
867,10.081395348837209,1865.0,-27.7529296875,16.587423,19.344233
868,10.093023255813954,1893.0,0.2470703125,13.976746,20.303898
869,10.104651162790699,1887.0,-5.7529296875,10.053535,19.264088
870,10.116279069767442,1885.0,-7.7529296875,5.761775,17.149292
871,10.127906976744187,1891.0,-1.7529296875,1.988435,14.801521
872,10.13953488372093,1883.0,-9.7529296875,-0.800256,12.725064
873,10.151162790697674,1889.0,-3.7529296875,-2.541534,10.983738
874,10.162790697674417,1872.0,-20.7529296875,-3.57243,9.278604
875,10.174418604651164,1880.0,-12.7529296875,-4.358169,7.151517
876,10.186046511627907,1849.0,-43.7529296875,-5.339842,4.128107
877,10.19767441860465,1851.0,-41.7529296875,-6.672411,0.032644
878,10.209302325581396,1833.0,-59.7529296875,-8.236167,-5.085086
879,10.220930232558139,1833.0,-59.7529296875,-9.697978,-10.776195
880,10.232558139534882,1834.0,-58.7529296875,-10.652256,-16.408772
881,10.24418604651163,1827.0,-65.7529296875,-10.814065,-21.168545
882,10.255813953488373,1839.0,-53.7529296875,-10.006168,-24.270798
883,10.267441860465116,1837.0,-55.7529296875,-8.277114,-25.084263
884,10.279069767441861,1843.0,-49.7529296875,-5.699481,-23.250084
885,10.290697674418604,1842.0,-50.7529296875,-2.433435,-18.789932
886,10.30232558139535,1854.0,-38.7529296875,1.366295,-12.155057
887,10.313953488372093,1845.0,-47.7529296875,5.467638,-4.150462
888,10.325581395348838,1870.0,-22.7529296875,9.555014,4.245136
889,10.337209302325581,1857.0,-35.7529296875,13.179515,12.016604
890,10.348837209302324,1869.0,-23.7529296875,15.824883,18.370958
891,10.36046511627907,1866.0,-26.7529296875,17.025738,22.795935
892,10.372093023255815,1857.0,-35.7529296875,16.459879,25.104259
893,10.383720930232558,1859.0,-33.7529296875,14.127775,25.396444
894,10.395348837209303,1855.0,-37.7529296875,10.269882,23.853544
895,10.406976744186046,1861.0,-31.7529296875,5.414595,20.761484
896,10.41860465116279,1847.0,-45.7529296875,0.159214,16.320066
897,10.430232558139537,1849.0,-43.7529296875,-4.867119,10.825369
898,10.44186046511628,1841.0,-51.7529296875,-9.163896,4.58176
899,10.453488372093023,1851.0,-41.7529296875,-12.398209,-1.948595
900,10.465116279069766,1829.0,-63.7529296875,-14.460413,-8.343786
901,10.476744186046512,1830.0,-62.7529296875,-15.404761,-14.134372
902,10.488372093023255,1823.0,-69.7529296875,-15.389798,-19.008106
903,10.5,1826.0,-66.7529296875,-14.630655,-22.746769
904,10.511627906976745,1829.0,-63.7529296875,-13.249567,-25.206711
905,10.523255813953488,1834.0,-58.7529296875,-11.247974,-26.198683
906,10.534883720930232,1851.0,-41.7529296875,-8.445911,-25.394621
907,10.546511627906977,1851.0,-41.7529296875,-4.632532,-22.439287
908,10.558139534883722,1840.0,-52.7529296875,0.332542,-17.02014
909,10.569767441860465,1843.0,-49.7529296875,6.276026,-9.221622
910,10.58139534883721,1861.0,-31.7529296875,12.634045,0.382414
911,10.593023255813954,1856.0,-36.7529296875,18.395706,10.556916
912,10.604651162790697,1872.0,-20.7529296875,22.425722,19.789223
913,10.61627906976744,1863.0,-29.7529296875,23.762169,26.579378
914,10.627906976744187,1863.0,-29.7529296875,22.019674,30.028797
915,10.63953488372093,1865.0,-27.7529296875,17.551144,30.025732
916,10.651162790697674,1863.0,-29.7529296875,11.335644,27.252764
917,10.662790697674419,1855.0,-37.7529296875,4.634243,22.820644
918,10.674418604651162,1862.0,-30.7529296875,-1.476409,17.755592
919,10.686046511627907,1869.0,-23.7529296875,-6.435313,12.607745
920,10.697674418604652,1855.0,-37.7529296875,-10.338414,7.257884
921,10.709302325581396,1847.0,-45.7529296875,-13.599322,1.27494
922,10.720930232558139,1852.0,-40.7529296875,-16.610792,-5.726388
923,10.732558139534884,1851.0,-41.7529296875,-19.366533,-13.599508
924,10.744186046511627,1854.0,-38.7529296875,-21.324514,-21.513216
925,10.755813953488373,1853.0,-39.7529296875,-21.636736,-28.123051
926,10.767441860465116,1861.0,-31.7529296875,-19.528503,-32.023758
927,10.779069767441861,1858.0,-34.7529296875,-14.787543,-32.326736
928,10.790697674418604,1872.0,-20.7529296875,-7.883778,-28.901035
929,10.802325581395348,1856.0,-36.7529296875,0.056527,-22.486469
930,10.813953488372093,1872.0,-20.7529296875,7.786387,-14.180963
931,10.825581395348838,1867.0,-25.7529296875,14.249236,-5.206159
932,10.837209302325581,1873.0,-19.7529296875,18.981647,3.638892
933,10.848837209302326,1873.0,-19.7529296875,21.954756,11.831583
934,10.86046511627907,1877.0,-15.7529296875,23.350765,19.079437
935,10.872093023255813,1881.0,-11.7529296875,23.247601,24.992701
936,10.88372093023256,1877.0,-15.7529296875,21.410011,28.996956
937,10.895348837209303,1878.0,-14.7529296875,17.516924,30.448925
938,10.906976744186046,1871.0,-21.7529296875,11.381105,28.880104
939,10.91860465116279,1878.0,-14.7529296875,3.402443,24.346865
940,10.930232558139535,1872.0,-20.7529296875,-5.397377,17.508873
941,10.941860465116278,1877.0,-15.7529296875,-13.556467,9.462128
942,10.953488372093023,1881.0,-11.7529296875,-19.677629,1.352526
943,10.965116279069768,1872.0,-20.7529296875,-22.874079,-5.962065
944,10.976744186046512,1877.0,-15.7529296875,-23.030235,-12.082112
945,10.988372093023255,1875.0,-17.7529296875,-20.724688,-16.970528
946,11.0,1882.0,-10.7529296875,-16.854513,-20.660948
947,11.011627906976745,1884.0,-8.7529296875,-12.243861,-23.027981
948,11.023255813953488,1882.0,-10.7529296875,-7.358527,-23.694101
949,11.034883720930234,1886.0,-6.7529296875,-2.35503,-22.252842
950,11.046511627906977,1879.0,-13.7529296875,2.689999,-18.57077
951,11.05813953488372,1886.0,-6.7529296875,7.528353,-13.045509
952,11.069767441860463,1886.0,-6.7529296875,11.638807,-6.553459
953,11.08139534883721,1889.0,-3.7529296875,14.383834,-0.226408
954,11.093023255813954,1885.0,-7.7529296875,15.345838,5.095756
955,11.104651162790697,1890.0,-2.7529296875,14.565039,9.076244
956,11.116279069767442,1885.0,-7.7529296875,12.570901,11.981924
957,11.127906976744185,1882.0,-10.7529296875,10.181034,14.352537
958,11.13953488372093,1881.0,-11.7529296875,8.011412,16.533501
959,11.151162790697676,1873.0,-19.7529296875,6.222875,18.34815
960,11.162790697674419,1883.0,-9.7529296875,4.437641,19.107443
961,11.174418604651162,1879.0,-13.7529296875,2.027633,17.937439
962,11.186046511627907,1904.0,11.2470703125,-1.454384,14.292311
963,11.19767441860465,1887.0,-5.7529296875,-5.92194,8.332428
964,11.209302325581396,1903.0,10.2470703125,-10.599522,1.066423
965,11.220930232558139,1894.0,1.2470703125,-14.347267,-6.030821
966,11.232558139534884,1904.0,11.2470703125,-16.09329,-11.528969
967,11.244186046511627,1901.0,8.2470703125,-15.339177,-14.598658
968,11.25581395348837,1904.0,11.2470703125,-12.337161,-15.212592
969,11.267441860465118,1907.0,14.2470703125,-7.969016,-14.017595
970,11.279069767441861,1904.0,11.2470703125,-3.337584,-11.935588
971,11.290697674418604,1904.0,11.2470703125,0.648992,-9.715924
972,11.30232558139535,1904.0,11.2470703125,3.603231,-7.631214
973,11.313953488372093,1905.0,12.2470703125,5.589408,-5.584161
974,11.325581395348836,1902.0,9.2470703125,6.986502,-3.205552
975,11.337209302325583,1904.0,11.2470703125,8.110617,-0.308273
976,11.348837209302326,1895.0,2.2470703125,9.054391,3.028321
977,11.36046511627907,1903.0,10.2470703125,9.646811,6.376548
978,11.372093023255815,1899.0,6.2470703125,9.582071,9.163154
979,11.383720930232558,1901.0,8.2470703125,8.589139,10.793015
980,11.395348837209301,1901.0,8.2470703125,6.607134,10.928852
981,11.406976744186046,1905.0,12.2470703125,3.83573,9.53677
982,11.418604651162791,1923.0,30.2470703125,0.633686,6.874326
983,11.430232558139535,1919.0,26.2470703125,-2.577283,3.434276
984,11.441860465116278,1926.0,33.2470703125,-5.414233,-0.182878
985,11.453488372093023,1922.0,29.2470703125,-7.54861,-3.300191
986,11.465116279069768,1933.0,40.2470703125,-8.743931,-5.343043
987,11.476744186046512,1938.0,45.2470703125,-8.874542,-5.951919
988,11.488372093023257,1937.0,44.2470703125,-7.968486,-5.188305
989,11.5,1936.0,43.2470703125,-6.222349,-3.423336
990,11.511627906976743,1936.0,43.2470703125,-3.964502,-1.336302
991,11.523255813953488,1936.0,43.2470703125,-1.623636,0.377737
992,11.534883720930234,1923.0,30.2470703125,0.43438,1.215285
993,11.546511627906977,1929.0,36.2470703125,1.993666,1.124654
994,11.55813953488372,1924.0,31.2470703125,3.079262,0.472567
995,11.569767441860465,1927.0,34.2470703125,3.818958,-0.179252
996,11.581395348837209,1907.0,14.2470703125,4.421499,-0.269886
997,11.593023255813954,1917.0,24.2470703125,4.948217,0.366805
998,11.604651162790699,1907.0,14.2470703125,5.285564,1.484957
999,11.616279069767442,1915.0,22.2470703125,5.17161,2.466234
1000,11.627906976744185,1905.0,12.2470703125,4.315404,2.634849
1001,11.63953488372093,1906.0,13.2470703125,2.644136,1.612901
1002,11.651162790697674,1917.0,24.2470703125,0.357846,-0.500471
1003,11.662790697674419,1905.0,12.2470703125,-2.067209,-3.135331
1004,11.674418604651164,1904.0,11.2470703125,-4.046946,-5.454349
1005,11.686046511627907,1917.0,24.2470703125,-5.0611,-6.654479
1006,11.69767441860465,1923.0,30.2470703125,-4.961844,-6.365151
1007,11.709302325581394,1914.0,21.2470703125,-3.937451,-4.654938
1008,11.72093023255814,1935.0,42.2470703125,-2.442334,-2.000916
1009,11.732558139534884,1925.0,32.2470703125,-1.020412,0.919132
1010,11.744186046511627,1924.0,31.2470703125,-0.005108,3.535552
1011,11.755813953488373,1933.0,40.2470703125,0.563012,5.535994
1012,11.767441860465116,1934.0,41.2470703125,0.942603,6.878406
1013,11.77906976744186,1929.0,36.2470703125,1.493576,7.678681
1014,11.790697674418606,1923.0,30.2470703125,2.462044,8.034608
1015,11.80232558139535,1931.0,38.2470703125,3.768554,7.904863
1016,11.813953488372093,1920.0,27.2470703125,4.973778,7.075009
1017,11.825581395348838,1920.0,27.2470703125,5.412309,5.236633
1018,11.837209302325581,1914.0,21.2470703125,4.538,2.286228
1019,11.848837209302326,1922.0,29.2470703125,2.151293,-1.625749
1020,11.86046511627907,1911.0,18.2470703125,-1.395807,-5.926939
1021,11.872093023255815,1927.0,34.2470703125,-5.229648,-9.770593
1022,11.883720930232558,1912.0,19.2470703125,-8.305484,-12.293224
1023,11.895348837209301,1914.0,21.2470703125,-9.690769,-12.859863
1024,11.906976744186046,1914.0,21.2470703125,-8.978647,-11.326706
1025,11.918604651162791,1908.0,15.2470703125,-6.396988,-8.077043
1026,11.930232558139535,1920.0,27.2470703125,-2.733391,-3.926506
1027,11.94186046511628,1911.0,18.2470703125,0.979502,0.165925
1028,11.953488372093023,1925.0,32.2470703125,3.874528,3.404851
1029,11.965116279069766,1920.0,27.2470703125,5.538334,5.442159
1030,11.976744186046512,1938.0,45.2470703125,6.073772,6.329184
1031,11.988372093023257,1935.0,42.2470703125,5.946515,6.47726
1032,12.0,1936.0,43.2470703125,5.704509,6.365747
1033,12.011627906976743,1939.0,46.2470703125,5.682758,6.379942
1034,12.023255813953488,1933.0,40.2470703125,5.831518,6.583104
1035,12.034883720930232,1934.0,41.2470703125,5.774197,6.787881
1036,12.046511627906977,1938.0,45.2470703125,5.031208,6.636041
1037,12.058139534883722,1934.0,41.2470703125,3.256822,5.778321
1038,12.069767441860465,1936.0,43.2470703125,0.44106,4.030118
1039,12.081395348837209,1936.0,43.2470703125,-3.04198,1.447945
1040,12.093023255813954,1929.0,36.2470703125,-6.520555,-1.64245
1041,12.104651162790697,1928.0,35.2470703125,-9.294338,-4.783891
1042,12.116279069767442,1916.0,23.2470703125,-10.817933,-7.449778
1043,12.127906976744187,1922.0,29.2470703125,-10.866812,-9.230436
1044,12.13953488372093,1907.0,14.2470703125,-9.570211,-9.890807
1045,12.151162790697674,1918.0,25.2470703125,-7.252615,-9.38343
1046,12.162790697674417,1904.0,11.2470703125,-4.359633,-7.882752
1047,12.174418604651164,1907.0,14.2470703125,-1.27922,-5.709141
1048,12.186046511627907,1904.0,11.2470703125,1.702133,-3.246526
1049,12.19767441860465,1903.0,10.2470703125,4.416922,-0.851669
1050,12.209302325581396,1903.0,10.2470703125,6.72016,1.19069
1051,12.220930232558139,1904.0,11.2470703125,8.453333,2.724726
1052,12.232558139534882,1914.0,21.2470703125,9.460216,3.761294
1053,12.24418604651163,1915.0,22.2470703125,9.588225,4.413843
1054,12.255813953488373,1907.0,14.2470703125,8.783956,4.85776
1055,12.267441860465116,1918.0,25.2470703125,7.153134,5.264768
1056,12.279069767441861,1910.0,17.2470703125,4.941083,5.729288
1057,12.290697674418604,1907.0,14.2470703125,2.483873,6.231798
1058,12.30232558139535,1907.0,14.2470703125,0.139256,6.674919
1059,12.313953488372093,1911.0,18.2470703125,-1.891444,6.812284
1060,12.325581395348838,1900.0,7.2470703125,-3.542065,6.381475
1061,12.337209302325581,1903.0,10.2470703125,-4.87778,5.163266
1062,12.348837209302324,1901.0,8.2470703125,-6.006275,3.069667
1063,12.36046511627907,1901.0,8.2470703125,-6.975148,0.201643
1064,12.372093023255815,1893.0,0.2470703125,-7.713511,-3.10944
1065,12.383720930232558,1898.0,5.2470703125,-8.024082,-6.359267
1066,12.395348837209303,1899.0,6.2470703125,-7.711103,-9.009186
1067,12.406976744186046,1894.0,1.2470703125,-6.654349,-10.594713
1068,12.41860465116279,1904.0,11.2470703125,-4.884079,-10.875135
1069,12.430232558139537,1897.0,4.2470703125,-2.57864,-9.868826
1070,12.44186046511628,1904.0,11.2470703125,0.009106,-7.834342
1071,12.453488372093023,1907.0,14.2470703125,2.620281,-5.177197
1072,12.465116279069766,1914.0,21.2470703125,5.050488,-2.318394
1073,12.476744186046512,1904.0,11.2470703125,7.088136,0.335971
1074,12.488372093023255,1923.0,30.2470703125,8.553844,2.565479
1075,12.5,1919.0,26.2470703125,9.189144,4.193592
1076,12.511627906976745,1929.0,36.2470703125,8.797867,5.232541
1077,12.523255813953488,1920.0,27.2470703125,7.306749,5.740938
1078,12.534883720930232,1919.0,26.2470703125,4.921063,5.905016
1079,12.546511627906977,1920.0,27.2470703125,2.146407,5.948356
1080,12.558139534883722,1920.0,27.2470703125,-0.363813,6.059439
1081,12.569767441860465,1920.0,27.2470703125,-2.023124,6.295566
1082,12.58139534883721,1918.0,25.2470703125,-2.604013,6.530521
1083,12.593023255813954,1918.0,25.2470703125,-2.360093,6.447343
1084,12.604651162790697,1907.0,14.2470703125,-1.965472,5.624234
1085,12.61627906976744,1917.0,24.2470703125,-2.148272,3.78726
1086,12.627906976744187,1904.0,11.2470703125,-3.37226,0.905765
1087,12.63953488372093,1907.0,14.2470703125,-5.488011,-2.625693
1088,12.651162790697674,1901.0,8.2470703125,-7.765226,-6.132085
1089,12.662790697674419,1900.0,7.2470703125,-9.18573,-8.863702
1090,12.674418604651162,1899.0,6.2470703125,-8.887505,-10.271791
1091,12.686046511627906,1901.0,8.2470703125,-6.631626,-10.242104
1092,12.697674418604652,1899.0,6.2470703125,-2.883116,-9.035788
1093,12.709302325581396,1906.0,13.2470703125,1.289875,-7.222971
1094,12.720930232558139,1906.0,13.2470703125,4.739605,-5.30259
1095,12.732558139534884,1900.0,7.2470703125,6.668388,-3.565024
1096,12.744186046511627,1915.0,22.2470703125,6.988677,-1.889334
1097,12.755813953488373,1909.0,16.2470703125,6.197838,-0.031459
1098,12.767441860465116,1914.0,21.2470703125,5.121466,2.259597
1099,12.779069767441861,1917.0,24.2470703125,4.448027,4.946513
1100,12.790697674418604,1921.0,28.2470703125,4.412426,7.651199
1101,12.802325581395348,1926.0,33.2470703125,4.748406,9.776685
1102,12.813953488372093,1919.0,26.2470703125,4.884718,10.753231
1103,12.825581395348838,1921.0,28.2470703125,4.305327,10.299208
1104,12.837209302325581,1911.0,18.2470703125,2.780097,8.503487
1105,12.848837209302326,1913.0,20.2470703125,0.494221,5.814205
1106,12.86046511627907,1904.0,11.2470703125,-2.138461,2.729802
1107,12.872093023255813,1914.0,21.2470703125,-4.620618,-0.280477
1108,12.88372093023256,1902.0,9.2470703125,-6.639721,-3.017848
1109,12.895348837209303,1909.0,16.2470703125,-8.04283,-5.377131
1110,12.906976744186046,1910.0,17.2470703125,-8.813746,-7.334661
1111,12.918604651162791,1903.0,10.2470703125,-8.930758,-8.755274
1112,12.930232558139535,1907.0,14.2470703125,-8.251413,-9.376531
1113,12.941860465116278,1907.0,14.2470703125,-6.640165,-8.958404
1114,12.953488372093023,1919.0,26.2470703125,-4.049664,-7.405629
1115,12.965116279069768,1917.0,24.2470703125,-0.716795,-4.975555
1116,12.976744186046512,1920.0,27.2470703125,2.878233,-2.12799
1117,12.988372093023255,1916.0,23.2470703125,6.092727,0.549513
1118,13.0,1932.0,39.2470703125,8.354385,2.62975
1119,13.011627906976745,1925.0,32.2470703125,9.317518,3.899998
1120,13.023255813953488,1935.0,42.2470703125,9.017163,4.530495
1121,13.034883720930234,1936.0,43.2470703125,7.771367,4.832355
1122,13.046511627906977,1936.0,43.2470703125,6.004579,5.11605
1123,13.05813953488372,1938.0,45.2470703125,4.10482,5.495757
1124,13.069767441860465,1930.0,37.2470703125,2.268904,5.861889
1125,13.08139534883721,1936.0,43.2470703125,0.563171,5.959039
1126,13.093023255813954,1932.0,39.2470703125,-1.087453,5.479996
1127,13.104651162790697,1935.0,42.2470703125,-2.694332,4.277068
1128,13.116279069767442,1918.0,25.2470703125,-4.239567,2.353396
1129,13.127906976744185,1933.0,40.2470703125,-5.575921,-0.062796
1130,13.13953488372093,1914.0,21.2470703125,-6.603181,-2.731951
1131,13.151162790697676,1923.0,30.2470703125,-7.194628,-5.309797
1132,13.162790697674419,1919.0,26.2470703125,-7.255013,-7.490881
1133,13.174418604651162,1918.0,25.2470703125,-6.71585,-8.966799
1134,13.186046511627907,1925.0,32.2470703125,-5.521761,-9.491379
1135,13.19767441860465,1921.0,28.2470703125,-3.667224,-8.914727
1136,13.209302325581396,1927.0,34.2470703125,-1.247512,-7.257155
1137,13.22093023255814,1922.0,29.2470703125,1.419925,-4.818208
1138,13.232558139534884,1941.0,48.2470703125,3.933104,-2.00809
1139,13.244186046511627,1924.0,31.2470703125,5.785471,0.648268
1140,13.25581395348837,1945.0,52.2470703125,6.666231,2.825606
1141,13.267441860465116,1937.0,44.2470703125,6.524426,4.429996
1142,13.279069767441861,1955.0,62.2470703125,5.67105,5.695547
1143,13.290697674418604,1945.0,52.2470703125,4.572776,6.882964
1144,13.30232558139535,1952.0,59.2470703125,3.684174,8.16564
1145,13.313953488372093,1950.0,57.2470703125,3.207551,9.386663
1146,13.325581395348836,1946.0,53.2470703125,2.976042,10.09443
1147,13.337209302325583,1958.0,65.2470703125,2.586558,9.711043
1148,13.348837209302326,1936.0,43.2470703125,1.568796,7.813624
1149,13.36046511627907,1946.0,53.2470703125,-0.229267,4.453935
1150,13.372093023255815,1929.0,36.2470703125,-2.644062,0.103295
1151,13.383720930232558,1936.0,43.2470703125,-5.103251,-4.359459
1152,13.395348837209301,1927.0,34.2470703125,-7.00197,-8.142269
1153,13.406976744186046,1921.0,28.2470703125,-7.898864,-10.735504
1154,13.418604651162791,1923.0,30.2470703125,-7.72052,-12.09255
1155,13.430232558139535,1926.0,33.2470703125,-6.77769,-12.511683
1156,13.441860465116278,1933.0,40.2470703125,-5.512255,-12.357239
1157,13.453488372093023,1919.0,26.2470703125,-4.301757,-11.772134
1158,13.465116279069768,1929.0,36.2470703125,-3.158152,-10.524616
1159,13.476744186046512,1930.0,37.2470703125,-1.846682,-8.169144
1160,13.488372093023257,1934.0,41.2470703125,0.011542,-4.32806
1161,13.5,1930.0,37.2470703125,2.592518,0.931495
1162,13.511627906976743,1936.0,43.2470703125,5.697998,6.959507
1163,13.523255813953488,1938.0,45.2470703125,8.72466,12.637726
1164,13.534883720930234,1953.0,60.2470703125,10.867586,16.733025
1165,13.546511627906977,1951.0,58.2470703125,11.428657,18.327246
1166,13.55813953488372,1968.0,75.2470703125,10.163004,17.236689
1167,13.569767441860465,1958.0,65.2470703125,7.321536,13.925041
1168,13.581395348837209,1959.0,66.2470703125,3.617428,9.39151
1169,13.593023255813954,1962.0,69.2470703125,-0.092123,4.682838
1170,13.604651162790699,1953.0,60.2470703125,-3.138706,0.515183
1171,13.616279069767442,1965.0,72.2470703125,-5.194251,-2.856023
1172,13.627906976744185,1936.0,43.2470703125,-6.38427,-5.640372
1173,13.63953488372093,1947.0,54.2470703125,-6.979136,-8.108116
1174,13.651162790697674,1933.0,40.2470703125,-7.330891,-10.464632
1175,13.662790697674419,1936.0,43.2470703125,-7.546999,-12.540842
1176,13.674418604651164,1919.0,26.2470703125,-7.564334,-13.974194
1177,13.686046511627907,1925.0,32.2470703125,-7.136178,-14.27157
1178,13.69767441860465,1916.0,23.2470703125,-6.072238,-13.176228
1179,13.709302325581394,1915.0,22.2470703125,-4.325192,-10.697761
1180,13.72093023255814,1921.0,28.2470703125,-2.050963,-7.178413
1181,13.732558139534884,1915.0,22.2470703125,0.437587,-3.096415
1182,13.744186046511627,1926.0,33.2470703125,2.845921,1.090693
1183,13.755813953488373,1925.0,32.2470703125,4.947813,5.078414
1184,13.767441860465116,1939.0,46.2470703125,6.637094,8.651432
1185,13.77906976744186,1929.0,36.2470703125,7.885024,11.63019
1186,13.790697674418606,1949.0,56.2470703125,8.67943,13.780713
1187,13.80232558139535,1936.0,43.2470703125,8.901801,14.716551
1188,13.813953488372093,1959.0,66.2470703125,8.431154,14.148743
1189,13.825581395348838,1950.0,57.2470703125,7.138984,11.929007
1190,13.837209302325581,1959.0,66.2470703125,5.039116,8.325377
1191,13.848837209302324,1962.0,69.2470703125,2.328186,3.924974
1192,13.86046511627907,1955.0,62.2470703125,-0.64051,-0.416249
1193,13.872093023255815,1959.0,66.2470703125,-3.431043,-3.915439
1194,13.883720930232558,1946.0,53.2470703125,-5.716768,-6.134877
1195,13.895348837209301,1951.0,58.2470703125,-7.307302,-7.058056
1196,13.906976744186046,1925.0,32.2470703125,-8.233401,-7.142221
1197,13.918604651162791,1936.0,43.2470703125,-8.611492,-6.979644
1198,13.930232558139535,1921.0,28.2470703125,-8.586859,-7.12472
1199,13.94186046511628,1915.0,22.2470703125,-8.215269,-7.751996
1200,13.953488372093023,1904.0,11.2470703125,-7.438985,-8.6929
1201,13.965116279069766,1911.0,18.2470703125,-6.132863,-9.424053
1202,13.976744186046512,1905.0,12.2470703125,-4.218243,-9.41668
1203,13.988372093023257,1906.0,13.2470703125,-1.753661,-8.264416
1204,14.0,1911.0,18.2470703125,1.098317,-5.857544
1205,14.011627906976743,1905.0,12.2470703125,4.042144,-2.39395
1206,14.023255813953488,1921.0,28.2470703125,6.80468,1.710044
1207,14.034883720930232,1915.0,22.2470703125,9.096456,5.891489
1208,14.046511627906977,1919.0,26.2470703125,10.707864,9.593541
1209,14.058139534883722,1924.0,31.2470703125,11.461418,12.305854
1210,14.069767441860465,1941.0,48.2470703125,11.205961,13.676455
1211,14.081395348837209,1946.0,53.2470703125,9.819071,13.478112
1212,14.093023255813954,1931.0,38.2470703125,7.293827,11.7721
1213,14.104651162790697,1939.0,46.2470703125,3.877776,8.92096
1214,14.116279069767442,1938.0,45.2470703125,0.022379,5.53013
1215,14.127906976744187,1933.0,40.2470703125,-3.607017,2.309185
1216,14.13953488372093,1914.0,21.2470703125,-6.384251,-0.175137
1217,14.151162790697674,1932.0,39.2470703125,-7.871114,-1.66019
1218,14.162790697674417,1901.0,8.2470703125,-8.116714,-2.416565
1219,14.174418604651164,1904.0,11.2470703125,-7.53546,-3.028126
1220,14.186046511627907,1904.0,11.2470703125,-6.817979,-4.207
1221,14.19767441860465,1894.0,1.2470703125,-6.587334,-6.410961
1222,14.209302325581396,1898.0,5.2470703125,-7.08185,-9.567243
1223,14.220930232558139,1891.0,-1.7529296875,-8.017746,-13.015238
1224,14.232558139534882,1901.0,8.2470703125,-8.657849,-15.695417
1225,14.24418604651163,1897.0,4.2470703125,-8.183113,-16.577272
1226,14.255813953488373,1905.0,12.2470703125,-5.992854,-15.009983
1227,14.267441860465116,1905.0,12.2470703125,-2.084127,-11.036858
1228,14.279069767441861,1931.0,38.2470703125,2.958184,-5.3375
1229,14.290697674418604,1921.0,28.2470703125,8.088549,0.977617
1230,14.30232558139535,1936.0,43.2470703125,12.263251,6.824083
1231,14.313953488372093,1936.0,43.2470703125,14.742341,11.422607
1232,14.325581395348838,1939.0,46.2470703125,15.305532,14.481032
1233,14.337209302325581,1936.0,43.2470703125,14.226047,16.094208
1234,14.348837209302324,1934.0,41.2470703125,12.024121,16.54394
1235,14.36046511627907,1937.0,44.2470703125,9.216435,16.064676
1236,14.372093023255815,1930.0,37.2470703125,6.075116,14.729418
1237,14.383720930232558,1934.0,41.2470703125,2.687194,12.509206
1238,14.395348837209303,1931.0,38.2470703125,-0.995288,9.385206
1239,14.406976744186046,1936.0,43.2470703125,-4.894263,5.512489
1240,14.41860465116279,1931.0,38.2470703125,-8.722643,1.226698
1241,14.430232558139535,1929.0,36.2470703125,-12.000122,-3.044098
1242,14.44186046511628,1921.0,28.2470703125,-14.200499,-6.951551
1243,14.453488372093023,1922.0,29.2470703125,-14.962809,-10.334233
1244,14.465116279069768,1914.0,21.2470703125,-14.231446,-13.226707
1245,14.476744186046512,1925.0,32.2470703125,-12.268435,-15.738133
1246,14.488372093023255,1921.0,28.2470703125,-9.549681,-17.887022
1247,14.5,1919.0,26.2470703125,-6.555185,-19.4375
1248,14.511627906976745,1919.0,26.2470703125,-3.558774,-19.859215
1249,14.523255813953488,1922.0,29.2470703125,-0.624531,-18.553795
1250,14.534883720930232,1923.0,30.2470703125,2.369088,-15.068542
1251,14.546511627906977,1923.0,30.2470703125,5.55699,-9.366566
1252,14.55813953488372,1924.0,31.2470703125,8.930096,-1.920269
1253,14.569767441860465,1927.0,34.2470703125,12.252923,6.34582
1254,14.58139534883721,1927.0,34.2470703125,15.050169,14.279147
1255,14.593023255813954,1923.0,30.2470703125,16.761538,20.791561
1256,14.604651162790697,1927.0,34.2470703125,16.88991,25.118488
1257,14.616279069767442,1927.0,34.2470703125,15.171923,26.870224
1258,14.627906976744187,1926.0,33.2470703125,11.629936,26.047657
1259,14.63953488372093,1926.0,33.2470703125,6.668854,22.944172
1260,14.651162790697674,1920.0,27.2470703125,0.906385,17.979559
1261,14.662790697674419,1926.0,33.2470703125,-4.871783,11.67992
1262,14.674418604651162,1917.0,24.2470703125,-9.945984,4.581682
1263,14.686046511627906,1919.0,26.2470703125,-13.766203,-2.743732
1264,14.697674418604652,1911.0,18.2470703125,-16.062601,-9.734562
1265,14.709302325581396,1911.0,18.2470703125,-16.859253,-15.871849
1266,14.720930232558139,1906.0,13.2470703125,-16.390465,-20.748636
1267,14.732558139534884,1907.0,14.2470703125,-14.98287,-24.096018
1268,14.744186046511627,1909.0,16.2470703125,-12.84864,-25.737526
1269,14.755813953488373,1911.0,18.2470703125,-10.084708,-25.583584
1270,14.767441860465118,1905.0,12.2470703125,-6.587085,-23.535143
1271,14.779069767441861,1904.0,11.2470703125,-2.244856,-19.531244
1272,14.790697674418604,1904.0,11.2470703125,2.936158,-13.574132
1273,14.802325581395348,1904.0,11.2470703125,8.602175,-5.958116
1274,14.813953488372093,1905.0,12.2470703125,14.059926,2.701155
1275,14.825581395348838,1904.0,11.2470703125,18.37693,11.381963
1276,14.837209302325581,1911.0,18.2470703125,20.649103,18.901228
1277,14.848837209302326,1915.0,22.2470703125,20.342506,24.154335
1278,14.86046511627907,1919.0,26.2470703125,17.435926,26.445873
1279,14.872093023255813,1910.0,17.2470703125,12.521938,25.696609
1280,14.88372093023256,1927.0,34.2470703125,6.571001,22.450758
1281,14.895348837209303,1915.0,22.2470703125,0.596972,17.60367
1282,14.906976744186046,1927.0,34.2470703125,-4.630497,12.105339
1283,14.918604651162791,1925.0,32.2470703125,-8.811779,6.579824
1284,14.930232558139535,1937.0,44.2470703125,-12.004734,1.232525
1285,14.941860465116278,1936.0,43.2470703125,-14.430614,-4.011168
1286,14.953488372093023,1936.0,43.2470703125,-16.139444,-9.251309
1287,14.965116279069768,1942.0,49.2470703125,-16.902567,-14.31321
1288,14.976744186046512,1926.0,33.2470703125,-16.237059,-18.645481
1289,14.988372093023255,1936.0,43.2470703125,-13.651935,-21.387018
1290,15.0,1914.0,21.2470703125,-9.055983,-21.803791
1291,15.011627906976745,1925.0,32.2470703125,-2.929189,-19.574556
1292,15.023255813953488,1915.0,22.2470703125,3.635164,-15.105924
1293,15.034883720930234,1920.0,27.2470703125,9.278564,-9.390614
1294,15.046511627906977,1904.0,11.2470703125,12.832658,-3.665515
1295,15.05813953488372,1907.0,14.2470703125,13.754754,1.044235
1296,15.069767441860465,1904.0,11.2470703125,12.324526,4.325295
1297,15.08139534883721,1914.0,21.2470703125,9.467863,6.392217
1298,15.093023255813954,1903.0,10.2470703125,6.343678,7.888471
1299,15.104651162790697,1903.0,10.2470703125,3.914575,9.482821
1300,15.116279069767442,1905.0,12.2470703125,2.545208,11.439577
1301,15.127906976744185,1915.0,22.2470703125,2.027469,13.479813
1302,15.139534883720929,1920.0,27.2470703125,1.696377,14.862059
1303,15.151162790697676,1915.0,22.2470703125,0.924533,14.804952
1304,15.162790697674419,1924.0,31.2470703125,-0.596463,12.873834
1305,15.174418604651162,1922.0,29.2470703125,-2.703313,9.217049
1306,15.186046511627907,1921.0,28.2470703125,-4.89936,4.467032
1307,15.19767441860465,1921.0,28.2470703125,-6.571175,-0.426285
1308,15.209302325581396,1913.0,20.2470703125,-7.311465,-4.701862
1309,15.22093023255814,1920.0,27.2470703125,-7.0293,-7.895273
1310,15.232558139534884,1907.0,14.2470703125,-5.952077,-10.03968
1311,15.244186046511627,1919.0,26.2470703125,-4.451316,-11.355379
1312,15.25581395348837,1903.0,10.2470703125,-2.893229,-12.179064
1313,15.267441860465116,1901.0,8.2470703125,-1.499634,-12.582443
1314,15.279069767441861,1893.0,0.2470703125,-0.337589,-12.465189
1315,15.290697674418604,1897.0,4.2470703125,0.580246,-11.587967
1316,15.30232558139535,1885.0,-7.7529296875,1.284953,-9.76303
1317,15.313953488372093,1888.0,-4.7529296875,1.781969,-7.006188
1318,15.325581395348836,1884.0,-8.7529296875,2.133964,-3.496695
1319,15.337209302325583,1882.0,-10.7529296875,2.420899,0.360463
1320,15.348837209302326,1892.0,-0.7529296875,2.767091,4.214071
1321,15.36046511627907,1889.0,-3.7529296875,3.227772,7.683176
1322,15.372093023255815,1898.0,5.2470703125,3.726009,10.534974
1323,15.383720930232558,1898.0,5.2470703125,4.038599,12.549698
1324,15.395348837209301,1920.0,27.2470703125,3.874425,13.570551
1325,15.406976744186046,1911.0,18.2470703125,3.0417,13.461983
1326,15.418604651162791,1920.0,27.2470703125,1.595376,12.207281
1327,15.430232558139535,1918.0,25.2470703125,-0.082021,9.983659
1328,15.441860465116278,1915.0,22.2470703125,-1.448015,7.088083
1329,15.453488372093023,1921.0,28.2470703125,-2.021841,3.941179
1330,15.465116279069768,1917.0,24.2470703125,-1.685248,0.796536
1331,15.476744186046512,1917.0,24.2470703125,-0.72724,-2.166882
1332,15.488372093023257,1911.0,18.2470703125,0.220145,-5.064317
1333,15.5,1909.0,16.2470703125,0.513786,-7.978149
1334,15.511627906976743,1903.0,10.2470703125,-0.168408,-10.965458
1335,15.523255813953488,1904.0,11.2470703125,-1.661802,-13.758099
1336,15.534883720930234,1900.0,7.2470703125,-3.349727,-15.84247
1337,15.546511627906977,1896.0,3.2470703125,-4.513072,-16.556513
1338,15.55813953488372,1911.0,18.2470703125,-4.675014,-15.381117
1339,15.569767441860465,1903.0,10.2470703125,-3.902621,-12.237152
1340,15.581395348837209,1898.0,5.2470703125,-2.697968,-7.473461
1341,15.593023255813954,1902.0,9.2470703125,-1.725215,-1.867111
1342,15.604651162790699,1904.0,11.2470703125,-1.454482,3.671734
1343,15.616279069767442,1905.0,12.2470703125,-1.808669,8.356787
1344,15.627906976744185,1917.0,24.2470703125,-2.181357,11.834196
1345,15.63953488372093,1918.0,25.2470703125,-1.758375,14.053922
1346,15.651162790697674,1930.0,37.2470703125,0.011074,15.220756
1347,15.662790697674417,1926.0,33.2470703125,3.111209,15.543981
1348,15.674418604651162,1943.0,50.2470703125,6.806723,15.09399
1349,15.686046511627906,1937.0,44.2470703125,9.939383,13.739931
1350,15.697674418604652,1947.0,54.2470703125,11.456015,11.342032
1351,15.709302325581396,1945.0,52.2470703125,10.800705,7.87635
1352,15.72093023255814,1949.0,56.2470703125,8.19575,3.554342
1353,15.732558139534884,1952.0,59.2470703125,4.452222,-1.142887
1354,15.744186046511627,1954.0,61.2470703125,0.617738,-5.689399
1355,15.755813953488373,1947.0,54.2470703125,-2.523229,-9.604063
1356,15.767441860465116,1943.0,50.2470703125,-4.685642,-12.685652
1357,15.77906976744186,1954.0,61.2470703125,-6.111899,-14.941368
1358,15.790697674418604,1936.0,43.2470703125,-7.270252,-16.518333
1359,15.802325581395348,1936.0,43.2470703125,-8.511997,-17.488997
1360,15.813953488372091,1935.0,42.2470703125,-9.791603,-17.71574
1361,15.82558139534884,1933.0,40.2470703125,-10.677044,-16.869139
1362,15.837209302325583,1936.0,43.2470703125,-10.548151,-14.492265
1363,15.848837209302326,1936.0,43.2470703125,-8.950497,-10.323009
1364,15.86046511627907,1939.0,46.2470703125,-5.851288,-4.393072
1365,15.872093023255815,1936.0,43.2470703125,-1.706461,2.7427
1366,15.883720930232558,1945.0,52.2470703125,2.685543,10.232226
1367,15.895348837209301,1943.0,50.2470703125,6.47786,16.94779
1368,15.906976744186046,1955.0,62.2470703125,9.081236,21.922173
1369,15.91860465116279,1954.0,61.2470703125,10.316441,24.48465
1370,15.930232558139533,1968.0,75.2470703125,10.410554,24.468006
1371,15.941860465116278,1965.0,72.2470703125,9.794886,22.169916
1372,15.953488372093025,1978.0,85.2470703125,8.899487,18.179268
1373,15.965116279069768,1969.0,76.2470703125,7.938627,13.184488
1374,15.976744186046513,1977.0,84.2470703125,6.863733,7.707462
1375,15.988372093023257,1973.0,80.2470703125,5.422311,2.070753
1376,16.0,1974.0,81.2470703125,3.310906,-3.693453
1377,16.011627906976745,1975.0,82.2470703125,0.351494,-9.595118
1378,16.023255813953487,1968.0,75.2470703125,-3.373708,-15.580024
1379,16.03488372093023,1979.0,86.2470703125,-7.452509,-21.245806
1380,16.046511627906977,1968.0,75.2470703125,-11.263051,-25.927883
1381,16.05813953488372,1971.0,78.2470703125,-14.078698,-28.745047
1382,16.069767441860463,1963.0,70.2470703125,-15.308839,-28.897156
1383,16.081395348837212,1961.0,68.2470703125,-14.636959,-25.938591
1384,16.093023255813954,1957.0,64.2470703125,-12.130269,-19.952597
1385,16.1046511627907,1952.0,59.2470703125,-8.216444,-11.655405
1386,16.116279069767444,1953.0,60.2470703125,-3.532762,-2.089369
1387,16.127906976744185,1951.0,58.2470703125,1.231025,7.512127
1388,16.13953488372093,1956.0,63.2470703125,5.504789,16.128199
1389,16.151162790697676,1952.0,59.2470703125,8.908105,22.996906
1390,16.162790697674417,1956.0,63.2470703125,11.246708,27.696575
1391,16.174418604651162,1952.0,59.2470703125,12.453883,30.014538
1392,16.186046511627907,1977.0,84.2470703125,12.521778,29.824387
1393,16.19767441860465,1969.0,76.2470703125,11.45068,27.078405
1394,16.209302325581397,1986.0,93.2470703125,9.35583,21.881863
1395,16.220930232558143,1973.0,80.2470703125,6.47652,14.653257
1396,16.232558139534884,1987.0,94.2470703125,3.25672,6.167357
1397,16.24418604651163,1994.0,101.2470703125,0.211115,-2.491794
1398,16.25581395348837,1985.0,92.2470703125,-2.221488,-10.281818
1399,16.267441860465116,1989.0,96.2470703125,-3.820578,-16.374813
1400,16.27906976744186,1984.0,91.2470703125,-4.723924,-20.506645
1401,16.290697674418603,1991.0,98.2470703125,-5.317085,-22.885021
1402,16.302325581395348,1978.0,85.2470703125,-6.059179,-24.007166
1403,16.313953488372093,1975.0,82.2470703125,-7.179137,-24.272379
1404,16.325581395348834,1970.0,77.2470703125,-8.533839,-23.675747
1405,16.337209302325583,1971.0,78.2470703125,-9.627019,-21.834454
1406,16.348837209302328,1961.0,68.2470703125,-9.83193,-18.143959
1407,16.36046511627907,1968.0,75.2470703125,-8.685409,-12.231003
1408,16.372093023255815,1969.0,76.2470703125,-6.16366,-4.269178
1409,16.38372093023256,1966.0,73.2470703125,-2.747211,4.841846
1410,16.3953488372093,1980.0,87.2470703125,0.848288,13.787723
1411,16.406976744186046,1978.0,85.2470703125,3.883671,21.173609
1412,16.41860465116279,1986.0,93.2470703125,5.998714,26.029066
1413,16.430232558139533,1996.0,103.2470703125,7.247963,28.052967
1414,16.441860465116278,1994.0,101.2470703125,8.001774,27.477503
1415,16.453488372093023,1996.0,103.2470703125,8.645573,24.877337
1416,16.46511627906977,2002.0,109.2470703125,9.291377,20.729603
1417,16.476744186046513,2002.0,109.2470703125,9.688573,15.317787
1418,16.48837209302326,2003.0,110.2470703125,9.316393,8.695649
1419,16.5,2002.0,109.2470703125,7.754537,1.05523
1420,16.511627906976745,2000.0,107.2470703125,4.895163,-7.147896
1421,16.52325581395349,2003.0,110.2470703125,1.151152,-15.00672
1422,16.53488372093023,1993.0,100.2470703125,-2.754006,-21.433584
1423,16.546511627906977,1993.0,100.2470703125,-6.020855,-25.464966
1424,16.558139534883722,1974.0,81.2470703125,-8.192311,-26.676521
1425,16.569767441860463,1983.0,90.2470703125,-9.217544,-25.242714
1426,16.58139534883721,1972.0,79.2470703125,-9.466569,-21.83569
1427,16.59302325581395,1985.0,92.2470703125,-9.353143,-17.231115
1428,16.6046511627907,1968.0,75.2470703125,-9.149977,-12.004608
1429,16.616279069767444,1969.0,76.2470703125,-8.73265,-6.330297
1430,16.627906976744185,1968.0,75.2470703125,-7.722686,-0.109509
1431,16.63953488372093,1966.0,73.2470703125,-5.732301,6.680257
1432,16.651162790697676,1979.0,86.2470703125,-2.665022,13.695757
1433,16.662790697674417,1972.0,79.2470703125,1.071954,20.039505
1434,16.674418604651162,1973.0,80.2470703125,4.742484,24.535624
1435,16.686046511627907,1975.0,82.2470703125,7.529982,26.121796
1436,16.69767441860465,1983.0,90.2470703125,8.905933,24.270224
1437,16.709302325581394,1975.0,82.2470703125,8.841498,19.294739
1438,16.72093023255814,1985.0,92.2470703125,7.804429,12.237501
1439,16.732558139534884,2000.0,107.2470703125,6.515912,4.563357
1440,16.74418604651163,1981.0,88.2470703125,5.531456,-2.43273
1441,16.755813953488374,1983.0,90.2470703125,5.112443,-7.821169
1442,16.767441860465116,1975.0,82.2470703125,5.030535,-11.365984
1443,16.77906976744186,1982.0,89.2470703125,4.80086,-13.267685
1444,16.790697674418606,1968.0,75.2470703125,3.888036,-14.020531
1445,16.802325581395348,1970.0,77.2470703125,2.04442,-14.009456
1446,16.813953488372093,1958.0,65.2470703125,-0.666451,-13.481753
1447,16.825581395348838,1966.0,73.2470703125,-3.844237,-12.462992
1448,16.83720930232558,1951.0,58.2470703125,-6.996247,-10.919927
1449,16.848837209302324,1959.0,66.2470703125,-9.651553,-8.828191
1450,16.86046511627907,1952.0,59.2470703125,-11.494864,-6.223586
1451,16.872093023255815,1951.0,58.2470703125,-12.359535,-3.225069
1452,16.88372093023256,1962.0,69.2470703125,-12.147766,0.072775
1453,16.8953488372093,1958.0,65.2470703125,-10.841094,3.500034
1454,16.906976744186046,1965.0,72.2470703125,-8.409029,6.924569
1455,16.91860465116279,1966.0,73.2470703125,-4.974781,10.054435
1456,16.930232558139533,1962.0,69.2470703125,-0.810421,12.525947
1457,16.941860465116278,1959.0,66.2470703125,3.633604,13.915442
1458,16.953488372093023,1967.0,74.2470703125,7.806297,13.88702
1459,16.965116279069765,1964.0,71.2470703125,11.188929,12.341808
1460,16.97674418604651,1971.0,78.2470703125,13.429306,9.475116
1461,16.98837209302326,1963.0,70.2470703125,14.38186,5.760982
1462,17.0,1967.0,74.2470703125,14.09134,1.769614
1463,17.011627906976745,1970.0,77.2470703125,12.674211,-1.964418
1464,17.02325581395349,1963.0,70.2470703125,10.215492,-5.141002
1465,17.03488372093023,1964.0,71.2470703125,6.785187,-7.627217
1466,17.046511627906977,1973.0,80.2470703125,2.482879,-9.461843
1467,17.058139534883722,1967.0,74.2470703125,-2.468346,-10.67594
1468,17.069767441860463,1972.0,79.2470703125,-7.55472,-11.172873
1469,17.08139534883721,1969.0,76.2470703125,-12.075965,-10.775178
1470,17.093023255813954,1966.0,73.2470703125,-15.265593,-9.328756
1471,17.104651162790695,1968.0,75.2470703125,-16.51379,-6.826509
1472,17.116279069767444,1957.0,64.2470703125,-15.607013,-3.537641
1473,17.12790697674419,1967.0,74.2470703125,-12.795457,-0.003094
1474,17.13953488372093,1947.0,54.2470703125,-8.751089,3.131357
1475,17.151162790697676,1958.0,65.2470703125,-4.296052,5.305107
1476,17.16279069767442,1942.0,49.2470703125,-0.177114,6.265167
1477,17.174418604651162,1943.0,50.2470703125,3.173182,6.092818
1478,17.186046511627907,1936.0,43.2470703125,5.704711,5.251877
1479,17.19767441860465,1934.0,41.2470703125,7.610785,4.291429
1480,17.209302325581394,1932.0,39.2470703125,9.152016,3.674632
1481,17.22093023255814,1930.0,37.2470703125,10.422587,3.581371
1482,17.23255813953488,1927.0,34.2470703125,11.269972,3.828667
1483,17.24418604651163,1914.0,21.2470703125,11.343334,4.032308
1484,17.255813953488374,1941.0,48.2470703125,10.319615,3.752768
1485,17.267441860465116,1934.0,41.2470703125,8.013899,2.723748
1486,17.27906976744186,1947.0,54.2470703125,4.613941,0.965681
1487,17.290697674418606,1938.0,45.2470703125,0.647616,-1.135871
1488,17.302325581395348,1954.0,61.2470703125,-3.179984,-3.078316
1489,17.313953488372093,1961.0,68.2470703125,-6.241698,-4.377718
1490,17.325581395348838,1970.0,77.2470703125,-8.182817,-4.81523
1491,17.33720930232558,1970.0,77.2470703125,-9.029542,-4.506559
1492,17.348837209302324,1962.0,69.2470703125,-9.093864,-3.826878
1493,17.36046511627907,1966.0,73.2470703125,-8.772254,-3.241839
1494,17.372093023255815,1953.0,60.2470703125,-8.347944,-3.073349
1495,17.38372093023256,1949.0,56.2470703125,-7.833006,-3.404705
1496,17.395348837209305,1943.0,50.2470703125,-6.97962,-3.959327
1497,17.406976744186046,1951.0,58.2470703125,-5.452558,-4.322255
1498,17.41860465116279,1922.0,29.2470703125,-3.055033,-4.052339
1499,17.430232558139537,1935.0,42.2470703125,0.156088,-2.890765
1500,17.441860465116278,1916.0,23.2470703125,3.766159,-0.886004
1501,17.453488372093023,1920.0,27.2470703125,7.16129,1.664902
1502,17.46511627906977,1908.0,15.2470703125,9.717499,4.287263
1503,17.47674418604651,1917.0,24.2470703125,11.000254,6.517428
1504,17.488372093023255,1904.0,11.2470703125,10.865494,7.954029
1505,17.5,1910.0,17.2470703125,9.471488,8.412386
1506,17.511627906976745,1925.0,32.2470703125,7.14531,7.825953
1507,17.52325581395349,1924.0,31.2470703125,4.245181,6.300098
1508,17.53488372093023,1950.0,57.2470703125,1.10472,4.027924
1509,17.546511627906977,1938.0,45.2470703125,-1.998404,1.332218
1510,17.558139534883722,1964.0,71.2470703125,-4.75449,-1.355911
1511,17.569767441860463,1957.0,64.2470703125,-6.856598,-3.604614
1512,17.58139534883721,1963.0,70.2470703125,-7.980768,-5.027182
1513,17.593023255813954,1967.0,74.2470703125,-7.912367,-5.467286
1514,17.604651162790695,1962.0,69.2470703125,-6.661452,-5.015522
1515,17.61627906976744,1967.0,74.2470703125,-4.507151,-4.051162
1516,17.62790697674419,1946.0,53.2470703125,-1.975058,-3.054532
1517,17.63953488372093,1955.0,62.2470703125,0.364226,-2.445591
1518,17.651162790697676,1921.0,28.2470703125,2.010737,-2.389825
1519,17.66279069767442,1935.0,42.2470703125,2.767694,-2.730083
1520,17.674418604651162,1904.0,11.2470703125,2.663016,-3.106598
1521,17.686046511627907,1908.0,15.2470703125,1.951887,-3.080534
1522,17.697674418604652,1895.0,2.2470703125,0.948909,-2.363743
1523,17.709302325581394,1904.0,11.2470703125,-0.118509,-0.961928
1524,17.72093023255814,1869.0,-23.7529296875,-1.145203,0.818931
1525,17.732558139534884,1887.0,-5.7529296875,-2.06555,2.587498
1526,17.744186046511626,1884.0,-8.7529296875,-2.825552,3.907348
1527,17.755813953488374,1881.0,-11.7529296875,-3.271151,4.615798
1528,17.76744186046512,1904.0,11.2470703125,-3.192034,4.716924
1529,17.77906976744186,1888.0,-4.7529296875,-2.437501,4.353364
1530,17.790697674418606,1920.0,27.2470703125,-0.947397,3.736244
1531,17.802325581395348,1915.0,22.2470703125,1.098782,2.970239
1532,17.813953488372093,1929.0,36.2470703125,3.363206,2.087193
1533,17.825581395348838,1925.0,32.2470703125,5.418528,1.04326
1534,17.83720930232558,1925.0,32.2470703125,6.910601,-0.110344
1535,17.848837209302324,1927.0,34.2470703125,7.653686,-1.236957
1536,17.86046511627907,1918.0,25.2470703125,7.606937,-2.11145
1537,17.87209302325581,1931.0,38.2470703125,6.88572,-2.480185
1538,17.883720930232556,1908.0,15.2470703125,5.592197,-2.245841
1539,17.895348837209305,1914.0,21.2470703125,3.822453,-1.470975
1540,17.906976744186046,1904.0,11.2470703125,1.612273,-0.458354
1541,17.91860465116279,1909.0,16.2470703125,-1.015924,0.396229
1542,17.930232558139537,1888.0,-4.7529296875,-4.020958,0.632317
1543,17.941860465116278,1897.0,4.2470703125,-7.220961,0.030762
1544,17.953488372093023,1874.0,-18.7529296875,-10.379829,-1.450894
1545,17.96511627906977,1886.0,-6.7529296875,-13.111916,-3.504647
1546,17.97674418604651,1875.0,-17.7529296875,-14.991764,-5.612082
1547,17.988372093023255,1873.0,-19.7529296875,-15.550334,-7.112999
1548,18.0,1872.0,-20.7529296875,-14.377993,-7.402394
1549,18.01162790697674,1871.0,-21.7529296875,-11.241405,-6.147461
1550,18.02325581395349,1887.0,-5.7529296875,-6.211783,-3.410809
1551,18.034883720930235,1871.0,-21.7529296875,0.207642,0.27246
1552,18.046511627906977,1897.0,4.2470703125,7.146274,4.087923
1553,18.058139534883722,1884.0,-8.7529296875,13.450801,7.097791
1554,18.069767441860467,1914.0,21.2470703125,18.037832,8.651278
1555,18.08139534883721,1904.0,11.2470703125,20.174255,8.562497
1556,18.093023255813954,1927.0,34.2470703125,19.751713,7.253862
1557,18.104651162790695,1918.0,25.2470703125,17.268084,5.524856
1558,18.11627906976744,1913.0,20.2470703125,13.595146,4.215878
1559,18.127906976744185,1920.0,27.2470703125,9.621908,3.815022
1560,18.139534883720927,1907.0,14.2470703125,5.854025,4.182082
1561,18.151162790697676,1910.0,17.2470703125,2.292881,4.635465
1562,18.16279069767442,1892.0,-0.7529296875,-1.456792,4.222898
1563,18.174418604651162,1889.0,-3.7529296875,-5.837396,2.227964
1564,18.186046511627907,1873.0,-19.7529296875,-10.971515,-1.507644
1565,18.197674418604652,1877.0,-15.7529296875,-16.396458,-6.368495
1566,18.209302325581394,1860.0,-32.7529296875,-21.152126,-11.252367
1567,18.22093023255814,1867.0,-25.7529296875,-24.082514,-14.918914
1568,18.232558139534884,1856.0,-36.7529296875,-24.299749,-16.509375
1569,18.244186046511626,1856.0,-36.7529296875,-21.458174,-15.730523
1570,18.25581395348837,1863.0,-29.7529296875,-15.949957,-12.954914
1571,18.267441860465116,1869.0,-23.7529296875,-8.67872,-8.894024
1572,18.27906976744186,1872.0,-20.7529296875,-0.759903,-4.296596
1573,18.290697674418606,1872.0,-20.7529296875,6.848049,0.357371
1574,18.30232558139535,1893.0,0.2470703125,13.477387,4.837802
1575,18.313953488372093,1885.0,-7.7529296875,18.728302,9.031351
1576,18.325581395348838,1902.0,9.2470703125,22.366369,12.766766
1577,18.337209302325583,1899.0,6.2470703125,24.185843,15.707253
1578,18.348837209302324,1911.0,18.2470703125,23.988329,17.396822
1579,18.36046511627907,1909.0,16.2470703125,21.695547,17.477135
1580,18.372093023255815,1915.0,22.2470703125,17.47513,15.865006
1581,18.383720930232556,1917.0,24.2470703125,11.779926,12.810512
1582,18.3953488372093,1911.0,18.2470703125,5.29339,8.806721
1583,18.406976744186046,1911.0,18.2470703125,-1.291353,4.339457
1584,18.41860465116279,1904.0,11.2470703125,-7.45787,-0.310769
1585,18.430232558139537,1911.0,18.2470703125,-12.935483,-5.093935
1586,18.441860465116278,1902.0,9.2470703125,-17.649914,-10.070271
1587,18.453488372093023,1910.0,17.2470703125,-21.47551,-15.103806
1588,18.46511627906977,1892.0,-0.7529296875,-24.080557,-19.68194
1589,18.47674418604651,1895.0,2.2470703125,-24.871544,-22.911154
1590,18.488372093023255,1892.0,-0.7529296875,-23.209789,-23.802357
1591,18.5,1895.0,2.2470703125,-18.758995,-21.692917
1592,18.51162790697674,1892.0,-0.7529296875,-11.780115,-16.586393
1593,18.523255813953487,1889.0,-3.7529296875,-3.216452,-9.236462
1594,18.534883720930235,1902.0,9.2470703125,5.491345,-0.966775
1595,18.546511627906977,1898.0,5.2470703125,12.818355,6.798981
1596,18.558139534883722,1904.0,11.2470703125,17.701576,13.004122
1597,18.569767441860467,1901.0,8.2470703125,19.788467,17.220398
1598,18.58139534883721,1904.0,11.2470703125,19.502319,19.585083
1599,18.593023255813954,1900.0,7.2470703125,17.715387,20.558283
1600,18.6046511627907,1915.0,22.2470703125,15.342926,20.484354
1601,18.61627906976744,1911.0,18.2470703125,12.946063,19.431047
1602,18.627906976744185,1919.0,26.2470703125,10.605244,17.146154
1603,18.63953488372093,1910.0,17.2470703125,8.06318,13.34911
1604,18.651162790697672,1916.0,23.2470703125,4.97302,8.002663
1605,18.66279069767442,1919.0,26.2470703125,1.220306,1.545798
1606,18.674418604651166,1920.0,27.2470703125,-3.017604,-5.186439
1607,18.686046511627907,1921.0,28.2470703125,-7.300925,-11.237991
1608,18.697674418604652,1915.0,22.2470703125,-11.161588,-15.852407
1609,18.709302325581397,1920.0,27.2470703125,-14.262869,-18.717646
1610,18.72093023255814,1908.0,15.2470703125,-16.497837,-19.972597
1611,18.732558139534884,1915.0,22.2470703125,-17.85465,-19.975666
1612,18.744186046511626,1911.0,18.2470703125,-18.293245,-19.046482
1613,18.75581395348837,1915.0,22.2470703125,-17.633535,-17.238869
1614,18.767441860465116,1905.0,12.2470703125,-15.517996,-14.309392
1615,18.779069767441857,1911.0,18.2470703125,-11.645251,-9.934831
1616,18.790697674418606,1911.0,18.2470703125,-5.985756,-4.049348
1617,18.80232558139535,1905.0,12.2470703125,1.000419,2.953568
1618,18.813953488372093,1909.0,16.2470703125,8.442595,10.194586
1619,18.825581395348838,1910.0,17.2470703125,15.211903,16.543503
1620,18.837209302325583,1918.0,25.2470703125,20.267181,20.949278
1621,18.848837209302324,1911.0,18.2470703125,22.911684,22.761354
1622,18.86046511627907,1915.0,22.2470703125,22.955032,21.92832
1623,18.872093023255815,1919.0,26.2470703125,20.67557,18.929327
1624,18.883720930232556,1921.0,28.2470703125,16.605776,14.521309
1625,18.8953488372093,1921.0,28.2470703125,11.352561,9.46797
1626,18.906976744186046,1935.0,42.2470703125,5.45603,4.363559
1627,18.91860465116279,1923.0,30.2470703125,-0.62233,-0.475568
1628,18.930232558139537,1926.0,33.2470703125,-6.477063,-4.897311
1629,18.94186046511628,1933.0,40.2470703125,-11.628807,-8.785436
1630,18.953488372093023,1932.0,39.2470703125,-15.623654,-12.010259
1631,18.96511627906977,1932.0,39.2470703125,-18.038229,-14.35546
1632,18.976744186046513,1929.0,36.2470703125,-18.662762,-15.630129
1633,18.988372093023255,1922.0,29.2470703125,-17.523514,-15.698855
1634,19.0,1920.0,27.2470703125,-14.926067,-14.572738
1635,19.011627906976745,1915.0,22.2470703125,-11.329391,-12.386824
1636,19.023255813953487,1904.0,11.2470703125,-7.189103,-9.333699
1637,19.03488372093023,1910.0,17.2470703125,-2.88511,-5.650926
1638,19.046511627906973,1902.0,9.2470703125,1.337383,-1.58305
1639,19.058139534883722,1911.0,18.2470703125,5.256003,2.545262
1640,19.069767441860467,1895.0,2.2470703125,8.650606,6.358475
1641,19.08139534883721,1904.0,11.2470703125,11.256519,9.436185
1642,19.093023255813954,1898.0,5.2470703125,12.790009,11.382317
1643,19.1046511627907,1909.0,16.2470703125,13.098678,11.989579
1644,19.11627906976744,1898.0,5.2470703125,12.188337,11.288851
1645,19.127906976744185,1903.0,10.2470703125,10.338367,9.614058
1646,19.13953488372093,1921.0,28.2470703125,7.923529,7.458405
1647,19.151162790697672,1909.0,16.2470703125,5.333171,5.290109
1648,19.162790697674417,1921.0,28.2470703125,2.791521,3.404372
1649,19.174418604651162,1918.0,25.2470703125,0.375908,1.841853
1650,19.186046511627907,1927.0,34.2470703125,-1.993608,0.414963
1651,19.197674418604652,1920.0,27.2470703125,-4.360259,-1.140779
1652,19.209302325581397,1925.0,32.2470703125,-6.625151,-2.93656
1653,19.22093023255814,1927.0,34.2470703125,-8.470345,-4.818251
1654,19.232558139534884,1921.0,28.2470703125,-9.557928,-6.478443
1655,19.24418604651163,1923.0,30.2470703125,-9.563398,-7.45878
1656,19.25581395348837,1911.0,18.2470703125,-8.434164,-7.47666
1657,19.267441860465116,1918.0,25.2470703125,-6.426209,-6.524057
1658,19.27906976744186,1909.0,16.2470703125,-4.016707,-4.875759
1659,19.290697674418603,1917.0,24.2470703125,-1.783257,-3.060442
1660,19.302325581395348,1902.0,9.2470703125,-0.122395,-1.570125
1661,19.313953488372096,1905.0,12.2470703125,0.847394,-0.691113
1662,19.325581395348838,1901.0,8.2470703125,1.308683,-0.397188
1663,19.337209302325583,1897.0,4.2470703125,1.605434,-0.408376
1664,19.348837209302324,1898.0,5.2470703125,2.073634,-0.312459
1665,19.36046511627907,1900.0,7.2470703125,2.883167,0.227688
1666,19.372093023255815,1904.0,11.2470703125,3.942178,1.288962
1667,19.383720930232556,1906.0,13.2470703125,5.006459,2.713868
1668,19.3953488372093,1925.0,32.2470703125,5.733626,4.115957
1669,19.406976744186046,1911.0,18.2470703125,5.858576,5.084177
1670,19.418604651162788,1931.0,38.2470703125,5.322623,5.351719
1671,19.430232558139533,1926.0,33.2470703125,4.247968,4.912195
1672,19.44186046511628,1946.0,53.2470703125,2.88003,3.973065
1673,19.453488372093023,1932.0,39.2470703125,1.488098,2.883748
1674,19.46511627906977,1947.0,54.2470703125,0.260947,1.951169
1675,19.476744186046513,1939.0,46.2470703125,-0.738962,1.314408
1676,19.488372093023255,1951.0,58.2470703125,-1.560929,0.874399
1677,19.5,1947.0,54.2470703125,-2.332149,0.341255
1678,19.511627906976745,1941.0,48.2470703125,-3.141126,-0.568345
1679,19.523255813953487,1939.0,46.2470703125,-3.991989,-1.974579
1680,19.53488372093023,1948.0,55.2470703125,-4.745559,-3.680083
1681,19.546511627906977,1946.0,53.2470703125,-5.273755,-5.311624
1682,19.55813953488372,1927.0,34.2470703125,-5.413099,-6.34553
1683,19.569767441860467,1937.0,44.2470703125,-5.117576,-6.423451
1684,19.581395348837212,1930.0,37.2470703125,-4.437913,-5.488212
1685,19.593023255813954,1925.0,32.2470703125,-3.550333,-3.874579
1686,19.6046511627907,1910.0,17.2470703125,-2.594186,-2.109014
1687,19.616279069767444,1920.0,27.2470703125,-1.62086,-0.706996
1688,19.627906976744185,1912.0,19.2470703125,-0.587802,0.062963
1689,19.63953488372093,1917.0,24.2470703125,0.68899,0.365492
1690,19.651162790697676,1908.0,15.2470703125,2.336053,0.61547
1691,19.662790697674417,1906.0,13.2470703125,4.375864,1.342553
1692,19.674418604651162,1918.0,25.2470703125,6.576892,2.790327
1693,19.686046511627904,1913.0,20.2470703125,8.489701,4.785172
1694,19.697674418604652,1926.0,33.2470703125,9.583549,6.734262
1695,19.709302325581397,1918.0,25.2470703125,9.444901,7.925913
1696,19.72093023255814,1927.0,34.2470703125,7.947408,7.801618
1697,19.732558139534884,1927.0,34.2470703125,5.338813,6.307564
1698,19.74418604651163,1931.0,38.2470703125,2.146047,3.846411
1699,19.75581395348837,1933.0,40.2470703125,-1.002901,1.175256
1700,19.767441860465116,1932.0,39.2470703125,-3.591852,-1.008584
1701,19.77906976744186,1930.0,37.2470703125,-5.376341,-2.346431
1702,19.790697674418603,1921.0,28.2470703125,-6.420142,-2.995525
1703,19.802325581395348,1923.0,30.2470703125,-6.991425,-3.458838
1704,19.813953488372093,1917.0,24.2470703125,-7.355851,-4.275855
1705,19.825581395348838,1921.0,28.2470703125,-7.659687,-5.703988
1706,19.837209302325583,1920.0,27.2470703125,-7.808937,-7.508403
1707,19.848837209302328,1918.0,25.2470703125,-7.558189,-9.050309
1708,19.86046511627907,1909.0,16.2470703125,-6.611168,-9.516191
1709,19.872093023255815,1907.0,14.2470703125,-4.806306,-8.344814
1710,19.88372093023256,1911.0,18.2470703125,-2.216778,-5.469265
1711,19.8953488372093,1901.0,8.2470703125,0.820386,-1.412429
1712,19.906976744186046,1920.0,27.2470703125,3.827892,2.941506
1713,19.91860465116279,1911.0,18.2470703125,6.293196,6.617426
1714,19.930232558139533,1931.0,38.2470703125,7.882262,8.948399
1715,19.941860465116278,1920.0,27.2470703125,8.488602,9.728574
1716,19.953488372093023,1930.0,37.2470703125,8.268602,9.23281
1717,19.96511627906977,1931.0,38.2470703125,7.544825,8.028455
1718,19.976744186046513,1936.0,43.2470703125,6.628992,6.663726
1719,19.988372093023255,1933.0,40.2470703125,5.722232,5.492544
1720,20.0,1929.0,36.2470703125,4.829101,4.549181
1721,20.011627906976745,1937.0,44.2470703125,3.793632,3.628024
1722,20.023255813953487,1942.0,49.2470703125,2.364663,2.388361
1723,20.03488372093023,1936.0,43.2470703125,0.338562,0.551657
1724,20.046511627906977,1937.0,44.2470703125,-2.258096,-1.923965
1725,20.05813953488372,1936.0,43.2470703125,-5.177676,-4.835225
1726,20.069767441860463,1921.0,28.2470703125,-7.966202,-7.769652
1727,20.081395348837212,1936.0,43.2470703125,-10.078712,-10.169969
1728,20.093023255813954,1929.0,36.2470703125,-11.091937,-11.5693
1729,20.1046511627907,1927.0,34.2470703125,-10.804509,-11.634335
1730,20.116279069767444,1926.0,33.2470703125,-9.263656,-10.268521
1731,20.127906976744185,1925.0,32.2470703125,-6.774636,-7.643101
1732,20.13953488372093,1926.0,33.2470703125,-3.756142,-4.113744
1733,20.151162790697676,1931.0,38.2470703125,-0.667719,-0.224596
1734,20.162790697674417,1933.0,40.2470703125,2.110312,3.472132
1735,20.174418604651162,1933.0,40.2470703125,4.316748,6.476295
1736,20.186046511627907,1939.0,46.2470703125,5.821846,8.465411
1737,20.19767441860465,1936.0,43.2470703125,6.60921,9.312591
1738,20.209302325581397,1955.0,62.2470703125,6.778463,9.120428
1739,20.220930232558143,1962.0,69.2470703125,6.513593,8.14633
1740,20.232558139534884,1953.0,60.2470703125,6.022795,6.709675
1741,20.24418604651163,1953.0,60.2470703125,5.539413,5.165598
1742,20.255813953488374,1963.0,70.2470703125,5.182354,3.741988
1743,20.267441860465116,1953.0,60.2470703125,4.897779,2.522417
1744,20.27906976744186,1954.0,61.2470703125,4.467702,1.422423
1745,20.290697674418603,1952.0,59.2470703125,3.601767,0.30044
1746,20.302325581395348,1952.0,59.2470703125,2.080424,-1.007592
1747,20.313953488372093,1952.0,59.2470703125,-0.125532,-2.549173
1748,20.325581395348834,1943.0,50.2470703125,-2.782325,-4.262764
1749,20.33720930232558,1945.0,52.2470703125,-5.452973,-5.944357
1750,20.348837209302328,1943.0,50.2470703125,-7.661163,-7.329439
1751,20.36046511627907,1949.0,56.2470703125,-9.083458,-8.2033
1752,20.372093023255815,1955.0,62.2470703125,-9.633877,-8.430905
1753,20.38372093023256,1947.0,54.2470703125,-9.436769,-7.970077
1754,20.3953488372093,1959.0,66.2470703125,-8.653694,-6.802183
1755,20.406976744186046,1955.0,62.2470703125,-7.390781,-4.971303
1756,20.41860465116279,1970.0,77.2470703125,-5.545654,-2.484506
1757,20.430232558139533,1966.0,73.2470703125,-3.000127,0.487614
1758,20.441860465116278,1975.0,82.2470703125,0.280542,3.68868
1759,20.453488372093023,1967.0,74.2470703125,4.030664,6.670404
1760,20.465116279069765,1974.0,81.2470703125,7.672737,8.923954
1761,20.476744186046513,1968.0,75.2470703125,10.438522,9.991673
1762,20.48837209302326,1970.0,77.2470703125,11.699189,9.7029
1763,20.5,1976.0,83.2470703125,11.230272,8.235347
1764,20.511627906976745,1977.0,84.2470703125,9.34134,6.106783
1765,20.52325581395349,1980.0,87.2470703125,6.75033,3.956862
1766,20.53488372093023,1968.0,75.2470703125,4.211967,2.244169
1767,20.546511627906977,1979.0,86.2470703125,2.225582,1.09709
1768,20.558139534883722,1965.0,72.2470703125,0.726549,0.162628
1769,20.569767441860463,1968.0,75.2470703125,-0.714959,-1.080105
1770,20.58139534883721,1957.0,64.2470703125,-2.678922,-3.116983
1771,20.59302325581395,1964.0,71.2470703125,-5.380646,-5.945618
1772,20.6046511627907,1953.0,60.2470703125,-8.517666,-9.072371
1773,20.616279069767444,1954.0,61.2470703125,-11.228151,-11.555511
1774,20.627906976744185,1942.0,49.2470703125,-12.539083,-12.455873
1775,20.63953488372093,1941.0,48.2470703125,-11.779338,-11.234968
1776,20.651162790697676,1949.0,56.2470703125,-8.924062,-7.97096
1777,20.662790697674417,1941.0,48.2470703125,-4.724347,-3.476372
1778,20.674418604651162,1950.0,57.2470703125,-0.301018,1.167464
1779,20.686046511627907,1952.0,59.2470703125,3.258311,4.905591
1780,20.69767441860465,1957.0,64.2470703125,5.396598,7.235128
1781,20.709302325581394,1953.0,60.2470703125,6.197619,8.174775
1782,20.72093023255814,1968.0,75.2470703125,6.272262,8.26362
1783,20.732558139534884,1954.0,61.2470703125,6.298981,8.087791
1784,20.74418604651163,1962.0,69.2470703125,6.674763,8.031118
1785,20.755813953488374,1968.0,75.2470703125,7.290717,8.056921
1786,20.767441860465116,1968.0,75.2470703125,7.610058,7.781031
1787,20.77906976744186,1963.0,70.2470703125,7.049297,6.743244
1788,20.790697674418606,1959.0,66.2470703125,5.292562,4.658297
1789,20.802325581395348,1965.0,72.2470703125,2.533471,1.631958
1790,20.813953488372093,1967.0,74.2470703125,-0.675317,-1.974164
1791,20.825581395348838,1966.0,73.2470703125,-3.645986,-5.613111
1792,20.83720930232558,1952.0,59.2470703125,-5.903918,-8.820702
1793,20.848837209302324,1957.0,64.2470703125,-7.335353,-11.270473
1794,20.860465116279073,1954.0,61.2470703125,-8.167875,-12.835479
1795,20.872093023255815,1953.0,60.2470703125,-8.703707,-13.411249
1796,20.88372093023256,1961.0,68.2470703125,-9.043764,-12.862561
1797,20.8953488372093,1963.0,70.2470703125,-8.984458,-11.000046
1798,20.906976744186046,1966.0,73.2470703125,-8.045426,-7.704297
1799,20.91860465116279,1959.0,66.2470703125,-5.843742,-3.129416
1800,20.930232558139533,1967.0,74.2470703125,-2.286315,2.276816
1801,20.941860465116278,1965.0,72.2470703125,2.156245,7.678978
1802,20.953488372093023,1959.0,66.2470703125,6.636892,12.189568
1803,20.965116279069765,1963.0,70.2470703125,10.15419,15.050179
1804,20.97674418604651,1955.0,62.2470703125,11.982952,15.931342
1805,20.98837209302326,1964.0,71.2470703125,11.904587,14.966694
1806,21.0,1954.0,61.2470703125,10.242037,12.643255
1807,21.011627906976745,1962.0,69.2470703125,7.666013,9.572217
1808,21.02325581395349,1957.0,64.2470703125,4.826261,6.192996
1809,21.03488372093023,1955.0,62.2470703125,2.121294,2.6934
1810,21.046511627906977,1963.0,70.2470703125,-0.3632,-0.918343
1811,21.058139534883722,1959.0,66.2470703125,-2.755925,-4.669575
1812,21.069767441860463,1958.0,65.2470703125,-5.167636,-8.433795
1813,21.08139534883721,1959.0,66.2470703125,-7.434211,-11.79553
1814,21.093023255813954,1957.0,64.2470703125,-9.135341,-14.175369
1815,21.104651162790695,1964.0,71.2470703125,-9.732191,-15.041121
1816,21.116279069767444,1957.0,64.2470703125,-8.905749,-14.14325
1817,21.12790697674419,1951.0,58.2470703125,-6.707251,-11.65242
1818,21.13953488372093,1947.0,54.2470703125,-3.675395,-8.112401
1819,21.151162790697676,1941.0,48.2470703125,-0.628327,-4.272686
1820,21.16279069767442,1933.0,40.2470703125,1.630741,-0.78361
1821,21.174418604651162,1938.0,45.2470703125,2.659032,1.964103
1822,21.186046511627907,1935.0,42.2470703125,2.544716,3.992772
1823,21.19767441860465,1936.0,43.2470703125,1.813518,5.544672
1824,21.209302325581394,1939.0,46.2470703125,1.200664,6.988605
1825,21.22093023255814,1938.0,45.2470703125,1.256413,8.506857
1826,21.23255813953488,1941.0,48.2470703125,2.159508,10.058208
1827,21.24418604651163,1939.0,46.2470703125,3.636861,11.356215
1828,21.255813953488374,1946.0,53.2470703125,5.15308,12.011002
1829,21.267441860465116,1943.0,50.2470703125,6.148669,11.682739
1830,21.27906976744186,1943.0,50.2470703125,6.291071,10.24508
1831,21.290697674418606,1945.0,52.2470703125,5.557889,7.791339
1832,21.302325581395348,1938.0,45.2470703125,4.138323,4.536463
1833,21.313953488372093,1941.0,48.2470703125,2.314037,0.791047
1834,21.325581395348838,1933.0,40.2470703125,0.25718,-3.215645
1835,21.33720930232558,1937.0,44.2470703125,-1.95279,-7.253647
1836,21.348837209302324,1929.0,36.2470703125,-4.290198,-11.124846
1837,21.36046511627907,1934.0,41.2470703125,-6.600625,-14.512987
1838,21.372093023255815,1934.0,41.2470703125,-8.557171,-16.980345
1839,21.38372093023256,1936.0,43.2470703125,-9.674526,-17.988846
1840,21.395348837209305,1935.0,42.2470703125,-9.483257,-17.032499
1841,21.406976744186046,1931.0,38.2470703125,-7.805963,-13.901087
1842,21.41860465116279,1931.0,38.2470703125,-4.841963,-8.764663
1843,21.430232558139537,1928.0,35.2470703125,-1.245351,-2.331094
1844,21.441860465116278,1930.0,37.2470703125,2.174666,4.359002
1845,21.453488372093023,1925.0,32.2470703125,4.674464,10.127329
1846,21.46511627906977,1933.0,40.2470703125,5.932075,14.049461
1847,21.47674418604651,1922.0,29.2470703125,6.081206,15.688263
1848,21.488372093023255,1929.0,36.2470703125,5.647962,15.228598
1849,21.5,1922.0,29.2470703125,5.189861,13.306033
1850,21.511627906976745,1935.0,42.2470703125,5.022626,10.745987
1851,21.52325581395349,1935.0,42.2470703125,5.024639,8.193466
1852,21.53488372093023,1934.0,41.2470703125,4.735633,5.932998
1853,21.546511627906977,1934.0,41.2470703125,3.609437,3.825677
1854,21.558139534883722,1927.0,34.2470703125,1.375844,1.498582
1855,21.569767441860463,1926.0,33.2470703125,-1.705583,-1.330701
1856,21.58139534883721,1929.0,36.2470703125,-4.907548,-4.676277
1857,21.593023255813954,1919.0,26.2470703125,-7.244676,-8.125174
1858,21.604651162790695,1921.0,28.2470703125,-7.91298,-11.004166
1859,21.61627906976744,1917.0,24.2470703125,-6.664806,-12.661053
1860,21.627906976744185,1911.0,18.2470703125,-3.93198,-12.725628
1861,21.63953488372093,1918.0,25.2470703125,-0.660626,-11.265642
1862,21.651162790697676,1921.0,28.2470703125,2.053043,-8.710526
1863,21.66279069767442,1911.0,18.2470703125,3.414376,-5.662457
1864,21.674418604651162,1916.0,23.2470703125,3.237499,-2.592533
1865,21.686046511627907,1909.0,16.2470703125,1.911784,0.214533
1866,21.697674418604652,1911.0,18.2470703125,0.201078,2.744705
1867,21.709302325581394,1910.0,17.2470703125,-1.189288,5.007961
1868,21.72093023255814,1917.0,24.2470703125,-1.859399,6.968646
1869,21.732558139534884,1910.0,17.2470703125,-1.85753,8.392165
1870,21.744186046511626,1926.0,33.2470703125,-1.520246,8.974504
1871,21.75581395348837,1919.0,26.2470703125,-1.23021,8.468503
1872,21.76744186046512,1923.0,30.2470703125,-1.078869,6.95522
1873,21.77906976744186,1920.0,27.2470703125,-0.869979,4.807775
1874,21.790697674418606,1919.0,26.2470703125,-0.212303,2.616549
1875,21.80232558139535,1924.0,31.2470703125,1.180436,0.917248
1876,21.813953488372093,1921.0,28.2470703125,3.222451,-0.080162
1877,21.825581395348838,1926.0,33.2470703125,5.402833,-0.537503
1878,21.83720930232558,1921.0,28.2470703125,6.90244,-0.945029
1879,21.848837209302324,1923.0,30.2470703125,6.981451,-1.783549
1880,21.86046511627907,1918.0,25.2470703125,5.287989,-3.310554
1881,21.87209302325581,1922.0,29.2470703125,2.081514,-5.334218
1882,21.883720930232556,1921.0,28.2470703125,-1.852167,-7.326418
1883,21.895348837209305,1915.0,22.2470703125,-5.515052,-8.640367
1884,21.906976744186046,1904.0,11.2470703125,-8.017426,-8.784062
1885,21.91860465116279,1917.0,24.2470703125,-8.894618,-7.591917
1886,21.930232558139537,1913.0,20.2470703125,-8.189736,-5.273151
1887,21.941860465116278,1919.0,26.2470703125,-6.328921,-2.26702
1888,21.953488372093023,1909.0,16.2470703125,-3.873523,0.927929
1889,21.96511627906977,1909.0,16.2470703125,-1.306218,3.927515
1890,21.97674418604651,1908.0,15.2470703125,1.083707,6.446487
1891,21.988372093023255,1909.0,16.2470703125,3.137657,8.268993
1892,22.0,1905.0,12.2470703125,4.73166,9.157482
1893,22.01162790697674,1907.0,14.2470703125,5.715804,8.922768
1894,22.02325581395349,1915.0,22.2470703125,5.909779,7.470049
1895,22.034883720930235,1919.0,26.2470703125,5.215951,4.957858
1896,22.046511627906977,1918.0,25.2470703125,3.708305,1.786675
1897,22.058139534883722,1924.0,31.2470703125,1.751685,-1.362604
1898,22.069767441860467,1921.0,28.2470703125,-0.15956,-3.850095
1899,22.08139534883721,1919.0,26.2470703125,-1.510995,-5.198329
1900,22.093023255813954,1918.0,25.2470703125,-2.018005,-5.337561
1901,22.1046511627907,1926.0,33.2470703125,-1.690994,-4.50835
1902,22.11627906976744,1921.0,28.2470703125,-0.882931,-3.220845
1903,22.127906976744185,1914.0,21.2470703125,-0.077408,-1.953734
1904,22.139534883720927,1918.0,25.2470703125,0.279491,-1.047419
1905,22.151162790697676,1925.0,32.2470703125,-0.055021,-0.629025
1906,22.16279069767442,1922.0,29.2470703125,-1.042616,-0.664656
1907,22.174418604651162,1919.0,26.2470703125,-2.43102,-1.07327
1908,22.186046511627907,1925.0,32.2470703125,-3.820898,-1.730737
1909,22.197674418604652,1922.0,29.2470703125,-4.822283,-2.498035
1910,22.209302325581394,1919.0,26.2470703125,-5.10347,-3.114436
1911,22.22093023255814,1924.0,31.2470703125,-4.473166,-3.235046
1912,22.232558139534884,1927.0,34.2470703125,-2.879125,-2.475917
1913,22.244186046511626,1931.0,38.2470703125,-0.507737,-0.672726
1914,22.25581395348837,1925.0,32.2470703125,2.242994,1.979454
1915,22.267441860465116,1927.0,34.2470703125,4.811885,4.875632
1916,22.27906976744186,1933.0,40.2470703125,6.578158,7.137169
1917,22.290697674418606,1923.0,30.2470703125,7.043793,7.938388
1918,22.30232558139535,1936.0,43.2470703125,6.074551,6.935645
1919,22.313953488372093,1931.0,38.2470703125,3.964776,4.436764
1920,22.325581395348838,1935.0,42.2470703125,1.406327,1.367344
1921,22.337209302325583,1945.0,52.2470703125,-0.773489,-1.129949
1922,22.348837209302324,1936.0,43.2470703125,-1.988054,-2.236648
1923,22.36046511627907,1936.0,43.2470703125,-2.072388,-1.766277
1924,22.372093023255815,1939.0,46.2470703125,-1.395183,-0.305945
1925,22.383720930232556,1941.0,48.2470703125,-0.669896,1.089082
1926,22.3953488372093,1936.0,43.2470703125,-0.581741,1.390964
1927,22.40697674418605,1938.0,45.2470703125,-1.432893,0.140541
1928,22.41860465116279,1930.0,37.2470703125,-2.978876,-2.364208
1929,22.430232558139537,1936.0,43.2470703125,-4.530559,-5.227755
1930,22.441860465116278,1930.0,37.2470703125,-5.2919,-7.346832
1931,22.453488372093023,1927.0,34.2470703125,-4.756578,-7.972098
1932,22.46511627906977,1925.0,32.2470703125,-2.991283,-6.99232
1933,22.47674418604651,1922.0,29.2470703125,-0.594955,-4.940969
1934,22.488372093023255,1922.0,29.2470703125,1.558847,-2.646609
1935,22.5,1920.0,27.2470703125,2.779606,-0.791908
1936,22.51162790697674,1919.0,26.2470703125,2.844002,0.401923
1937,22.523255813953487,1911.0,18.2470703125,2.110308,1.215544
1938,22.534883720930235,1917.0,24.2470703125,1.285637,2.184998
1939,22.546511627906977,1916.0,23.2470703125,1.007613,3.667819
1940,22.558139534883722,1920.0,27.2470703125,1.533469,5.606665
1941,22.569767441860467,1905.0,12.2470703125,2.560112,7.429486
1942,22.58139534883721,1911.0,18.2470703125,3.446686,8.413654
1943,22.593023255813954,1909.0,16.2470703125,3.538026,7.982065
1944,22.6046511627907,1923.0,30.2470703125,2.563128,6.131174
1945,22.61627906976744,1920.0,27.2470703125,0.793315,3.405364
1946,22.627906976744185,1913.0,20.2470703125,-1.075904,0.742102
1947,22.63953488372093,1920.0,27.2470703125,-2.274386,-1.045796
1948,22.651162790697672,1924.0,31.2470703125,-2.387456,-1.601978
1949,22.66279069767442,1926.0,33.2470703125,-1.579467,-1.30822
1950,22.674418604651166,1926.0,33.2470703125,-0.532568,-0.988066
1951,22.686046511627907,1927.0,34.2470703125,-0.068988,-1.555659
1952,22.697674418604652,1926.0,33.2470703125,-0.729734,-3.452203
1953,22.709302325581397,1922.0,29.2470703125,-2.446958,-6.425776
1954,22.72093023255814,1920.0,27.2470703125,-4.522134,-9.520069
1955,22.732558139534884,1933.0,40.2470703125,-5.937688,-11.495773
1956,22.74418604651163,1909.0,16.2470703125,-5.868287,-11.399658
1957,22.75581395348837,1916.0,23.2470703125,-4.027976,-8.921298
1958,22.767441860465116,1914.0,21.2470703125,-0.876953,-4.611704
1959,22.779069767441857,1911.0,18.2470703125,2.577456,0.355421
1960,22.790697674418603,1914.0,21.2470703125,5.224351,4.654773
1961,22.80232558139535,1909.0,16.2470703125,6.312762,7.339765
1962,22.813953488372093,1914.0,21.2470703125,5.738142,8.121988
1963,22.825581395348838,1905.0,12.2470703125,4.019554,7.422038
1964,22.837209302325583,1913.0,20.2470703125,2.009517,6.05845
1965,22.848837209302324,1915.0,22.2470703125,0.47678,4.87552
1966,22.86046511627907,1919.0,26.2470703125,-0.225229,4.324745
1967,22.872093023255815,1917.0,24.2470703125,-0.221431,4.395031
1968,22.883720930232556,1926.0,33.2470703125,0.05065,4.700967
1969,22.8953488372093,1923.0,30.2470703125,0.12141,4.704164
1970,22.906976744186046,1921.0,28.2470703125,-0.223161,4.048079
1971,22.918604651162788,1926.0,33.2470703125,-0.86064,2.657897
1972,22.930232558139537,1921.0,28.2470703125,-1.45207,0.735028
1973,22.94186046511628,1924.0,31.2470703125,-1.664366,-1.391114
1974,22.953488372093023,1920.0,27.2470703125,-1.395778,-3.454933
1975,22.96511627906977,1923.0,30.2470703125,-0.849057,-5.331911
1976,22.976744186046513,1923.0,30.2470703125,-0.40041,-7.002151
1977,22.988372093023255,1917.0,24.2470703125,-0.417027,-8.437974
1978,23.0,1919.0,26.2470703125,-0.984545,-9.464355
1979,23.011627906976745,1914.0,21.2470703125,-1.897999,-9.776557
1980,23.023255813953487,1918.0,25.2470703125,-2.693739,-9.01658
1981,23.03488372093023,1913.0,20.2470703125,-2.930643,-6.997346
1982,23.046511627906977,1915.0,22.2470703125,-2.386443,-3.867211
1983,23.058139534883722,1905.0,12.2470703125,-1.182876,-0.12589
1984,23.069767441860467,1927.0,34.2470703125,0.305491,3.484167
1985,23.08139534883721,1915.0,22.2470703125,1.579683,6.223348
1986,23.093023255813954,1933.0,40.2470703125,2.341392,7.679903
1987,23.1046511627907,1935.0,42.2470703125,2.513025,7.843282
1988,23.11627906976744,1935.0,42.2470703125,2.292377,7.103041
1989,23.127906976744185,1929.0,36.2470703125,1.979717,6.028294
1990,23.13953488372093,1940.0,47.2470703125,1.804857,5.114965
1991,23.151162790697672,1936.0,43.2470703125,1.795369,4.542245
1992,23.162790697674417,1939.0,46.2470703125,1.819317,4.190756
1993,23.174418604651162,1940.0,47.2470703125,1.653619,3.702843
1994,23.186046511627907,1937.0,44.2470703125,1.179796,2.787582
1995,23.197674418604652,1936.0,43.2470703125,0.447446,1.331488
1996,23.209302325581397,1934.0,41.2470703125,-0.33043,-0.485998
1997,23.22093023255814,1933.0,40.2470703125,-0.909223,-2.320966
1998,23.232558139534884,1936.0,43.2470703125,-1.135048,-3.807435
1999,23.24418604651163,1936.0,43.2470703125,-1.080672,-4.800608
2000,23.25581395348837,1935.0,42.2470703125,-0.954475,-5.345895
2001,23.267441860465116,1937.0,44.2470703125,-1.034418,-5.674993
2002,23.27906976744186,1930.0,37.2470703125,-1.490424,-5.993553
2003,23.290697674418603,1936.0,43.2470703125,-2.279111,-6.34557
2004,23.302325581395348,1930.0,37.2470703125,-3.178333,-6.567409
2005,23.313953488372096,1927.0,34.2470703125,-3.847368,-6.329318
2006,23.325581395348838,1934.0,41.2470703125,-3.999683,-5.352065
2007,23.337209302325583,1931.0,38.2470703125,-3.509633,-3.554721
2008,23.348837209302328,1932.0,39.2470703125,-2.439925,-1.136809
2009,23.36046511627907,1927.0,34.2470703125,-0.979601,1.492707
2010,23.372093023255815,1943.0,50.2470703125,0.65518,3.90178
2011,23.383720930232556,1941.0,48.2470703125,2.270236,5.76567
2012,23.3953488372093,1936.0,43.2470703125,3.741835,7.002451
2013,23.406976744186046,1939.0,46.2470703125,4.978463,7.720865
2014,23.418604651162788,1947.0,54.2470703125,5.842636,8.072917
2015,23.430232558139533,1947.0,54.2470703125,6.184846,8.13861
2016,23.44186046511628,1947.0,54.2470703125,5.855436,7.812053
2017,23.453488372093023,1946.0,53.2470703125,4.812126,6.908221
2018,23.46511627906977,1940.0,47.2470703125,3.141194,5.222673
2019,23.476744186046513,1941.0,48.2470703125,1.093236,2.737427
2020,23.488372093023255,1936.0,43.2470703125,-1.01821,-0.334583
2021,23.5,1937.0,44.2470703125,-2.904237,-3.561371
2022,23.511627906976745,1949.0,56.2470703125,-4.408265,-6.437389
2023,23.523255813953487,1936.0,43.2470703125,-5.537346,-8.583189
2024,23.53488372093023,1936.0,43.2470703125,-6.327566,-9.771173
2025,23.546511627906977,1942.0,49.2470703125,-6.77623,-9.986422
2026,23.55813953488372,1938.0,45.2470703125,-6.787963,-9.364304
2027,23.569767441860467,1936.0,43.2470703125,-6.156447,-8.077214
2028,23.581395348837212,1936.0,43.2470703125,-4.710309,-6.28606
2029,23.593023255813954,1934.0,41.2470703125,-2.462697,-4.148044
2030,23.6046511627907,1936.0,43.2470703125,0.296594,-1.833956
2031,23.616279069767444,1938.0,45.2470703125,3.052769,0.453943
2032,23.627906976744185,1935.0,42.2470703125,5.214338,2.50293
2033,23.63953488372093,1946.0,53.2470703125,6.362766,4.172859
2034,23.651162790697676,1939.0,46.2470703125,6.413041,5.437732
2035,23.662790697674417,1938.0,45.2470703125,5.682841,6.451324
2036,23.674418604651162,1936.0,43.2470703125,4.693884,7.39822
2037,23.686046511627904,1938.0,45.2470703125,3.910557,8.377207
2038,23.697674418604652,1931.0,38.2470703125,3.503791,9.238264
2039,23.709302325581397,1936.0,43.2470703125,3.266969,9.607061
2040,23.72093023255814,1934.0,41.2470703125,2.70769,8.935534
2041,23.732558139534884,1925.0,32.2470703125,1.352389,6.820765
2042,23.74418604651163,1933.0,40.2470703125,-0.953143,3.223355
2043,23.75581395348837,1935.0,42.2470703125,-3.911556,-1.422538
2044,23.767441860465116,1936.0,43.2470703125,-6.837802,-6.295754
2045,23.77906976744186,1936.0,43.2470703125,-8.904398,-10.415169
2046,23.790697674418603,1936.0,43.2470703125,-9.461374,-12.950872
2047,23.802325581395348,1934.0,41.2470703125,-8.333253,-13.538872
